iteration,energy,paramter,std
1,1.6778283239431269,"[3.141592653589793, 0.0, 4.71238898038469, 1.5707963267948966, 4.71238898038469, 0.0, 3.141592653589793, 4.71238898038469, 0.0, 0.0, 3.141592653589793, 1.5707963267948966, 3.141592653589793, 3.141592653589793, 4.71238898038469, 4.71238898038469, 0.0, 0.0, 1.5707963267948966, 4.71238898038469, 0.0, 3.141592653589793, 1.5707963267948966, 3.141592653589793, 3.141592653589793, 0.0, 4.71238898038469, 4.71238898038469, 4.71238898038469, 0.0, 3.141592653589793, 0.0, 0.0, 0.0, 1.5707963267948966, 0.0, 1.5707963267948966, 0.0, 0.0, 3.141592653589793]",0.0
2,1.6753797036080698,"[5.141592653589793, 0.0, 4.71238898038469, 1.5707963267948966, 4.71238898038469, 0.0, 3.141592653589793, 4.71238898038469, 0.0, 0.0, 3.141592653589793, 1.5707963267948966, 3.141592653589793, 3.141592653589793, 4.71238898038469, 4.71238898038469, 0.0, 0.0, 1.5707963267948966, 4.71238898038469, 0.0, 3.141592653589793, 1.5707963267948966, 3.141592653589793, 3.141592653589793, 0.0, 4.71238898038469, 4.71238898038469, 4.71238898038469, 0.0, 3.141592653589793, 0.0, 0.0, 0.0, 1.5707963267948966, 0.0, 1.5707963267948966, 0.0, 0.0, 3.141592653589793]",0.0
3,4.59699530883095,"[5.141592653589793, 2.0, 4.71238898038469, 1.5707963267948966, 4.71238898038469, 0.0, 3.141592653589793, 4.71238898038469, 0.0, 0.0, 3.141592653589793, 1.5707963267948966, 3.141592653589793, 3.141592653589793, 4.71238898038469, 4.71238898038469, 0.0, 0.0, 1.5707963267948966, 4.71238898038469, 0.0, 3.141592653589793, 1.5707963267948966, 3.141592653589793, 3.141592653589793, 0.0, 4.71238898038469, 4.71238898038469, 4.71238898038469, 0.0, 3.141592653589793, 0.0, 0.0, 0.0, 1.5707963267948966, 0.0, 1.5707963267948966, 0.0, 0.0, 3.141592653589793]",0.0
4,2.240856399631004,"[5.141592653589793, 0.0, 6.71238898038469, 1.5707963267948966, 4.71238898038469, 0.0, 3.141592653589793, 4.71238898038469, 0.0, 0.0, 3.141592653589793, 1.5707963267948966, 3.141592653589793, 3.141592653589793, 4.71238898038469, 4.71238898038469, 0.0, 0.0, 1.5707963267948966, 4.71238898038469, 0.0, 3.141592653589793, 1.5707963267948966, 3.141592653589793, 3.141592653589793, 0.0, 4.71238898038469, 4.71238898038469, 4.71238898038469, 0.0, 3.141592653589793, 0.0, 0.0, 0.0, 1.5707963267948966, 0.0, 1.5707963267948966, 0.0, 0.0, 3.141592653589793]",0.0
5,1.6773611283415075,"[5.141592653589793, 0.0, 4.71238898038469, 3.5707963267948966, 4.71238898038469, 0.0, 3.141592653589793, 4.71238898038469, 0.0, 0.0, 3.141592653589793, 1.5707963267948966, 3.141592653589793, 3.141592653589793, 4.71238898038469, 4.71238898038469, 0.0, 0.0, 1.5707963267948966, 4.71238898038469, 0.0, 3.141592653589793, 1.5707963267948966, 3.141592653589793, 3.141592653589793, 0.0, 4.71238898038469, 4.71238898038469, 4.71238898038469, 0.0, 3.141592653589793, 0.0, 0.0, 0.0, 1.5707963267948966, 0.0, 1.5707963267948966, 0.0, 0.0, 3.141592653589793]",0.0
6,1.6747504141016045,"[5.141592653589793, 0.0, 4.71238898038469, 1.5707963267948966, 6.71238898038469, 0.0, 3.141592653589793, 4.71238898038469, 0.0, 0.0, 3.141592653589793, 1.5707963267948966, 3.141592653589793, 3.141592653589793, 4.71238898038469, 4.71238898038469, 0.0, 0.0, 1.5707963267948966, 4.71238898038469, 0.0, 3.141592653589793, 1.5707963267948966, 3.141592653589793, 3.141592653589793, 0.0, 4.71238898038469, 4.71238898038469, 4.71238898038469, 0.0, 3.141592653589793, 0.0, 0.0, 0.0, 1.5707963267948966, 0.0, 1.5707963267948966, 0.0, 0.0, 3.141592653589793]",0.0
7,5.723685412038465,"[5.141592653589793, 0.0, 4.71238898038469, 1.5707963267948966, 6.71238898038469, 2.0, 3.141592653589793, 4.71238898038469, 0.0, 0.0, 3.141592653589793, 1.5707963267948966, 3.141592653589793, 3.141592653589793, 4.71238898038469, 4.71238898038469, 0.0, 0.0, 1.5707963267948966, 4.71238898038469, 0.0, 3.141592653589793, 1.5707963267948966, 3.141592653589793, 3.141592653589793, 0.0, 4.71238898038469, 4.71238898038469, 4.71238898038469, 0.0, 3.141592653589793, 0.0, 0.0, 0.0, 1.5707963267948966, 0.0, 1.5707963267948966, 0.0, 0.0, 3.141592653589793]",0.0
8,2.877830108773744,"[5.141592653589793, 0.0, 4.71238898038469, 1.5707963267948966, 6.71238898038469, 0.0, 5.141592653589793, 4.71238898038469, 0.0, 0.0, 3.141592653589793, 1.5707963267948966, 3.141592653589793, 3.141592653589793, 4.71238898038469, 4.71238898038469, 0.0, 0.0, 1.5707963267948966, 4.71238898038469, 0.0, 3.141592653589793, 1.5707963267948966, 3.141592653589793, 3.141592653589793, 0.0, 4.71238898038469, 4.71238898038469, 4.71238898038469, 0.0, 3.141592653589793, 0.0, 0.0, 0.0, 1.5707963267948966, 0.0, 1.5707963267948966, 0.0, 0.0, 3.141592653589793]",0.0
9,1.675147612715934,"[5.141592653589793, 0.0, 4.71238898038469, 1.5707963267948966, 6.71238898038469, 0.0, 3.141592653589793, 6.71238898038469, 0.0, 0.0, 3.141592653589793, 1.5707963267948966, 3.141592653589793, 3.141592653589793, 4.71238898038469, 4.71238898038469, 0.0, 0.0, 1.5707963267948966, 4.71238898038469, 0.0, 3.141592653589793, 1.5707963267948966, 3.141592653589793, 3.141592653589793, 0.0, 4.71238898038469, 4.71238898038469, 4.71238898038469, 0.0, 3.141592653589793, 0.0, 0.0, 0.0, 1.5707963267948966, 0.0, 1.5707963267948966, 0.0, 0.0, 3.141592653589793]",0.0
10,1.6726506812730921,"[5.141592653589793, 0.0, 4.71238898038469, 1.5707963267948966, 6.71238898038469, 0.0, 3.141592653589793, 4.71238898038469, 2.0, 0.0, 3.141592653589793, 1.5707963267948966, 3.141592653589793, 3.141592653589793, 4.71238898038469, 4.71238898038469, 0.0, 0.0, 1.5707963267948966, 4.71238898038469, 0.0, 3.141592653589793, 1.5707963267948966, 3.141592653589793, 3.141592653589793, 0.0, 4.71238898038469, 4.71238898038469, 4.71238898038469, 0.0, 3.141592653589793, 0.0, 0.0, 0.0, 1.5707963267948966, 0.0, 1.5707963267948966, 0.0, 0.0, 3.141592653589793]",0.0
11,1.673647723768776,"[5.141592653589793, 0.0, 4.71238898038469, 1.5707963267948966, 6.71238898038469, 0.0, 3.141592653589793, 4.71238898038469, 2.0, 2.0, 3.141592653589793, 1.5707963267948966, 3.141592653589793, 3.141592653589793, 4.71238898038469, 4.71238898038469, 0.0, 0.0, 1.5707963267948966, 4.71238898038469, 0.0, 3.141592653589793, 1.5707963267948966, 3.141592653589793, 3.141592653589793, 0.0, 4.71238898038469, 4.71238898038469, 4.71238898038469, 0.0, 3.141592653589793, 0.0, 0.0, 0.0, 1.5707963267948966, 0.0, 1.5707963267948966, 0.0, 0.0, 3.141592653589793]",0.0
12,2.2347906230534837,"[5.141592653589793, 0.0, 4.71238898038469, 1.5707963267948966, 6.71238898038469, 0.0, 3.141592653589793, 4.71238898038469, 2.0, 0.0, 5.141592653589793, 1.5707963267948966, 3.141592653589793, 3.141592653589793, 4.71238898038469, 4.71238898038469, 0.0, 0.0, 1.5707963267948966, 4.71238898038469, 0.0, 3.141592653589793, 1.5707963267948966, 3.141592653589793, 3.141592653589793, 0.0, 4.71238898038469, 4.71238898038469, 4.71238898038469, 0.0, 3.141592653589793, 0.0, 0.0, 0.0, 1.5707963267948966, 0.0, 1.5707963267948966, 0.0, 0.0, 3.141592653589793]",0.0
13,2.850835806886611,"[5.141592653589793, 0.0, 4.71238898038469, 1.5707963267948966, 6.71238898038469, 0.0, 3.141592653589793, 4.71238898038469, 2.0, 0.0, 3.141592653589793, 3.5707963267948966, 3.141592653589793, 3.141592653589793, 4.71238898038469, 4.71238898038469, 0.0, 0.0, 1.5707963267948966, 4.71238898038469, 0.0, 3.141592653589793, 1.5707963267948966, 3.141592653589793, 3.141592653589793, 0.0, 4.71238898038469, 4.71238898038469, 4.71238898038469, 0.0, 3.141592653589793, 0.0, 0.0, 0.0, 1.5707963267948966, 0.0, 1.5707963267948966, 0.0, 0.0, 3.141592653589793]",0.0
14,1.6736732525387679,"[5.141592653589793, 0.0, 4.71238898038469, 1.5707963267948966, 6.71238898038469, 0.0, 3.141592653589793, 4.71238898038469, 2.0, 0.0, 3.141592653589793, 1.5707963267948966, 5.141592653589793, 3.141592653589793, 4.71238898038469, 4.71238898038469, 0.0, 0.0, 1.5707963267948966, 4.71238898038469, 0.0, 3.141592653589793, 1.5707963267948966, 3.141592653589793, 3.141592653589793, 0.0, 4.71238898038469, 4.71238898038469, 4.71238898038469, 0.0, 3.141592653589793, 0.0, 0.0, 0.0, 1.5707963267948966, 0.0, 1.5707963267948966, 0.0, 0.0, 3.141592653589793]",0.0
15,2.599215023526101,"[5.141592653589793, 0.0, 4.71238898038469, 1.5707963267948966, 6.71238898038469, 0.0, 3.141592653589793, 4.71238898038469, 2.0, 0.0, 3.141592653589793, 1.5707963267948966, 3.141592653589793, 5.141592653589793, 4.71238898038469, 4.71238898038469, 0.0, 0.0, 1.5707963267948966, 4.71238898038469, 0.0, 3.141592653589793, 1.5707963267948966, 3.141592653589793, 3.141592653589793, 0.0, 4.71238898038469, 4.71238898038469, 4.71238898038469, 0.0, 3.141592653589793, 0.0, 0.0, 0.0, 1.5707963267948966, 0.0, 1.5707963267948966, 0.0, 0.0, 3.141592653589793]",0.0
16,1.6762172020101436,"[5.141592653589793, 0.0, 4.71238898038469, 1.5707963267948966, 6.71238898038469, 0.0, 3.141592653589793, 4.71238898038469, 2.0, 0.0, 3.141592653589793, 1.5707963267948966, 3.141592653589793, 3.141592653589793, 6.71238898038469, 4.71238898038469, 0.0, 0.0, 1.5707963267948966, 4.71238898038469, 0.0, 3.141592653589793, 1.5707963267948966, 3.141592653589793, 3.141592653589793, 0.0, 4.71238898038469, 4.71238898038469, 4.71238898038469, 0.0, 3.141592653589793, 0.0, 0.0, 0.0, 1.5707963267948966, 0.0, 1.5707963267948966, 0.0, 0.0, 3.141592653589793]",0.0
17,1.6726724646057982,"[5.141592653589793, 0.0, 4.71238898038469, 1.5707963267948966, 6.71238898038469, 0.0, 3.141592653589793, 4.71238898038469, 2.0, 0.0, 3.141592653589793, 1.5707963267948966, 3.141592653589793, 3.141592653589793, 4.71238898038469, 6.71238898038469, 0.0, 0.0, 1.5707963267948966, 4.71238898038469, 0.0, 3.141592653589793, 1.5707963267948966, 3.141592653589793, 3.141592653589793, 0.0, 4.71238898038469, 4.71238898038469, 4.71238898038469, 0.0, 3.141592653589793, 0.0, 0.0, 0.0, 1.5707963267948966, 0.0, 1.5707963267948966, 0.0, 0.0, 3.141592653589793]",0.0
18,1.6746999620327474,"[5.141592653589793, 0.0, 4.71238898038469, 1.5707963267948966, 6.71238898038469, 0.0, 3.141592653589793, 4.71238898038469, 2.0, 0.0, 3.141592653589793, 1.5707963267948966, 3.141592653589793, 3.141592653589793, 4.71238898038469, 4.71238898038469, 2.0, 0.0, 1.5707963267948966, 4.71238898038469, 0.0, 3.141592653589793, 1.5707963267948966, 3.141592653589793, 3.141592653589793, 0.0, 4.71238898038469, 4.71238898038469, 4.71238898038469, 0.0, 3.141592653589793, 0.0, 0.0, 0.0, 1.5707963267948966, 0.0, 1.5707963267948966, 0.0, 0.0, 3.141592653589793]",0.0
19,1.6780935774624033,"[5.141592653589793, 0.0, 4.71238898038469, 1.5707963267948966, 6.71238898038469, 0.0, 3.141592653589793, 4.71238898038469, 2.0, 0.0, 3.141592653589793, 1.5707963267948966, 3.141592653589793, 3.141592653589793, 4.71238898038469, 4.71238898038469, 0.0, 2.0, 1.5707963267948966, 4.71238898038469, 0.0, 3.141592653589793, 1.5707963267948966, 3.141592653589793, 3.141592653589793, 0.0, 4.71238898038469, 4.71238898038469, 4.71238898038469, 0.0, 3.141592653589793, 0.0, 0.0, 0.0, 1.5707963267948966, 0.0, 1.5707963267948966, 0.0, 0.0, 3.141592653589793]",0.0
20,1.668828825528827,"[5.141592653589793, 0.0, 4.71238898038469, 1.5707963267948966, 6.71238898038469, 0.0, 3.141592653589793, 4.71238898038469, 2.0, 0.0, 3.141592653589793, 1.5707963267948966, 3.141592653589793, 3.141592653589793, 4.71238898038469, 4.71238898038469, 0.0, 0.0, 3.5707963267948966, 4.71238898038469, 0.0, 3.141592653589793, 1.5707963267948966, 3.141592653589793, 3.141592653589793, 0.0, 4.71238898038469, 4.71238898038469, 4.71238898038469, 0.0, 3.141592653589793, 0.0, 0.0, 0.0, 1.5707963267948966, 0.0, 1.5707963267948966, 0.0, 0.0, 3.141592653589793]",0.0
21,1.6768045745964304,"[5.141592653589793, 0.0, 4.71238898038469, 1.5707963267948966, 6.71238898038469, 0.0, 3.141592653589793, 4.71238898038469, 2.0, 0.0, 3.141592653589793, 1.5707963267948966, 3.141592653589793, 3.141592653589793, 4.71238898038469, 4.71238898038469, 0.0, 0.0, 3.5707963267948966, 6.71238898038469, 0.0, 3.141592653589793, 1.5707963267948966, 3.141592653589793, 3.141592653589793, 0.0, 4.71238898038469, 4.71238898038469, 4.71238898038469, 0.0, 3.141592653589793, 0.0, 0.0, 0.0, 1.5707963267948966, 0.0, 1.5707963267948966, 0.0, 0.0, 3.141592653589793]",0.0
22,2.8532624620257336,"[5.141592653589793, 0.0, 4.71238898038469, 1.5707963267948966, 6.71238898038469, 0.0, 3.141592653589793, 4.71238898038469, 2.0, 0.0, 3.141592653589793, 1.5707963267948966, 3.141592653589793, 3.141592653589793, 4.71238898038469, 4.71238898038469, 0.0, 0.0, 3.5707963267948966, 4.71238898038469, 2.0, 3.141592653589793, 1.5707963267948966, 3.141592653589793, 3.141592653589793, 0.0, 4.71238898038469, 4.71238898038469, 4.71238898038469, 0.0, 3.141592653589793, 0.0, 0.0, 0.0, 1.5707963267948966, 0.0, 1.5707963267948966, 0.0, 0.0, 3.141592653589793]",0.0
23,2.2373100727739823,"[5.141592653589793, 0.0, 4.71238898038469, 1.5707963267948966, 6.71238898038469, 0.0, 3.141592653589793, 4.71238898038469, 2.0, 0.0, 3.141592653589793, 1.5707963267948966, 3.141592653589793, 3.141592653589793, 4.71238898038469, 4.71238898038469, 0.0, 0.0, 3.5707963267948966, 4.71238898038469, 0.0, 5.141592653589793, 1.5707963267948966, 3.141592653589793, 3.141592653589793, 0.0, 4.71238898038469, 4.71238898038469, 4.71238898038469, 0.0, 3.141592653589793, 0.0, 0.0, 0.0, 1.5707963267948966, 0.0, 1.5707963267948966, 0.0, 0.0, 3.141592653589793]",0.0
24,1.6677648936016891,"[5.141592653589793, 0.0, 4.71238898038469, 1.5707963267948966, 6.71238898038469, 0.0, 3.141592653589793, 4.71238898038469, 2.0, 0.0, 3.141592653589793, 1.5707963267948966, 3.141592653589793, 3.141592653589793, 4.71238898038469, 4.71238898038469, 0.0, 0.0, 3.5707963267948966, 4.71238898038469, 0.0, 3.141592653589793, 3.5707963267948966, 3.141592653589793, 3.141592653589793, 0.0, 4.71238898038469, 4.71238898038469, 4.71238898038469, 0.0, 3.141592653589793, 0.0, 0.0, 0.0, 1.5707963267948966, 0.0, 1.5707963267948966, 0.0, 0.0, 3.141592653589793]",0.0
25,3.434767749918727,"[5.141592653589793, 0.0, 4.71238898038469, 1.5707963267948966, 6.71238898038469, 0.0, 3.141592653589793, 4.71238898038469, 2.0, 0.0, 3.141592653589793, 1.5707963267948966, 3.141592653589793, 3.141592653589793, 4.71238898038469, 4.71238898038469, 0.0, 0.0, 3.5707963267948966, 4.71238898038469, 0.0, 3.141592653589793, 3.5707963267948966, 5.141592653589793, 3.141592653589793, 0.0, 4.71238898038469, 4.71238898038469, 4.71238898038469, 0.0, 3.141592653589793, 0.0, 0.0, 0.0, 1.5707963267948966, 0.0, 1.5707963267948966, 0.0, 0.0, 3.141592653589793]",0.0
26,2.6008501997210622,"[5.141592653589793, 0.0, 4.71238898038469, 1.5707963267948966, 6.71238898038469, 0.0, 3.141592653589793, 4.71238898038469, 2.0, 0.0, 3.141592653589793, 1.5707963267948966, 3.141592653589793, 3.141592653589793, 4.71238898038469, 4.71238898038469, 0.0, 0.0, 3.5707963267948966, 4.71238898038469, 0.0, 3.141592653589793, 3.5707963267948966, 3.141592653589793, 5.141592653589793, 0.0, 4.71238898038469, 4.71238898038469, 4.71238898038469, 0.0, 3.141592653589793, 0.0, 0.0, 0.0, 1.5707963267948966, 0.0, 1.5707963267948966, 0.0, 0.0, 3.141592653589793]",0.0
27,2.878328407683037,"[5.141592653589793, 0.0, 4.71238898038469, 1.5707963267948966, 6.71238898038469, 0.0, 3.141592653589793, 4.71238898038469, 2.0, 0.0, 3.141592653589793, 1.5707963267948966, 3.141592653589793, 3.141592653589793, 4.71238898038469, 4.71238898038469, 0.0, 0.0, 3.5707963267948966, 4.71238898038469, 0.0, 3.141592653589793, 3.5707963267948966, 3.141592653589793, 3.141592653589793, 2.0, 4.71238898038469, 4.71238898038469, 4.71238898038469, 0.0, 3.141592653589793, 0.0, 0.0, 0.0, 1.5707963267948966, 0.0, 1.5707963267948966, 0.0, 0.0, 3.141592653589793]",0.0
28,4.597028914980259,"[5.141592653589793, 0.0, 4.71238898038469, 1.5707963267948966, 6.71238898038469, 0.0, 3.141592653589793, 4.71238898038469, 2.0, 0.0, 3.141592653589793, 1.5707963267948966, 3.141592653589793, 3.141592653589793, 4.71238898038469, 4.71238898038469, 0.0, 0.0, 3.5707963267948966, 4.71238898038469, 0.0, 3.141592653589793, 3.5707963267948966, 3.141592653589793, 3.141592653589793, 0.0, 6.71238898038469, 4.71238898038469, 4.71238898038469, 0.0, 3.141592653589793, 0.0, 0.0, 0.0, 1.5707963267948966, 0.0, 1.5707963267948966, 0.0, 0.0, 3.141592653589793]",0.0
29,2.8628217727062086,"[5.141592653589793, 0.0, 4.71238898038469, 1.5707963267948966, 6.71238898038469, 0.0, 3.141592653589793, 4.71238898038469, 2.0, 0.0, 3.141592653589793, 1.5707963267948966, 3.141592653589793, 3.141592653589793, 4.71238898038469, 4.71238898038469, 0.0, 0.0, 3.5707963267948966, 4.71238898038469, 0.0, 3.141592653589793, 3.5707963267948966, 3.141592653589793, 3.141592653589793, 0.0, 4.71238898038469, 6.71238898038469, 4.71238898038469, 0.0, 3.141592653589793, 0.0, 0.0, 0.0, 1.5707963267948966, 0.0, 1.5707963267948966, 0.0, 0.0, 3.141592653589793]",0.0
30,2.243072447621468,"[5.141592653589793, 0.0, 4.71238898038469, 1.5707963267948966, 6.71238898038469, 0.0, 3.141592653589793, 4.71238898038469, 2.0, 0.0, 3.141592653589793, 1.5707963267948966, 3.141592653589793, 3.141592653589793, 4.71238898038469, 4.71238898038469, 0.0, 0.0, 3.5707963267948966, 4.71238898038469, 0.0, 3.141592653589793, 3.5707963267948966, 3.141592653589793, 3.141592653589793, 0.0, 4.71238898038469, 4.71238898038469, 6.71238898038469, 0.0, 3.141592653589793, 0.0, 0.0, 0.0, 1.5707963267948966, 0.0, 1.5707963267948966, 0.0, 0.0, 3.141592653589793]",0.0
31,2.6014426177697456,"[5.141592653589793, 0.0, 4.71238898038469, 1.5707963267948966, 6.71238898038469, 0.0, 3.141592653589793, 4.71238898038469, 2.0, 0.0, 3.141592653589793, 1.5707963267948966, 3.141592653589793, 3.141592653589793, 4.71238898038469, 4.71238898038469, 0.0, 0.0, 3.5707963267948966, 4.71238898038469, 0.0, 3.141592653589793, 3.5707963267948966, 3.141592653589793, 3.141592653589793, 0.0, 4.71238898038469, 4.71238898038469, 4.71238898038469, 2.0, 3.141592653589793, 0.0, 0.0, 0.0, 1.5707963267948966, 0.0, 1.5707963267948966, 0.0, 0.0, 3.141592653589793]",0.0
32,2.862646580498464,"[5.141592653589793, 0.0, 4.71238898038469, 1.5707963267948966, 6.71238898038469, 0.0, 3.141592653589793, 4.71238898038469, 2.0, 0.0, 3.141592653589793, 1.5707963267948966, 3.141592653589793, 3.141592653589793, 4.71238898038469, 4.71238898038469, 0.0, 0.0, 3.5707963267948966, 4.71238898038469, 0.0, 3.141592653589793, 3.5707963267948966, 3.141592653589793, 3.141592653589793, 0.0, 4.71238898038469, 4.71238898038469, 4.71238898038469, 0.0, 5.141592653589793, 0.0, 0.0, 0.0, 1.5707963267948966, 0.0, 1.5707963267948966, 0.0, 0.0, 3.141592653589793]",0.0
33,4.6080826585243235,"[5.141592653589793, 0.0, 4.71238898038469, 1.5707963267948966, 6.71238898038469, 0.0, 3.141592653589793, 4.71238898038469, 2.0, 0.0, 3.141592653589793, 1.5707963267948966, 3.141592653589793, 3.141592653589793, 4.71238898038469, 4.71238898038469, 0.0, 0.0, 3.5707963267948966, 4.71238898038469, 0.0, 3.141592653589793, 3.5707963267948966, 3.141592653589793, 3.141592653589793, 0.0, 4.71238898038469, 4.71238898038469, 4.71238898038469, 0.0, 3.141592653589793, 2.0, 0.0, 0.0, 1.5707963267948966, 0.0, 1.5707963267948966, 0.0, 0.0, 3.141592653589793]",0.0
34,2.8676737190781547,"[5.141592653589793, 0.0, 4.71238898038469, 1.5707963267948966, 6.71238898038469, 0.0, 3.141592653589793, 4.71238898038469, 2.0, 0.0, 3.141592653589793, 1.5707963267948966, 3.141592653589793, 3.141592653589793, 4.71238898038469, 4.71238898038469, 0.0, 0.0, 3.5707963267948966, 4.71238898038469, 0.0, 3.141592653589793, 3.5707963267948966, 3.141592653589793, 3.141592653589793, 0.0, 4.71238898038469, 4.71238898038469, 4.71238898038469, 0.0, 3.141592653589793, 0.0, 2.0, 0.0, 1.5707963267948966, 0.0, 1.5707963267948966, 0.0, 0.0, 3.141592653589793]",0.0
35,2.250586646738858,"[5.141592653589793, 0.0, 4.71238898038469, 1.5707963267948966, 6.71238898038469, 0.0, 3.141592653589793, 4.71238898038469, 2.0, 0.0, 3.141592653589793, 1.5707963267948966, 3.141592653589793, 3.141592653589793, 4.71238898038469, 4.71238898038469, 0.0, 0.0, 3.5707963267948966, 4.71238898038469, 0.0, 3.141592653589793, 3.5707963267948966, 3.141592653589793, 3.141592653589793, 0.0, 4.71238898038469, 4.71238898038469, 4.71238898038469, 0.0, 3.141592653589793, 0.0, 0.0, 2.0, 1.5707963267948966, 0.0, 1.5707963267948966, 0.0, 0.0, 3.141592653589793]",0.0
36,1.6767842312689414,"[5.141592653589793, 0.0, 4.71238898038469, 1.5707963267948966, 6.71238898038469, 0.0, 3.141592653589793, 4.71238898038469, 2.0, 0.0, 3.141592653589793, 1.5707963267948966, 3.141592653589793, 3.141592653589793, 4.71238898038469, 4.71238898038469, 0.0, 0.0, 3.5707963267948966, 4.71238898038469, 0.0, 3.141592653589793, 3.5707963267948966, 3.141592653589793, 3.141592653589793, 0.0, 4.71238898038469, 4.71238898038469, 4.71238898038469, 0.0, 3.141592653589793, 0.0, 0.0, 0.0, 3.5707963267948966, 0.0, 1.5707963267948966, 0.0, 0.0, 3.141592653589793]",0.0
37,1.679331015481731,"[5.141592653589793, 0.0, 4.71238898038469, 1.5707963267948966, 6.71238898038469, 0.0, 3.141592653589793, 4.71238898038469, 2.0, 0.0, 3.141592653589793, 1.5707963267948966, 3.141592653589793, 3.141592653589793, 4.71238898038469, 4.71238898038469, 0.0, 0.0, 3.5707963267948966, 4.71238898038469, 0.0, 3.141592653589793, 3.5707963267948966, 3.141592653589793, 3.141592653589793, 0.0, 4.71238898038469, 4.71238898038469, 4.71238898038469, 0.0, 3.141592653589793, 0.0, 0.0, 0.0, 1.5707963267948966, 2.0, 1.5707963267948966, 0.0, 0.0, 3.141592653589793]",0.0
38,4.580896576364923,"[5.141592653589793, 0.0, 4.71238898038469, 1.5707963267948966, 6.71238898038469, 0.0, 3.141592653589793, 4.71238898038469, 2.0, 0.0, 3.141592653589793, 1.5707963267948966, 3.141592653589793, 3.141592653589793, 4.71238898038469, 4.71238898038469, 0.0, 0.0, 3.5707963267948966, 4.71238898038469, 0.0, 3.141592653589793, 3.5707963267948966, 3.141592653589793, 3.141592653589793, 0.0, 4.71238898038469, 4.71238898038469, 4.71238898038469, 0.0, 3.141592653589793, 0.0, 0.0, 0.0, 1.5707963267948966, 0.0, 3.5707963267948966, 0.0, 0.0, 3.141592653589793]",0.0
39,1.6708968973239375,"[5.141592653589793, 0.0, 4.71238898038469, 1.5707963267948966, 6.71238898038469, 0.0, 3.141592653589793, 4.71238898038469, 2.0, 0.0, 3.141592653589793, 1.5707963267948966, 3.141592653589793, 3.141592653589793, 4.71238898038469, 4.71238898038469, 0.0, 0.0, 3.5707963267948966, 4.71238898038469, 0.0, 3.141592653589793, 3.5707963267948966, 3.141592653589793, 3.141592653589793, 0.0, 4.71238898038469, 4.71238898038469, 4.71238898038469, 0.0, 3.141592653589793, 0.0, 0.0, 0.0, 1.5707963267948966, 0.0, 1.5707963267948966, 2.0, 0.0, 3.141592653589793]",0.0
40,4.6167036299666675,"[5.141592653589793, 0.0, 4.71238898038469, 1.5707963267948966, 6.71238898038469, 0.0, 3.141592653589793, 4.71238898038469, 2.0, 0.0, 3.141592653589793, 1.5707963267948966, 3.141592653589793, 3.141592653589793, 4.71238898038469, 4.71238898038469, 0.0, 0.0, 3.5707963267948966, 4.71238898038469, 0.0, 3.141592653589793, 3.5707963267948966, 3.141592653589793, 3.141592653589793, 0.0, 4.71238898038469, 4.71238898038469, 4.71238898038469, 0.0, 3.141592653589793, 0.0, 0.0, 0.0, 1.5707963267948966, 0.0, 1.5707963267948966, 0.0, 2.0, 3.141592653589793]",0.0
41,1.6728541771333534,"[5.141592653589793, 0.0, 4.71238898038469, 1.5707963267948966, 6.71238898038469, 0.0, 3.141592653589793, 4.71238898038469, 2.0, 0.0, 3.141592653589793, 1.5707963267948966, 3.141592653589793, 3.141592653589793, 4.71238898038469, 4.71238898038469, 0.0, 0.0, 3.5707963267948966, 4.71238898038469, 0.0, 3.141592653589793, 3.5707963267948966, 3.141592653589793, 3.141592653589793, 0.0, 4.71238898038469, 4.71238898038469, 4.71238898038469, 0.0, 3.141592653589793, 0.0, 0.0, 0.0, 1.5707963267948966, 0.0, 1.5707963267948966, 0.0, 0.0, 5.141592653589793]",0.0
42,3.562735514992979,"[5.142151868750733, -0.6672376756361472, 4.583245586022252, 1.5703438096221296, 6.712532697329125, -0.9246945327084343, 2.866833681997825, 4.712298268287, 2.000479536339226, -0.00022770425929449225, 3.0132113061376273, 1.3017227692474533, 3.1413591190778396, 2.9299841733547383, 4.711574459472889, 4.712384005513849, -0.00046801411121773803, -0.0012430469619591747, 3.571669161037314, 4.710567481259408, -0.2705005905460915, 3.011763080740952, 3.5710393072420263, 2.7380450833400545, 2.9284949176274204, -0.276468123972779, 4.043404561813265, 4.439462256950839, 4.581000417688815, -0.21323303221459086, 2.868705940498602, -0.6715088691309836, -0.27403480945781006, -0.13310465318512107, 1.5687364932253753, -0.0026414673667430476, 0.9054962067674108, -0.0007152860492601917, -0.6734777239442694, 3.140430364578107]",0.0
43,1.6804428066262966,"[6.141592302380072, 0.0008381045989419422, 4.71238898038469, 1.5707963267948966, 6.71238898038469, 0.0, 3.141592653589793, 4.71238898038469, 2.0, 0.0, 3.141592653589793, 1.5707963267948966, 3.141592653589793, 3.141592653589793, 4.71238898038469, 4.71238898038469, 0.0, 0.0, 3.5707963267948966, 4.71238898038469, 0.0, 3.141592653589793, 3.5707963267948966, 3.141592653589793, 3.141592653589793, 0.0, 4.71238898038469, 4.71238898038469, 4.71238898038469, 0.0, 3.141592653589793, 0.0, 0.0, 0.0, 1.5707963267948966, 0.0, 1.5707963267948966, 0.0, 0.0, 3.141592653589793]",0.0
44,4.687167335177589,"[5.138299037648811, 1.9236111630963386, 4.67489037863246, 1.5706649320663362, 6.712430710621772, -0.26849806910901036, 3.0618125200069315, 4.7123626408507, 2.0001392401237332, -6.611713575227344e-05, 3.1043153228808547, 1.4926670331803096, 3.141524843558143, 3.0801491537739256, 4.712152472776683, 4.712387535860938, -0.00013589448269978518, -0.00036093617653419873, 3.5710497664989846, 4.7118600824830335, -0.07854365272577339, 3.1038948102586996, 3.570866879586741, 3.024416938179943, 3.079716727417923, -0.08027641002640977, 4.518139941056718, 4.633140865836419, 4.674238462414693, -0.061915211342478446, 3.062356156607506, -0.1949820490699217, -0.07956986291739804, -0.0386488089909559, 1.5701982251337108, -0.0007669872184792052, 1.3776170753915606, -0.00020769336931673004, -0.19555373376905671, 3.1412551666204798]",0.0
45,1.8847125074542483,"[5.141592653589793, 0.0, 3.7220011341079773, 1.5707963267948966, 6.71238898038469, 0.1383181620300633, 3.141592653589793, 4.71238898038469, 2.0, 0.0, 3.141592653589793, 1.5707963267948966, 3.141592653589793, 3.141592653589793, 4.71238898038469, 4.71238898038469, 0.0, 0.0, 3.5707963267948966, 4.71238898038469, 0.0, 3.141592653589793, 3.5707963267948966, 3.141592653589793, 3.141592653589793, 0.0, 4.71238898038469, 4.71238898038469, 4.71238898038469, 0.0, 3.141592653589793, 0.0, 0.0, 0.0, 1.5707963267948966, 0.0, 1.5707963267948966, 0.0, 0.0, 3.141592653589793]",0.0
46,5.16721827152799,"[5.139229642458225, -0.2355184693670696, 5.011504987098078, 1.5705962450181692, 6.712452525247335, 1.8249712096105015, 3.02010717963139, 4.712348871768335, 2.000212028379323, -0.00010068009682253136, 3.0848284695040906, 1.4518246750998647, 3.141489395629895, 3.0480293520312554, 4.712028837607747, 4.712386780731159, -0.0002069337928842711, -0.0005496168094209659, 3.571182252979628, 4.7115835992782324, -0.1196026184627067, 3.0841881324563345, 3.570903761302353, 2.963162928247261, 3.047370873304136, -0.12224118062685825, 4.4165955848495315, 4.591713640248701, 4.654295147381391, -0.0942816019148845, 3.0209350041425305, -0.29690958865138495, -0.12116528357633403, -0.05885260737646461, 1.569885565424599, -0.00116793243596423, 1.2766319545168185, -0.00031626579545964583, -0.29778012350148075, 3.141078744141657]",0.0
47,1.6704206516088762,"[5.141592653589793, 1.0842007020507468e-19, 4.71238898038469, 0.5707976830315791, 6.71238898038469, -1.0842007020507468e-19, 3.1432396118544297, 4.71238898038469, 2.0, 0.0, 3.141592653589793, 1.5707963267948966, 3.141592653589793, 3.141592653589793, 4.71238898038469, 4.71238898038469, 0.0, 0.0, 3.5707963267948966, 4.71238898038469, 0.0, 3.141592653589793, 3.5707963267948966, 3.141592653589793, 3.141592653589793, 0.0, 4.71238898038469, 4.71238898038469, 4.71238898038469, 0.0, 3.141592653589793, 0.0, 0.0, 0.0, 1.5707963267948966, 0.0, 1.5707963267948966, 0.0, 0.0, 3.141592653589793]",0.0
48,2.8636926665662368,"[5.140917026494765, -0.06733893766234546, 4.71560780538925, 1.5742226210590642, 6.712407148996077, -0.06752096408101271, 5.1288546157058645, 4.712377512614779, 2.000060622701295, -2.8786238217287285e-05, 3.125362759331931, 1.5367802062816822, 3.1415631302944718, 3.1148412342719562, 4.712286009131219, 4.712388351464451, -5.9166068023092376e-05, -0.00015714526409430922, 3.570906669985245, 4.712158707539134, -0.034196525183598184, 3.125179675531083, 3.570827044239774, 3.0905764076697175, 3.1146529634408973, -0.034950937241249196, 4.627816364587703, 4.677885744911745, 4.695778915748617, -0.026956794221337517, 3.1070944762007784, -0.0848917553484396, -0.03464331905482393, -0.01682701178400391, 1.5705359238494097, -0.0003339327472303245, 1.486689477847762, -9.042604065159978e-05, -0.08514065681319964, 3.1414457176981614]",0.0
49,1.8479774202201813,"[5.141572002176948, 0.024640606456104188, 4.717158152859635, 1.5708130379279395, 6.71238898038469, 0.03414830262822964, 3.151739304380798, 4.71238898038469, 2.0, 0.0, 4.14064271925566, 1.5707963267948966, 3.141592653589793, 3.141592653589793, 4.71238898038469, 4.71238898038469, 0.0, 0.0, 3.5707963267948966, 4.71238898038469, 0.0, 3.141592653589793, 3.5707963267948966, 3.141592653589793, 3.141592653589793, 0.0, 4.71238898038469, 4.71238898038469, 4.71238898038469, 0.0, 3.141592653589793, 0.0, 0.0, 0.0, 1.5707963267948966, 0.0, 1.5707963267948966, 0.0, 0.0, 3.141592653589793]",0.0
50,3.8425536059799015,"[5.138234983402957, -0.990272287200506, 4.613689990160178, 1.5710264600285102, 6.712492910179751, -1.2247841514709306, 2.7486949180626565, 4.7123233813715775, 2.000346779662316, -0.0001646657399803928, 3.1527600012186774, 1.3762141235458851, 3.141423771666631, 2.9885666755426867, 4.711799954561955, 4.712385382776148, -0.00033844729204324876, -0.0008989170797927961, 3.571427522262444, 4.711071752054102, -0.19561417096637843, 3.0477055969720084, 3.57097203960436, 2.8497647383880764, 2.9874897110751855, -0.1999296295818994, 4.228608770648046, 4.5150203364519665, 4.6173745306404905, -0.15420078283413918, 2.9442529433832174, -0.48560578173394187, -0.19816996317752975, -0.09625545116929504, 1.5693067454405005, -0.0019101934233749498, 1.0896804402813942, -0.0005172635196373338, -0.4870295712394531, 3.1407521371199945]",0.0
51,2.5155403661721354,"[5.139913818496375, -0.495136143600253, 4.663039485272433, 1.5709113934117034, 6.7124409452822205, -0.6123920757354653, 2.945143785826225, 4.712356180878134, 2.000173389831158, -8.23328699901964e-05, 3.1471763274042353, 1.4735052251703908, 3.1415082126282123, 3.0650796645662397, 4.712094467473322, 4.712387181580419, -0.00016922364602162438, -0.00044945853989639806, 3.57111192452867, 4.7117303662193954, -0.09780708548318921, 3.0946491252809007, 3.5708841831996283, 2.9956786959889348, 3.0645411823324893, -0.0999648147909497, 4.470498875516368, 4.613704658418328, 4.6648817555125905, -0.07710039141706959, 3.0429227984865053, -0.24280289086697093, -0.09908498158876487, -0.04812772558464752, 1.5700515361176985, -0.0009550967116874749, 1.3302383835381453, -0.0002586317598186669, -0.24351478561972656, 3.141172395354894]",0.0
52,1.6679126760174865,"[5.1415925992388365, 6.484982653626675e-05, 4.712387716212343, 1.5707963223652492, 7.212388976086841, -9.051746415936799e-06, 3.1415899640004765, 4.71238898038469, 2.0, 0.0, 3.1415913968770512, 1.5707963267948966, 3.141592653589793, 3.141592653589793, 4.71238898038469, 4.71238898038469, 0.0, 0.0, 3.5707963267948966, 4.71238898038469, 0.0, 3.141592653589793, 3.5707963267948966, 3.141592653589793, 3.141592653589793, 0.0, 4.71238898038469, 4.71238898038469, 4.71238898038469, 0.0, 3.141592653589793, 0.0, 0.0, 0.0, 1.5707963267948966, 0.0, 1.5707963267948966, 0.0, 0.0, 3.141592653589793]",0.0
53,2.774667114697746,"[5.139545437465584, 0.9025771990702308, 4.70351391405225, 1.5709427624742245, 6.712237274682596, -0.22323595948267103, 3.0663314534664976, 4.712368760629266, 2.0001068888025193, -5.075535181308032e-05, 3.109403322524788, 1.5108197452446368, 3.141540598672808, 3.0944250560479705, 4.712207423414409, 4.712387871484397, -0.00010432049423204169, -0.00027707556314448195, 3.570990881825117, 4.711982967650377, -0.06029466765949486, 3.1126536005123424, 3.5708504872138365, 3.0516417718416857, 3.094093100472726, -0.06162483275814645, 4.563272140729319, 4.651553526932935, 4.683102427974533, -0.04752971069471441, 3.0807661184561415, -0.14967954048794196, -0.061082446178897645, -0.029669069525974697, 1.5703371892371654, -0.0005887839161076998, 1.4225007184566805, -0.000159437487861113, -0.1501183988519744, 3.141333578999448]",0.0
54,1.6764155861321781,"[5.141592653589793, -6.776263192956465e-21, 4.71238898038469, 1.5707963267948966, 6.71238898038469, 1.1858460587673814e-20, 3.141592653589793, 4.212389008798426, 2.0, 0.0, 3.141592653589793, 1.5709648905388798, 3.141592653589793, 3.141592653589793, 4.71238898038469, 4.71238898038469, 0.0, 0.0, 3.5707963267948966, 4.71238898038469, 0.0, 3.141592653589793, 3.5707963267948966, 3.141592653589793, 3.141592653589793, 0.0, 4.71238898038469, 4.71238898038469, 4.71238898038469, 0.0, 3.141592653589793, 0.0, 0.0, 0.0, 1.5707963267948966, 0.0, 1.5707963267948966, 0.0, 0.0, 3.141592653589793]",0.0
55,2.0701946979298267,"[5.141263316190085, -0.009588984887086545, 4.714855007938878, 1.5708513707882878, 6.712381868758651, -0.02408145046691521, 3.1321031245386743, 4.713184941079459, 2.0000279381535564, -1.3266224144508523e-05, 3.13793665526145, 2.566119737606086, 3.1415790476906738, 3.129264181832722, 4.71234152577396, 4.712388690544913, -2.726685974801013e-05, -7.242086586607669e-05, 3.5708471787848275, 4.7122828584537695, -0.015759571105630036, 3.134028683467605, 3.5708104830214173, 3.1180816637800635, 3.1291774166560478, -0.01610724416310192, 4.673413436960733, 4.696488060923112, 4.704734182322726, -0.012423119396785004, 3.125694065161353, -0.03912261984259047, -0.015965477400066035, -0.007754778805200846, 1.5706763193171343, -0.00015389390723823657, 1.5320354334194315, -4.1673111808827685e-05, -0.039237326828493894, 3.1415249377438204]",0.0
56,1.6768204685590087,"[5.141592653589793, -1.5832094286703308e-18, 4.71238898038469, 1.5707963267948966, 6.71238898038469, 1.109738424163732e-17, 3.141592653589793, 4.71238898038469, 2.499998716147158, 0.0, 3.141592653589793, 1.5707963267948966, 3.141592653589793, 3.142725725164677, 4.71238898038469, 4.71238898038469, 0.0, 0.0, 3.5707963267948966, 4.71238898038469, 0.0, 3.141592653589793, 3.5707963267948966, 3.141592653589793, 3.141592653589793, 0.0, 4.71238898038469, 4.71238898038469, 4.71238898038469, 0.0, 3.141592653589793, 0.0, 0.0, 0.0, 1.5707963267948966, 0.0, 1.5707963267948966, 0.0, 0.0, 3.141592653589793]",0.0
57,1.9778690102158059,"[5.141331795124339, -0.007595152828451294, 4.714342248261715, 1.5708399255227097, 6.7123833474749235, -0.01907420845696756, 3.134076276803097, 4.7127524855118335, 1.9973586608888212, -1.0507785862685447e-05, 3.1386968448705903, 1.5673201163089268, 3.1415818767573755, 4.138699630764483, 4.712351392983609, 4.7123887508111295, -2.1597277436215247e-05, -5.736243728597064e-05, 3.5708366051600944, 4.712304924325234, -0.01248269263822697, 3.1356014553822305, 3.5708075395254584, 3.1229702902368657, 3.1317589096613596, -0.01275807423877469, 4.681517599069287, 4.699794329872078, 4.70632584003812, -0.009839987395511248, 3.1289998494199516, -0.030987876219727407, -0.012645784956443834, -0.006142332151931313, 1.5707012724022895, -0.00012189483648222171, 1.540094963468063, -3.3008045872658685e-05, -0.03107873224866962, 3.1415390178603464]",0.0
58,1.6757218209697544,"[5.141592653589793, -2.336431330840567e-20, 4.71238898038469, 1.5707963267948966, 6.71238898038469, 5.2890121758318955e-22, 3.141592653589793, 4.71238898038469, 2.0, -0.49999982284816663, 3.141592653589793, 1.5707963267948966, 3.141592653589793, 3.141592653589793, 4.71238898038469, 4.71238898038469, 0.0, 0.0, 3.5707963267948966, 4.71238898038469, 0.0004208940508380132, 3.141592653589793, 3.5707963267948966, 3.141592653589793, 3.141592653589793, 0.0, 4.71238898038469, 4.71238898038469, 4.71238898038469, 0.0, 3.141592653589793, 0.0, 0.0, 0.0, 1.5707963267948966, 0.0, 1.5707963267948966, 0.0, 0.0, 3.141592653589793]",0.0
59,2.079632438933081,"[5.141255271579803, -0.009823211690615856, 4.714915244737479, 1.5708527153287974, 6.712381695045432, -0.024669679693849353, 3.1318713271083087, 4.712859120735412, 1.9995137521852562, 0.0012716509766786117, 3.1378473514600316, 1.5663003604521386, 3.1415787153441013, 3.1382898565982686, 4.712340366616665, 4.712388683465098, -2.793289786114323e-05, -7.418986520441914e-05, 3.5708484209287246, 4.71228026625022, 0.9952863312822796, 3.133843920996439, 3.570810828810646, 3.117507368997478, 3.1288741539753477, -0.01650069022213882, 4.6724613948979385, 4.696099654685902, 4.704547201229021, -0.012726574619672033, 3.1253057158634796, -0.040078254489982666, -0.01635546057161863, -0.00794420209379782, 1.5706733879361543, -0.00015765302026213784, 1.5310886345388222, -4.269104643767917e-05, -0.040195763383592396, 3.141523283672369]",0.0
60,1.6772738174206339,"[5.141592653589793, 1.3552505230840706e-20, 4.71238898038469, 1.5707963267948966, 6.71238898038469, -5.525067614701698e-21, 3.141592653589793, 4.71238898038469, 2.0, -5.2939473557971483e-23, 3.141592653589793, 1.5707963267948966, 2.6415934624879363, 3.141592653589793, 4.71238898038469, 4.71238898038469, 0.0, 0.0, 3.5707963267948966, 4.71238898038469, -5.42100209233628e-20, 3.1424920408750547, 3.5707963267948966, 3.141592653589793, 3.141592653589793, 0.0, 4.71238898038469, 4.71238898038469, 4.71238898038469, 0.0, 3.141592653589793, 0.0, 0.0, 0.0, 1.5707963267948966, 0.0, 1.5707963267948966, 0.0, 0.0, 3.141592653589793]",0.0
61,1.854951995009698,"[5.141430262491194, -0.004728177825061516, 4.71360493983556, 1.5708234681234126, 6.712385473753598, -0.011874184956357873, 3.1369135158752055, 4.7126152716681275, 1.9997659557578962, 0.0002069861998529775, 3.139789938242122, 1.5686322964315522, 3.143639018957278, 3.140002927949357, 4.712365581261551, 4.712388837469248, -1.3444860236793525e-05, -3.5709591379257725e-05, 3.570821401112354, 4.7123366533275055, -0.0021717613163833114, 4.140505262439111, 3.5708033070078296, 3.1299997538227577, 3.1354708952749926, -0.0079422290859371, 4.693170752146052, 4.7045484867681475, 4.7086145197010945, -0.006125645033508573, 3.1337533093690757, -0.019290749310404916, -0.007872326121941428, -0.0038237596175989008, 1.5707371529926768, -7.588266830994921e-05, 1.55168393912347, -2.0548356836098322e-05, -0.0193473095233487, 3.141559263969817]",0.0
62,1.6662816116887202,"[5.141592683847244, -3.6102224100452104e-05, 4.712428180078024, 1.570796296124423, 6.712388990125462, 0.000280678251401285, 3.1415740311192106, 4.712388974236452, 2.0000000325017644, -1.5433220781321823e-08, 3.1415839522256395, 1.5707780896673482, 3.1415926377614123, 3.141578311300348, 4.212389063379334, 4.71238898038469, 0.0, 0.0, 3.5707963267948966, 4.71238898038469, -1.8333848248207876e-05, 3.1415838540685725, 3.5707963267948966, 3.141592653589793, 3.141592653589793, 0.0, 4.71238898038469, 4.71238898038469, 4.71238898038469, 0.0, 3.141592653589793, 0.0, 0.0, 0.0, 1.5707963267948966, 0.0, 1.5707963267948966, 0.0, 0.0, 3.141592653589793]",0.0
63,2.7871929354596725,"[5.139959917633542, -0.17357723574087652, 4.858979086259119, 1.5709819248197199, 6.712384693313677, 0.8296225336362923, 3.0281105129831807, 4.714786930987803, 1.9976089880628327, 0.002159948897066461, 3.0926686282553018, 1.485512262513244, 3.1441889005657373, 3.0757211094482457, 4.212476461893968, 4.712387452713397, -0.0001437166400926466, -0.0003817118513484978, 3.5710643546207064, 4.711829638843606, -0.08569632657336936, 3.1020038646631996, 3.5708709406422843, 3.0176722428078593, 3.076155116793784, -0.08489716211056668, 4.506958864909628, 4.628579302976994, 4.672042498676858, -0.06547908324155377, 3.057795262461246, -0.20620531764055924, -0.08414994578097762, -0.04087345462018108, 1.570163798089744, -0.0008111354033213466, 1.3664975767960932, -0.0002196483081190522, -0.20680990880952954, 3.1412357406942792]",0.0
64,1.6781635544154816,"[5.141592683847244, -3.6102224100452104e-05, 4.712428180078024, 1.570796296124423, 6.712388990125462, 0.000280678251401285, 3.1415740311192106, 4.712388974236452, 2.0000000325017644, -1.5433220781321823e-08, 3.1415839522256395, 1.5707780896673482, 3.1415926377614123, 3.141578311300348, 4.212389063379334, 4.212388980422683, 0.0, 0.0, 3.5707963267948966, 4.71238898038469, -1.8333848248207876e-05, 3.1415838540685725, 3.5707963267948966, 3.1415988175109852, 3.141592653589793, 0.0, 4.71238898038469, 4.71238898038469, 4.71238898038469, 0.0, 3.141592653589793, 0.0, 0.0, 0.0, 1.5707963267948966, 0.0, 1.5707963267948966, 0.0, 0.0, 3.141592653589793]",0.0
65,2.2717397043412135,"[5.141019821730838, -0.02083894061030322, 4.721113458202091, 1.5708891860321392, 6.712377633077105, -0.010560367766669979, 3.1228940893755226, 4.71319127056741, 1.999173163485006, 0.0007327426843532896, 3.1342169723943005, 1.5610658273836837, 3.1424706328402667, 3.1343381863503676, 4.21224885092378, 4.713507628397998, -4.770832609756697e-05, -0.00012671346524452957, 3.570885301592169, 4.712203300781933, -0.009768812720183161, 3.1374159123550216, 3.5708210956856825, 4.129331622600889, 3.1198699404615637, -0.028182550692236484, 4.64419418447917, 4.684567432251359, 4.6989955201356475, -0.021736504929728156, 3.1137751840225327, -0.06845213282683422, -0.027934503978268767, -0.013568394727963564, 1.5705863519046401, -0.00026926535650979443, 1.502977100155692, -7.291468200040935e-05, -0.06865283354337168, 3.1414741724118542]",0.0
66,1.678895636983466,"[5.141592683847244, -3.6102224100452063e-05, 4.712428180078024, 1.570796296124423, 6.712388990125462, 0.00028067825140128496, 3.1415740311192106, 4.712388974236452, 2.0000000325017644, -1.5433220781321806e-08, 3.1415839522256395, 1.5707780896673482, 3.1415926377614123, 3.141578311300348, 4.212389063379334, 4.71238898038469, -0.4999987941350781, 0.0, 3.5707963267948966, 4.71238898038469, -1.8333848248207845e-05, 3.1415838540685725, 3.5707963267948966, 3.141592653589793, 3.142690771738211, 0.0, 4.71238898038469, 4.71238898038469, 4.71238898038469, 0.0, 3.141592653589793, 0.0, 0.0, 0.0, 1.5707963267948966, 0.0, 1.5707963267948966, 0.0, 0.0, 3.141592653589793]",0.0
67,1.9789364729769727,"[5.141287506615037, -0.011118267476315504, 4.717055033666243, 1.5708457807807215, 6.712382939956522, -0.00549460400810121, 3.131622783243219, 4.712816376514731, 1.9995595397711317, 0.0003903421900083515, 3.1376593873953524, 1.5656041372670924, 3.1420603665575437, 3.1377213250731426, 4.212314368879765, 4.712978347743231, 0.0028144924134960256, -6.750326736432483e-05, 3.570843725779033, 4.712290064457761, -0.005212645131206567, 3.139363492694146, 3.5708095217702986, 3.1354155708450246, 4.138172446023803, -0.015013512973664088, 4.67605999567906, 4.697567782033674, 4.705253966545555, -0.011579551557570164, 3.126773627987628, -0.03646607418517865, -0.014881372607843514, -0.007228205583825765, 1.5706844681922656, -0.0001434440398055139, 1.534667416742335, -3.8843379938824984e-05, -0.03657299221557494, 3.1415295358570674]",0.0
68,1.6713109342325692,"[5.141592683847244, -3.61022241004521e-05, 4.712428180078024, 1.570796296124423, 6.712388990125462, 0.0002806782514012849, 3.1415740311192106, 4.712388974236452, 2.0000000325017644, -1.5433220781321998e-08, 3.1415839522256395, 1.5707780896673482, 3.1415926377614123, 3.141578311300348, 4.212389063379334, 4.71238898038469, 2.5410731573336253e-21, -0.49999494619633567, 3.5707963267948966, 4.71238898038469, -1.8333848248207808e-05, 3.1415838540685725, 3.5707963267948966, 3.141592653589793, 3.141592653589793, 0.0022480609696815903, 4.71238898038469, 4.71238898038469, 4.71238898038469, 0.0, 3.141592653589793, 0.0, 0.0, 0.0, 1.5707963267948966, 0.0, 1.5707963267948966, 0.0, 0.0, 3.141592653589793]",0.0
69,2.0473576422543602,"[5.141191039150518, -0.014621374099104256, 4.718517596358523, 1.570861423033229, 6.712381027479457, -0.0073201885460770205, 3.128477163091739, 4.712951479693357, 1.9994202986601346, 0.0005137354388968492, 3.1364188203458956, 1.563968634952623, 3.1422082170728634, 3.1365021198285876, 4.212290757718032, 4.713164648583363, 0.0008148375032951594, 0.004798688357370062, 3.570858708744136, 4.71225879682812, -0.006854582951301909, 3.1386616296142584, 3.570813692742728, 3.1334629759341714, 3.137617521374002, 0.9942517080349653, 4.664576291544974, 4.692882755514084, 4.702998566660719, -0.015239883525832368, 3.122089288280652, -0.04799311272664693, -0.019585420395644135, -0.009513063666637449, 1.5706491093429096, -0.00018878714328809598, 1.5232469568232803, -5.1121892162598065e-05, -0.04813382787627516, 3.1415095841470455]",0.0
70,1.6686747082851179,"[5.141592683847244, -3.6102224100432677e-05, 4.712428180078024, 1.570796296124423, 6.712388990125462, 0.00028067825140125287, 3.1415740311192106, 4.712388974236452, 2.0000000325017644, -1.5433220712343106e-08, 3.1415839522256395, 1.5707780896673482, 3.1415926377614123, 3.141578311300348, 4.212389063379334, 4.71238898038469, -3.325067698430708e-17, 6.143524737431402e-18, 4.070795901224901, 4.71238898038469, -1.833384824821615e-05, 3.1415838540685725, 3.5707963267948966, 3.141592653589793, 3.141592653589793, -9.107290497292491e-18, 4.713041337506382, 4.71238898038469, 4.71238898038469, 0.0, 3.141592653589793, 0.0, 0.0, 0.0, 1.5707963267948966, 0.0, 1.5707963267948966, 0.0, 0.0, 3.141592653589793]",0.0
71,2.497643992724204,"[5.140527801958996, -0.03870608089299417, 4.72857306922997, 1.5709689673091551, 6.71236787873626, -0.01987152456267971, 3.106850262402934, 4.713880346780348, 1.99846298228552, 0.0013620939217622978, 3.1278896213058265, 1.552724160277352, 3.1432247251881553, 3.128119788372941, 4.212128425260404, 4.714445511997805, 0.002160381317611202, 0.0008207998994677254, 3.569120121981114, 4.712043824298556, -0.01814330328700008, 3.133836150886727, 3.5708423691887545, 3.1200384128308913, 3.1310533726419942, -0.011075793016422768, 5.679613579445482, 4.660672063064164, 4.687492145995175, -0.04040555266373512, 3.0898833178338614, -0.12724429556735714, -0.05192688867314481, -0.025222016580654327, 1.5704060086865461, -0.0005005319658403787, 1.4447285278344293, -0.00013553963864253515, -0.12761737410035567, 3.1413724113065764]",0.0
72,1.67856608539828,"[5.141592683847244, -3.6102224100452e-05, 4.712428180078024, 1.570796296124423, 6.712388990125462, 0.00028067825140128507, 3.1415740311192106, 4.712388974236452, 2.0000000325017644, -1.543322078132225e-08, 3.1415839522256395, 1.5707780896673482, 3.1415926377614123, 3.141578311300348, 4.212389063379334, 4.71238898038469, -1.2002715234658147e-21, 0.0, 3.5707963267948966, 4.212400115412655, -1.833384824820874e-05, 3.1415838540685725, 3.5707963267948966, 3.141592653589793, 3.141592653589793, -6.320085044487241e-20, 4.71238898038469, 4.7157258807392575, 4.71238898038469, 0.0, 3.141592653589793, 0.0, 0.0, 0.0, 1.5707963267948966, 0.0, 1.5707963267948966, 0.0, 0.0, 3.141592653589793]",0.0
73,2.0984340999330375,"[5.141142064888899, -0.01639981889474071, 4.71926010501968, 1.5708693642367262, 6.712380056559856, -0.00824699485549299, 3.1268802057650458, 4.713020068397833, 1.999349609224769, 0.0005763792876095457, 3.1357890136484934, 1.5631383289149767, 3.142283277300203, 3.135883158016838, 4.212278770886848, 4.713259229135778, 0.0009141941371271409, 0.00034733241290831415, 3.5706280044359926, 4.7199254798086026, -0.007688156143711138, 3.1383053102451717, 3.5708158102472765, 3.1324716894473132, 3.137132816442772, -0.004686869376765013, 4.707043825152056, 5.706797562009982, 4.70185355321432, -0.017098147929464888, 3.1197111592455067, -0.053845118934455524, -0.02197355475964452, -0.010673032346925421, 1.5706311584871726, -0.0002118067698909561, 1.5174490580740125, -5.735540387488052e-05, -0.054002992086188056, 3.1414994551333804]",0.0
74,1.7188760665381186,"[5.126178854435794, -0.006505683574464356, 4.729095212076943, 1.586206611800644, 6.681551451176281, 0.008143562817144982, 3.136138916063221, 4.743223060721764, 1.9691921435104631, 0.03082772529446722, 3.12601591209531, 1.557704001195505, 3.1724057028677777, 3.1280387950584996, 4.243235798453881, 4.712389030760153, 4.739103398496112e-06, 1.2587073638834192e-05, 3.5707874884893296, 4.712407424855675, -0.012803692021417583, 3.1274202612501454, 3.5785059498868197, 3.1456789698263896, 3.143750477853005, 0.002799511797809239, 4.719163105898435, 4.715152632017331, 5.203973280209729, -0.007709623091923064, 3.13388303049787, -0.007709623091923064, -0.007709623091923064, -0.007709623091923064, 1.5630867037029734, -0.007709623091923064, 1.5630867037029734, -0.007709623091923064, -0.007709623091923064, 3.13388303049787]",0.0
75,1.7990569878971567,"[5.312252685574484, 0.027377349193151625, 4.545237492217206, 1.3991433564734659, 7.056258494623876, -0.11071696476393615, 3.16201635936595, 4.370258790498479, 2.3417852265464143, -0.34220896612615526, 3.2993537491440463, 1.6956926006148718, 2.7998596611742954, 3.2769992108859083, 3.868091073623543, 4.71476744443124, 0.0024463111674810386, 0.0008091448480533761, 3.5704347417520954, 4.714550548623182, 0.12159413570245191, 3.2905706877170044, 3.4848734496114155, 3.0710886300907596, 3.105337044577691, -0.044032222140432044, 4.622233102775661, 4.667673970732337, 4.877544444997846, 0.039234405905099544, 3.1677506780247495, -0.06122192091342831, 0.025906356041090515, 0.05679894233229901, 1.6563209408007413, 0.08539711700487802, 1.5109353943491821, 0.08581934546283634, -0.061653503612425824, 3.2273140137955747]",0.0
76,1.7683280108989203,"[5.13833231442836, -0.008918826420387667, 4.718901187767828, 1.5738805703395646, 6.706280835558402, -0.0021246581462599132, 3.1336718552848724, 4.718785484044789, 1.9935997284708185, 0.0063698264424585024, 3.1358102349801307, 1.5646409735619042, 3.1480126497204153, 3.136252478999309, 4.218443649101215, 4.712793283883509, 0.00042564740122276923, 0.0001638525375754141, 3.5707163794167203, 4.712794924855664, -0.006112264236488535, 3.1372571816000834, 3.57233142651851, 3.1381641539605476, 3.139947857724312, -0.0016232526825832071, 4.711246644131125, 4.710574635856496, 4.712902110728234, -0.009469375408804276, 3.638572199035095, -0.026541002932169086, -0.011734354729641133, -0.006484444215297631, 1.5691935459123139, -0.001624447823628371, 1.5444866113178857, -0.001552693985992523, -0.02661434643691542, 3.1400233079118247]",0.0
77,1.6756368527518473,"[5.1373591441803805, -0.001813027901922098, 4.717005922520398, 1.575028870713948, 6.703919197130813, 0.002440286536693393, 3.1400812304290455, 4.720857818982464, 1.991538383120844, 0.008467086396355008, 3.137308057270028, 1.567187179798285, 3.150055708806467, 3.1378595677259944, 4.220861382168221, 4.71238899422074, 1.301635154223472e-06, 3.4571470928639127e-06, 3.5707938992789168, 4.712394046315904, -0.0035299414790531283, 3.1376937025415566, 3.334216874006871, 3.142714995184292, 3.142185318421392, 0.000768909784032949, 4.714249551713541, 4.713148040868614, 4.712754396657333, 0.07689856697183169, 3.1423516027974387, -0.00211751371479299, -0.00211751371479299, -0.00211751371479299, 1.5686788130801035, -0.00211751371479299, 1.5686788130801035, -0.00211751371479299, -0.00211751371479299, 3.139475139875]",0.0
78,1.752866532940038,"[5.139873585952944, -0.006638894189680177, 4.716594033443784, 1.5723777581478338, 6.709274248395513, -0.002026709217016518, 3.1356828058302004, 4.715729591549752, 1.996655030239983, 0.0033200723218461473, 3.137906045444194, 1.5666810253026238, 3.1449527853335866, 3.138141364589578, 4.215461381183879, 4.712705416785358, 0.0003328884815177904, 0.00012756363617702658, 3.5707342312882684, 4.712705707411661, -0.004097196143127298, 3.1389626421565975, 3.7270168934546133, 3.1386884854575134, 3.140188734805045, -0.0014217240430271457, 4.711128933576142, 4.710819630429406, 4.712718720002581, 0.47328707969265554, 3.1430786923121636, -0.020356531577047778, -0.008767705922542984, -0.00465872076801685, 1.5699583725158928, -0.0008549124993121472, 1.5506208186309294, -0.0007987524080457443, -0.0204139358644847, 3.140780868282436]",0.0
79,1.7045520394512688,"[5.143639178708394, 0.0008228643982679063, 4.710215297449968, 1.5687502677820653, 6.716483291632597, -0.0007632773048773216, 3.1422956516026694, 4.7082951311131085, 2.0040903973825874, -0.004093016030024413, 3.143650921651241, 1.5725139370131076, 3.1375015856475468, 3.1433759535131798, 4.208293540902198, 4.712388973696337, -6.292109827218501e-07, -1.6711863633094952e-06, 3.5707975002571453, 4.712386531511403, 0.0016791787620784684, 3.1434643549580406, 3.5707966534644613, 3.141050113189481, 3.1413061591601448, -0.00037169131401512803, 4.711489579419323, 4.712022050226503, 4.71221233800432, -0.0002866763256333926, 3.141225777222606, 0.08544219742740748, -0.23464338739853371, 0.0010236070231390813, 1.5718199338180356, 0.0010236070231390813, 1.5718199338180356, 0.0010236070231390813, 0.0010236070231390813, 3.142616260612932]",0.0
80,1.9325049297095422,"[5.143012852974692, -0.02588025314531634, 4.721264037361146, 1.5687594445503903, 6.716689341260307, -0.014759539577175695, 3.118314866897603, 4.709106138502233, 2.0032476056590576, -0.003371379213500516, 3.1342894569987845, 1.5601189368382349, 3.1384100809774442, 3.134163090915162, 4.2078925292445275, 4.7138115499285735, 0.0014937500328516685, 0.0005660154447014797, 3.570522410620972, 4.713801938894372, -0.01076702832353021, 3.1382063364511854, 3.5701946494796477, 3.1261110336795808, 3.134000320985281, -0.00805324560111128, 4.70270349992696, 4.7036933390681055, 4.713081720802171, 0.0030363386121577134, 3.1466333280598104, 0.44981707364729634, 0.17276820394055806, -0.016368200443966568, 1.5716051017877137, 0.0007325361191449686, 1.484669485846603, 0.0009850143878338614, -0.08719873758657637, 3.1425190761238757]",0.0
81,1.6845942169480081,"[5.1445224935662, 0.0011936144032155707, 4.709260165755748, 1.567867154284639, 6.718250487545103, -0.0012138728432561216, 3.1426071198144085, 4.706528133049726, 2.0058558941554674, -0.005859650439324061, 3.1445430738080447, 1.5732631691663366, 3.1357357922488758, 3.144151857770628, 4.206525817990596, 4.712388970809489, -9.007931011446104e-07, -2.3925093301523792e-06, 3.570798006750789, 4.7123854745206435, 0.002411864750437419, 3.1442760229506246, 3.5707967944626553, 3.140815940113529, 3.141182501490052, -0.0005321219441718322, 4.711101377009966, 4.711863674622119, 4.71213609503784, -0.0004104125062708424, 3.1410674248356707, -0.0012924622189203236, -0.0005274385107550463, -0.24655497108001545, 1.572261746455466, 0.0014654196605695482, 1.608502138529226, 0.0014654196605695482, 0.0014654196605695482, 3.1430580732503626]",0.0
82,1.8988471652756458,"[5.143690790554311, -0.03079516878193862, 4.722570531481024, 1.5679603274381315, 6.7183325830374265, -0.017920558610741148, 3.113881532758308, 4.707663080106728, 2.0046830521103676, -0.004831682495713279, 3.133257647031256, 1.5583609646790593, 3.136987286101222, 3.1330550748412023, 4.206210470293733, 4.714091296484534, 0.001787372941057357, 0.0006769966552324885, 3.5704687736835274, 4.714079319700371, -0.012550076511542926, 3.1379084744271037, 3.5700763934584816, 3.1229608898541468, 3.1324514813835815, -0.009709320143435618, 4.7006236478904695, 4.701911865091672, 4.713183537660515, 0.003577588469543576, 3.147553106794059, 0.017360531540686036, 0.020137326083067227, 0.07792703481292237, 1.5719635480691785, 0.0010759900497864482, 2.049071331318477, 0.001378118091577461, -0.10414694131320835, 3.1429006577577816]",0.0
83,1.6779299104883694,"[5.137878065863097, -0.0015952231013635527, 4.71644481054362, 1.5745100673245733, 6.704957373120387, 0.0021755748170455592, 3.140264208907354, 4.719819759223472, 1.9925755609155094, 0.00742924027351653, 3.1378321706078225, 1.5676273318078016, 3.149018356752812, 3.1383153888178104, 4.219822896582069, 4.712388992524801, 1.1420885908929755e-06, 3.0333909152947355e-06, 3.5707941968291412, 4.7123934253647, -0.0030995098581848503, 3.138170533783324, 3.5707957338529535, 3.1425774253409386, 3.1421126731514994, 0.0006746614740168994, 4.714021494135071, 4.713054999826224, 4.712709606141119, 0.0005203497233451525, 3.1422585753946226, 0.00163867413339823, 0.0006687234890737215, 0.00032481350915240895, 1.8196625503148924, -0.001857961692957276, 1.572419849800701, -0.001857961692957276, 0.01026310991730511, 3.1397346918968356]",0.0
84,1.9202387504303946,"[5.146143425216105, -0.0425562642052335, 4.7249357236263565, 1.5652097735736599, 6.723945269035974, -0.026096980219939336, 3.1032524350861252, 4.70254301523139, 2.0097830577527667, -0.009993846143155767, 3.1315122052952926, 1.5547021839891917, 3.131918139380024, 3.131018868528806, 4.200501826874138, 4.714779462331204, 0.0025094354447206626, 0.0009493662342110147, 3.5703372784519205, 4.7147607291769695, -0.016285246694857203, 3.1378970038081917, 3.5697856123704024, 3.1150035374454386, 3.128531496688925, -0.013925776728719438, 4.6951623092730745, 4.6973887556656, 4.71336625344386, 0.004799093443183981, 3.1496750213019826, 0.02367083038548857, 0.027989112987450646, 0.017385258917647247, 1.5465691298239872, 0.0023134786178226935, 1.6127474497330523, 0.0027377436610619204, 0.4885630282741278, 3.14423193936973]",0.0
85,1.6793715288538862,"[5.137663388631561, -0.002426409984367153, 4.716576531442184, 1.5747613235474447, 6.704526838763697, 0.0015616351911561638, 3.162051102473551, 4.720250319075774, 1.992145907762598, 0.007859520960551718, 3.1374361657638667, 1.567070487438483, 3.1494484243441994, 3.1378319658312956, 4.220252626434966, 4.712388986309389, 5.573698287581617e-07, 1.480376030805297e-06, 3.5707952873145463, 4.712391149654016, -0.003654306001886521, 3.137792131862821, 3.5707960374233436, 3.1420732485862573, 3.141846437067161, 0.0003292528734119095, 4.713185690829703, 4.712714015714731, 4.712545454343349, 0.00025394460509271474, 3.1419176412705068, 0.0007997168769616485, 0.0003263549776818026, 0.00015851769417732478, 1.5707987799027332, 0.24813434092846146, 1.5715886495156957, -0.001965648581801723, 0.0008020616358991051, 3.1396270050079913]",0.0
86,1.7711977559409695,"[5.139527121528609, -0.03855551683422879, 4.720287707427125, 1.5732433519376179, 6.7093539160591895, -0.026584742326208895, 3.633697389052085, 4.716207315851455, 1.9961726150129504, 0.0037445066554536556, 3.128598079885057, 1.5511441045664565, 3.145479103024786, 3.1262109276066585, 4.215253395316968, 4.713482484672952, 0.0011341361786369856, 0.00039731887516802867, 3.5706123045485945, 4.71341981664682, -0.019708142108267334, 3.1318512314790703, 3.5703411581589215, 3.1174100843406323, 3.1292709143146373, -0.014604526493911871, 4.68458483410069, 4.697398356566738, 4.7089232285608436, -0.004154652022425204, 3.1371635744915456, -0.009168600555632221, 0.004644123536173918, 0.0039898428783831695, 1.5692441105816102, -0.04513307822663149, 1.5701759147983338, -0.0008292332331456672, 0.005028332834809061, 3.1407183755896404]",0.0
87,1.6754387510675237,"[5.136198761730711, -0.0024059961107648783, 4.718252650300369, 1.5761939669329095, 6.701597539458316, 0.00297430917189781, 3.142640874708409, 4.723179227264001, 1.9890741038803748, 0.010787493214422472, 3.1361104546342897, 1.5661493723692932, 3.152374996860344, 3.20074830884998, 4.223181822910395, 4.712388986177503, 5.449625462852751e-07, 1.4474222492538766e-06, 3.570795310453808, 4.712391101365185, -0.005136078567900734, 3.136318476691329, 3.5707960438648736, 3.142062550343244, 3.1418407877421917, 0.00032192356853271483, 4.713167955726312, 4.712706780294108, 4.712541971168436, 0.0002482916933538866, 3.141910406910578, 0.0007819148491538259, 0.00031909018115782475, 0.00015498902486813627, 1.5707987252955402, 3.0757636310651103e-06, 1.5715710120848563, 0.24098871856183057, 0.0007842074127893809, 3.1388947003692427]",0.0
88,1.7380983811829736,"[5.130961014612418, -0.01234794099804677, 4.726744637563608, 1.5812827810302446, 6.691519040335555, 0.0015502566214852273, 3.147282143369011, 4.7335361691877225, 1.9777491952196555, 0.021114347313404946, 3.1283060012952872, 1.5582050022376848, 3.162748294024088, 3.620816789289632, 4.233197295965225, 4.71277990967001, 0.00040558492452778073, 0.00014238981425699807, 3.5707302942728334, 4.712758014798363, -0.0169411451797183, 3.128210961963016, 3.570633535884131, 3.1330604486757934, 3.137247336317802, -0.0051436588087102, 4.702636431438733, 4.707106299514478, 4.711186786221907, -0.001425544862167, 3.1400857147938117, -0.003089632199841191, 0.0017370537190421692, 0.0014636624967552735, 1.5702419864690964, -0.0006701258978853051, 1.5707609332845505, -0.12616835564258783, 0.0019863245285756726, 3.1363340969416584]",0.0
89,1.677129853435307,"[5.134444172154355, -0.003165891086698888, 4.720136692533201, 1.5779497211053288, 6.698087202650464, 0.003774686331651237, 3.1429602268205206, 4.726689173398559, 1.9856960415444556, 0.014297152497404987, 3.1343326414964165, 1.5646492629930766, 3.156112661369639, 3.1423239320995475, 4.226692487495286, 4.712388987481529, 6.67639649053997e-07, 1.7732530228213512e-06, 3.5707950816641767, 4.712391578821377, -0.006078861796626768, 3.2626304687755523, 3.5707959801741933, 3.1421683293049485, 3.1418966454871353, 0.0003943921280139949, 4.7133433117002035, 4.712778320572268, 4.712576411087708, 0.0003041849025107641, 3.1419819367011197, 0.0009579325387361834, 0.0003909209137709569, 0.00018987877034029954, 1.5707992652245903, 3.7681520780016867e-06, 1.5717454023206214, 1.0203823249268707e-06, 0.0009607411838283162, 3.3567585147112298]",0.0
90,1.7199710429495874,"[5.132935322275451, -0.007375317787886027, 4.723066845873732, 1.5793881283244242, 6.695255822914396, 0.0024569202013194325, 3.1448727025941756, 4.729650972338361, 1.982725440257323, 0.017246805981928678, 3.13164379678222, 1.561754709242712, 3.159643703816664, 3.143024597609936, 4.229493828264074, 4.712571798754692, 0.00018979906419120808, 6.692920816381517e-05, 3.5707652074243144, 4.712562058002374, -0.00898332086156035, 3.571203724907151, 3.5707201314167016, 3.1377132959851, 3.139619036678398, -0.0023295748383319634, 4.708011749115964, 4.709993420754843, 4.7118628212049645, -0.0006081562574891888, 3.140962798381982, -0.0012606440464311218, 0.0008875039265482271, 0.0007209921285668508, 1.5705376561367834, -0.00031265790382665955, 1.5709622858364571, -5.294281245392432e-05, 0.0011136532719121426, 2.890650255851864]",0.0
91,1.6879571582956354,"[4.962093049169603, 0.0005736795176653755, 4.699159393949002, 1.559255016945418, 6.7354569118844525, -0.011336720527011715, 3.1373746193797247, 4.689323613115269, 2.02307155460764, -0.023060484033331954, 2.979325502717245, 1.5806696901367456, 3.118522457349457, 3.140356709680873, 4.189315062632173, 4.712388947952446, -3.0510837610351398e-06, -8.103688134464944e-06, 3.5708020169873915, 4.71237710564359, 0.009763357217145998, 3.140778556800628, 3.5707979108362293, 3.1389618409521347, 3.1402034240214447, -0.0018023546369195574, 4.708027728347699, 4.71060971289283, 4.71153243033541, -0.0013901115934589483, 3.139813646933886, -0.0043777094683437505, -0.0017864913408690115, -0.000867737609010566, 1.570782898300747, -1.7220288864796328e-05, 1.5664590934855231, -4.663102237905476e-06, -0.00439054485258683, 3.141585076379952]",0.0
92,1.7021049653823328,"[4.806188439073955, 0.00400349000766585, 4.716183438084465, 1.5709179513348293, 6.712218866179147, 0.010428995179186202, 3.147946847922861, 4.712733839903163, 1.9996442702309347, 0.00032937439500208075, 3.512034819554736, 1.568445716635363, 3.1419563420469077, 3.142363691462378, 4.2125253700960466, 4.712633392788188, 0.00025652806253233614, 9.694196497679643e-05, 3.570749479693918, 4.712631294438467, -0.0023817053702095766, 3.1418036746099176, 3.5706930115886037, 3.138833418121891, 3.14023575901625, -0.0014516807530278186, 4.710560260944994, 4.710827800315151, 4.712475665032423, 0.00046919873362045805, 3.1423915386554038, 0.002352558410346942, 0.0028341185739358082, 0.0017641330937962299, 1.5704629343452075, -0.00040206259685331874, 1.5750185644781727, -6.647036141428982e-05, 0.00553823934449454, 3.1417171344738306]",0.0
93,1.6895568112257715,"[5.141593041700945, -0.00010665918380736811, 4.712611505357794, 1.5709644366623772, 6.7120528460806135, 0.000378173138458845, 3.1416119765257635, 4.712785233807918, 1.9996675158835608, 0.00018861811135691895, 3.141585346903527, 1.7490605503479935, 3.141928804906064, 3.1399721169029626, 4.212725260971895, 4.712388980641321, 2.4142776825136763e-08, 6.412329172664895e-08, 3.570796281769241, 4.712389074347769, -0.17526689437283896, 3.141589952649498, 3.5707963142606105, 3.141613470823063, 3.1416036463589383, 1.4261767020227996e-05, 4.712423490330288, 4.712403059466529, 4.712395758139186, 1.0999748480038383e-05, 3.141606730607675, 3.4640170830270835e-05, 1.4136243092846622e-05, 6.8662800099741595e-06, 1.5707964330525948, 1.3626161177468418e-07, 1.570830646683837, 3.689844181846681e-08, 3.4741735336940405e-05, 3.1415927135471398]",0.0
94,1.7948535697943846,"[5.145446718279286, -0.02510881202480217, 4.741410194184655, 1.591405918214754, 6.671393185163964, 0.003807027284474124, 3.154141744112907, 4.754107527402576, 1.9583628455726183, 0.041849193939624066, 3.145004598307064, 1.9090257957524275, 3.183254779752227, 3.143229480212162, 4.2532526070739065, 4.7132345325348535, 0.0008780096085993345, 0.00031001269758857954, 3.5706520744513424, 4.71319015221272, 0.3493087931437308, 3.1396194170318203, 3.5704438269558425, 3.123799469641629, 3.1325432808916176, -0.010672283237825498, 4.692391207231775, 4.701410202872954, 4.710004017566681, -0.0027339525138669186, 3.138780392493775, -0.005582362413290479, 0.004206076694112378, 0.0033838510472366666, 1.5696007146964894, -0.0014450926427779492, 1.5718098283913262, -0.0002446005485169838, 0.00539968982074131, 3.141999599735855]",0.0
95,1.6832956445703902,"[5.1416316689936234, -0.005178660270466, 4.614422367134756, 1.3504642642547138, 6.68746717892194, 0.02247287828613547, 3.1446849546577047, 4.737312163797661, 1.9750745759193855, 0.024923987487994244, 3.1418855485118033, 1.5723818130310496, 3.166516644124382, 3.142789662615351, 4.237316584091354, 4.71238901017429, 2.802475413026381e-06, 7.443383574617515e-06, 3.5707911002505566, 4.712399887548365, 0.0015813619526304412, 3.142316883859267, 3.570794871824389, 3.1440091024029897, 3.142868685981321, 0.0016554952112516092, 4.716394868967549, 4.714023269637189, 4.71317573703942, 0.0012768425474854002, 3.1432267032597694, 0.004021005030108923, 0.0016409244879829756, 0.0007970326299351856, 1.5708086611087455, 1.5817145620551975e-05, 1.5747801537436374, 4.283143431528647e-06, 0.004032794561821326, 3.141599613393568]",0.0
96,1.714677106257716,"[5.143220331663598, -0.009928801578587578, 4.268538589605372, 1.7874111509376094, 6.6966592827636635, 0.06452310512972576, 3.1465924723516463, 4.728365776834065, 1.984008004203848, 0.015959292342711963, 3.1439408090968612, 1.5725767475058001, 3.157594872820882, 3.1433962104920594, 4.228074577595198, 4.712731492045068, 0.0003610112422363937, 0.00013993045426182086, 3.570727811116323, 4.71273452210383, 0.0036729443353916984, 3.142291013664427, 3.5706507524900832, 3.139052498313814, 3.140391637036719, -0.0011255572940968672, 4.712025185044953, 4.711098341873906, 4.712942294237552, 0.0013583342396548104, 3.1436090448584655, 0.00550373013388105, 0.004872139233610285, 0.002909564165318203, 1.5703359138483848, -0.0005547287919153428, 1.5788996334222931, -9.079400097460794e-05, 0.009974298691865769, 3.141770908922843]",0.0
97,1.7317776525392932,"[5.141571075356937, -0.2260495362384125, 4.704312284455142, 1.570796885030042, 6.708678568833572, -0.08393896371993925, 3.115090201384641, 4.716123730210514, 1.9962794555623578, 0.0037297471196945783, 3.1473421714960437, 1.5609711707257432, 3.14532218312351, 3.133858341044336, 4.216097441276195, 4.712388799086444, -1.7055746805965144e-05, -4.530011754546535e-05, 3.5708281353226425, 4.712322599847985, -0.00987914360412177, 3.136845842169258, 3.5708051816838533, 3.1268862483396744, 3.133826774437043, -0.010075273820549907, 4.688009311937082, 4.702442765131996, 4.707600812667461, -0.007770809727633028, 3.1316478964261996, -0.02447166650607653, -0.009986597015146282, -0.00485070686760789, 1.5707212606826104, -9.626247910808585e-05, 1.54655092451922, -2.6067029727407357e-05, -0.024543417097326357, 3.14155029651845]",0.0
98,1.9675705740477638,"[5.154833091415154, 0.23464344781312366, 4.683523376539461, 1.573332252924702, 6.672195246803044, -0.29935743084840566, 3.0856936816024594, 4.754773885607463, 1.9575684302087146, 0.042192070539369096, 3.1475950930570002, 1.5229724497631405, 3.184176345909664, 3.1078819038418795, 4.251935058573447, 4.715522568416868, 0.0031922526949951734, 0.0009836457077951409, 3.5703778247643343, 4.715116217569552, -0.03079073965588096, 3.117216400772052, 3.5695220473984643, 3.0219112124652234, 3.079677991819334, -0.07636724149270895, 4.549196577722082, 4.635357127840648, 4.686056021247584, -0.038522991260520265, 3.0948373619158787, -0.11009417436397283, -0.02089292116119908, -0.005177881585088632, 1.5660902545156123, -0.005708270446169381, 1.4859779765111942, -0.00100190311874446, -0.06964857784334293, 3.1429463591101086]",0.0
99,1.7542742524192019,"[5.148447345077836, -0.018313869151737786, 4.746138753264728, 1.572092166423672, 6.717475364293233, 0.1975926947173853, 3.122074913379957, 4.708438414944423, 2.0039255462993104, -0.004048167777463392, 3.1360981437498126, 1.5469211545506554, 3.1377439253467974, 3.1251746437560257, 4.207207963714656, 4.713978417687087, 0.0016210952123794, 0.0005040303859630403, 3.570580469028749, 4.7137797704573074, -0.015209564634154255, 3.129882892852808, 3.5701489893687883, 3.0825455698455952, 3.1110636843429123, -0.03759928921902884, 4.632362638636615, 4.674438040301564, 4.699572102480201, -0.018663702720243317, 3.1189984103698047, -0.05308351661260592, -0.00947162921029857, -0.0020795613650494435, 1.5684177765855392, -0.002884495426512419, 1.5305076963184432, -0.0005052465525938192, -0.03256063493574643, 3.142284053784749]",0.0
100,1.688243953826755,"[5.1415886522442875, -0.00018250544909728927, 4.712489303668617, 1.570796949851399, 6.712385311184378, 0.00020438020882786992, 3.141442568420699, 4.712392647058647, 1.9999964520837414, 3.6226702790091555e-06, 3.141532106090422, 1.5707097390004023, 3.1415962808779523, 3.14152736304245, 4.212392744561869, 4.712388101021414, 2.578320976612626e-06, 6.848028681431768e-06, 3.5707915182927974, 4.7130734489502135, -8.695285606884399e-05, 3.141554526197317, 3.5707965011096805, 3.070261170938761, 3.1427666232405604, 0.0015230813480154287, 4.716074460198411, 4.814947230503508, 4.712294721899371, -0.00015297391358845973, 3.1413968839755158, -0.00048174215154889096, -0.00019659326149830617, -9.54896129511333e-05, 1.5707948490651134, -1.8949953321549247e-06, 1.5703190388155694, -5.131480106866115e-07, -0.0004831546129435628, 3.141591819760733]",0.0
101,1.7179771069331282,"[5.1475206608216775, 0.00900026240903322, 4.717223143793188, 1.5718967442808156, 6.716814693129688, 0.01193944847956045, 3.1392816865441513, 4.708927281559807, 2.0034229016585146, -0.0035384611665451953, 3.1433197988858064, 1.5627457925887571, 3.1382238679585277, 3.13718605522538, 4.207783618178885, 4.713743675601732, 0.0013926089167818707, 0.000466011484576642, 3.570586506864019, 4.714648467535727, -0.0006193097122053284, 3.137441657134515, 3.57024083364972, 3.3419147788297345, 3.122043368792367, -0.023655003343584165, 4.664465195608144, 4.841461020990569, 4.704203385206794, -0.011467276499598356, 3.1280149532090604, -0.03127236354150545, -0.002394938135717559, 0.0009805166963053873, 1.568816223904966, -0.0023983304892177103, 1.5502761008543973, -0.0004148732589275086, -0.013779699724991518, 3.142204602085975]",0.0
102,1.6822983377436656,"[5.122943047179508, -0.0035344958903543284, 4.730895880710154, 1.5895427102786759, 6.674946520611654, 0.012138354858563977, 3.1388883851448557, 4.749827422558555, 1.962590721812242, 0.037431744001568186, 3.1241769983826875, 1.5569019233500994, 3.1790063759255482, 3.126614738392512, 4.249842664452737, 4.712389071826073, 1.7136154135138257e-06, 0.00027678037903003925, 3.5707961144136307, 4.712416985937811, -0.01353486973393239, 3.125213489589954, 3.5801795352714514, 3.1490101221382876, 3.142372902638224, 0.061559180372642124, 4.712551760155096, 4.716585229367253, 4.692856332701524, -0.004811883177155217, 3.1380610949082213, 0.005023918589241466, -0.0035069175214643166, -0.006531648411341829, 1.56145211275294, -0.009331730654727172, 1.5756869893394594, -0.009373071559219069, 0.0050661753789090205, 3.132229175886879]",0.0
103,1.700877454413628,"[5.16631256586521, 0.009478565020369159, 4.695049062873618, 1.550560228918217, 6.7571360199057935, -0.0055077867184538404, 3.1427985686654303, 4.668277240396966, 2.044053982539679, -0.04415456923028752, 3.1620703418493097, 1.5808904356784137, 3.097569271201225, 3.1553250142964018, 4.167511977043911, 4.713273830483771, 0.0009138400283727833, 0.0013210015296603419, 3.5706653010273204, 4.713238863220076, 0.014554183391055549, 3.157112604010869, 3.559943248479613, 3.141809547408666, 3.1299692516512625, 0.21050471941544605, 4.676221615318335, 4.702655400814692, 4.728669916366429, -0.0024476442654924263, 3.1362422361123734, -0.027098167922794198, 0.0019378880498555392, 0.0077418458320508065, 1.5799438544316222, 0.008859016966518123, 1.550892355218403, 0.010206057046917702, -0.01570182959152673, 3.152459222322826]",0.0
104,1.6831833628616908,"[5.141603733187837, 0.0003651424208965587, 4.712260659769581, 1.5707945044668394, 6.7123990729321035, 0.0004897869032566899, 3.1419343285361268, 4.712378908199738, 2.000009845288051, -9.986317040299135e-06, 3.141726045981567, 1.5709654170919636, 3.141582653138445, 3.1417179442603063, 4.212378974429587, 4.712388983141801, 0.00025483892568573007, -5.65740745609793e-06, 3.5708568593993517, 4.712392561765215, 0.00016972901330184397, 3.1416642324297097, 3.570795849053552, 3.141816302687643, 3.2576267576842475, -0.0012582733185493168, 4.665993723154924, 4.712925601258427, 4.712647312893965, 0.000419252811220221, 3.1421291957963167, 0.0013203019167271983, 0.0005387995614195973, 0.00026170663829512813, 1.5708003767819259, 5.19357909866126e-06, 1.5721044212431619, 1.4063753812355187e-06, 0.0013241730238759896, 3.14159493884987]",0.0
105,1.72106476506265,"[5.152803517611313, 0.012704597926882515, 4.7202633690288005, 1.5713092654225826, 6.722434362231003, 0.017598624265461115, 3.1355215858983976, 4.703961209143397, 2.0083622542023254, -0.008556711445318959, 3.1447994292711607, 1.5570498666082895, 3.1333220111659243, 3.1343530110426325, 4.202041359350793, 4.714658013166087, 0.0025717780229945197, 0.0009599472781020059, 3.5700575065355626, 4.71462961510118, -0.0013088867962174834, 3.135273610905345, 3.5691941219383274, 3.161831446998473, 3.2159024688450355, -8.460096201285058e-05, 4.928430674628084, 4.696646937329898, 4.698336691434514, -0.021686244834796243, 3.1154926552153888, -0.06162100597375015, -0.007354201412461195, 0.0003712789520871522, 1.5681176886678485, -0.003388856766719933, 1.527306255299212, -3.280035006766301e-05, -0.03230037667763016, 3.143276128675748]",0.0
106,1.678068100876591,"[5.141564904326352, -0.0005221366034911436, 4.7125334528875555, 1.5708284849606227, 6.826305973199137, -8.066566597922793e-05, 3.147759123051136, 4.735229489571059, 1.9771599410958876, 0.02284036366093459, 3.1414132722315706, 1.57051502320214, 3.164432975745953, 3.1413267983584223, 4.235229311882538, 4.712388976518716, -3.504236922088919e-07, -8.475282408766023e-07, 3.5707967901812006, 4.712387687664108, -0.0002936072204445031, 3.141416134303743, 3.57079058702013, 3.1412790566718756, 3.1414330975130693, -0.00018850015320404816, 4.712033817626413, 4.712195283891678, 4.712409619086393, 1.7093582639502814e-05, 3.141612927116406, 4.152277903595359e-05, 2.0334727901524312e-05, 1.2822199008602234e-05, 1.570802163420202, -0.0005388940284061075, 1.5708375186056838, -1.1148047337743899e-05, 4.1627732291249835e-05, 3.141580901625464]",0.0
107,1.7003014839265043,"[5.144180692968197, -0.013206917600275338, 4.718098259078439, 1.5722297375191177, 6.699397965410836, -0.006499690687198153, 3.387983874144825, 4.708612817042901, 2.003767956933258, -0.0038223024678857337, 3.136786328030866, 1.5574211396279862, 3.137862086624155, 3.1322193525138804, 4.207982685231736, 4.71312106499067, 0.0007627059233298973, 0.0002808814575859253, 3.570654219169516, 4.713084730937531, -0.009383407720302191, 3.1350385931172977, 3.570047838436129, 3.137158626027148, 3.1349701843657796, -0.006453831479806317, 4.708288570913257, 4.7032177016729735, 4.710413321172733, -0.00349727014069172, 3.1375867594219438, -0.009349612520368046, 0.002061022085051164, 0.0023907290539481926, 1.5701912708241013, -0.022487563722407594, 1.5672022840798525, -0.0004444191050883265, 0.0001424145197272238, 3.1416839783183987]",0.0
108,1.672256190025836,"[5.141600241023485, -0.00016697219484481144, 4.7066403460095065, 1.5736095086798223, 6.7121804630327935, 0.001135583942098185, 3.141640354821395, 4.684687138938439, 1.8881379139803836, -0.027701823776570808, 3.1416026491814777, 1.5708244639847608, 3.1138908709773485, 3.141355127943781, 4.184687238096333, 4.712388979985405, -3.357775419587842e-08, -6.419669967471687e-08, 3.5707963323126095, 4.712388871059417, 4.204874384166185e-05, 3.1416546742808484, 3.5707929120542548, 3.1415602646723024, 3.1415773648554874, -1.427809380291444e-05, 4.712384751329724, 4.712372599488279, 4.712415296353523, 3.3025773675426536e-05, 3.1416339727419635, 9.6737767887426e-05, 4.1478766758981e-05, 2.188589151344671e-05, 1.5707999941243207, 2.1187577584639613e-06, 1.5708922013887847, 3.4298147528719835e-06, 9.701148876984783e-05, 3.1415961436716784]",0.0
109,1.6886279216865492,"[5.143426738173649, -0.002196374963252449, 4.4909135412864885, 1.6787863159767507, 6.704501163358783, 0.035356935405910804, 3.145261181925291, 4.722132669971827, 2.005569555248961, 0.009727216963529371, 3.143130993249858, 1.5708676747411394, 3.1513587802759258, 3.1421689016557206, 4.221873095947144, 4.712696026692288, 0.00032434267432940127, 0.0001293328230472994, 3.5707292867757054, 4.712697914738271, 0.0017521247984537114, 3.1417426680352505, 3.5704463252156935, 3.1436741401622923, 3.140866306652289, -0.00013844685162804428, 4.716377676728657, 4.711116200722182, 4.712228896350154, -0.0004821682766710311, 3.1411627862350935, -0.0008959895892620039, 0.002119389351081455, 0.0016301996450407289, 1.570586812195042, -0.0004415275303916398, 1.5722862773475352, 0.0001294733726658459, 0.003093232374346886, 3.1419590837317752]",0.0
110,1.670411553025966,"[5.141440638594684, -0.00010252387456471822, 4.71259541633473, 1.5709483066864787, 6.712084798497848, 0.0003784809437530644, 3.141519074318272, 4.67663684289252, 1.9996961349931173, 0.10847291447601375, 3.1414297561245283, 1.5706599627009041, 3.1058403546398905, 3.141443718490634, 4.176637061184869, 4.712388980881611, 4.6748182709222184e-08, 1.2416332136495042e-07, 3.570796239610742, 4.7123891623274385, -0.00023683048996888713, 3.1415083619911037, 3.5708723772286217, 3.1416329624503465, 3.1416139391272524, 2.7615368988100798e-05, 4.712455802741281, 4.712416242016396, 4.717238140812966, -7.605043372539047e-05, 3.141516603156068, -7.605043372537486e-05, -7.605043372535647e-05, -7.605043372537225e-05, 1.5707202763611712, -7.605043372536989e-05, 1.5707202763611712, -7.605043372535346e-05, -7.605043372537446e-05, 3.1415166031560675]",0.0
111,1.6860770728473786,"[5.135497743516647, -0.0003291914317570337, 4.72117850690055, 1.5787316795017214, 6.697017435795644, 0.007330845043892802, 3.1400218566685068, 4.729523462485316, 1.9866574972464002, 0.005142876128902329, 3.1346322493065024, 1.5627615326707411, 3.1587394140562908, 3.13413245680506, 4.2292533894910465, 4.712715672324629, 0.00034879905754450026, 0.00014652645238361772, 3.570720344491145, 4.712731355723867, -0.006088648656663252, 3.1337822832508033, 3.5744335867693784, 3.147178851242601, 3.1425264797355372, 0.001840202664259101, 4.720205508941441, 4.71309014819765, 4.957931967887331, -0.005729709462863326, 3.1355804895910575, -0.00876728799325643, -0.003306651219939165, -0.0030283349875867014, 1.566553529823659, -0.004426492937893157, 1.5646025035472486, -0.0038724828262351814, -0.004534523873320528, 3.137969799673331]",0.0
112,1.6724785903323762,"[5.141573833053007, -0.00011190082398222602, 4.712477748497113, 1.5708136443182867, 6.712354814376271, 0.0002841514676575194, 3.141507788601639, 4.814389317297866, 1.9999633455403327, 3.6401394623537704e-05, 3.1415428264252427, 1.5706970550414765, 3.090646122731991, 3.141539252288085, 4.161442530113312, 4.712388979994131, -3.361574418915544e-08, -6.968281953886294e-08, 3.570796344691076, 4.712388866308161, -6.480323206728834e-05, 3.1416459696029313, 3.5724975834500334, 3.141560972547052, 3.141577347557758, -1.5498270765752457e-05, 4.712375263845141, 4.712371887577589, 4.712392587574615, 0.005171491798833743, 3.1416064313658953, -0.0002222709318552096, -9.575844594144715e-05, -5.090162075660933e-05, 1.5707871355838943, -9.376339907643303e-06, 1.5705760320530955, -8.763253390750349e-06, -0.00022289760096924285, 3.1415837480593036]",0.0
113,1.6962133651876408,"[5.143385210820733, 0.0015195433799551248, 4.71524105609883, 1.5719961240679814, 6.710857292229388, 0.004312552270689277, 3.1405371825891666, 4.702233455894383, 2.001699944189636, -0.0011663675475881519, 3.1410942335094885, 1.5662435120822267, 3.146416685315905, 3.138705754556053, 4.216718246800839, 4.712931869225196, 0.000574206435443709, 0.00022986122126341968, 3.5706782074848458, 4.712937425942616, -0.0015656206218196955, 3.139048231217994, 3.6489099943162455, 3.1460243053778303, 3.1406479369978233, 2.0252483703175812e-05, 4.719125359581903, 4.7104724186589975, 4.712680695287629, 0.23539936626029168, 3.138634231804165, -0.0184245594391674, -0.003514090459882401, -0.0009826165878095055, 1.5697191260794476, -0.00139103457743663, 1.5567399081206283, -0.0004420151169796639, -0.011418782118493166, 3.141558949302095]",0.0
114,1.679039232701491,"[5.141238777833949, -0.00030217012288756697, 4.712854183383888, 1.5711484560845759, 6.7116863747281466, 0.00044045738405208414, 3.1417390493251554, 4.713095311548523, 1.999293295633154, 0.0007058354468653025, 3.1411893646663795, 1.5704241020263934, 3.229548417064272, 3.14162127484811, 4.1258730685175395, 4.712388978735346, -1.5035426736317026e-07, -3.691922879157041e-07, 3.570796538297586, 4.712388420981785, -0.00036960773899371706, 3.158834902836846, 3.570786116418636, 3.141458863426665, 3.141524193786554, -8.211266536889472e-05, 4.712226873999531, 4.712305161512813, 4.712366834847486, -2.581479871216019e-05, 3.141540849643138, -0.00014863154829631764, -5.232719058728534e-05, -1.818109261848896e-05, 1.5708098966728812, 1.9973527961509027e-06, 1.5706491995701657, 1.354073727713208e-05, -0.0001491085839508535, 3.131439918956486]",0.0
115,1.6813186159375966,"[5.1387489855460435, -0.0005083088743585796, 4.717950985444813, 1.57532215521361, 6.703827881092484, 0.004500332443437535, 3.144685465846705, 4.719402768318207, 1.993250856679816, 0.007042151031819089, 3.1375355286399222, 1.5651091261809522, 3.120206941552846, 3.141489894790082, 4.2496791227269854, 4.712691102427884, 0.00031857950631773366, 0.00012518658354551955, 3.570732717536973, 4.712690273022899, -0.003994862687164921, 3.3534645643779903, 3.570952922034507, 3.1432302168465607, 3.1406198392612406, -0.0005975533500774925, 4.7145074715574875, 4.710733193054593, 4.712189434149998, -0.0006017240157538646, 3.138964090941548, -0.006425037489150558, -0.00016331234071618358, 0.000523502956179389, 1.5705958179366157, -0.0005117234573738495, 1.5667704684077715, 0.00014176843865463374, -0.0025160468365746716, 3.0178727497937943]",0.0
116,1.6812242571809626,"[5.14158383077419, 8.177428708972602e-05, 4.712258299341659, 1.5708702125023268, 6.712336420195861, 0.0003672475859644162, 3.141941793326054, 4.712401458772205, 1.9999893902606563, 1.5764950122994743e-05, 3.141617104817782, 1.570826643355385, 3.141601380835812, 3.1416149349617477, 4.212449316123659, 4.712388981244166, -0.12494551675023856, 2.3160847109040412e-07, 3.570800664872293, 4.712390262992538, 3.065121722750533e-05, 3.1417624747207236, 3.570900124450296, 3.1416623718785917, 3.1405141550176436, 5.1512421861876253e-05, 4.709064057915095, 4.712581161622988, 4.712731710939716, 0.00045940903999722263, 3.141791157336472, 0.0004783194269449714, 0.00019287526384224277, 9.166692197894722e-05, 1.5707938844839489, -2.301572526064952e-05, 1.571270187437303, -4.059594277453541e-06, 0.00047973335095025305, 3.1414944484464127]",0.0
117,1.725949928821477,"[5.152775717552001, 0.01305235948061003, 4.724980465549728, 1.5684513073628918, 6.715218392411266, 0.016580604775369913, 3.128904933936293, 4.700143332102127, 2.0141140224895087, -0.012178288398612007, 3.1451033287729175, 1.5578289768270834, 3.128514121911046, 3.1348456012091774, 4.209828066507979, 4.714598083141792, 0.0039638720132298, 0.0009352858110937217, 3.57007128875767, 4.7145703878687995, -0.000859922790129333, 3.1317688911360095, 3.567079888798866, 3.161592154457354, 3.2157689691456723, 7.206305707305459e-05, 4.927118105407441, 4.697056200788995, 4.693848976021312, -0.0276398552282159, 3.115947900827509, -0.060343464480359606, -0.007260350153949425, 0.00034960588605807794, 1.568258899804401, -0.0026398593670040964, 1.5281087912580826, 5.766757858323391e-05, -0.031798539821834094, 3.1456170446550904]",0.0
118,1.6896934963453933,"[5.1470486375701086, -0.003581131867438211, 4.716993492790624, 1.570048500802434, 6.715386925219942, 0.0016631981968127873, 3.1345048891970766, 4.7051947158783625, 2.007963710543984, -0.007132995666623661, 3.14100733262969, 1.5623759478873773, 3.1340281886022754, 3.136864901691817, 4.209582089652417, 4.7132696036675625, 0.004756424661179309, 0.0003613057925141954, 3.570610805643215, 4.713260672998143, -0.003634712377814878, 3.1406755734666887, 3.5704356414726215, 3.1440087753840777, 3.137248281854944, -0.002542317766412291, 4.7186463112578325, 4.706582298553965, 4.712965846152778, 0.0008382868406855212, 3.141044183264827, -0.0008503305384478143, 0.006730313287586664, 0.004948537015050246, 1.5647296011474783, -0.000961221876215533, 1.5767726422367838, 0.0006540641054267062, 0.12201623179967351, 3.1416854776537093]",0.0
119,1.6753327902082504,"[5.141600896715885, -0.00018402092770153272, 4.712478674505804, 1.5707845528719837, 6.712413774242356, 0.0001945333932046669, 3.1414409054807133, 4.712370015241529, 2.000018789483946, -1.94812022026982e-05, 3.1415422759425553, 1.5707171379176996, 3.1415742529592126, 3.1415359330103, 4.212363156098663, 4.712388979291808, 8.551440720933069e-06, -2.0728670052806167e-07, 3.570796399183003, 4.774821947654301, -7.979975668468949e-05, 3.1415645942894783, 3.5707808263393463, 3.1415040021277427, 3.1415491772014867, -4.61029767766613e-05, 4.712333498469368, 4.711922564016582, 4.712392939073235, 2.0896149530840964e-05, 3.1416389598236885, 0.0025874711121480075, 0.0009376540399263789, -9.366384242575296e-05, 1.570800998229742, 4.234980196657947e-06, 1.5703033065418326, 5.680375554404069e-06, -0.000499156679905778, 3.141597998536901]",0.0
120,1.68987869995783,"[5.146923458921355, 0.0006765471125327687, 4.716508870100579, 1.5709084995249571, 6.713819559503064, 0.005020082061666841, 3.137842992615494, 4.706017109181334, 2.0072498144972974, -0.006285820414759591, 3.141758947695588, 1.5628402146360418, 3.134782081531997, 3.1371725578912844, 4.211212454006982, 4.713384971488605, 0.005092836452687061, 0.0004160335599273488, 3.5705837588215887, 4.700740634034751, -0.0025158776532472715, 3.140683685395723, 3.570899974775365, 3.147446774993762, 3.1382158418316664, -0.001227205489304954, 4.7215738056729, 4.707674902056342, 4.7129573973892125, 0.00036474848995724315, 3.1378113980579974, 0.10844748366656008, 0.046463794876041076, -0.0016458982361158055, 1.5692848782933047, -0.0015113694184050103, 1.5416129176844828, 0.00026700426767602365, -0.012680498705785501, 3.1412361608799215]",0.0
121,1.6689711961822478,"[5.141597464828333, 0.0003433477190587203, 4.712367061038138, 1.5707869493882565, 6.712308950830362, -0.00030672224612624335, 3.1414615326400646, 4.712473289640975, 1.9999155987635708, 8.391251946931955e-05, 3.1415852978586964, 1.5707157316332252, 3.1416773365245203, 3.1415295929498366, 4.2124678551248556, 4.712388977524227, 6.201069410708613e-06, 0.06249174152160592, 3.570796739424926, 4.712394279672997, -8.123029862738436e-05, 3.1415406919777014, 3.5707849188743284, 3.1413606208478986, 3.141472620977774, -0.0004290015940111713, 4.712072719808874, 4.712239648789141, 4.712337973075047, -7.23480134560306e-05, 3.1415325169587898, -0.00020176635456656896, -7.806283279873889e-05, -2.5076286136667632e-05, 1.5707991583109522, 2.229033039407848e-06, 1.570658946679023, 2.8367886893380217e-06, -0.00014437501625301768, 3.1416042795312915]",0.0
122,1.6925742462057718,"[5.149596413710883, 0.06446055325176606, 4.706603724157936, 1.5703054054885417, 6.701475881437496, -0.0724188143938569, 3.1277464811720814, 4.71634601195206, 1.997322228691255, 0.004056952275594511, 3.1444933610543977, 1.553768410033948, 3.1449292826624253, 3.130607206007452, 4.223560064639081, 4.713845752624324, 0.007840459214321447, -0.004493821433604631, 3.570540582044275, 4.70384329001109, -0.00911620052405104, 3.135178481435241, 3.5702173627293528, 3.121924050325565, 3.121906525903821, -0.02040090696795024, 4.683488228958567, 4.6868389978857765, 4.705630542650059, -0.011133700806861671, 3.1246551189046055, -0.023129204751842335, 0.0013863341290667745, -0.0004973854257856841, 1.5687178074408301, -0.002139540252623535, 1.5373812530682835, 0.0004645535468145957, -0.009918272669309058, 3.142432430802351]",0.0
123,1.67591440946015,"[5.14159542152566, -7.516107476951398e-05, 4.712440991846448, 1.570792620782633, 6.712396686108922, 0.00025751158702879714, 3.1415388644914404, 4.712382825728261, 2.0000061264034072, -6.298328929686837e-06, 3.1415734432100417, 1.5707623704611366, 3.1415866425367134, 3.1415675426278806, 4.212381068713581, 4.712388980092566, 2.271382834518776e-06, 8.602733121851882e-07, 3.508299605448898, 4.712391128393104, -3.420004861562885e-05, 3.1415792489735583, 3.5707922263363017, 3.1415689573275123, 3.1415810269363624, -1.2351631466855872e-05, 4.712292457661968, 4.712375653200405, 4.712389983950974, 5.392032958941959e-06, 3.1416084765575043, 2.623539316644349e-05, 1.2231597837696423e-05, 9.208436609720288e-05, 1.5707978458151866, 1.403083075726094e-06, 1.571402817222249, 1.7870292930112675e-06, -0.0001323148804371849, 3.141594351517871]",0.0
124,1.6870601653244062,"[5.148784042659132, 0.009745139877431799, 4.716302610136301, 1.570528331788184, 6.712593600388209, -0.008839702039781332, 3.1332872829176637, 4.705915502038021, 2.0076073705224435, -0.00637414642307767, 3.1417581837525774, 1.5587179082542377, 3.134563151034801, 3.1345360214837594, 4.212476621471671, 4.713680015048203, 0.006800404330626745, -0.0022989912631334905, 3.5803814745723277, 4.704736049468785, -0.005044511699339918, 3.139345613295831, 3.5705702344908117, 3.1428721969509494, 3.1339629807898643, -0.005552563869300994, 4.716024818402252, 4.70220415996998, 4.711852282782674, -0.0012769847909725074, 3.1361684411906623, 0.005871215313486854, 0.011877743275160491, 0.02198521215830456, 1.5689914622565644, -0.0018220888030086521, 1.6860397280827055, 0.0005057171067947576, -0.022494829222586592, 3.1415095154236554]",0.0
125,1.6732404861291856,"[5.182062534828642, -0.0013607181112520515, 4.71294639475146, 1.571471390103341, 6.711037475381345, -0.0008215821939128409, 3.141228140483295, 4.7137436798666235, 1.9986494045470893, 0.0013608330161949637, 3.097148789517437, 1.582458338078549, 3.142943160950434, 3.14153168049785, 4.213740220620902, 4.712388977137152, -1.4798520104811825e-06, -1.2881898469033069e-06, 3.570797135369558, 4.7123866394180185, 0.011879688600462722, 3.141491021618555, 3.570798563501742, 3.14132922244589, 3.141453093062229, -0.0001824584983851741, 4.711939861979764, 4.71220943824486, 4.712298757664381, -0.0001482326075244352, 3.1413931366825816, -0.0004715547186915191, -0.00019320272620320714, -9.54796754405829e-05, 1.5707942693138384, -2.3884088865611023e-06, 1.570322477118853, -9.654469060373027e-08, -0.0004849278083739564, 3.1415897052514095]",0.0
126,1.6796686961480434,"[5.1199616801222705, 0.005050097198569397, 4.720937256326495, 1.5761831346246113, 6.701419229485164, -0.0012941720062197085, 3.1439779706002158, 4.7192697545602424, 1.9938861154042637, 0.006992216645673975, 3.172304331395423, 1.6492691169135003, 3.1480792537664803, 3.139015674784686, 4.223549660738216, 4.71323323815365, 0.004416937345980463, -0.0015205319714266358, 3.576261720673976, 4.7073484078659815, 0.08467455430236903, 3.140374539909933, 3.570699290822345, 3.1405828127166373, 3.135617227256279, -0.004943675635577824, 4.711407452902904, 4.704446676808473, 4.711330244748481, -0.0020269816489394523, 3.136285218751843, -2.7422284005005232e-05, 0.0061711323788149145, 0.0037242965475332832, 1.569564991826239, -0.0012457178232093203, 1.5748377133909, 0.0003318135817782394, 0.0027435478243386406, 3.1417995394564837]",0.0
127,1.6786844573107034,"[5.141377666584388, -0.0002851364052538395, 4.71271771366736, 1.5710083789129572, 6.711966911616487, 0.0003063085809925237, 3.141690548211771, 4.7128166598767995, 1.999550060543202, 0.0004270063033343598, 3.141315406935739, 1.5705237902101947, 3.142020494640837, 3.1512555339436603, 4.212809894066208, 4.774068583490203, 8.202936181122987e-06, 2.8803098052005834e-06, 3.570794990933931, 4.712396444712686, -0.0003604649551535989, 3.1413134551603052, 3.5707813322372237, 3.1414195147494164, 3.1415048672985244, -0.0001039039579739387, 4.7121920397653225, 4.712282263199905, 4.712364725446175, -2.533014551842423e-05, 3.141580038254114, -4.5979538101144685e-05, -1.3158596358766504e-05, 5.459422013414315e-06, 1.5708007317776993, 3.80755459886496e-06, 1.5707986353773928, -0.002535340548754198, 4.01195690789684e-05, 3.1414863033587426]",0.0
128,1.6748317415837741,"[5.139081580007689, 0.0029259620649138302, 4.716834931370215, 1.5737294154780235, 6.706405742512823, -0.001115566426442147, 3.1424583191839366, 4.716036148087929, 1.9965001524313621, 0.003685513071042267, 3.1416283139507573, 1.567090445165428, 3.145026544408309, 3.2589645017313122, 4.218483166685843, 4.688390098615261, 0.002463243939685939, -0.0008655215773724186, 3.5738789979797785, 4.709526980456531, -0.002134208813131116, 3.1377276602594675, 3.5707856754869622, 3.1413552645573235, 3.138392289481634, -0.0025997389406573175, 4.712121519709374, 4.708110227533519, 4.711805916940492, -0.0011589797719904484, 3.138392822861168, -0.00017058130618152894, 0.0033961835339165964, 0.002024184476547898, 1.570089277314577, -0.0007136382665888429, 1.5727775270724087, -0.03116207419957826, 0.0011349843331288864, 3.14015598672236]",0.0
129,1.6818527463205226,"[5.1408942368411275, 0.006284849490874963, 4.71537981321332, 1.5721076862041554, 6.709577015141685, -0.002794305067720138, 3.138778165607412, 4.71181695069984, 2.001171947025718, -0.000512144052000037, 3.144848760403011, 1.5683323452230953, 3.140716898047092, 3.1401545386526823, 4.215368490491887, 4.706800767979795, 0.003509681236501352, -0.0012531166946734458, 3.575233375063031, 4.708246309615416, 0.0013410077122972101, 3.13964270248159, 3.5714378866252994, 3.1433770003723485, 3.1380978878809525, -0.002343920660923823, 4.715147639627362, 4.70762977076989, 4.712105705337078, -0.0036626220521070187, 3.265141599463085, -0.006274974982959557, 0.0020943245052797415, 0.0011472123744891282, 1.5692897908476646, -0.0015111634864424844, 1.5668333171819984, -0.000972758468437904, -0.005918640663200445, 3.140978344813161]",0.0
130,1.6768148086944414,"[5.141621074135906, 0.00011133895837363875, 4.68805220971378, 1.5155769342348804, 6.705913836487813, 0.005433536146913007, 3.142213946941908, 4.718281372339924, 1.9942084526326047, 0.005903810002409025, 3.1424522430306148, 1.5710248464955465, 3.1474330066783955, 3.1418650642934947, 4.218896149132929, 4.7114290834779835, 0.0005751287791279794, -0.00021644651762780422, 3.571547090124796, 4.711675673174331, 0.0008676931597521996, 3.1416214055833733, 3.5708399698074915, 3.142643871796405, 3.141392104508101, 8.80077632377005e-05, 4.713907930031967, 4.712072095170276, 4.71251720734626, 9.882755500717196e-05, 3.1420500103311517, 0.0010614273239485355, 0.0012564817910709954, 0.0006650778682844727, 1.570612287408834, -0.0001830390680455372, 1.5722288728091864, -9.808470204738974e-05, 0.001127586324896403, 3.141556424337645]",0.0
131,1.6763089444118364,"[5.141637633378175, 0.0001873216909503881, 4.739506566000927, 1.5577748843517747, 6.713532816080859, -0.0030693346715449997, 3.1409130974261044, 4.710928956804285, 1.9996927091456278, -0.0014628854258877122, 3.1413940113189422, 1.5703566065886414, 3.140135576653323, 3.1412263126740103, 4.210890962979153, 4.712429745351962, -0.000253493710856777, 1.8131509002529144e-05, 3.5707805278521887, 4.712431005429123, -0.0004421918282911271, 3.1413358239356897, 3.57071680903891, 3.1419834304376546, 3.1440394644935266, 0.00019541207515211967, 4.718206026964115, 4.712371464895812, 4.711887199762354, -0.0007162231791202186, 3.1407251284613245, -0.0019680297507145804, -0.0007784847535248463, -0.0003206689225070256, 1.5708065260475907, 1.691924413060161e-05, 1.569093565003488, 3.9652888799013865e-05, -0.0015285131719669786, 3.141674202543476]",0.0
132,1.6747697937887625,"[5.142600358528462, 0.00449104997284589, 4.694554081888836, 1.583927667171238, 6.71230490941696, 0.005699231023311458, 3.13850276673666, 4.710059370491805, 2.004321830258915, -0.0023058322806135726, 3.1450624934077926, 1.5676137626492335, 3.1390236863104217, 3.1393671874109264, 4.212846526559586, 4.70780055676329, 0.001511052047133181, -0.0009261565207159446, 3.574663395786307, 4.709126874630064, 0.00023013355216281969, 3.1391257134771124, 3.5698931115202766, 3.146097645040283, 3.1581147800318226, -0.0006108758414694942, 4.762311469821129, 4.707826524656126, 4.7079125077634725, -0.006726803476145915, 3.135169375711883, -0.013938666727296337, -0.0008650187026547422, 0.0007252966582555922, 1.5700581292331526, -0.0007687001715744627, 1.5625096127745584, 0.00011796659010332184, -0.00737978181025747, 3.1425782742169504]",0.0
133,1.6752104226724491,"[5.143084819088693, 0.00037584764726960923, 4.710981240393255, 1.5693061903463015, 6.715393914274203, -0.00040508314199160227, 3.141262523414851, 4.709412533320485, 2.002976409146953, -0.0029781616049200533, 3.1430075266193467, 1.571918846055901, 3.1418714390822062, 3.1422343541249527, 4.206083611031846, 4.712398137611093, 8.280281489643406e-06, 4.9668562188204714e-05, 3.5707970658687604, 4.712397086128219, 0.0010989705807162792, 3.1179271349852136, 3.570239027543543, 3.141416761765123, 3.1409354058369336, 0.01018458199504009, 4.710408598946523, 4.712184579688486, 4.713154799983813, -8.14626904447189e-05, 3.141614482822654, -0.0005941310941768215, 4.486610890735072e-05, 0.00027953172323704747, 1.5712727531011774, 0.0004991070052306744, 1.5702676112221807, 0.00048497645062039714, -0.0004972064985513451, 3.1563728498475556]",0.0
134,1.678889960803727,"[5.1460663265794615, 0.00344221248384048, 4.705923974346804, 1.5699863440732071, 6.720557631631772, -0.0014088575892265772, 3.141552946394549, 4.702843817340641, 2.0100881140347306, -0.009525843190051937, 3.147187707218969, 1.5724011389340726, 3.1287619654783967, 3.1444410099958224, 4.207535701266276, 4.710022930791389, 0.001825490901141757, -0.00027790486991459613, 3.5727985370255544, 4.710683511208245, 0.0032444399940198786, 3.1683908514464485, 3.5682438248873294, 3.1416151126833696, 3.1373083651417515, 0.04674003592838895, 4.7049522946755244, 4.709182356630763, 4.7156126161003815, -0.0012134690305440534, 3.1400883542432, -0.00634235873499189, 0.0011669144301627602, 0.002247384080169225, 1.5726902741840048, 0.0018449435025897987, 1.566992409806093, 0.002294449608370593, -0.0036270772753513223, 3.1303391537962018]",0.0
135,1.6776926709817177,"[5.142544368878911, -0.0005576506083946676, 4.712278761520384, 1.5698364395331652, 6.714317194464556, 0.004876017515892815, 3.1412763534632826, 4.710137152000077, 2.0018958313835027, -0.0008630488226316255, 3.142291852850085, 1.571115290672879, 3.139342290589111, 3.142045245630496, 4.210134640847447, 4.712394867805636, 3.652903807710334e-06, -3.786615816026391e-06, 3.570799241378465, 4.712386565967843, 0.0002976048877701588, 3.142231639842618, 3.570311486269284, 3.1395844770585555, 3.1403980873958557, -0.0013987723560962954, 4.709242444558455, 4.7111113230343005, 4.682258264684365, 0.00017426667921543313, 3.1416842609524958, -0.0004444569987271293, 0.00010334521901502083, 0.00030280471848953436, 1.5712708446196881, 0.00047834419121361136, 1.5703962081495677, 0.0004801650048556803, -0.00038256483130744124, 3.142077193639426]",0.0
136,1.6825056604425626,"[5.140978872723332, -0.00030678600710789096, 4.714362668554805, 1.5789692492766634, 6.709462077475484, 0.0446633692537982, 3.135782491800525, 4.71261393672313, 2.0012543027561636, -0.000887936472663419, 3.1427687128446813, 1.5641295606731473, 3.140790663121932, 3.1366198214621397, 4.216618884314717, 4.707236262912893, 0.003770283506280235, -0.0011563054987669395, 3.575084912716281, 4.708599005860366, -0.002980975513683606, 3.142753767913397, 3.5709427506457665, 3.1303188282461423, 3.131427493105646, -0.015446073707565101, 4.6967755210564155, 4.699366418359825, 4.733318849125913, -0.0060220800179381145, 3.1359798020638143, -0.011806151285456897, -0.00014954960481597813, 0.000514346460858186, 1.5692913665054673, -0.0015547918350368676, 1.5636619161326875, -0.0007330323665603614, -0.007207638777828623, 3.138243904976811]",0.0
137,1.6753916077541953,"[5.14202639529287, -8.912107644410542e-06, 4.712070810096746, 1.5704224641188977, 6.71324882121482, 0.00014551191309706082, 3.1416442552881763, 4.711170386991447, 2.0008540326905, -0.0008558815424343837, 3.1419436348916627, 1.571009676012353, 3.1409261710120373, 3.1418352817314825, 4.211702055156788, 4.71241044398987, 2.2827548869707798e-05, 8.991392837886113e-06, 3.5707919618968, 4.712410653386609, 0.0002044237672043214, 3.1418846189050624, 3.57394369604831, 3.141485491757801, 3.1416108885509697, -2.0963062293541245e-05, 4.7124209611499905, 4.712311125815784, 4.712344138494549, 0.009494481274610946, 3.141386217788615, -0.0009008765874880997, -0.0003639731129625514, -0.0001546241250995133, 1.5413612364556353, 0.00020422391139042695, 1.5700337459292162, 0.0002248871781643606, -0.001688156571168746, 3.141835161062697]",0.0
138,1.6810416037531146,"[5.140928820464357, 0.001917465042905463, 4.711062054528868, 1.574152822930617, 6.71041575642969, -0.0002044843147382616, 3.1408165395821412, 4.711176229182434, 1.9995943046287767, 0.0007266049137657165, 3.1421422567098536, 1.569229363906375, 3.143164782785226, 3.1403825713675544, 4.215770106984851, 4.710525174499693, 0.00132727441248504, -0.00040633826824069106, 3.5723211928521956, 4.71103381277602, -0.00023752116494676721, 3.142209018222221, 3.5890830850351247, 3.1429636275269432, 3.1411569348934725, -0.0017875001336187645, 4.715327674296842, 4.711187596900335, 4.715674830870166, 0.054427888300781165, 3.1411122338168114, -0.0033994275787703654, 0.0002455305589571411, 0.0002779060669291444, 1.5934036181585547, -0.0007880996631179145, 1.5689097327836452, -0.0004918459430788689, -0.001217491699534792, 3.140146939112687]",0.0
139,1.6736407208779178,"[5.14071157169358, 0.004194419589314966, 4.71354456582705, 1.5716784435242563, 6.710701083597213, 0.0024318056364789607, 3.1422859278634987, 4.714076187840777, 1.9983120616767713, 0.0016869263542550787, 3.1405721057687916, 1.5702225969408814, 3.1433070665180445, 3.1418279471049, 4.214077213475744, 4.7123889849630185, 4.307091307564516e-07, 1.1439648156985372e-06, 3.57079552353348, 4.712390656693771, -0.000564303226166638, 3.1566080839893544, 3.5707961031822006, 3.141964034749117, 3.141788765498439, 0.00025443110048602993, 4.713004640661828, 4.712640152366463, 4.712509896084184, 0.00019623642055632498, 3.141843788750412, 0.000617983506033267, 0.00025219174326476725, 0.00012249500196645285, 1.570798222441, 2.4309183979732964e-06, 1.571408596445588, 6.582712468256277e-07, 0.0006197954252145758, 3.1681277444832094]",0.0
140,1.675306753455255,"[5.1408033614165705, -0.05310245942286847, 4.706004723889675, 1.575963906524443, 6.708735479836319, -0.02369460708368468, 3.134467222744403, 4.71409510760445, 1.9993409230190602, 0.0012774760628923583, 3.145471973664527, 1.5672454538293676, 3.142342883525701, 3.139303557692006, 4.216742204038941, 4.7086496618925375, 0.002229107599251401, -0.0008798068343806765, 3.5737189109840495, 4.709578354424984, -0.0010717669666467397, 3.1462452652506174, 3.5698103506396195, 3.1401056431399996, 3.137791141896769, -0.006725470555381492, 4.708821812060668, 4.707448187752679, 4.717346303027729, -0.007147496504961735, 3.139448360162525, -0.005030144129977827, 0.0009709636744251036, 0.0005207023200568115, 1.574480867311506, -0.0010407819875221573, 1.567135091575391, -0.0006983985472005552, -0.004907284274592303, 3.144290229047047]",0.0
141,1.675573111284676,"[5.130414084536152, 0.00025906870164676667, 4.711126886049327, 1.569626247450415, 6.7147208758694985, -0.0006070883979813585, 3.139111583810882, 4.710057340257099, 2.00233129203143, -0.002331139756788873, 3.1315428356946717, 1.571813993171451, 3.1392612871098176, 3.141900239207352, 4.210056633764698, 4.712388977655005, -2.5679687007023073e-07, -6.820533003632589e-07, 3.570796805714434, 4.712387980937743, 0.0010028028900472708, 3.1419375384406867, 3.570796460116984, 3.141371229170149, 3.141475727987977, -0.00015169659889894475, 4.7120219121688125, 4.712239226933556, 4.7123168881745325, -0.00011699983815510664, 3.1414429220921223, -0.00036845336856148204, -0.00015036145208104258, -7.303381994153973e-05, 1.5707951965751001, -0.026551971293572812, 1.5704312801341642, 0.0002100269090161355, -0.000369533668795061, 3.141802492192826]",0.0
142,1.6788190000118242,"[5.103039491517916, 0.0008950322418374422, 4.708391741317193, 1.570772475361643, 6.715348817267754, -0.003249915525022501, 3.1432647333814874, 4.70868258177356, 2.0041078364437714, -0.0038690269703228796, 3.1078777124773898, 1.572026241464679, 3.1375159647679425, 3.140655232868818, 4.209695869857058, 4.71095899783479, 0.0008534934864762374, -0.000333704535522968, 3.5719120517128595, 4.711318170890339, 0.0021686135490073147, 3.1412283050753187, 3.5704187309645827, 3.1419174066257805, 3.140610654682776, -0.0019598857371416504, 4.712505890143608, 4.711103752462501, 4.714575646299186, -0.0022612739152971647, 3.141376776846582, -0.000436973873985249, 0.0009780044774983993, 0.0004938088184172726, 1.572209932396302, 0.0336632494521448, 1.5708691067109584, -0.0005353961503273293, -0.00038563083475836246, 3.1389863724863027]",0.0
143,1.6783900436890096,"[5.141724059606798, -0.0009130608165183955, 4.712820030879393, 1.570911125014515, 6.7116608639884445, -0.00016041318570739882, 3.157918595960756, 4.71220914110314, 2.0001726445217236, -0.00016104004001076967, 3.1412297293811755, 1.5511065581721164, 3.1414220631597343, 3.1411170767636514, 4.212174270381677, 4.712436953846689, 5.056079913936275e-05, 1.9006472497674918e-05, 3.5707871180005832, 4.7124361560473895, 0.01777504267886385, 3.1411176252023627, 3.5706950697831235, 3.1410236828122478, 3.1414214416866892, -0.000289722647915491, 4.7120404155182944, 4.7120246715506235, 4.71221993442695, -0.0002150635320223981, 3.141324098546401, -0.0004938163369077216, -0.00016141486574164956, -1.1264587844766412e-06, 1.5707389660217197, -0.0015092444458325264, 1.5705980879131913, 2.383318020598569e-05, 2.5603031731407336e-05, 3.1415795111533384]",0.0
144,1.6847471072184959,"[5.14377369463702, -0.0008210732903920748, 4.7108251861616735, 1.574554799881673, 6.708297223720478, -0.002980615701697995, 3.190591152561862, 4.712513106498576, 2.0005602617584395, -0.00019359254210813884, 3.144204428545922, 1.5945142535467043, 3.1410921232560773, 3.139159798008617, 4.214099154535058, 4.710110582960604, 0.0015990305729881764, -0.000505516859017824, 3.572656998771678, 4.710720623103096, -0.027782060765202156, 3.140724350229703, 3.569851601536931, 3.1413052763771288, 3.1398752934302996, -0.003593308631236865, 4.712986673293162, 4.709706726719081, 4.715869630284926, -0.004016266085931409, 3.1410099306423054, -0.0007719999171979892, 0.0017645955721447412, 0.001121273332536769, 1.573023219378171, -0.0027869983168068305, 1.571763312166475, -0.0003956909859680083, 0.0008811394901502601, 3.1375783871434866]",0.0
145,1.6789578640695548,"[5.142239003157065, 0.0003715812666530159, 4.71196326064924, 1.5702967796127545, 6.713526896182779, 0.0002572774495748918, 3.1417107624982483, 4.711271304835753, 2.0011159783542443, -0.0011190717236883158, 3.1421479229024833, 1.5710536022852077, 3.14047762031509, 3.1419567329338447, 4.211247093846838, 4.712417250699195, 2.8908210666762137e-05, 9.310157662783347e-06, 3.5707922396942604, 4.712436654009507, 0.00040238344756418556, 3.1419775162238426, 3.599901343754441, 3.1455157394398983, 3.1411133561286824, -0.0005861866860875867, 4.711164974421439, 4.715160193122748, 4.712172820797825, -0.00970405305817258, 3.1412151494977523, -0.0003310524408912538, 3.953676771740952e-05, 0.00019589208976819304, 1.5710168621807283, 0.00021180608741545038, 1.5706418667096917, 0.0002951361314460002, -2.6398955660687643e-05, 3.141866818221167]",0.0
146,1.674737362107576,"[5.1447698732820815, 0.004537181622313842, 4.710294388587997, 1.575208759738273, 6.711126041178978, 0.0009754603804066632, 3.1343292166176857, 4.712738908810007, 2.000440823679057, 3.196139679520472e-06, 3.146210816856447, 1.5706153232870652, 3.1412246737935745, 3.1403373657674103, 4.2145174428875665, 4.709825924800202, 0.0020149393391481613, -0.0005626483394680003, 3.572980782167089, 4.710774323070226, -0.0014390047668103507, 3.1411888273144513, 3.5540418745585933, 3.189094380874286, 3.1357174799102676, -0.008568352191018726, 4.703419255594568, 4.7428187311165955, 4.715267870147997, -0.0014198124030202427, 3.138821631417688, -0.005759520517627564, 9.159672647489831e-05, 0.00045668638437334856, 1.5730608232741237, 0.001973372715443636, 1.5679044685777308, -0.00031664229962934093, -0.0024408314486230797, 3.136913253213621]",0.0
147,1.6744439308270929,"[5.141372747438774, -0.0001284152015263904, 4.712665998147749, 1.5710161823962088, 6.711948976331258, 0.0003928719539164368, 3.1414964787048736, 4.712828938768239, 1.9995604417760313, 0.00043985855240084523, 3.141361815419672, 1.5705915384875107, 3.142032302343948, 3.141385119038051, 4.212829208390949, 4.712388981103485, 6.762118311240789e-08, 1.7960207651070616e-07, 3.5707962006831346, 4.71238924356463, -0.0002007652014540773, 3.1413817570002602, 3.5707962916877816, 3.141650960302094, 3.141623443090954, 3.994559391084916e-05, 4.712485638833168, 4.712428414298101, 4.712407964107278, 3.0809049487603715e-05, 3.141632081722296, 0.004755713125459892, -0.012600564986643385, 0.027855791424082288, 1.5706863199453178, -0.00011000684957879177, 1.566599996675417, -0.00011000684957878958, -0.00011000684957879215, 3.141482646740214]",0.0
148,1.6782533719761579,"[5.143785083759591, 0.002079539566226407, 4.708925171088206, 1.5729608855839905, 6.712472381248258, -0.0018630316302120377, 3.1369104817451507, 4.711441707736581, 2.0015447240375988, -0.0011918356412867568, 3.145658447378322, 1.5729549981422504, 3.1400921731881435, 3.14219241649853, 4.2129862578165245, 4.710217226065924, 0.001245257343385238, -0.0005092906996224048, 3.5724703844896117, 4.710745255911097, -0.0001950921498570119, 3.142921646074293, 3.5662491964046557, 3.1403146986419683, 3.140723913505913, -0.0021556140224449124, 4.714222164671213, 4.70919372190828, 4.716002100838655, -0.0015766054457276037, 3.141908230368842, 0.01991639000066609, -0.050060285417341976, -0.028059243294504817, 1.5733229678188627, 0.002387456355365354, 1.5771456915025879, -7.570351349611484e-05, 0.0012299091063155108, 3.138442277578055]",0.0
149,1.6749277853232338,"[5.142292260550925, 0.0005126328989336257, 4.711907841308678, 1.5702435111377124, 6.7136243659411905, -0.00011682425893490842, 3.1413131025731427, 4.711161748183213, 2.001241386206058, -0.001227227311293371, 3.142253653816043, 1.5711915291795002, 3.140366323773418, 3.134327527334476, 4.211149828819879, 4.712392444033791, 3.2927429432658526e-06, 1.2531231460073226e-06, 3.5707956124288343, 4.712392255416393, 0.0006468839081259895, 3.142120359443783, 3.5708485218171893, 3.1415182868272327, 3.141584472672608, -4.74523767526565e-05, 4.71240168853383, 4.712342982894563, 4.71233609204016, -0.00022572391882166363, 3.1485584586121527, -0.00044529503923637544, 4.36771983728632e-05, 9.304495062470964e-06, 1.5707033801369534, -9.430882131871804e-05, 1.5703994126573326, -0.02937231526282182, -0.0003987574108853339, 3.1418586950653276]",0.0
150,1.6827027638818766,"[5.142850543165323, 0.003581559665444812, 4.711993018098663, 1.574715939489433, 6.709636080935679, -0.001691547344539216, 3.1360695736011857, 4.714424092322485, 1.9984793458103547, 0.0018100105826754425, 3.144208711576652, 1.5705804955780658, 3.143123759142499, 3.145100332501513, 4.215729447334787, 4.710446726979856, 0.0011583277534154132, -0.0004496582831439527, 3.5723082163662068, 4.710927533661968, -0.0007746370163306065, 3.1409089546492397, 3.567102595433645, 3.140513991965297, 3.1411053162995457, -0.0018717299030123387, 4.715316913451592, 4.7095796454242045, 4.715456399242907, -0.002936563006053039, 3.2002130494307353, -0.0025949961700429346, 0.00460798160174547, -0.0006578506459136805, 1.5719577148174932, 0.001024483116165338, 1.5700932001929493, 0.015553941918191976, -0.00171233489155216, 3.1376706515619968]",0.0
151,1.6681071564034557,"[5.141763452223384, 0.00015537561947302067, 4.71207703911277, 1.5711939482555635, 6.712171564451981, 5.9333099115334954e-05, 3.1409098430000535, 4.737991410758469, 1.9999784597641952, 6.890571134182498e-05, 3.1420034815011775, 1.5709667364162156, 3.128869505092181, 3.141637728280133, 4.199947860462994, 4.712098159143733, 0.00016627134891244875, -6.818649358851239e-05, 3.5710202693907047, 4.712168883287469, -0.00015274160244289423, 3.1416833731143243, 3.5706086156039825, 3.1414443243863652, 3.1414857963407434, -0.0002716238465307364, 4.712668466994451, 4.711977551361433, 4.712885833782727, 0.0011163085700077028, 3.1409931759385596, 1.7013098708898597e-05, 0.0005435591152005767, -0.00014819045000206434, 1.5710873957090261, 0.00027252765337290423, 1.571030063514457, 0.0002483288637504278, 8.516751112453887e-05, 3.141118086409672]",0.0
152,1.6744622620351497,"[5.14194748064237, 0.0004919007242859339, 4.712725198277022, 1.5708367702494799, 6.712555847344518, -0.0002076503559660962, 3.1410622673973405, 4.712125112234245, 2.00013230477445, -0.00013928201001145807, 3.1415326372973174, 1.5700323814757127, 3.1415199689819193, 3.141120269244052, 4.212274964335617, 4.71246332480837, 0.014079388070256051, 3.5567369366139887e-06, 3.5708627084883964, 4.712398087555677, -0.00035796100414767825, 3.1414273602268623, 3.570801846752398, 3.141369966156106, 3.141672042170201, -0.0001255933157574124, 4.712824100378177, 4.712245164061636, 4.712263287207248, -0.00013694606486763808, 3.14125061062737, 0.0004311591751576494, 0.0006984246474852532, 0.00119343047372381, 1.570655893848486, -0.00013336429438989968, 1.5771197637015006, -2.235324518592011e-07, -0.001135097440879438, 3.1415427398921683]",0.0
153,1.677795985622651,"[5.14367482574427, 0.0028769214290715853, 4.711531404964598, 1.5729413824300587, 6.711884363841619, -0.0024496712260178807, 3.1367808181392887, 4.711715059572426, 2.000382983431387, -0.00016675824746604362, 3.1435781005645578, 1.569309780338225, 3.1415641951996327, 3.1403839058030827, 4.213657625303198, 4.711186376122005, -0.016215519353485766, -0.0003290062420702429, 3.572145633957524, 4.7113190473857065, -0.0017639922801487465, 3.141564083274973, 3.567795542374588, 3.140167785529711, 3.140786281968037, -0.001741165845607956, 4.713557450891134, 4.709961096164283, 4.714621828945408, -0.0011261505196338481, 3.1375129382590914, 0.0020811106129092166, 0.005319892775049374, 0.003433991790397626, 1.5717853633623229, 0.0009098256752474332, 1.5940238673060723, 0.0012511991355399744, -0.002910143124114438, 3.1390071758104976]",0.0
154,1.6774506691424114,"[5.141882849581922, -4.625190919107447e-05, 4.71275603116006, 1.57085917643885, 6.712607287518312, 0.0005961166695364352, 3.14129896811616, 4.712076340707395, 2.0001994391844504, -0.00020414524462673692, 3.1415301894531162, 1.5702059478838848, 3.141444121147242, 3.1412368046679657, 4.2122188859930825, 4.712453185447709, 0.00030181036895226155, 2.819884046890964e-05, 3.5707762768372535, 4.712032867355531, -0.00023892264688479126, 3.141509548614195, 3.570828835082526, 3.141694032895133, 3.1292465177995594, 0.00022746779662819315, 4.71784526813981, 4.71242609429025, 4.712347686413048, -3.399824791637215e-05, 3.1412832678425797, 0.0068532865449189035, 0.0029244139872216636, -0.00015070511025707306, 1.5706712349093368, -0.00012483881775798728, 1.568795813609706, -8.782015329733573e-06, -0.0009085787701143457, 3.141521177806667]",0.0
155,1.6745781797225878,"[5.142823786666384, 0.0005269265762144508, 4.711501255756621, 1.572565759664348, 6.711987214305332, 0.0007391674199755797, 3.1386948376240267, 4.711929149602636, 2.000390521063166, -0.00020057605705613222, 3.143331193170397, 1.5707936864362209, 3.1414181137000425, 3.141379710436878, 4.213360149037216, 4.7112912565619895, -0.0004427797595547731, -0.00021150957393587685, 3.571642802310229, 4.71048163334837, -0.0007634926951792525, 3.1418856464186904, 3.568316462666533, 3.141577507894997, 3.1597370776688165, -0.0009523941707348363, 4.707477353172526, 4.711149335923253, 4.714538164588245, -0.0005695999593979133, 3.1387510656830817, 0.019440731555526985, 0.010073118639878727, -0.0019040437562331599, 1.5717956491553418, 0.0009190775904876128, 1.561539791808266, 0.001019909121829646, -0.0003785667341382092, 3.139480763698418]",0.0
156,1.6758887946097705,"[5.142835216114249, 0.00046862316190307015, 4.711541487346946, 1.5697428382178804, 6.7146623948308415, -0.000681003264650272, 3.1418679182606626, 4.7100487587613475, 2.0022272642890884, -0.0022601993042925777, 3.142669380753701, 1.5714203954116026, 3.139374558470259, 3.154553407102626, 4.210149219829269, 4.710364735658652, 0.00024448008661843784, -1.9252359158939834e-05, 3.5707962514792593, 4.712392418197974, 0.0007520804445703525, 3.1424059464664604, 3.5701178696594713, 3.1408424497975886, 3.1412261114890456, -0.004692677222499087, 4.712374423671902, 4.711951205696979, 4.713746358439546, 0.00023656899013343338, 3.1415348196221613, -0.0003597620288331527, 0.0005981628291255261, 0.0006759555735056796, 1.5713984820378146, 0.0006021387035140611, 1.5706592248621585, -0.002479960075325245, -0.00019696216381018928, 3.1421061772645844]",0.0
157,1.6717963226264354,"[5.137597514447244, -0.0002388779037779477, 4.71580856975381, 1.5760414110447003, 6.703201011815319, 0.0022405332040892913, 3.1399570362870133, 4.72119450532568, 1.9912454984225008, 0.008835297069575233, 3.138703661566036, 1.5684560930100728, 3.1503801948635766, 3.1541226611735995, 4.221847092870553, 4.709057722869706, -0.0006099249332776553, -0.00011330832378837999, 3.5712936479262263, 4.712039164356371, -0.003193687915915202, 3.1379309071776738, 3.5713373551655683, 3.142623265170818, 3.1425493948360077, 0.012172193046283244, 4.712226052975259, 4.71218562995408, 4.709374482058006, -0.0015399703295312964, 3.1393062678047374, -0.0020371764133600223, -0.0006289196606773852, -0.001974477494696085, 1.5695219513369119, -0.0013164578216559798, 1.5705221431078715, -0.005441925300803889, 0.0025077237353958847, 3.138346721079052]",0.0
158,1.6766752521895751,"[5.141951027662529, 0.0028354357918215283, 4.712161734437982, 1.5707740371001906, 6.698786218689749, -0.002856486612358989, 3.1402477208451076, 4.70986938335331, 2.002405164448637, -0.002411397948187128, 3.141728821449408, 1.5700537407294488, 3.1392394359911155, 3.1411215449067815, 4.209995893262136, 4.712453649099219, 0.0003482005192567894, -8.065020528449572e-05, 3.57078486958353, 4.712406871108625, -0.00039009427712137956, 3.141360084661058, 3.570771185922733, 3.1404969692615334, 3.1407491454299015, -0.0008687556683476305, 4.711185500703812, 4.7116765140338766, 4.712094666582513, -0.0004886887168295942, 3.14084821466094, -0.0010037475454378305, 7.039902258271889e-05, -1.8926860629486776e-05, 1.5706981677345764, -3.2549697862813675e-05, 1.5693311442280389, 2.2330520337496406e-05, -0.00031166551632500194, 3.141608275659585]",0.0
159,1.6786028273627513,"[5.143259483573433, 0.012755659240581467, 4.709608029708392, 1.572019640049949, 6.722852251356401, -0.01454956022490647, 3.1377800831392055, 4.716297882665945, 1.9958910942908787, 0.004263210904538116, 3.1436154530740126, 1.569006484415241, 3.1459610521735817, 3.136009548427835, 4.217597943128979, 4.712268337973327, 0.00011619474526999977, -0.0006166298995490706, 3.5714798681473066, 4.711931077920099, -0.0019297005922982264, 3.140922678002566, 3.5685906931309734, 3.1361916349868175, 3.1395694850242237, -0.00445317323388692, 4.706478106752593, 4.707776072857639, 4.712764444482015, -0.0027268646430078833, 3.136673462207673, -0.009039832607121882, -0.0002879567054879689, -0.00143568691032414, 1.571517500382911, 0.0006005603543994591, 1.5618557378803375, 0.0019749353709255547, 0.00039465796697935274, 3.1401082258282957]",0.0
160,1.677116061336825,"[5.141591640040686, -2.5120951067756833e-05, 4.713128294403606, 1.570456997510052, 6.71241402123506, 0.0001750589465293167, 3.1415617177985293, 4.715730395258787, 2.0134923406852443, 0.0033414011987373655, 3.141579995876113, 1.5707702534189405, 3.1449340495451206, 3.1416035591871334, 4.215730483468013, 4.71238895157899, 8.8650466158546e-08, 2.3244220261618688e-07, 3.570796168351745, 4.712411452503574, -2.7868531635746458e-05, 3.141574349664558, 3.5707967443888737, 3.1392560160025855, 3.1416330182138026, 5.169785346493544e-05, 4.71251041924944, 4.715756119951418, 4.712382713412588, -9.00286927208332e-06, 3.141581246179706, -2.7475207243819406e-05, -1.1453687945129642e-05, -5.773027374856331e-06, 1.570795835966587, -3.177363069229762e-07, 1.570769101852019, -4.3053003499812795e-07, -2.755456851185303e-05, 3.141592205268286]",0.0
161,1.673491139553781,"[5.141351056606555, -0.0022398363188771034, 4.711124319265921, 1.5718524988770646, 6.713208455707517, 0.0025873226108279073, 3.1409986301834323, 4.710669152519033, 1.9905896711429802, -0.0018893730361536271, 3.1423969737003357, 1.5724008154663034, 3.13955903536144, 3.1398505875063596, 4.211022478856532, 4.712080617248956, -0.001182027396912842, -9.092435797110839e-05, 3.5712615426983905, 4.712201378075096, 0.0002534742110631602, 3.142058503915219, 3.569517206728228, 3.125534292436234, 3.1437261372086036, 0.0008088173336751235, 4.714087393268338, 4.736326702182654, 4.713653484476436, 2.3409700086425584e-05, 3.141163012669951, -0.0021316656066756056, -0.00048556962017413214, -0.0008518562332605285, 1.5715959771303427, 0.0007494786017795625, 1.5703907903417358, 0.001153749705573461, 0.0012431270691791393, 3.140618523715592]",0.0
162,1.674543068337674,"[5.143902356689606, -0.0007843262660670546, 4.711868128118804, 1.5701931676074854, 6.713717287696892, 0.0005438976958496877, 3.1408540499369924, 4.7112024373014565, 2.0011712102480077, -0.001235736190984928, 3.1387072715094515, 1.5621513568285463, 3.140342679202506, 3.141520251756987, 4.211143217587319, 4.712362820192651, -0.0001268432184033267, 2.3672162999408506e-05, 3.570784756353541, 4.712438000030619, -0.00895272938817097, 3.141630689345841, 3.5707819088878905, 3.1418625086481886, 3.141907564593115, 0.0003332381725597677, 4.712918183217989, 4.712808689449287, 4.712535046377503, 0.00026394929290637133, 3.142096241348138, -7.306762521940061e-05, -0.00017778146588847513, -4.2595244409535336e-05, 1.5705102014583985, 6.150891501382649e-05, 1.570792755666011, 1.0537965440372027e-05, 0.008002648469266052, 3.1415869843929594]",0.0
163,1.669440063687096,"[5.139606965682553, -0.0024417708050061314, 4.713435058089747, 1.5724217809740793, 6.712311800863063, 0.002884283716496489, 3.139982848034359, 4.712115504344058, 1.9984602134652183, 1.4368627296288099e-05, 3.146385466747928, 1.5823661717799082, 3.14168512273229, 3.138404650768265, 4.2130899618939495, 4.7123207797476265, 0.00016020102576491568, -3.762899256656049e-05, 3.5712920377770416, 4.712156943609463, 0.011798332161347912, 3.141953673322979, 3.569258649554544, 3.1437552717243022, 3.142036576279993, -0.0006858750424260164, 4.7142905765840215, 4.70846718540977, 4.7138242103870525, -6.814310785232064e-05, 3.1402963200291474, -0.0024369183095528046, 0.0016294215508181283, 0.0004978271737663482, 1.570411485324794, 0.0004991822224822978, 1.5721365551382387, 0.0014824336507589817, 0.024461569118280173, 3.1404305559384613]",0.0
164,1.6753914494554156,"[5.141597140822439, -3.844630418932938e-05, 4.712424692163143, 1.570791776054456, 6.712398116163774, 0.00027519842836987575, 3.1415869197322985, 4.716667946572543, 2.0000089648921704, -0.012872854742406691, 3.1415870988124213, 1.5707785098083964, 3.149230594372373, 3.1415959716182558, 4.213310097816871, 4.712388980262097, -1.134787442238991e-08, -2.8979296636304834e-08, 3.5707963453056886, 4.712388937211235, -5.872888495572086e-06, 3.142256970105713, 3.5707868895046015, 3.1415827091960065, 3.1415874866380085, -6.445333137274017e-06, 4.712374792775106, 4.71238251143307, 4.711811447211948, 8.050377746126463e-06, 3.141599703426239, 3.322126145973429e-06, 7.029692377620385e-06, 8.344263418679214e-06, 1.5708058934207216, 9.121101815258984e-06, 1.5707997068351327, 9.56550395363306e-06, 3.3037610239155814e-06, 3.1412108334891666]",0.0
165,1.678708905713231,"[5.141364386119178, -0.0011737397250784919, 4.711981065862156, 1.5713252292119158, 6.712620427500307, 0.0014692994507720055, 3.1414146232323783, 4.709709834120652, 1.9987756801110803, 0.009305464474329965, 3.1418152125218746, 1.5713712626722947, 3.159239518836808, 3.140781247548132, 4.189344820561548, 4.712217606726235, -0.0006797264891157553, -5.20562283189118e-05, 3.571036520124797, 4.7121949508306, -0.0002050581729406505, 3.1458858947443726, 3.5701536359395276, 3.1423707216864374, 3.14259442958381, 0.00025284956449360624, 4.712677296821295, 4.711709341094926, 4.713440947506243, 1.3311279141918624e-05, 3.141403074296195, -0.0010592655657974078, -0.0003515990915268566, -0.0005106802904983756, 1.571284574396092, 0.0003929111038823322, 1.5705140193547449, 0.0005750033460389556, -0.0009649722040259791, 3.1387048505846495]",0.0
166,1.6744213858822252,"[5.131875833165203, -0.000254406282830351, 4.711516468794118, 1.5707812307888387, 6.713640485540449, -2.7870382973412032e-05, 3.1419919869895785, 4.711422848567152, 2.0000012510244827, -0.0003827435464014224, 3.1332782432154604, 1.5719395872827555, 3.139824364015844, 3.1407882110895535, 4.212216570581975, 4.712212107855101, -0.000539238744373033, -5.83590833956347e-05, 3.571020395293493, 4.71219114097383, 0.0005054310231325755, 3.1413655144451393, 3.570148985196854, 3.142485748543234, 3.1422025602238732, -0.00015307795776360014, 4.71210249888332, 4.711817359491519, 4.712829561368662, -0.00021833452417753565, 3.1416160724437407, -0.0005234433980857261, -7.462191284589698e-05, -0.0003772562806020851, 1.571112229908551, 0.008213827111501532, 1.5708947823323554, 0.0004111843139784863, -0.0006519147866628194, 3.1411223437318125]",0.0
167,1.668396072774901,"[5.1415620403922, -5.0583260392728925e-05, 4.714435117085977, 1.5753406053648424, 6.712924207212427, -0.00014464270161680963, 3.1415183349120674, 4.711901854851897, 2.0004788735450934, -0.00048809092855177773, 3.141543529276972, 1.5707483912820288, 3.1411098175610044, 3.141541505394189, 4.211851193210261, 4.712389693230243, -4.714930101869947e-05, 6.91017136977587e-07, 3.5649157251580306, 4.712390047595658, -0.00010071050579018231, 3.141580773363711, 3.5707923874817995, 3.1415044696211445, 3.141608363471373, -7.971702202809096e-06, 4.712255669421051, 4.712414560557219, 4.712378624233977, -7.494676567265423e-06, 3.1415566112070685, -8.687615564821376e-05, -0.00010298146937460205, -4.601762519381701e-05, 1.5708116082136527, 1.5189847379069357e-05, 1.5707357034893945, 1.1452831042949352e-05, -0.00010434002703789245, 3.1415959228491914]",0.0
168,1.6707812463802265,"[5.1422328680314005, -0.0011166555586116199, 4.707364805324778, 1.5609533794615633, 6.711533479882172, 0.0024501842953171525, 3.141453006997813, 4.713520035265213, 1.9978436589259236, 0.0017588298699980035, 3.142629127129512, 1.5714739049961897, 3.1418593862337287, 3.1408831156310915, 4.214441966547901, 4.712221304742527, -0.0005627729824930239, -5.1268457281315486e-05, 3.5611536837563977, 4.712199296972602, 3.6432835264725853e-05, 3.1417262905183416, 3.57017614397085, 3.142561633653849, 3.1425698956781973, 0.0003071211029439348, 4.713012547057499, 4.711677115593272, 4.713086437684856, 6.152724694824143e-05, 3.141499933604002, -0.0008173566602562013, -0.00010432331997509529, -0.0003564644159619346, 1.5712518502728696, -0.00021461214605300228, 1.5709004454651476, 0.000547951580330785, -0.0007287564631974707, 3.141186962701539]",0.0
169,1.6784443138243275,"[5.146017593389238, -0.00016527118246403245, 4.712466963339643, 1.5708569185619712, 6.712267472958828, 0.0001589493746787979, 3.1415291977046365, 4.712510496296526, 1.9998803180894302, 0.00012221688397228897, 3.136756347110633, 1.5720669479094982, 3.141713693405425, 3.1409813277128085, 4.212510617895501, 4.708616392488667, -6.630503325966237e-07, -3.166020524131711e-07, 3.570796496647365, 4.712388268637701, 0.0012996368517841344, 3.141590272832984, 3.570797487757119, 3.141574525961136, 3.1415828089987943, -1.353522166923974e-05, 4.712352066164961, 4.712375935154283, 4.712380628429941, -1.4610048575318246e-05, 3.1415716751706717, -4.8593503212556694e-05, -2.02568603114708e-05, -1.0742490574284535e-05, 1.5707958330742513, -4.932549737758961e-07, 1.5707445296030929, 0.0001550617145690963, -5.531753842828222e-05, 3.14159883701488]",0.0
170,1.6750497223955665,"[5.145677592618566, -0.0012222517352775714, 4.712261277610987, 1.5717736155242001, 6.712549114015101, 0.0012623868651076464, 3.1413501436783346, 4.7125879522046095, 1.9988361416966507, 0.0007741498344276414, 3.1384295198256362, 1.5723426850185678, 3.1410064437571514, 3.1430960935733494, 4.2133231448956465, 4.726494952076614, -0.0006189803921878317, -4.536085696089749e-05, 3.571745112469243, 4.712217759086351, 0.0008415570432111422, 3.1416388797452512, 3.570216109826485, 3.1422356953789916, 3.142496290671346, 0.0002289665534514869, 4.712620517518277, 4.711754805988284, 4.712993213309036, 1.9141659578534417e-05, 3.141402389865263, -0.0010027252120184626, -0.0003451734378314106, -0.0004685051808021476, 1.571248488241318, -0.0001639064266576694, 1.5704983490679778, -5.829763924321192e-05, -0.0008832731154171862, 3.1412015582387234]",0.0
171,1.6753867666015645,"[5.141620520367415, 4.534005778648013e-05, 4.712140096288621, 1.5710659014589798, 6.712404952919414, 0.00047776169399031947, 3.1414969839392692, 4.712302910155525, 2.0001283989350416, -8.539207686294443e-05, 3.141679189945943, 1.5706942722858237, 3.1414998834667163, 3.141519938261501, 4.212381003908288, 4.712261480741976, 3.9456268176760044e-05, -0.007613795865368138, 3.570903870908756, 4.712403029075824, -7.045567836533161e-06, 3.141518741619107, 3.570771934037141, 3.141749078616186, 3.142085634558418, 3.645885595034583e-05, 4.713861266279985, 4.712279114910453, 4.712266746253989, -0.00018389609478831645, 3.141414641661778, -0.00037408262403318355, -1.884962608480591e-05, 2.0693895858018414e-05, 1.570775505514867, -2.154827178221079e-05, 1.5705686425584808, 3.247116190088212e-06, -0.00020028221903966139, 3.141619313220556]",0.0
172,1.6710379009334755,"[5.140963157308256, 0.00030194913107272215, 4.709866257177482, 1.57353242435043, 6.7127513338404015, 0.002049817538610315, 3.1406976501523545, 4.711738756398644, 2.0002811067074546, -0.00022435021086617113, 3.144337415675365, 1.570119652694701, 3.140315167596079, 3.1405275628264904, 4.21288965248089, 4.711164804506975, -0.00013637052872737926, 0.0045888237841735366, 3.5723419334676896, 4.712379045406488, -0.00044768032527503683, 3.141119902539455, 3.5701690329448788, 3.143114360005659, 3.146055072518294, 4.630745365544399e-05, 4.7239444867142595, 4.710936685619031, 4.7118253468161555, -0.0014959764301742924, 3.1400052053499317, -0.0038473958669902626, -0.00046198929449334, -0.0001973907051633705, 1.570965344027761, -0.0002884921912025248, 1.5686810360278112, 0.000419533601906189, -0.0023400915111313077, 3.1415474225441353]",0.0
173,1.6676462503607277,"[5.141195843938549, -0.0001785184087308819, 4.712786519590487, 1.571159866024121, 6.711297060202172, 0.00010180669362172358, 3.1451608613078856, 4.7133711432261896, 1.9990048860140681, 0.0009779542074602162, 3.141068263759164, 1.5720989414466544, 3.1428588683195224, 3.141167504321052, 4.212980726389281, 4.712532678662762, -0.00011402633700945079, 6.466264780314367e-06, 3.570672098701143, 4.712373639426561, -0.002037273666661447, 3.1390045855698494, 3.571003697995029, 3.1416346111218356, 3.1419810464766944, -0.0049978040816267165, 4.713261400405064, 4.7126418065717175, 4.711930327659773, -5.1605948322063195e-05, 3.141761141935663, 0.000711741098608014, -2.18974326101315e-06, -0.0001590954202674875, 1.570523771724095, -0.0005887034142402452, 1.5713327054259978, -0.0002514633457728828, 0.0005127598810023553, 3.142529762950562]",0.0
174,1.6792736564893311,"[5.140665741783429, -0.0006474992763247475, 4.712467879387052, 1.5712209108687898, 6.713508229229256, 0.00018159418917112726, 3.151020219882447, 4.7110857579940495, 1.9999345423990658, -0.0004987309421539936, 3.146102219414846, 1.5753294930987438, 3.1388123521878457, 3.1407414109341794, 4.212594173374474, 4.711726348248831, -0.0005654581289582328, 0.0017983017617156894, 3.5723374470160545, 4.712151041238747, -0.004973571997123913, 3.1445183042224945, 3.569556342728573, 3.142424052877155, 3.1412157881365648, 0.006067778684681522, 4.70903358279997, 4.71125355505552, 4.713631207093702, -0.00014008702221469482, 3.141615474680737, -0.0010786358172460162, 4.6792519248993265e-05, -0.00022743293250303932, 1.571526724754793, -0.000998501040011472, 1.5708463988394505, 0.0010059014102874518, -0.0008312318847731811, 3.1397661652342452]",0.0
175,1.6716090990846602,"[5.1418013941749425, 0.0003419348911498354, 4.712459787401659, 1.5707980168432638, 6.712506770933905, 0.0005218926239319137, 3.141275120933864, 4.712471360978554, 2.000122238513897, -0.00011755839288545803, 3.14179203686012, 1.570631060144713, 3.1413735247744445, 3.1415910125734374, 4.212191137952962, 4.712351546326345, 4.513208972988243e-05, -8.041748471836328e-06, 3.570835481156845, 4.712421016931832, 0.0001600385171794253, 3.1415595653378388, 3.568210283396747, 3.145402592179746, 3.141136420431603, -0.0005386771671442024, 4.7113496619699715, 4.71502346233132, 4.712247915317297, -0.005184030629638327, 3.1413943245417473, -0.00018805519474703725, -2.086548691076747e-05, 1.5179614887936701e-05, 1.568861054387446, -7.995072292660625e-05, 1.5707162273507165, 2.9930756573001422e-05, -9.65275784848934e-05, 3.1415967801002003]",0.0
176,1.6760734895476481,"[5.140417784442677, -8.910396000587467e-05, 4.712979732020158, 1.5717414092711377, 6.712474741426454, 0.0009025088564119799, 3.1385713407281375, 4.712326945106541, 1.9987252680776482, 0.0008782997168797007, 3.1445962384589947, 1.5694187512576, 3.1413328233809708, 3.140665864647291, 4.2136348792371345, 4.71185758838786, -0.0003579625699593114, 0.0012641069546335704, 3.5719615240379663, 4.7122661712506515, 0.0006320966621006376, 3.1406727759273823, 3.5716763624782115, 3.1500103068800662, 3.141086665711765, -0.0023504272420860717, 4.709725140611169, 4.7170338770642655, 4.712630017929375, 0.009437725106325562, 3.141349698919942, -0.0014216839868579345, -0.00035826335709058285, -0.0005021663214595718, 1.5743451318750925, -0.0003031639843166805, 1.5702993631639273, 0.00040875787549521006, -0.0009801088041158494, 3.1415017749508567]",0.0
177,1.6756178622033253,"[5.141635302752753, 0.005149012507538174, 4.713212943892416, 1.5708324694628995, 6.712561951268349, 0.005717994951791623, 3.1418639325638913, 4.7122269889000155, 2.000165448059992, -0.00020177736915954944, 3.1412902677920695, 1.5706708678847363, 3.141446639305315, 3.1414518823826727, 4.212231057622593, 4.712401312430246, 4.0414401983711003e-05, 6.753804428760626e-06, 3.5708046804334725, 4.712416307093699, -0.0001152249573261207, 3.140968370939681, 3.5708485757079433, 3.140951123098736, 3.1412603305532802, -0.0004032858001602703, 4.711648435759421, 4.711969911926258, 4.713321532089088, 0.00012187097210658923, 3.1414145165886014, -0.0003170496296428335, -0.00010428510216842562, -1.4698927690643599e-05, 1.5708390037265851, -7.563470691108909e-06, 1.5706657022255206, 1.52866017212818e-05, 4.072287192481247e-06, 3.140727333745219]",0.0
178,1.6769119796288667,"[5.140185045199956, -0.009240902444343632, 4.71381147873002, 1.571951936640245, 6.712092804351645, 0.0048728501075568685, 3.1378225893584784, 4.712663648935055, 1.9990109222325412, 0.0006386417247200126, 3.144370705601673, 1.5688489307935103, 3.141135622534085, 3.140031147710537, 4.213697048530473, 4.711266154904961, 5.596226535826161e-05, 0.0009574132971394912, 3.5723333756726108, 4.712208378030254, -0.00041514771680558693, 3.1409617534126055, 3.570452876217485, 3.1375696623789637, 3.1400499202435803, -0.003532117297481988, 4.70810384206017, 4.707885091566638, 4.7147152802320615, -0.002353975333461156, 3.1406989275889656, -0.0024164484185277297, -0.0002541570416708978, -0.0004020026409230207, 1.5704927371776183, -0.00017431143303177872, 1.5693834540360099, 0.00028532064624644024, -0.00222395150491612, 3.142927194983962]",0.0
179,1.6745050213553776,"[5.141656982648012, 9.545311173018306e-05, 4.712387260654842, 1.5708136518603086, 6.712431450828902, 0.00019667067484853033, 3.141456925970239, 4.71229425203779, 2.000109890175428, -9.617914075486957e-05, 3.141741022659117, 1.5707740626228728, 3.1414896561632886, 3.141618708355231, 4.2123546177649365, 4.712287162298817, 5.726005606892029e-05, -2.3530879887483146e-05, 3.570875314016377, 4.705144728822225, 0.00010337421258212987, 3.141601381738788, 3.5707836880576638, 3.1415540926021737, 3.1415553443503086, -6.195172383747141e-05, 4.712475373935045, 4.712298827106914, 4.7123786996499355, -0.00010010227433348454, 3.141593614111035, 0.0006403206583261136, -0.0025340116854622036, -0.0011955961319761806, 1.5707812954304083, -1.846674247928413e-05, 1.571116295826174, 4.803380406313862e-06, 9.498909593662608e-05, 3.141620274544326]",0.0
180,1.6751237091993096,"[5.1410419350719945, 0.0004850608775691736, 4.711926771096499, 1.5707982003209617, 6.7128657591060374, -0.0012753674915773165, 3.140319057377882, 4.712318407506099, 1.9995111166230508, 0.0002504881244113138, 3.1432911593147645, 1.5708194451347333, 3.141091546223945, 3.141687020828052, 4.212536110982973, 4.7123838897070245, -0.0004763573997907735, 0.0007462550545519739, 3.5711659768179973, 4.718806635204106, 0.0007383389463787096, 3.1416465711875174, 3.5706134594323697, 3.1407974829204734, 3.1422967203819194, -6.924185192497001e-06, 4.712707607728827, 4.71143518070518, 4.712345931988097, -0.0003939871198857332, 3.1421670100420283, 0.0054438486009718975, -0.011066470766776264, -0.0058535151830256035, 1.5708607963440153, 8.29636358135381e-05, 1.5726670319002534, 0.0003159633437664749, 0.0004974999685645424, 3.141464735152772]",0.0
181,1.6740690020038937,"[5.140849199993095, 0.0008471806827678539, 4.712583551222974, 1.5712424749086153, 6.712190473174583, -0.0012200233793360632, 3.1401063978123775, 4.713035079647015, 1.9987831178725919, 0.0009654051651363784, 3.1429606249637443, 1.5703249920786364, 3.1418147854664826, 3.1422250058662, 4.213196241907098, 4.712447070221428, -0.0004998615306995785, 0.0007578976895948482, 3.571118363728189, 4.7124767326794545, 0.0005492065832795038, 3.1412030774475075, 3.570727778127072, 3.140855814821543, 3.1423915427002016, 5.4042669078298125e-05, 4.712966954127783, 4.7115881050877375, 4.712299952618004, -0.0007011927852761497, 3.1561202825081187, -0.00027599264944487995, 0.002102325931328605, 0.0007354738879169905, 1.5705978855727751, -0.00018062162852061062, 1.571020408231584, 0.0034106276218686562, -0.00015394366799123646, 3.141202966338287]",0.0
182,1.6709540772404035,"[5.141161692534464, -0.0005381602539501749, 4.71217834564667, 1.5706836199272065, 6.712426712034343, 0.0002520276438077966, 3.1415367986251916, 4.711740959586419, 1.9997022978447305, 0.002308575464191908, 3.1418835394079014, 1.5708359384732504, 3.146003965859305, 3.141454280835857, 4.206678285164071, 4.712658707504257, -0.0001647119397974648, 0.0003929550881729269, 3.5707581654326495, 4.712614867391251, -0.00013371464906294147, 3.142706547049846, 3.5707257957379808, 3.1416940180334993, 3.141859291274525, 0.0001667674223775393, 4.712524057166952, 4.712207510743128, 4.712582133413946, 0.00016255511551892008, 3.14141985606803, -0.000266084050740332, 0.0001705782189843878, 6.563514433146857e-06, 1.570961904474608, 0.00015996644663632115, 1.5707359670993388, 7.992304509003702e-05, -0.00019476821648244585, 3.1409153174005624]",0.0
183,1.675010689689568,"[5.14158175735938, 0.0007886000256137435, 4.712337844186935, 1.5709011490955105, 6.7126706505899065, -0.0011153557298944025, 3.1414420707114026, 4.71274059983107, 1.9996389047556284, 0.0002510025461725863, 3.1416056819201192, 1.5705837795850903, 3.142024074908087, 3.1413166009967535, 4.212843196203238, 4.712374676272904, 0.00019471451782633958, -3.302449179065978e-05, 3.570825812495795, 4.71237086177072, -9.356777370606611e-05, 3.141461168313454, 3.5708274893207026, 3.1414973358619513, 3.1413950621524784, -0.0001465413821423557, 4.712464737473556, 4.712272860194479, 4.715691358088062, -0.00018322094791924367, 3.1413259991137434, -0.00046698013917086963, -6.0669673405072344e-05, -5.2791160915933454e-05, 1.5707209653072478, -7.977004513192805e-05, 1.5702518859106886, -2.547556753019023e-05, 4.0002723884427994e-05, 3.1415605457007274]",0.0
184,1.668039928854346,"[5.141307514684012, 0.0021855988811713216, 4.711773842330582, 1.570541622539191, 6.714466941471134, -0.0026309354604503728, 3.1406203812919617, 4.7127325851455915, 1.9989612581481693, 0.0008495428051695796, 3.1427281844582, 1.5704683795842407, 3.141612215468837, 3.1408856081767826, 4.213213291751336, 4.712800727842253, -4.9337592485857534e-05, 0.0006050335926458258, 3.5708333964981382, 4.712706864273355, 2.4193443976951297e-05, 3.1414862008562383, 3.5705624625041836, 3.139856477862049, 3.1411448494400096, -0.0008569760146440884, 4.710920737148649, 4.711307143245133, 4.70764273994403, -0.0003409451496977048, 3.140136826497889, -0.0013070482260143115, 0.0008571014545260873, 0.00024168283817841953, 1.5709320142828576, 0.00015589289671290825, 1.569400929960138, 0.00014439506903844704, 0.0002796735276491434, 3.14155068446541]",0.0
185,1.678039797950409,"[5.141599128368436, 0.0005470118455707359, 4.712444533480834, 1.570850758501997, 6.7122803398463216, 0.00039998940421087187, 3.141721396373173, 4.712649269831082, 1.9997202558086409, 0.00022544165525834097, 3.141216768311892, 1.5701342973647814, 3.141801488410384, 3.1417115366095834, 4.212575357636104, 4.71240313338243, -0.00013784737081288785, 1.6437398029208766e-06, 3.5707704531467503, 4.712400304199612, -0.0007717540959245364, 3.143232777374988, 3.5708101640218306, 3.1415419884530853, 3.1417298958544433, 9.45632270455378e-05, 4.712285808548211, 4.71259661375677, 4.712314511713402, 3.3970403058863495e-05, 3.141685538790242, 0.00019332710020735923, -5.851276180438044e-05, -6.723595950030956e-05, 1.5708727172099184, 1.910417980435171e-05, 1.5708247172202585, -2.0122764560302907e-05, -0.0014292904546003282, 3.144512190460272]",0.0
186,1.670100652725784,"[5.140684499480805, -0.0006053990550082382, 4.71281651771234, 1.5709585046122152, 6.711842687959001, 0.0010179625430736332, 3.141242177887621, 4.712361614384697, 1.9998479284376602, 0.00017084857267284374, 3.14282289511036, 1.5730926648311432, 3.141406339467524, 3.141266907767981, 4.212674405171608, 4.712597527032443, 4.1024633666079703e-05, 0.00041096960404407226, 3.5708451444879494, 4.7125679266337634, 0.002643334726979052, 3.1429193123059327, 3.570697731904854, 3.14186629878328, 3.141765479206158, 8.168000753282616e-05, 4.7131058243794115, 4.711807380654984, 4.712180071808734, 0.00014630684315323177, 3.1411391629184666, 7.138949959404684e-05, 0.0009340611363552115, 0.000474365665710231, 1.570606125071646, 4.626395493200277e-05, 1.5716016841011566, 6.073678383587939e-05, 0.005885957513505364, 3.14378365794012]",0.0
187,1.676975520247514,"[5.141457123723516, -5.598685097669562e-05, 4.714814194844544, 1.5698529760885358, 6.712203551260302, 6.622117036791716e-05, 3.141548170327578, 4.712545470121674, 1.9996966293793417, 0.00015640252027006272, 3.1414352668529384, 1.5706365591153164, 3.141445489867272, 3.141487806659912, 4.212853169722702, 4.7123915141798625, -2.1845096398336892e-05, -3.129540726245523e-06, 3.57079494448524, 4.712391717085957, -0.00015787248635218363, 3.143771682912165, 3.57084174279847, 3.141641557772366, 3.141857405581819, -0.0009345263929951367, 4.713057408680951, 4.712406605979916, 4.712275776769656, -5.1932422225311595e-05, 3.141518501230332, -0.00010813140227113414, -6.890130744794095e-05, -5.275152871091252e-05, 1.570752698375831, -4.51871397378414e-05, 1.5707041394536856, -4.19782242420195e-05, -8.064412025123167e-05, 3.1402196436564926]",0.0
188,1.6727441328584194,"[5.141549192170402, -0.0004383494836547037, 4.716547693388945, 1.568260530472642, 6.713097398731094, -0.00039061456662587985, 3.1412840559989914, 4.711646797947433, 2.0002397984959397, -0.000691841783576329, 3.1421118828180115, 1.5710100779855842, 3.141141038577249, 3.141696061048268, 4.211051918004644, 4.712612171837683, -0.00044451200322509894, 0.0003515233086685797, 3.5707519317291094, 4.71257836223255, 0.00013989004419336665, 3.1367883696416796, 3.570644886253405, 3.1415212248525064, 3.1423684651947115, 0.0021456642283687703, 4.712977847173483, 4.712420403373504, 4.7119847151653325, 4.3739028749790776e-06, 3.1412642434983953, -4.336688122312851e-05, 0.0003403966770328093, 0.00011581739563649094, 1.5709714672475823, 0.00019117149109465864, 1.5708867013017638, 8.062084913249306e-05, -0.0003608080210697732, 3.143431830396969]",0.0
189,1.67561701161009,"[5.142767442403584, -3.573375138950193e-05, 4.712525016703217, 1.5708773442951778, 6.712237984040602, 0.0003684512970385892, 3.1418323927294685, 4.71254145037946, 1.999847466743713, 0.00015230683979655538, 3.142637947380296, 1.5706940123106703, 3.1417452813131272, 3.1415738198231864, 4.212539824014731, 4.712391069768349, 2.162137043938454e-06, 7.567611562513899e-07, 3.5707959764845456, 4.712392604112882, -9.019218071932853e-05, 3.141577287225777, 3.5729471043228482, 3.141904883657999, 3.141569022789594, -2.8024136769493508e-05, 4.712335536135044, 4.712608864112365, 4.712380274857338, -0.0007053106366051924, 3.141579852480012, 1.2682522116897788e-05, 1.808072018362365e-05, 2.1839034221536224e-05, 1.570812737776939, 0.0026925521758515234, 1.5708217156133266, 6.354895084647487e-07, 3.530459725800028e-05, 3.1415917583202453]",0.0
190,1.6754978412886103,"[5.139542044788699, -0.000477330023103019, 4.711125529822161, 1.5708075795166894, 6.712935808036147, 0.0002434809665975906, 3.1410801476828616, 4.711871034228893, 2.000346784045817, -0.0004623607152072643, 3.140389693141096, 1.5711238011956592, 3.1407738440410764, 3.141778674279347, 4.211857922145042, 4.712626776215071, -0.0004264636756698843, 0.0003711292387770661, 3.57075053676464, 4.712593257355601, 0.0002760226164977805, 3.14102910683287, 3.5760538131262747, 3.142143150582333, 3.141934759358747, 0.00023252742553840373, 4.711884219515324, 4.712945806600422, 4.711859208112704, -0.0016134540487398393, 3.1413223526741314, 0.0003639239139593988, 0.0005105671072641615, 0.00016513426497571145, 1.5709345312894347, -0.004194570139777965, 1.5712697274151786, 7.549910314774291e-05, -3.844802222434687e-05, 3.1408601048756966]",0.0
191,1.676361188030004,"[5.141576260922596, -0.00011773825739087485, 4.712285717199462, 1.5708367909542806, 6.7124189281802735, 0.0004773595337159251, 3.140075829837439, 4.712199802356225, 1.9994079689669082, -0.00017441870912627812, 3.1416865841713, 1.5726762813427348, 3.141423385951978, 3.1415678853073983, 4.212268132866044, 4.712354223893387, 7.605593295929344e-05, -7.727559919432538e-06, 3.570826833260159, 4.712377648698979, -0.0015747217708426105, 3.1416751262492233, 3.5707174856737978, 3.140238161497728, 3.141583434413383, 3.345213038290073e-05, 4.7126260733112995, 4.714495192441879, 4.712506789070022, 4.2326581690201535e-05, 3.141609660859823, -0.00014206943897274193, -6.356389506178555e-05, -1.79152156267027e-05, 1.5708095646321845, 0.0001967214259412949, 1.5707020529804392, 1.6686793331649013e-05, 8.630217631059773e-05, 3.14154014572778]",0.0
192,1.6703143644043967,"[5.141199171911201, -0.0010552559570793651, 4.7113253058322595, 1.5712105847821334, 6.712120412250522, 0.0005853025560183471, 3.144434069350318, 4.712085208744972, 1.9987453377229065, -0.0002157803685298219, 3.1419206969218814, 1.5674672546603505, 3.1410288412676923, 3.1414668216691934, 4.212186623396683, 4.712573317432216, -0.0002760657246026035, 0.0003585437367083728, 3.5708027479663986, 4.712577415340621, 0.003410481270591561, 3.140895001417589, 3.5695765138401696, 3.1387288557212054, 3.141977304619261, 0.00033933494294403725, 4.712510151432602, 4.715981757266434, 4.71207274636004, 0.0005057111951880075, 3.141366952523897, 6.665878664264542e-05, 0.0003522308355376881, 0.00010078385448133301, 1.5708896849462972, -0.00019183616428120474, 1.5711199756009928, 1.6171299610452382e-05, 0.00018782822477872777, 3.1406774154254262]",0.0
193,1.6814152847179251,"[5.141704548041924, 1.487776797725241e-05, 4.712352206915685, 1.570880559213586, 6.712423640591159, 0.00029731881244121096, 3.1413941572265847, 4.71228472420123, 2.0000827443657303, -7.117500416714068e-05, 3.141717035078801, 1.5707828924741836, 3.141531758470758, 3.141552818480365, 4.212397776043544, 4.712323380639013, 0.0001642252756534783, -1.2422007351894208e-05, 3.570848692571554, 4.712264475725479, -4.9391885313831036e-05, 3.1416236630973455, 3.570654989730639, 3.141585063938207, 3.1425157158479657, -6.0306595904311994e-05, 4.712169288024358, 4.712307638341749, 4.712517071263427, -8.957740107278342e-06, 3.1414263753872524, 0.0008319430244781474, 0.002016488577023463, -0.0030548005857884693, 1.57076411147008, 6.497680700992542e-05, 1.5706824354065836, -2.092517323012414e-05, -4.670240950665049e-05, 3.141474042561287]",0.0
194,1.6806806090906532,"[5.141490953169953, -0.00031486697279336536, 4.711596739589045, 1.5713496974542955, 6.7122461093667685, 0.0003968321656798092, 3.1409687521888263, 4.712452769780337, 2.00006881004052, 0.0001936120664582537, 3.1420455732304267, 1.570712777532497, 3.141536914306144, 3.1414913754371883, 4.212738922009167, 4.712395664459373, 9.573618978795191e-05, 0.00025325319220687487, 3.570897051559325, 4.712190553549798, -0.00014442095322975476, 3.1410444083334346, 3.569616998685081, 3.141976495163079, 3.144584253688846, 0.0001411388984459915, 4.711585822792916, 4.711297656857058, 4.712351680385529, 0.0003732443544580379, 3.141015826724673, 0.004967307523002298, 0.0004206496084931062, 0.004116581483795538, 1.570722014337751, 9.058839923009817e-05, 1.5690544062540037, -0.00013377040321118792, -0.00019855409703664192, 3.140591198681252]",0.0
195,1.6698471457967956,"[5.1415665767589775, -8.351428285910516e-05, 4.712444605523001, 1.570814246787794, 6.712350971778226, 0.0003050872433483932, 3.1416037313389027, 4.712395382659309, 1.9999609704118255, 3.7603907241569893e-05, 3.141554183616238, 1.5707605326813658, 3.141646473534064, 3.142257825245337, 4.212442303015581, 4.712390513294642, 1.665772917538251e-06, 6.600945571202634e-07, 3.5707960159637375, 4.712390548414498, -5.9478344230345456e-05, 3.1415610919772234, 3.5710624260165584, 3.141590174857319, 3.1415949644439927, 2.4984560999636507e-06, 4.712390580133271, 4.71238645140979, 4.712389916923395, 0.0008374669462828618, 3.140943326137054, -3.7147307828718694e-05, -3.527998468976668e-05, -1.4149030835994744e-05, 1.5682718604159258, 2.6124125148825974e-05, 1.5707666933362958, 0.002682430113137392, -0.00010911225056592275, 3.141589400399909]",0.0
196,1.672951794639298,"[5.141508261445, -0.00022692913093653053, 4.711816073276484, 1.5707092575609605, 6.712730372968366, 0.00018157885671229383, 3.1416297957016885, 4.712115453666262, 2.0003596599796087, -0.00020824474813869762, 3.1418123980537183, 1.5709032944101198, 3.141219813704964, 3.140450399407478, 4.212104778223235, 4.712570800003782, -0.0003626551294836702, 0.00020801997685961215, 3.570726509635784, 4.712585377341887, 0.00020015551316237418, 3.14133113691411, 3.57092049686558, 3.1418220290193406, 3.141200322307762, 0.00022866737021596286, 4.712388752609587, 4.711818938180898, 4.712001665468277, 0.0018904873086767532, 3.1427888448137855, -0.000822968882744287, -0.00031301371941825653, 0.00030333915013720515, 1.565703982359818, -4.8084275104407187e-05, 1.5712888716252351, -0.005033819709641219, -0.00033576897708610995, 3.141349002972057]",0.0
197,1.6761268186551705,"[5.141607846632714, -8.89475698251638e-06, 4.712457795214491, 1.5707831848472376, 6.712408106632012, 0.0002603819434237746, 3.141573879601685, 4.709210483643316, 2.0000096439014445, -1.1891904190368342e-05, 3.141565238523762, 1.570727173752976, 3.143165284512074, 3.141549122958934, 4.213948384981941, 4.7124051179962345, -0.00023507620791493594, 2.9402999012764876e-06, 3.5707914835655528, 4.7123983287491, -3.2300370493461444e-05, 3.1415705838845587, 3.570769339989234, 3.141586249976894, 3.141592693062966, 3.942238161441582e-06, 4.712375731284993, 4.712398644879802, 4.712364398868333, -0.0001574502020445109, 3.1415971266588034, 3.4468275566398635e-05, 2.4638018083759513e-05, 8.06201173552121e-05, 1.5707763172059455, -1.9013825172123745e-05, 1.5711817135498571, -9.770024582631537e-06, -6.38233063129623e-05, 3.1416078678930814]",0.0
198,1.6753116477287635,"[5.141806404370213, 0.00036898347191194157, 4.711802322252925, 1.5713687139037704, 6.7122385967601135, -0.00036337782526526163, 3.1405387491196413, 4.713515872121167, 2.0000704826629736, 0.00012020561481455732, 3.142081186941787, 1.5704285389006676, 3.1409951072678224, 3.14140070283676, 4.212178800708572, 4.712280931488267, -0.0031820599664824398, 0.0001190098835570482, 3.571043841741386, 4.712323739430384, -0.00037452473474732694, 3.1411929938131085, 3.569673280769549, 3.1415065467714705, 3.1410407894102104, -0.00017695810042939617, 4.712675631023519, 4.711307693316347, 4.7125500635530315, -6.74674910053993e-05, 3.1406377401983483, -5.766620928513373e-05, 0.001002326035452811, 0.0011313185836469642, 1.5714452123802707, 0.00014080708530377526, 1.5769630237462924, 0.000436030609627262, -0.0006530437561503061, 3.140677758397538]",0.0
199,1.6803507727831475,"[5.140586554594212, -3.8943756042705346e-05, 4.712788199320087, 1.5713396247858267, 6.711308703821268, 0.0005295280972259933, 3.1413724252394806, 4.713413503790714, 1.998980879573232, 0.0010280941529181831, 3.141714341974955, 1.5703481409058082, 3.142613134444794, 3.1433829932555652, 4.213511211260228, 4.712354179704841, 0.00013296392147989488, -1.4532954665220146e-05, 3.5707790460371056, 4.7123361609509775, -0.0005511473759838839, 3.1411442401632805, 3.5708418021267367, 3.141718505202149, 3.1414714999310167, 0.0014209439582390758, 4.712490268812691, 4.712349515554425, 4.712048207146701, -0.00018782489874471684, 3.1413006838318394, -0.0001198412794794151, 2.285133381302688e-06, -0.00022135953747719737, 1.5706512634802117, -9.519826102827054e-05, 1.5708185432685253, -0.0007211741972988713, 0.0002712867363089055, 3.141192356132061]",0.0
200,1.6770150219063122,"[5.145413391985224, -0.0011328655311784056, 4.711682873133225, 1.5713543768429397, 6.712580343466375, 0.0002828831582820445, 3.142293239634905, 4.713120740267531, 2.000059147069916, 0.00029784383917371126, 3.137607320650759, 1.5721849163966783, 3.1411983736747042, 3.1409738755326035, 4.211914265603606, 4.709623164982586, 0.0002793375983249324, 0.0005645189078918835, 3.5711448621638016, 4.713018213899657, 0.0016576054297109046, 3.1406904446738526, 3.569961092821192, 3.142264297280056, 3.140707470242951, 0.00040312590054374754, 4.712116231574446, 4.711301461550841, 4.711252787430131, 0.0005597979946885131, 3.1420558713991857, -0.0016453308920014059, -0.0012154794870095095, 0.0005542890206188693, 1.5718329641927116, -0.0007350829234106381, 1.570059561052637, 0.0005707571723414372, 0.00038147261951463425, 3.141163015993987]",0.0
201,1.6811477398572536,"[5.14220204295312, -0.0004806558639176946, 4.712112974051059, 1.5709583933941964, 6.712483230981973, 0.0004654234985858747, 3.1416831129031926, 4.71245257633402, 2.0001839458769393, -0.00011205116355086988, 3.141113092188994, 1.5710501712301737, 3.1412613781735907, 3.141890594385726, 4.212332866620409, 4.715989338163109, 7.327462589747773e-05, 0.00011197672112892189, 3.5708969345997397, 4.712482658545682, 0.00014966981708349215, 3.1414638382764153, 3.5704464995644414, 3.141839614040219, 3.1414254316329995, -9.350967642605532e-05, 4.712469190689526, 4.712037393702789, 4.712344678041944, 0.00014562738083325537, 3.1416722844489513, -0.0004835319781050683, -0.0002771518881149515, 5.1353614915758945e-05, 1.5711542179192857, -4.1400037696137075e-05, 1.5706001189815781, 0.000132105613348322, -9.551459203088568e-05, 3.1414411273310736]",0.0
202,1.6738125148934102,"[5.141595892967511, 0.0006519418214679779, 4.712339014346014, 1.5707787461437304, 6.712409755065564, -0.00014101492901931527, 3.141638273893279, 4.712360469276876, 1.9999915106927817, 9.3854595380555e-06, 3.14162233073878, 1.5708235083669289, 3.1416059649182166, 3.1416383486850554, 4.212392433338405, 4.712430356353203, -2.452631049226164e-05, 1.000450611854738e-05, 3.5707596576365424, 4.712391557963078, 5.3250729943177313e-05, 3.1415710738978873, 3.570891811852857, 3.1426959429105352, 3.141672323750944, 0.00010001403998625792, 4.712542443509547, 4.713188985940568, 4.712202222204024, 0.0010199032611845564, 3.1416453206901362, 8.114347358456168e-05, -4.098328707591024e-06, -1.0333484005040791e-05, 1.5711346739169836, -3.335393949588682e-06, 1.5708722949115261, 1.2872264144557276e-05, 9.863151293509097e-05, 3.1414817820112977]",0.0
203,1.6819313585762714,"[5.140546207280185, -0.0016027147921012772, 4.7124412767267945, 1.5710058464102867, 6.712473753162792, 0.0012372943084646834, 3.1407749891460024, 4.712448738176931, 2.0002230042511866, -0.0001263008442621343, 3.1430110012975314, 1.5700734965757686, 3.141265377379676, 3.140974843793929, 4.212328455659576, 4.71162568103395, 0.00022251844758515495, 1.6499752499622604e-05, 3.5710596555238894, 4.7125414772696095, -3.3526637927108284e-05, 3.1411159812085923, 3.5705370582472997, 3.1421113934922027, 3.1407753759447647, -0.0011828808434929147, 4.711273994441698, 4.7120172395303985, 4.71253401020347, 0.0007401962917624271, 3.1415843073920993, -0.0008894182094027012, -0.00035798153539131256, 0.00011291408599492336, 1.5713938847657107, -0.00013173999945485952, 1.5703323653725108, 0.0002958173726638436, -0.000304519326277122, 3.1417586861153555]",0.0
204,1.6771156717779316,"[5.141645801531043, 8.705729307570067e-05, 4.712350978965268, 1.5707132559964896, 6.711166043275353, 7.979364868432356e-05, 3.1416032054118346, 4.712097654502153, 2.0002735290618454, -0.0002697516946416199, 3.1414821666690704, 1.5707854926160516, 3.1413344648232076, 3.14145191372073, 4.212115689848854, 4.712389197418783, 4.35070198011454e-05, 9.73440814220208e-06, 3.570743502393877, 4.712443721462824, -9.928381621906128e-05, 3.1416114052077653, 3.5708053371289226, 3.1415578558215302, 3.1414915128163114, -4.1775094381989826e-05, 4.712234449888338, 4.712363781613639, 4.712368616845732, 4.091160883959596e-05, 3.140307630313258, -9.997071723170364e-05, -0.00015257049372641415, -5.7670012236617496e-05, 1.5708209012142718, 3.50242093057456e-05, 1.5706352684373681, -0.00027185447442955763, -3.617790872143619e-05, 3.141624607004037]",0.0
205,1.671231121133104,"[5.14123363285133, 0.0007928443230648498, 4.712175187849093, 1.5706845485367826, 6.710509504617882, -0.0005451157227190868, 3.141463625909629, 4.712145175114741, 2.0003506965802926, -0.00030714285383484424, 3.141926407774443, 1.5706566314649064, 3.1411807257681645, 3.1415335635018073, 4.211886281693785, 4.712221466453293, 2.189162979872731e-05, 7.354038856989098e-05, 3.570673630668365, 4.712383159255647, 6.719597768525248e-05, 3.141416130707279, 3.5706279442380655, 3.141051383084343, 3.141532797035928, 2.3118267232906688e-06, 4.7125026206415646, 4.711887549758397, 4.712108158582351, -0.0005357107165339539, 3.144331599412701, -0.00023077218259078664, 0.00020323831472787295, 0.00025885533882501037, 1.5707156391833612, -4.257119981901131e-05, 1.5706122813995875, 0.0007277076927759575, 0.0001184347201279298, 3.141459800336608]",0.0
206,1.6705770265581286,"[5.14182995502364, -0.0002043529008242408, 4.7123690925426, 1.5706944168195878, 6.712489065500192, 0.00038324718474630677, 3.1416158748867633, 4.712264295467584, 2.0001164385448047, -0.00012034030757553911, 3.1411679698388366, 1.5699195973942262, 3.1414757589010356, 3.141538487621402, 4.2122613666004325, 4.712384936380065, -4.363838379865902e-06, 1.8728075356132498e-05, 3.570745131105908, 4.711991511928786, -0.0009939322835273647, 3.141599177118504, 3.5708110614774164, 3.141680350031555, 3.141611656022445, 7.278271387710783e-05, 4.71242633260616, 4.712474906431908, 4.712407089228789, 7.685245055172053e-05, 3.14160404322864, -0.00042078171390849906, 0.0007785871207847427, 0.00041374198266888064, 1.5707773506594038, 2.2389518494051766e-05, 1.5706556682541999, -1.0178562071172962e-05, 0.0007692968390445525, 3.141598000015046]",0.0
207,1.6736033186258834,"[5.141581230366429, 0.00010722645330609869, 4.712081157038591, 1.5705767571274754, 6.713187652211389, 5.486404294980594e-05, 3.1415617763595396, 4.712296519201766, 2.00020212466168, -0.00017196177639427818, 3.141577980899793, 1.5697113389698343, 3.141320208503618, 3.1415295121301248, 4.212055044178296, 4.712226871416151, -5.230613649403328e-05, 6.588680166461978e-05, 3.5707298944037844, 4.713611077214011, -0.0010048467773146668, 3.1415479503799033, 3.570633373743855, 3.1413003216867295, 3.1417017523665494, 0.0001451819327854575, 4.712697375858828, 4.712089439833416, 4.71222034137503, -0.00031235577995558325, 3.141796874686574, 0.0010804101393023767, -0.0023906116049490157, -0.001056536011053027, 1.5707424467322952, 7.4167972005680735e-06, 1.5711996120435896, 0.00010345376536179896, 0.0013386766962157559, 3.1415211164149017]",0.0
208,1.6798258093389653,"[5.141592173459756, -3.499456627178186e-05, 4.712484834535548, 1.5707694336749605, 6.71239013062694, 0.0002727059766299671, 3.1415718074629337, 4.712248387049904, 2.001084567720893, 0.00150038615215568, 3.1415833329090104, 1.5707774190829742, 3.141130681058469, 3.1415786527284855, 4.2125697447794535, 4.712388978079142, 8.217194869913968e-09, 2.1471408281607176e-08, 3.5707963122779156, 4.7123907922867, -2.0293061351766526e-05, 3.1415186895194367, 3.5707972632952747, 3.141405634014427, 3.14159639507019, 4.775491311507962e-06, 4.71240010693486, 4.712660469111738, 4.712443731371908, -1.494451528927168e-06, 3.1415910614309634, -2.5280876571099957e-06, -1.5939543842447839e-06, -1.2627439695759057e-06, 1.5707953720290786, -8.982161796905976e-07, 1.5707938132988812, -9.498077839692691e-07, -2.532714808858931e-06, 3.1416291479299407]",0.0
209,1.6773835911099721,"[5.141271741330999, -5.567456424629115e-05, 4.712307835643312, 1.570511763297216, 6.712833204644765, 0.00023041271636324722, 3.1419776947265445, 4.71377310847744, 2.002339025499668, -0.0016178655001391053, 3.1416358076675244, 1.5710575862867473, 3.143443254835869, 3.1414568813006434, 4.212992637822075, 4.712243231817573, -6.092731645103195e-06, 0.00010068491526389404, 3.570601098614676, 4.712379847525854, 0.00014201425749261099, 3.1416887746841597, 3.5706948673523873, 3.141053976265059, 3.141617632224091, 0.00019893851088203124, 4.712566381804776, 4.712759856705439, 4.712125543868517, -0.00017980096866930306, 3.141596782320274, -0.00015745195470617888, 6.172101639598715e-05, 0.00020403828449384442, 1.5708166406073627, 4.3956501773918745e-05, 1.570770116844958, 6.216648259259557e-05, -2.5479742150386564e-05, 3.141479406673968]",0.0
210,1.6686528856269294,"[5.141498586968726, -8.476017930116676e-05, 4.712538932410204, 1.5709012533269213, 6.712191343723508, 0.0003975251411337747, 3.1415237593292495, 4.712585262319495, 1.9998052218544562, 0.0001975329394493414, 3.141476708511346, 1.5706705837928443, 3.141790729302221, 3.140320880767548, 4.212587451775046, 4.712586042793144, 1.4333580471169474e-06, 4.1230524490429295e-06, 3.570794699586883, 4.712359626523257, -0.00010932364055773658, 3.141499891058457, 3.5708632710795545, 3.141672010919745, 3.1406210105175356, 0.0004632462272329836, 4.712835121823018, 4.71243349166723, 4.712256981580739, -2.518992996965557e-05, 3.1415729150986262, 0.0005927295148538714, 0.00018169440026539202, -7.634187769932763e-05, 1.5707290664793223, -6.723811972546273e-05, 1.5706462502020915, 0.00023429911531154646, -5.5396334394675534e-05, 3.1415381629447956]",0.0
211,1.672056268552279,"[5.141540274535933, 2.2981872096564657e-05, 4.7120959857908655, 1.5704344143212439, 6.713209924559049, 0.000156791617902846, 3.1419547874998077, 4.71192746573632, 2.000004596719784, -0.0004897803147226813, 3.1417983822868356, 1.5710442585852586, 3.141077282065329, 3.14348190718429, 4.21177464736085, 4.711936461357985, 8.839711308575802e-05, 9.75509543395998e-05, 3.57060739562906, 4.712311819683245, 0.0002176154799650864, 3.141694678587909, 3.5705981713618122, 3.1414324399000053, 3.1393070431249, -0.0005341923428946361, 4.7135252786678405, 4.712027267864822, 4.712445042255229, -0.00013832467288009542, 3.1415321053499956, 0.0010426864507175758, 0.0006873237637923958, 0.0002748531539600226, 1.570888349346764, 0.00011454561913582148, 1.570390591358554, -0.0003432717363339409, -0.0002161925922930253, 3.1416170029367048]",0.0
212,1.6672741066233505,"[5.142250095862521, 1.6462134932551866e-05, 4.712255599347097, 1.5711050540817502, 6.71233553517382, 0.0004752511828747606, 3.141455770521787, 4.7123915374529926, 2.0000352533633605, 8.233446619350013e-09, 3.1424700786919226, 1.5706246579696148, 3.1415944261185986, 3.141533868239071, 4.2124453019024255, 4.712279952952393, 2.4606099494324188e-05, 0.0003402953850654294, 3.5709315383962683, 4.712403243306518, -9.955726534195713e-05, 3.141553139365026, 3.57078335728102, 3.1416765313706514, 3.1419923814193034, 1.5883717000918053e-05, 4.713568338531057, 4.7122881994484, 4.712297652757457, -0.000133976329698227, 3.141432084468432, -0.00034446105229948317, -4.055774793700866e-05, 9.076651531079956e-06, 1.570788452756047, -0.0006371672065104371, 1.5705753909366826, 9.865636149736407e-06, -0.00018376512102592806, 3.1416242643128176]",0.0
213,1.6743488598608538,"[5.139498892542239, -3.2739493253425544e-05, 4.711757315415487, 1.5711132006322077, 6.712931613064936, 0.00045054547829810653, 3.1417670654736503, 4.712106700477493, 1.9997845659793771, -0.00015467370246171288, 3.1404617591654684, 1.5710599576136994, 3.141008030464899, 3.1411182731420246, 4.212290315369611, 4.71210340811981, 6.725034730806987e-05, 0.000536599027660298, 3.5709387135210346, 4.712347342546207, 0.00010837214037431829, 3.141463808990896, 3.570531023772251, 3.1419381753489004, 3.1424979393320918, 0.00012010300625914553, 4.714052316058099, 4.711883837206638, 4.712275625009885, -0.0003706682020442606, 3.1413694852204594, -0.0008110702483778174, -6.778960073099676e-05, 4.199683921123384e-05, 1.5708843865306603, 0.001501960908294821, 1.5706042197768308, 0.00018754923180876477, -0.00047364279267137583, 3.1414683592282553]",0.0
214,1.6725006060300154,"[5.141686371410953, 5.091472159505009e-05, 4.712437061423061, 1.5707203176765336, 6.712341218025935, 0.00023968345386839757, 3.140976014177822, 4.71243889986348, 2.0000091738023786, 2.000855094134517e-05, 3.141326090095123, 1.5704404065712296, 3.141743248865193, 3.141575919560652, 4.212372839522617, 4.712435731657424, 0.0015522050446803235, 2.6571229198443665e-05, 3.5707034374657054, 4.712402578424234, 0.00023084441607653533, 3.141408929536993, 3.5708648794515074, 3.141522442146602, 3.141616601684057, -0.00034397313714141625, 4.712601625600353, 4.712436365482499, 4.71231072916523, -3.41129506876313e-06, 3.1415567646477913, 0.00010968528878525137, 7.321545270234105e-05, 0.0001409098714780073, 1.5707423484978829, 4.315374972781833e-05, 1.5714802799691021, -5.453903962397448e-05, -7.572472707976035e-05, 3.1416864245176632]",0.0
215,1.6780462329493822,"[5.141466255136313, -0.00010485281802392702, 4.712404192578185, 1.570820825327801, 6.7129430761335165, 0.00013103115646254023, 3.143743830048902, 4.712137734295843, 1.9996412320215886, -0.00017521408032160167, 3.1426734667963747, 1.5718061849475233, 3.141029645247023, 3.141190067457923, 4.212201709157187, 4.712190686877972, 0.0014921089654686848, -8.467916930012352e-05, 3.5709319791413137, 4.712346511819425, -0.0009079157194054758, 3.1421139128301108, 3.5705175024247016, 3.141612166717269, 3.141628185979604, 0.0013288776707966695, 4.7116372935550155, 4.711939648748546, 4.712443594648921, -0.0001682271920669023, 3.1415995568847235, -0.0002914974009036352, 0.0001046023049396764, 0.0002845510868223172, 1.570912832989133, -0.0004294355681501267, 1.5715724311930261, 0.00023973416447160375, -0.0002123901108575062, 3.1412167038218644]",0.0
216,1.6781650552662777,"[5.141465310558211, 8.835030422172722e-05, 4.713057209311908, 1.5719787822044498, 6.7124527107475425, 7.482473914004488e-05, 3.141575769440803, 4.712259873251593, 2.0002473173268442, -0.00020185811422744626, 3.14151786796051, 1.5708145500526396, 3.1415534669421517, 3.1416466796157096, 4.212170886747087, 4.712418954570832, 7.161817028303591e-05, 6.546607304953336e-06, 3.5720054761511295, 4.71240367629627, 0.0001143902472234399, 3.141663511049494, 3.570863674211928, 3.1414998218561947, 3.1414848085744604, -3.375702632281298e-05, 4.712359982297608, 4.712450799063225, 4.712343947817411, -7.868828999452714e-06, 3.1415811577096684, 0.00010677504605073002, 5.537860024366967e-05, 6.531645996171117e-05, 1.5707266723169568, 2.685088770410805e-05, 1.5708297686853365, -6.436825030093433e-05, 0.0004022246498042407, 3.1418119272027196]",0.0
217,1.6677692378552984,"[5.1412799479537865, -0.00015286161525513326, 4.712265153140552, 1.5701874999092222, 6.7123098884928165, 0.000780574688493629, 3.1414311805678086, 4.71258879359035, 1.9994231565763625, 0.00013663270363865304, 3.1421551131985503, 1.571825015680594, 3.141631302383577, 3.1412892243673447, 4.212516377614977, 4.7124129791866105, -0.0002469063163539587, 2.4123983687125346e-05, 3.570064262659046, 4.712322774668437, 0.0014364910185415102, 3.1422570472297027, 3.5707091125386214, 3.141689062046591, 3.141811263424681, 6.399912375632576e-06, 4.712668592673074, 4.711998118985273, 4.712541776606646, -0.00010103314733128311, 3.141460396138376, -6.45451142432709e-05, 0.0003331955686285931, 0.0003295778016390696, 1.5706765944555632, -0.00016986473556739105, 1.5711054653491714, 5.4164037959769644e-05, 0.002599574965658981, 3.142977028635048]",0.0
218,1.6692191773222507,"[5.141640316873254, -8.048139561843434e-05, 4.71348815776327, 1.5700710838836982, 6.71267194055882, 0.00012544030701683694, 3.1415251714127304, 4.712293889855632, 1.999845441819935, -0.000215589852710123, 3.141635976137163, 1.5707599830813666, 3.1415111037092127, 3.1415576359220485, 4.2120229970213146, 4.7123975242416964, -0.00024444636670582017, 2.1107179811453226e-05, 3.5707001396283236, 4.712387046123032, 0.00010595986718671968, 3.140506632477652, 3.570772552638397, 3.141524737901208, 3.1418359764287476, 0.000448632436591735, 4.712501547531157, 4.71236341802699, 4.712367747770585, -8.101151972806317e-05, 3.141588309527904, -2.8364753525762744e-05, 1.3505686384404882e-05, 0.0001000516203085546, 1.5708105080217443, -6.237999015546441e-05, 1.5707766029642307, 1.1333631474363332e-05, -0.0002317527821526685, 3.142072433004534]",0.0
219,1.6788176395861154,"[5.141599736182745, -3.973680935646554e-05, 4.712176507493246, 1.5702330984079653, 6.712323376536861, 0.0003388749330817438, 3.1415796855166436, 4.712445004846206, 1.999949028360555, 5.195864302953092e-05, 3.141591888783192, 1.5707889306232738, 3.141639990462857, 3.1415632357639365, 4.2124578912360375, 4.712390427085638, 1.0803383340124822e-07, 4.6013190974328234e-07, 3.5715211344256663, 4.71239006781401, -1.2033180578809038e-05, 3.141586987399949, 3.570800979957334, 3.1416120972538693, 3.1415877990790073, 4.933785580549722e-06, 4.712409990876391, 4.712379664779637, 4.712398087783973, 3.776419230530049e-05, 3.1416232934426134, 1.7333741833283384e-06, 9.645779427906823e-06, 1.1992645467075874e-06, 1.5706929386033772, 4.3846374928406924e-06, 1.5708151329502658, -9.766809446148288e-05, 2.3978625296139615e-06, 3.1415925555463806]",0.0
220,1.6787022916383236,"[5.141679045375074, -9.20092894421055e-05, 4.712373243885454, 1.5710765807219247, 6.712593815193598, 0.00025992157759521236, 3.1415481721577443, 4.712367051053869, 1.9999292581191932, -0.0001435869455459843, 3.141596063855467, 1.5708280630409146, 3.1414871544238743, 3.1412783016737893, 4.212260910228012, 4.712374879020888, -0.00019927793021416143, 1.9938988540187636e-05, 3.570260042369532, 4.712415381454014, 6.426684136566366e-05, 3.1415990219963685, 3.5708608321183224, 3.141583920653655, 3.1415764055892663, -2.215697795458722e-05, 4.712321571255843, 4.71223619899192, 4.712334157446764, 0.00038243620872126466, 3.1419498006943893, -0.00015886108961612384, -6.411908929138224e-05, 3.486702424338532e-05, 1.569572601186519, -2.2143267180438125e-05, 1.5708666315715487, -0.0011463912824415925, -0.00017713819462682174, 3.141499195956896]",0.0
221,1.676622200438502,"[5.141629812524981, -2.4262201071582154e-05, 4.712378475903493, 1.5707494003020142, 6.712523517356202, 0.0003098331503167054, 3.141135749928868, 4.712251426460985, 2.0001139742852843, -5.77499835287665e-05, 3.141654947142168, 1.5706182537119695, 3.141556301222244, 3.1416248477467628, 4.212162906180272, 4.712378401533473, 9.689701643588348e-06, -8.400513980965468e-07, 3.5708107351593594, 4.712387906372216, 0.0002248253242190917, 3.141927468669213, 3.5707670727320093, 3.1415926215335346, 3.1415522777600358, 0.0006126223882662726, 4.712286529367391, 4.712354563556046, 4.712451112979759, 6.233881694414477e-06, 3.141566806944894, -9.423148264666278e-05, 1.478254936847991e-06, 1.8086181083114513e-05, 1.5708324391261075, 7.592998515130146e-05, 1.5707291583173022, 3.2857020657414514e-05, -6.797049995312796e-05, 3.141459052826212]",0.0
222,1.6801905299625088,"[5.141485801613381, -8.48784300142299e-05, 4.7123650246070055, 1.5708448802970552, 6.712398585643126, 0.0002985872768550957, 3.1418050252499796, 4.7123247679272735, 1.999785656371151, 0.0005940694423979493, 3.1416080572085123, 1.570857445122909, 3.1427320614078247, 3.1415106771883803, 4.211043696687447, 4.712444050746632, -9.159509812115007e-05, 4.969360751530697e-06, 3.570674058552774, 4.712366295783692, -0.000123206798469565, 3.141651860577207, 3.5707785557585865, 3.1415884985915197, 3.1416888076455467, -0.0003401689914182409, 4.71243056521939, 4.71234763946788, 4.7123448547907225, -5.8692370181655735e-05, 3.1415545559945124, -2.8025916955114486e-05, 3.5682498922429393e-06, 1.852921438588735e-05, 1.5708845434188001, -4.886732783695349e-05, 1.570782226315485, 8.528725400676405e-05, -2.2790317986069923e-05, 3.1414491483999734]",0.0
223,1.6798584349986598,"[5.141783850687519, -4.027321377169237e-05, 4.712474266718303, 1.5708429615020114, 6.71232343583696, 0.0002985397544662793, 3.141542943554311, 4.712433515292002, 1.9999850011633578, 4.952013604140295e-05, 3.1417317938173297, 1.5707908446623446, 3.141664974330081, 3.1415557299251136, 4.212453855553822, 4.712362861613794, 5.449407289691432e-05, -2.6468492193747855e-06, 3.570808972326816, 4.712366015644144, -8.191758599077336e-05, 3.141565230884544, 3.570172616955628, 3.1415646599189606, 3.141791894354491, -1.202743177335355e-06, 4.712374523721982, 4.712250971664201, 4.712423079195482, 0.0002026680191411926, 3.1415821272465125, 0.0003486224741290971, 1.9679364272835114e-05, 0.00023465613865220617, 1.5707787780328393, 0.000404410949576222, 1.5706249697324848, -1.7118428509955476e-05, 5.093330947993942e-06, 3.141577100278768]",0.0
224,1.6785832388042565,"[5.141407197050213, -0.00012243813961296517, 4.71219882859816, 1.571029679709219, 6.712544118297055, 0.0003067549837841486, 3.1415499273749976, 4.71250453092488, 1.999765197200098, -0.0002356258859238275, 3.1413260947682358, 1.5708230572655806, 3.14127431089881, 3.141596780733755, 4.212659238686741, 4.7123306002622325, -0.00021056029026669465, 2.203795829707181e-05, 3.570411932757296, 4.712353928561611, 3.2699456238905684e-05, 3.1414363398272114, 3.5716372515517856, 3.1416544052601347, 3.1421201367839586, -0.00026040272298473807, 4.712150984852578, 4.71235184130636, 4.712372982376028, -0.00045600671301337107, 3.1415559059291893, 0.0007846326466987288, 9.307996315295665e-05, 0.0005701761792048537, 1.571069891812752, -0.0007334158842996373, 1.5706035352461654, 0.00026730772888045013, -0.00014028089354367103, 3.1414012616643356]",0.0
225,1.6766142438115779,"[5.14161194203861, -0.0005868801350991169, 4.712328686019115, 1.570825017138065, 6.712339104014434, -0.00031973926023028414, 3.1414710132182946, 4.712455034737123, 1.999993491487208, 2.315676251210313e-05, 3.1416376866865097, 1.5707868559260822, 3.1415836444274827, 3.141589520352465, 4.212400345773602, 4.712375525884861, -0.00019855372663335287, -3.504595688315291e-06, 3.570810796253838, 4.712374855100867, -5.71260472645301e-05, 3.1416548258281107, 3.570738068583006, 3.141678141433426, 3.1416091720362394, 3.449150688674446e-05, 4.7125039668122515, 4.712381656507299, 4.712351768583229, -1.967450087942358e-05, 3.1415655048040603, 5.13371153515041e-05, 8.065584902441333e-05, 3.7967511101598745e-05, 1.5708235835008906, 2.433682106947166e-05, 1.5712019616363575, 2.9139648887978922e-05, -5.4530549118378916e-05, 3.1416434695433977]",0.0
226,1.6725047111050537,"[5.141732766127216, 0.0007657556090402533, 4.71247217361797, 1.5709616763277316, 6.712447447318263, 0.0008652514102691067, 3.1414967943374146, 4.712601853164055, 1.9998978296289978, -9.418505740422789e-05, 3.1415814754108338, 1.5707163666475303, 3.1414189769039815, 3.14152689174521, 4.2124775190744215, 4.712325991141348, -0.000676721331504572, 2.6188679422469904e-07, 3.5706637863789545, 4.712391110807308, -7.603925763559439e-05, 3.1413987517545188, 3.570597561526033, 3.1413982630754997, 3.141296314038262, -0.00023316986068834186, 4.712346819006528, 4.712159247204871, 4.7125054166475255, -7.783679915900987e-05, 3.1414437568772273, -0.00031279655330500626, 0.0001490274086435746, -1.3596058241472614e-05, 1.571032444129239, 2.1941279980120067e-05, 1.5720322902474202, 0.0002369659068522166, -0.00013061021567026753, 3.141363657975547]",0.0
227,1.6728810823515698,"[5.141571098435465, 0.00029885626482972256, 4.712376102067062, 1.5707603215471109, 6.712659124419104, -0.00011938728653363177, 3.1413223260610668, 4.712450521391507, 1.9999481008636748, 0.00011176304533356281, 3.1416984891972657, 1.5708924182615296, 3.141634542035332, 3.141494147979101, 4.212501232710644, 4.712425045876668, 1.690173542592876e-05, -1.5292474134030572e-05, 3.570803060946045, 4.7123590911671, -0.0001599911701685943, 3.1415571889056904, 3.570797780007261, 3.1415647558066677, 3.141511863533563, -0.00011539406940506407, 4.712214738312188, 4.712061736886771, 4.711962690956757, -9.353392272809402e-05, 3.141423119585621, -0.00016981552829766202, 6.153239327260278e-05, 1.3476919503797374e-05, 1.5707939549778365, -3.629031194855996e-06, 1.5706011512247782, 1.5863474062226205e-05, 4.003578109265516e-05, 3.141613637630155]",0.0
228,1.6773154429780615,"[5.141568355492459, -2.887838048344548e-06, 4.712250181773187, 1.5708719981043278, 6.712560925542302, 3.411318938503636e-05, 3.1421875791454634, 4.712418041203959, 1.9994687672324363, -2.2513845332448798e-05, 3.141716247238388, 1.570047168346711, 3.141451665550153, 3.1414829301220935, 4.2125463723479735, 4.712433083145008, -1.3217331092159591e-05, -1.9722278915876456e-06, 3.5706632738237394, 4.712376019832054, 0.0007082191935236548, 3.1415281518162166, 3.570582050178738, 3.1407358591580072, 3.1415290170535246, -0.00013434833352912796, 4.712331078428462, 4.713250760913112, 4.712055715603031, -5.181259513037343e-05, 3.1414806002939337, -0.0003330939713364773, 2.6824202833039403e-06, -0.0001001162572148925, 1.5708852500702981, 3.187876754078776e-05, 1.57057776182764, 9.513227891421778e-05, 3.74998379166991e-05, 3.1415139888642822]",0.0
229,1.674151641443729,"[5.141613444170555, -4.573520614494574e-07, 4.712449775903906, 1.5707794625091567, 6.712400689701998, 0.00029426142458046804, 3.141546645724391, 4.712403295790101, 2.0000051138520947, -7.3074897686018974e-06, 3.1416003902364924, 1.5707675179042697, 3.1415748531425334, 3.141583366518067, 4.212368218170777, 4.7123929902777535, 2.378516663663821e-06, 0.0004797652542742476, 3.5707937622278876, 4.712391549929789, 1.9797652709310727e-07, 3.1415853439078694, 3.57051886100243, 3.141993829459568, 3.141512310851738, -6.0418861074448184e-05, 4.7121839089964, 4.7126801474260915, 4.712381477238567, -0.0005476911247338761, 3.1415824933517493, 3.3254695417176733e-06, -1.061244045952314e-06, 3.31378588861645e-07, 1.5705888465755573, -7.265534525527743e-06, 1.5708020578728141, 3.024219922207057e-06, 2.2288674565735354e-06, 3.1415914158636222]",0.0
230,1.6769466387995766,"[5.141654250798711, -1.8122591389507884e-05, 4.7124015216164645, 1.570871415311498, 6.712403426582148, 0.000419152522820178, 3.1415712276365775, 4.7123887897784735, 2.0000408605729207, -9.077184545721005e-05, 3.141562908689752, 1.5707995616781596, 3.1415257998367996, 3.1415856110216436, 4.212385529442244, 4.712333248368325, 4.041503770339377e-05, -0.0016513325735365465, 3.570742555550221, 4.712425127194498, 9.165848988644487e-06, 3.141519230335722, 3.57050739708406, 3.1421203974144576, 3.1415802831229147, -8.7162461061117e-05, 4.712592687380774, 4.712646176454025, 4.712354168094531, -0.0006693761291492496, 3.14160863173069, -0.0001935447958049955, -7.181651069803371e-05, -5.978664246883999e-05, 1.5706045432737423, -5.1994946961757236e-05, 1.570689836983153, 4.845744898016996e-05, -3.087018511712873e-05, 3.141631246148095]",0.0
231,1.6815064457047995,"[5.141677800268228, -6.975912412515919e-05, 4.712434529439253, 1.5708091063934573, 6.712377095946688, 0.00028633579820728903, 3.141593765299449, 4.712410975015491, 1.9999671433596482, 3.270400236581528e-05, 3.141471959201109, 1.5708143008464275, 3.1416186232213317, 3.141575952131965, 4.212411168884917, 4.712331439700461, 1.8511127095921739e-06, 1.6397851215483027e-05, 3.570795911634946, 4.713283699032102, -1.6190612256555397e-05, 3.141585059669374, 3.5707905585960433, 3.1416070623957606, 3.141585369371502, 2.3849526653250475e-05, 4.712376181188878, 4.712389009021415, 4.712379165668829, 1.9667545955942215e-05, 3.141596505166301, -0.00011404807539477617, 0.00029751260389883333, 0.00012413911194974483, 1.5708158394133593, 1.8302869128017021e-06, 1.5707364169189362, 1.2416544607293464e-05, -1.1809453206407564e-05, 3.141586626021293]",0.0
232,1.6732951801057805,"[5.1423791326679655, -0.00030474274263850304, 4.712534885871519, 1.5709559618156002, 6.712329483861964, 0.00043298857731622026, 3.1417652595296985, 4.712483448553855, 1.9998541372835095, -2.4475145865431365e-05, 3.140694678479859, 1.5712241104280806, 3.1416288514964723, 3.1416575911228524, 4.212592263368473, 4.7117883218791325, 0.00014982404972251046, 0.00019671652742614683, 3.5706207195461763, 4.711913919162121, 0.00012529339531484578, 3.1414669871409706, 3.5708953258135256, 3.1416634831036836, 3.1413112081266212, 3.827453829460266e-05, 4.7124186232395475, 4.71211897152585, 4.712337186959025, 0.00017313614831333308, 3.141868867555621, -0.0004749024950933381, -0.0005101437978455258, -0.0004705370508718994, 1.5711189133935506, -0.00011714200161914519, 1.5705294093197661, 0.0002310962464731321, 8.556067346656226e-05, 3.1416732103143046]",0.0
233,1.6716065908277338,"[5.141433542937101, -1.9732048237201736e-05, 4.712446944054648, 1.57071538194473, 6.712468116336707, 0.0003088818572307586, 3.141715619056086, 4.712690334709592, 2.00060978023133, -0.00039747859660223923, 3.141636502017535, 1.5708558673351043, 3.14200114725887, 3.141579080263162, 4.212557273969628, 4.712401004990512, 8.684394146658547e-06, 3.255315138286018e-05, 3.5706568887889008, 4.712320863392749, -2.844508486027964e-05, 3.1415885225395948, 3.570850288923488, 3.1414538398206826, 3.141577995626996, 2.6186660265619844e-05, 4.71246224093103, 4.712490189742125, 4.712363419865237, -7.224759952967076e-06, 3.141590965119, -5.067015545088303e-05, -1.1535616016612307e-05, -1.3673591871932752e-05, 1.5708228686441312, -5.745338474223225e-06, 1.5707807883110432, 1.4754683449857555e-05, 1.8891285920174695e-05, 3.141605915764902]",0.0
234,1.6716861949301245,"[5.141621827258615, -0.00010225180616517363, 4.712418935906099, 1.5707722587481423, 6.71263128675154, 0.00034158600487999734, 3.141622001713922, 4.712369231528784, 1.9999875590789271, 3.679923659350571e-06, 3.141567088717352, 1.570809967771238, 3.141574022671165, 3.1417469206866104, 4.212376001370325, 4.7123564991790134, 4.657416067025182e-06, 2.085346050917231e-06, 3.570789000796583, 4.71237944022777, -4.274321025575597e-06, 3.1416039295805254, 3.570792259112328, 3.1416184455269636, 3.141392335758777, -4.385569821724808e-05, 4.712484533255507, 4.712400815222481, 4.712415969062294, 2.9097652140745684e-05, 3.1413563775427105, 0.00011543357266379368, 4.780399354157665e-05, 1.1079933274428423e-05, 1.5708087013161933, 1.0721550133713967e-05, 1.5707776278592043, -9.319327424732801e-05, -2.4046394709904945e-05, 3.1416053539727793]",0.0
235,1.6758567662805148,"[5.141432078005686, 0.0001451436128307864, 4.712389879561054, 1.5707187295430043, 6.712097430538105, 0.00014906302030682277, 3.141627035902232, 4.712205343907973, 2.000032789546978, -0.00013091818568338053, 3.1417402704107276, 1.5707941887538763, 3.1413781963338154, 3.1418944219787512, 4.212228069193147, 4.71237117402874, 3.359340753936037e-05, 3.640701773569225e-05, 3.570660204019113, 4.71232179643198, -3.859545060826498e-05, 3.1415617605142145, 3.570820485151949, 3.1414929664994182, 3.141205346398112, -0.00011571787035081926, 4.712600757115334, 4.712254355383802, 4.71239901287603, -5.947347372665889e-05, 3.142065266303334, 0.0001012300201495193, 0.00010386538970879382, -1.526763705406567e-05, 1.5708275513780514, 5.639475173387566e-06, 1.5706812005949475, 8.416655215098797e-05, 4.010365269309168e-06, 3.141619472459692]",0.0
236,1.674633566045959,"[5.141593279043953, -6.549865367031609e-05, 4.712403688451197, 1.570771072602666, 6.712446391391744, 0.00024159372606743801, 3.1415565035861057, 4.712349101815949, 2.0000382458030437, -3.3742083299837436e-05, 3.141615326034848, 1.5707460313379507, 3.141556549178354, 3.141568184846416, 4.21235158588074, 4.712372565819922, 9.179163922053567e-06, 5.368170693044421e-06, 3.5707916786061964, 4.712488086624819, -4.6059349621774254e-05, 3.14143819242473, 3.570788393295559, 3.1415785317756297, 3.141593868714851, 8.343375604539505e-06, 4.712427371869402, 4.712358644168645, 4.71238674333866, -2.3532721637317798e-05, 3.141582146836035, 7.336574161103572e-05, -0.00018444568133513402, -9.526348076584268e-05, 1.5707834011991952, 6.7471856975372066e-06, 1.5708251180778188, 6.136475598051074e-06, 0.0002465870314967419, 3.1413165957172238]",0.0
237,1.6709729820485597,"[5.141525861320561, 6.85309201698639e-05, 4.712424532233044, 1.5707851868550935, 6.712480020979389, 0.0003335377982895514, 3.141609964251476, 4.712400244344785, 1.9999333568926079, -1.1566580339914324e-05, 3.141553814711539, 1.5704827847488347, 3.141555793350822, 3.141552918111742, 4.212392935694917, 4.712449200781915, -2.5045837566296658e-05, 1.3140208785863735e-05, 3.570718998179108, 4.712539819760953, -0.0003562567694356113, 3.1418443932886246, 3.5708397286916878, 3.1415619843759366, 3.141683052946668, 1.8918871908784295e-05, 4.712389407559415, 4.712372327764291, 4.712383775060943, 5.711197504677035e-06, 3.1416274842901126, 0.0001547174547229551, -0.0004587584136404353, -0.0002450996015428999, 1.5708274231044947, -1.9006402255100364e-05, 1.570870531598608, 2.3171492159487777e-05, -1.8446560770268236e-05, 3.1421409211688855]",0.0
238,1.6808025285413724,"[5.141760719222373, -5.030473302368685e-05, 4.7126956289192865, 1.5706867229003143, 6.712336270042731, 0.00025497315593299343, 3.141553539785261, 4.712433360426526, 1.999984598260739, 1.2797679136386998e-05, 3.1416737367526433, 1.5707401350789922, 3.141630910495419, 3.1416091079400705, 4.212434238075565, 4.71242208523833, -7.379049537152059e-06, -4.725295520932297e-05, 3.5707856392420427, 4.712394912968766, -3.4938515941261485e-05, 3.1417852012747773, 3.5708185988174725, 3.1415678493328576, 3.141532843411408, -0.00010110984801083813, 4.712295856772923, 4.712423945223963, 4.7123870003284445, 2.8144227659747716e-05, 3.141616594914056, 5.659498157094335e-05, -7.326784616565328e-06, -2.601428424744468e-06, 1.5707884957212466, -0.000139215634620795, 1.5708045462544666, -1.6725838341391146e-05, 3.0306360287229654e-05, 3.1414842039804873]",0.0
239,1.6698268009834223,"[5.141123839587632, -5.599874403418215e-05, 4.712705330163359, 1.5707312794101576, 6.7124392272030455, 0.00034079996076011976, 3.141625087744801, 4.712348372561434, 1.9998919969625604, 9.235862327081902e-06, 3.1413695671953485, 1.5708375561249068, 3.1414313983381263, 3.141437088903281, 4.212465412492868, 4.71239221038455, 1.4508548023728449e-05, 0.00010168904266689678, 3.570774120740427, 4.7123085548914805, -1.2476918778559287e-05, 3.141863299335508, 3.5708086841723423, 3.141681244320666, 3.141840929061694, -0.00013177400209565473, 4.71278253123356, 4.712297411177111, 4.712377661535592, -4.116263739083931e-05, 3.1415334371169465, -0.0002345566378027627, -1.0893159637827236e-05, -9.03801032164613e-06, 1.5708234631035993, 0.0002535979987281719, 1.570743237278967, 3.527849443629825e-05, -0.0001223431853265387, 3.1413965433628555]",0.0
240,1.6723015610205496,"[5.141618187603596, -4.397231232736429e-05, 4.712423262714527, 1.570840790208955, 6.712413677222819, 0.0002625026659234337, 3.1414588133133137, 4.712365293137678, 1.999986986071156, -4.627284510597908e-05, 3.141541264819862, 1.5708483619102098, 3.1415757599621936, 3.1416013724807192, 4.212362006064998, 4.712384576238926, 1.4406393323940618e-05, -3.2743372532690012e-06, 3.5708527188423727, 4.71239586765571, -0.00027605216822730653, 3.1415313732879553, 3.5707907628860105, 3.1414650223344815, 3.1415717818099878, -5.436508765833251e-06, 4.712381320967372, 4.712592455418511, 4.712381237457118, 8.560055059741838e-06, 3.1416228868120677, -9.336014595376979e-06, -4.6742455738828085e-05, -2.2816472689516618e-05, 1.5708106396299695, 2.6852898367280465e-05, 1.5707562845957166, 1.8340172368340491e-07, -0.00023671128224854156, 3.1414621882985045]",0.0
241,1.675206155961571,"[5.141481872809439, -8.46994298068886e-05, 4.712355113833401, 1.570770454897852, 6.712359013329677, 0.00045375496986763266, 3.141306823907205, 4.712366235946575, 1.9998023559858187, 1.1023693969307647e-05, 3.1417236777281308, 1.5713066390676007, 3.1415451386844153, 3.1414940412401746, 4.212400097462119, 4.712447064028536, 4.161964016861174e-06, 6.8428710461480575e-06, 3.57066187063659, 4.712313110463002, -3.06956342746132e-05, 3.1416249060462005, 3.570816742994153, 3.141397833911562, 3.1416508547813433, 2.1772968422741434e-05, 4.7124418128912495, 4.712685960202883, 4.712465460597899, 2.954745432391709e-05, 3.1415566621462543, -9.486047208771336e-05, 6.662162989048928e-05, 4.1491128041280865e-05, 1.5707965256137832, -3.7051572504408674e-06, 1.5708391047251236, 1.8630789390967184e-05, 0.0004527477413733929, 3.1418926734988375]",0.0
242,1.6686177373657265,"[5.141584514239672, 5.001178144336117e-05, 4.712423143511437, 1.5708023868376952, 6.712417323949926, 0.00012847773951841143, 3.1415709766281723, 4.7124335588734, 1.9999557641512182, 3.160883672845524e-05, 3.141577993383179, 1.5707567499975588, 3.1416431555893225, 3.141551565717826, 4.212437692295676, 4.712391528592802, 1.08267831026189e-05, -2.8000416972497555e-06, 3.570796248964576, 4.71239479447888, -2.4540370495892174e-05, 3.1415680834926016, 3.5708085282745263, 3.141582806690517, 3.141513608562687, -1.2100901496897771e-05, 4.712410904214686, 4.712381487233265, 4.712738558741882, -1.9279531565279898e-05, 3.1415741654328095, -0.00010252331004301192, -0.0001325094024321966, 0.0001850719308316979, 1.5707901787389467, -1.2695561998445549e-05, 1.5707444883639479, -1.4515846882373206e-06, 7.248263826919458e-06, 3.14159658485093]",0.0
243,1.6781911749341356,"[5.141553830061766, 3.156459380977141e-05, 4.712365245476049, 1.5708843719213208, 6.7124402899846, 0.00019453045483558691, 3.1415726227224168, 4.712405974122718, 1.9999657105502278, -8.04073911455381e-06, 3.1416330492030946, 1.570731616444302, 3.1416071929201705, 3.1415030359617897, 4.212444638073236, 4.712444961953215, 6.463802004536177e-05, -3.0530571303304616e-06, 3.570774986382499, 4.712293241735318, 3.283527653374416e-06, 3.1414632902302757, 3.570813698410143, 3.1416263171531, 3.14178904881781, -3.1864538723656476e-05, 4.712293827710561, 4.712290470743552, 4.712825903872378, 1.3030483520157812e-05, 3.1415479644332898, 5.1045811339428655e-05, 0.00041820585726206895, -0.0006576341072596686, 1.5708089058936718, -1.977600840645576e-05, 1.5707030297002267, 7.503694766263823e-06, -7.42931845221591e-05, 3.141626359658662]",0.0
244,1.6789043727281758,"[5.141679305194657, -2.473644387769155e-05, 4.71239507116149, 1.570746493205301, 6.712518417586736, 0.00023502782664803207, 3.141779382454207, 4.712266472140547, 2.000074113795955, -8.828211098070574e-05, 3.1416565531841307, 1.570901642031288, 3.14145256432369, 3.141383525269244, 4.2122760380519555, 4.7123639660663, 0.00012293562557407305, -5.855388586975167e-06, 3.5708059134601777, 4.712387664849423, -5.104467876621669e-05, 3.141669923496853, 3.570776216191873, 3.1415826517742467, 3.1416103235823263, -5.235838265639823e-06, 4.7123253419487785, 4.712366722009168, 4.712421850073695, 2.23871333102592e-06, 3.1416053053781248, -6.893325793050388e-06, 1.4718861355545307e-05, 4.4836177168607126e-05, 1.5708138174162662, -2.3384772203844578e-05, 1.5708667981858928, 8.097503358575384e-05, -3.7442203987344694e-05, 3.141596431392975]",0.0
245,1.6803711168535789,"[5.141332950662002, -7.376958800277522e-05, 4.712460133761127, 1.570951992135008, 6.712248742584073, 0.00038683876403017737, 3.141920624631536, 4.712521587447045, 1.9997740039504022, 0.00017342601652773804, 3.141770081495085, 1.5708228387606968, 3.1416695327528306, 3.1418239209332843, 4.212570031933357, 4.712408840326838, 0.0002589229258024964, -1.074189386676984e-05, 3.5707685254502493, 4.712302541659954, -0.00021759949756757526, 3.141465995036038, 3.57082437658279, 3.141667964887624, 3.1415900654194426, 0.00047969300918876987, 4.712257733186463, 4.712271166344661, 4.712291981352094, -1.969378864914892e-05, 3.141545155196573, -0.00013505937569698286, -1.784933756890212e-05, 6.39525470545107e-05, 1.570807946114235, -9.79930688927734e-05, 1.5709325578790034, -9.053153629840716e-05, -4.2590512533495514e-05, 3.141529434046671]",0.0
246,1.6722400769188992,"[5.141648126437313, -3.054935730192952e-05, 4.712430580928875, 1.570797814709546, 6.712386694788583, 0.0002817426082803027, 3.141582085820961, 4.712395026313097, 1.9999977894844025, 2.385198475012137e-06, 3.1416344363578874, 1.5707763900103795, 3.141593159085887, 3.141498762319437, 4.212389570338562, 4.712388894568783, -9.808588407315707e-08, -4.3329612569408886e-08, 3.5707963474677116, 4.712388958899202, -1.673416252342229e-05, 3.1415862191790285, 3.570861177922094, 3.141606868436306, 3.141591329816224, -1.5416222728321566e-06, 4.7123864099749735, 4.712399082469918, 4.712388482757788, -0.00012924996925662947, 3.1416679063673145, 4.9034284895300646e-06, 4.926134717907038e-06, 2.6262367345598384e-06, 1.5710918474166742, 0.00011703670186695049, 1.5708009195093642, -0.0003132062005678985, 1.4315907456579631e-05, 3.1415929935446405]",0.0
247,1.6687470997566336,"[5.141834106827241, -6.81483843187422e-05, 4.712436556132326, 1.570840366083294, 6.712346618671957, 0.00035272689055819363, 3.1416131333097086, 4.7124280837997246, 1.9999655520763757, 2.4161678628598498e-05, 3.141807366545642, 1.5707257568816937, 3.14163049864117, 3.141630832624971, 4.212426488641502, 4.712430101653031, -3.5174485563672446e-05, 4.0834537732619025e-06, 3.5707772229535664, 4.712362661134926, 1.1828927300531232e-06, 3.1415175868235816, 3.5713398090599275, 3.1416852477059924, 3.141589513339998, -4.0370045520946545e-05, 4.7123666887449245, 4.712417267545366, 4.712370761811693, -6.134587018202407e-05, 3.141546484639595, -3.169049088372001e-05, -2.2486752474798364e-05, 2.4740720299808782e-05, 1.5705764212304978, 0.0006181478695914437, 1.5707829951443784, 0.0002554565962105473, -3.0160603927101178e-05, 3.1416309775587563]",0.0
248,1.6756599366793405,"[5.141457507680533, -0.00010295985416523984, 4.712456059673748, 1.570797335280138, 6.712387352168152, 0.0003293174983886966, 3.1415041898738774, 4.712385128471543, 2.000000308809584, 6.213101949763172e-07, 3.1417365042512952, 1.5707003454656214, 3.141598861920496, 3.141504958370654, 4.212390618394569, 4.712005569154595, 9.789426868599662e-06, -8.680008064959902e-06, 3.5708066954670254, 4.712392232885711, -3.337237628947664e-05, 3.1415586485969063, 3.5708098937271076, 3.141630589419474, 3.141546704123493, -8.022514516640694e-05, 4.712299219795602, 4.712407258668101, 4.712400592273404, 6.240129515788289e-05, 3.1415857947817827, -2.2801739994967118e-05, -2.3878817884981715e-06, 3.858931584334028e-06, 1.5708159858630124, -6.414238800121875e-06, 1.570780237296042, 1.0926391160868951e-05, -1.2873447981433017e-05, 3.1416170167663857]",0.0
249,1.6755000359197472,"[5.141465967125005, -0.00035929629638975963, 4.712348803795513, 1.5708956654554638, 6.71241026679102, 0.000527735527254119, 3.1414285585252513, 4.712345737158052, 2.000069918054927, -6.49660017023447e-05, 3.1416749272100155, 1.5706570677114013, 3.1415221485005533, 3.141524005401163, 4.212397947291698, 4.712900120735811, -3.274168499336785e-05, 2.7145327489966543e-05, 3.5708109079856607, 4.712371837521823, 8.581404646235813e-05, 3.141374593131958, 3.5707294099801725, 3.1417806208251404, 3.141456502649039, -0.0002481676980481197, 4.712225637335219, 4.712264687770811, 4.712364388270491, 0.0002202705964858824, 3.14163585154661, -0.00025913430107053575, -0.00013925777606945962, 6.621027970821261e-05, 1.5709567038332246, -6.796994443638194e-05, 1.5706776626138017, 8.79994406293114e-05, -0.00011240196191338443, 3.1416664561218535]",0.0
250,1.6783198734658424,"[5.141594262843215, -3.236563659470472e-05, 4.712465685427822, 1.570846102322525, 6.712399497733523, 0.00027077761882524304, 3.1415729140259687, 4.711992851609508, 2.000006141709972, -7.6187395890506915e-06, 3.141581053556239, 1.5707703561384274, 3.141779508212347, 3.141575920243123, 4.2125701817983074, 4.712390944254781, -3.0190816854238863e-05, 5.21907699887842e-07, 3.5707229274166172, 4.712389958421204, -1.9788710690808498e-05, 3.1415734231748957, 3.5707924800798687, 3.1415896110193624, 3.141594882766229, 3.466714195289385e-06, 4.712386281291007, 4.712391437448055, 4.712384777737394, -2.330884707254077e-05, 3.141589394899417, 3.861835708229852e-06, 2.3135093651157364e-06, 1.0667716154452345e-05, 1.570804424366843, -3.2465348287029216e-06, 1.5708416167411774, 8.515675771316657e-06, -9.497364155184528e-06, 3.141598442546259]",0.0
251,1.6750118882873875,"[5.141566992366044, 5.8180556880461004e-05, 4.712067860170233, 1.5703470792484793, 6.712283309695937, 0.00040602484834734794, 3.1415872684136468, 4.712463930446801, 1.9999329012868152, 2.869455039171739e-05, 3.141367879115981, 1.570754214632253, 3.1416899494430846, 3.141591800582687, 4.2124784494597485, 4.712401505300939, -0.0001374393071499599, 2.5604252190688237e-06, 3.5713954487010144, 4.712274069975284, 0.00010554793915620313, 3.141519051740743, 3.5708856494007524, 3.1415702621947053, 3.141683680672087, -6.761834257121145e-07, 4.712489464536917, 4.7123388286870425, 4.7123362137271965, 1.4474472607817641e-05, 3.1416767536108874, 2.917325582034813e-05, -1.4148776390351027e-05, 4.666493010441449e-05, 1.5706078919210624, -4.591675462977746e-05, 1.570821442077193, -9.324667143509317e-05, -4.182816002305801e-05, 3.1416791360012777]",0.0
252,1.67756076127707,"[5.141585332773572, -1.2079701203095995e-05, 4.7124432357676, 1.5708160927682848, 6.712384778411558, 0.0002900258437523806, 3.1415738167714204, 4.712398273172709, 2.000262858716902, 0.00035933756671107763, 3.141529618064062, 1.5707688222405367, 3.1414662385057697, 3.1415852264337385, 4.212407813471581, 4.712391787752639, -3.4084854497734785e-05, 1.0191777104477716e-06, 3.5707502141414538, 4.712360758103951, 1.2344175133542436e-05, 3.1415288862760398, 3.570817334557073, 3.141535365255257, 3.1416217156762842, 8.849662372095513e-06, 4.712413615679917, 4.712446622203811, 4.7123867054883375, -5.320493236028501e-06, 3.141602691638105, 5.088035094021059e-06, -6.051974756447916e-06, 1.2095227049303473e-05, 1.5707782057876682, -1.3616025054958176e-05, 1.570791510512141, 2.8024465216203717e-06, -1.4421792587469947e-05, 3.1416329412670936]",0.0
253,1.6772052589526758,"[5.141582988201951, -8.22807055226172e-05, 4.712421970451364, 1.5707683034466526, 6.7122703149490714, 0.0002234762828067114, 3.141590511576973, 4.712344922522563, 2.000031214771282, -2.1053415916908593e-05, 3.1415710816027294, 1.5707867598980574, 3.1415774611449137, 3.141569927768415, 4.212359677576731, 4.7123941670428575, 5.434566364352846e-05, 9.813999523859195e-07, 3.570795558058343, 4.7123950348060735, -2.1713856187739844e-05, 3.1415900835113932, 3.570825217676228, 3.141601705623813, 3.14160579131634, 8.656274828177985e-06, 4.712376436172157, 4.712405090833472, 4.712377590142947, 4.5252363282155605e-06, 3.141484052285301, 1.0097264141964744e-05, -2.884662864476182e-05, -8.496568949216893e-06, 1.5707769586111004, -7.873922449284952e-06, 1.5706808923431066, -4.69813327718094e-05, 4.452203308706807e-06, 3.1416167000407067]",0.0
254,1.6727758018102783,"[5.1416290782141045, 0.00015227250485469324, 4.712415026055258, 1.570866068182344, 6.712233678974746, 0.0003641472991198724, 3.141543408227693, 4.71244479798826, 1.9999865869282105, -9.967880579446992e-05, 3.141520291995381, 1.5707489707302766, 3.1415351929467175, 3.1415603130597773, 4.212329662017216, 4.712378944390801, -0.00015880236040384066, 2.2027686793317878e-06, 3.570728772666562, 4.712362689616919, -5.79990375142008e-06, 3.141537858153057, 3.5707488474486127, 3.1415499474676434, 3.1415523827965477, -2.9203576228545356e-05, 4.712387182947926, 4.7123211200489665, 4.712391726919541, -1.7053026384823101e-06, 3.141405119319193, -5.6269539586832267e-05, 1.0773078239395906e-05, 1.3755792132615225e-05, 1.5708351785229284, 1.8411932109400875e-05, 1.5710252939966896, 2.2158529828698313e-05, -3.954639094968279e-05, 3.1415763435831554]",0.0
255,1.6739386450655538,"[5.141567119737191, 2.4777550179132298e-05, 4.712429073680514, 1.5708062712723547, 6.712379409953041, 0.00024342552193958971, 3.1415734663414074, 4.712400746494172, 1.9999868653956396, 1.3631621174592497e-05, 3.14163149631814, 1.5708741173934007, 3.141606153805212, 3.1415863535130892, 4.212403137372706, 4.712391981930699, -1.0451105895310811e-06, -1.4139028612034618e-06, 3.570799614659756, 4.712432297056254, 9.202971492204153e-05, 3.141581398808269, 3.5708006403769104, 3.141651459173047, 3.1415955243504263, -1.7087771167561006e-06, 4.712394428790057, 4.712429195576008, 4.712375448037614, 5.4818852051012674e-05, 3.141594678623473, 5.071367271232776e-05, -8.479263605622975e-05, -4.5563977438856196e-05, 1.5708193413441032, -2.6376129087822567e-06, 1.5708163042391143, 1.9023763380264388e-06, -7.742175295761625e-05, 3.1415852067051144]",0.0
256,1.6806551213398861,"[5.141618869144511, 8.94517745435896e-05, 4.712403296238672, 1.5707925615846914, 6.712431032847871, 0.00021292836690943402, 3.141593751983661, 4.712394911490873, 1.999992096628454, -3.2010690059782035e-05, 3.141511999796942, 1.5706696431157854, 3.1415860926257975, 3.1415920292746944, 4.212363505156788, 4.712398919582582, -1.915238314571364e-05, 4.869428525367938e-06, 3.570760653559483, 4.7123214584029, -0.00011536435984649447, 3.141564571092822, 3.5708306948259305, 3.14183370593371, 3.14162983982638, 3.630301219331116e-05, 4.712440260398696, 4.712561789720983, 4.712343491614756, 0.00022021435583380208, 3.1416397211253897, -3.2173430152897986e-05, 0.00010186781130839142, 5.991422618031443e-05, 1.570853348652214, -6.049454047328751e-06, 1.5707864269790053, 7.000768529200367e-06, 0.00011747227229858044, 3.1415862460811477]",0.0
257,1.6798680935549974,"[5.141509467313804, -4.135520891450491e-05, 4.712456222034006, 1.5707701374822045, 6.712396311739441, 0.00025429938882735165, 3.1415887804894562, 4.7123873118220185, 1.9999982178389597, -2.118285910532811e-06, 3.1414728832095413, 1.570797581408393, 3.141592007472098, 3.1415845586895346, 4.212379788116812, 4.712402873370311, -2.3199990255911002e-06, -4.232122904478667e-05, 3.57079206357643, 4.712387356596671, -6.835329851605583e-06, 3.1415885088105506, 3.5707986430195757, 3.141581239454081, 3.141541738988232, -2.329772850516981e-06, 4.712241770414858, 4.712402177434383, 4.7123998882255425, 1.6607071278591928e-05, 3.1416125354921527, 4.4019091880038225e-05, 5.628269362831582e-06, -4.5111403087410383e-07, 1.5707965829726058, 7.964891059346469e-05, 1.5708241958761742, -1.8985918411538924e-06, 2.707555407978822e-05, 3.141590997209197]",0.0
258,1.6736454868403874,"[5.14158564452256, -1.6524376135656218e-05, 4.712575554197597, 1.5711123342456543, 6.712432573024394, 0.0002598658155276068, 3.1415683483704715, 4.712394573123355, 2.000034224711566, -7.196061082495204e-05, 3.141575843413703, 1.5707712212340945, 3.141590506971577, 3.141599245699115, 4.212326964698776, 4.712392363165634, 1.9044055789590033e-06, 1.7602573776610377e-05, 3.5710672720739827, 4.712372629487312, 2.7635552679406915e-05, 3.141578262208702, 3.570825343022654, 3.141544838292703, 3.1416062480531095, -2.446995912863765e-06, 4.7124512625968205, 4.712371609209214, 4.712367450653841, -3.794285118920192e-05, 3.141624972819987, 1.4978974349219548e-05, 1.2794323707294935e-05, 2.6573874776781758e-05, 1.5707563368739852, -3.367218053066598e-05, 1.5707827357141575, -8.184099802187187e-06, 8.100262389412806e-05, 3.141670094079348]",0.0
259,1.6764276070227737,"[5.14158937012451, -3.270208738632842e-05, 4.712298375560463, 1.570892536256644, 6.712361547694477, 0.000298767593310915, 3.1415813505309065, 4.712399332612623, 2.0000167593871017, 2.1268863615150445e-05, 3.1415791149626417, 1.570783162504712, 3.1415984398543575, 3.141573353615104, 4.212429112846907, 4.712387080461596, 1.783776512918122e-05, -2.0383842466215524e-06, 3.5707918600255915, 4.712390013179353, -3.15775363551418e-05, 3.141715081743501, 3.5708008330274104, 3.141600727083767, 3.1415640298828555, -5.422818224863958e-05, 4.712371957867049, 4.712387159391835, 4.712390326548295, 2.1528560869171173e-05, 3.1416042634311854, -2.6418670367680305e-06, -4.103409758844433e-06, -1.1410202883182874e-05, 1.5707574508516458, 6.788835686930599e-06, 1.5707986114132533, -3.657591257719696e-05, 2.289905051613172e-05, 3.1415316220305383]",0.0
260,1.6737013242048364,"[5.141625988696382, -6.344751944528719e-05, 4.712470772792523, 1.5708083413577236, 6.712475452937695, 0.0002934351607970229, 3.1415554693274648, 4.712416287045223, 1.99994500473797, -6.0894424516639686e-05, 3.1415771601589717, 1.5707714197357765, 3.141574866339444, 3.1415111944735514, 4.212333560548997, 4.712385855051363, -5.768980734725838e-05, 1.3714117756280514e-05, 3.5706278010045325, 4.712375474230415, 2.1458884224846415e-05, 3.1414926529238114, 3.570820409346258, 3.1415626178219913, 3.141631664151414, 2.7505975425891207e-05, 4.712426642602333, 4.712326147767949, 4.712367380213655, 4.6078393369687825e-05, 3.1417045177075944, -3.7362663713516864e-05, -1.2167913753087644e-05, 2.3541600994178408e-05, 1.570514260304331, -3.3332553719374455e-05, 1.570800598576419, -0.00023656640957101028, -7.29534657300116e-05, 3.1416214926495174]",0.0
261,1.6704021556508826,"[5.1416165207403886, -3.4649105762322165e-05, 4.712415781884935, 1.570785296901867, 6.712413043657744, 0.0002658624445716087, 3.1415808539094825, 4.712366018207551, 2.000022337489375, -2.4118970038996545e-05, 3.141585938664099, 1.5707972153172687, 3.141569379907951, 3.1417353706464817, 4.212366605644916, 4.7123560600053285, 2.3635297965568212e-06, 2.483475174431396e-06, 3.5707945589985806, 4.712389861742598, -4.796900904307648e-06, 3.1415937415446553, 3.570785293560376, 3.14158480146324, 3.141709127560981, -5.554401653757368e-05, 4.712333608990955, 4.712379584451179, 4.712403842926377, 4.964433239330524e-06, 3.1415983656796738, -8.077169955901078e-05, -2.792620638492715e-05, 3.954293188034057e-06, 1.5708084423621815, 9.152240327927523e-06, 1.5708115250857995, -2.5976287132607648e-05, 7.866687368377636e-06, 3.1416004983842223]",0.0
262,1.682001164371873,"[5.14179514421109, -0.00012708886861369326, 4.712429602752234, 1.5708209528131425, 6.712396295320695, 0.0003203437193098776, 3.141580337837729, 4.712472213047552, 1.999926757433677, -4.322507738901405e-07, 3.1413837201484887, 1.5708484176086002, 3.141638347321321, 3.1415693894001717, 4.212434125775144, 4.712257891087171, 2.779744767994508e-05, 5.7953025519502593e-05, 3.570730976305484, 4.712315203158436, 2.469536415957496e-05, 3.1415472210929876, 3.5707663354156285, 3.1415963161646205, 3.1415315959438135, 5.508546520705844e-05, 4.712465213124217, 4.712296257147702, 4.712353045391723, -3.509492710876842e-05, 3.1416747781249077, -9.204913510509872e-05, -7.760090010065193e-05, -8.309430567210043e-05, 1.5708961467777702, -2.2546340480468683e-05, 1.5707071245892876, 0.00013505705812076404, -8.575399947255024e-07, 3.1416337863022665]",0.0
263,1.6726082179811264,"[5.141578832705533, -4.923646483647686e-05, 4.712419975063782, 1.5708128973732627, 6.712400138618536, 0.00028705848504057615, 3.1416397553185598, 4.712385468930293, 1.9999922829505319, -8.244793183686146e-06, 3.141610009514096, 1.570818404324167, 3.141568093132104, 3.141579219133985, 4.212394511143747, 4.712381176300334, -0.00019168690536233647, -2.5382138594619833e-06, 3.570795618261923, 4.7123858480728655, -4.4920553289180744e-05, 3.141604197919284, 3.570804236087896, 3.1416025370554364, 3.1416089250473984, 3.959977784623659e-05, 4.712354796133438, 4.7123795352446045, 4.712399013936764, -1.0682704765362357e-05, 3.141595254672201, 1.5324337746684984e-05, -5.557175364417411e-06, 4.64191001173772e-06, 1.5708116367254417, -2.091433012398564e-05, 1.570704985326222, 1.5144146904502551e-05, 3.937630006859878e-06, 3.141573326893888]",0.0
264,1.6722984863576231,"[5.141540328535146, -3.941211554360927e-05, 4.7123585364070095, 1.570819339006407, 6.71243907617819, 0.00032133643119148185, 3.141484818515852, 4.712446853373606, 1.9999368856262612, -4.8165534142393236e-05, 3.141568919647927, 1.570709745801879, 3.141572683308553, 3.1415922615362497, 4.212403508585298, 4.712413479876718, 6.78140138754358e-05, 1.3819880640906378e-06, 3.570695106171811, 4.712369109159115, 2.1043980730733605e-05, 3.1415474715577982, 3.57092444293896, 3.141562244478615, 3.141763851511281, -3.9650985799907655e-05, 4.712401390878764, 4.712359340533272, 4.712387518386863, -0.0001302073984918095, 3.1415900412871927, 0.00022183091594849927, 5.1212462879299286e-05, 0.00017717189343746182, 1.5708656474044806, -0.00012633274160137528, 1.5707832123879826, 9.988814021035776e-05, -5.489262649885764e-05, 3.141565630134822]",0.0
265,1.6735161660037894,"[5.141582322375992, -3.973609847018207e-05, 4.712438007942227, 1.5707937709833468, 6.712375103617584, 0.00031134167526242803, 3.141547667387575, 4.712379177603266, 2.000025158639581, 5.4066498237966266e-05, 3.141571774268823, 1.5708449918622598, 3.141706407960424, 3.1415807956984225, 4.212252615569736, 4.712390579911763, -6.006873925927507e-06, 7.880892872763323e-07, 3.570795898885047, 4.7123886578731575, -8.607869438513157e-05, 3.1415940057294045, 3.570821596380563, 3.1416629764620096, 3.141604326273942, -1.982877675880573e-05, 4.712397801261776, 4.712317957511039, 4.712415293295804, -2.9655660421129987e-06, 3.141600061958593, 2.1002262111460923e-05, -1.4121941124469408e-06, 6.280835856120047e-06, 1.5707968860228632, -1.287755324931114e-05, 1.5708126502298323, -3.639005320640526e-07, -4.878647255462419e-06, 3.1415858446863565]",0.0
266,1.6733990164381092,"[5.141552415167692, -3.450629127473354e-05, 4.71237746572682, 1.5707896834337043, 6.712431846296379, 0.00024461790966086734, 3.141700962779768, 4.7124070680903, 1.9998716196902366, 8.705334853777802e-05, 3.141655863522831, 1.5706245959074938, 3.14175761752993, 3.141557727718684, 4.212200250085533, 4.712433916086916, -1.8780565530690345e-05, -4.670336912299644e-06, 3.570762412028258, 4.712376042252367, 9.449498585278974e-05, 3.141584660619974, 3.570721296197754, 3.14141124095669, 3.141600826857177, -5.2050622732938964e-05, 4.712434111136729, 4.7125266181701315, 4.712318231861907, -3.8148550917242376e-05, 3.1415736575625464, -8.444040633786108e-05, 1.734282752073854e-05, -2.2476521825192092e-05, 1.570824064323779, 1.9502628536868596e-05, 1.5707662142239405, 5.279187066185249e-05, -2.9421154798733394e-06, 3.141580059273913]",0.0
267,1.6823648961376139,"[5.141598847180111, -3.0095421398354913e-05, 4.712419553383948, 1.5707973888169569, 6.712395980362837, 0.00031741131083318387, 3.141555349054651, 4.712404590411736, 2.0000172803147405, -2.9917036555691605e-05, 3.141603616022243, 1.5707706919930522, 3.1415702807516217, 3.141585548702545, 4.212402345995232, 4.712390854167819, 9.598123340489074e-06, -0.00039967351828005854, 3.5707913603742845, 4.712393970284085, -2.0416618702193254e-05, 3.141565182494477, 3.5707026478704975, 3.141719499495366, 3.141591577735981, -6.618123464274318e-06, 4.712465383743698, 4.7124405703331425, 4.712380658064532, -0.00018016205900794625, 3.141601933210742, -5.34586809016879e-05, -7.709778957260421e-06, -1.7303331893096458e-05, 1.570743345143896, 9.676017732978202e-07, 1.5707800550821145, 2.2636033742861354e-05, -1.0649619136414852e-05, 3.1416198668058692]",0.0
268,1.6729585670129845,"[5.141594719923457, -1.9859099358980957e-05, 4.712366591649799, 1.5706637774152774, 6.712383468970057, 0.00032194573529305634, 3.1415642312737195, 4.712394116186006, 1.9999842077057302, 6.936638836780855e-07, 3.141589227214222, 1.5707569253508817, 3.141604583732114, 3.1415730998635847, 4.212439080149993, 4.712398868251195, -2.0950301659723565e-05, 3.3210498225825256e-05, 3.570948635000333, 4.712375818227797, -1.443272776819197e-05, 3.1415600415375757, 3.570805498809843, 3.141565845654511, 3.1416044424320306, 7.836198451755813e-06, 4.712431183149801, 4.712365222127958, 4.71238998192065, -1.3862321604113816e-06, 3.1416128156283256, -2.8641300534088195e-06, 1.4847945989625993e-05, 1.017619706195181e-05, 1.5707628815166066, -1.2109010515826412e-05, 1.5708299707964442, -1.4993156922004332e-05, -1.1737935425099682e-05, 3.14160954019725]",0.0
269,1.6734127350608203,"[5.141611471635532, -5.269127759164645e-05, 4.7124329249839985, 1.5708043983375395, 6.71241084881276, 0.00029691481978370534, 3.1415748684883553, 4.712408268730696, 1.9999959328197239, 1.2813819618480296e-05, 3.141558972173322, 1.5707796877474183, 3.141615181539995, 3.1415474204161074, 4.212406491958519, 4.712386683453216, -2.3555228808359607e-06, -3.92397597416724e-06, 3.5708081291077898, 4.71246578499147, -1.677080096084376e-05, 3.1415836160174666, 3.5708001734475827, 3.1416002760107573, 3.1416290327683605, 1.0046918408778017e-05, 4.7123692744396966, 4.712402555478561, 4.712388071984648, 7.852596668837604e-06, 3.1415538306926583, -2.1475909804765502e-05, 1.2515427918549134e-05, 8.880633268638662e-06, 1.5707956132358234, -4.035034455145588e-06, 1.570802319038713, -5.805214003321335e-06, -4.509586407932163e-07, 3.14159013165787]",0.0
270,1.6764222194983556,"[5.1415653856490415, -1.1253698406633316e-05, 4.712433763901078, 1.5707870359922351, 6.712347385887876, 0.0002656912438161895, 3.1415752645885764, 4.712380192778716, 2.0000073997487715, -2.3409529265573878e-05, 3.1416155357356965, 1.570775334749095, 3.1415502572601746, 3.141641077946207, 4.212375774129336, 4.712395248446602, 1.014233262433786e-05, 3.39020887837905e-05, 3.5707566302439733, 4.712531311308829, -3.430980085914736e-05, 3.1415777545622205, 3.570787760221218, 3.1415679378484995, 3.1415231684247917, -3.5309480987458038e-06, 4.712449503449883, 4.712354741994116, 4.71239318418616, -1.1236977396031947e-05, 3.141670196768208, -8.772995745037646e-06, 7.9008673479407e-05, 9.920968816833258e-06, 1.5708085849586577, 1.4130882476854231e-05, 1.570775389465701, 2.9086996578193885e-05, -2.031794101528322e-06, 3.1416167507144466]",0.0
271,1.6733267281094237,"[5.141574608648151, -3.949851215006016e-05, 4.712452712278463, 1.5707966917641456, 6.712385758210197, 0.0002843618179148845, 3.1415661254173584, 4.712356589887049, 1.9999321505440457, 3.912165564266723e-05, 3.1415630423768346, 1.570774843740487, 3.141540421501615, 3.141569072924379, 4.212379109057704, 4.712388298045586, 6.039088638663978e-07, 2.7965611595092437e-06, 3.5708078825045586, 4.712390508788758, -1.7092693152303918e-05, 3.1416058532193367, 3.570795574569049, 3.141611631152642, 3.1416102509926365, -1.639983857765861e-05, 4.712412281270939, 4.712373109435066, 4.7123913499058405, -1.3326004643077696e-06, 3.1415874768989265, -1.1627121616953405e-05, -1.3027412868883744e-06, -1.125001043181674e-06, 1.570795941824781, 1.581388449923382e-05, 1.5707940057530645, 2.0958699500926767e-07, -7.979672173706421e-06, 3.141570941618409]",0.0
272,1.6762185445621602,"[5.141487509743191, -4.3687805300587584e-05, 4.712496771865943, 1.5707686217069479, 6.712420565553756, 0.00029022260384699885, 3.1415881509386714, 4.712441096608198, 2.0000795161576823, -6.121356750303804e-05, 3.1415766539732934, 1.5707909414767425, 3.141624223659895, 3.1415557778934327, 4.212435768673364, 4.712403901694058, 4.599620134847358e-06, 3.7685440542772566e-05, 3.570763829470189, 4.712346224257313, -2.5584756492805394e-05, 3.1416416770394813, 3.570789030286571, 3.1415847868174493, 3.1416364937963044, -1.0778755403032226e-05, 4.712476932199077, 4.712382169285888, 4.712383164212671, -1.2329149447124753e-05, 3.1415723567005847, -4.45274521259827e-05, -7.94756388042701e-06, -8.905434767236703e-06, 1.5708043852947637, 5.212450135374343e-05, 1.5707928800911466, 1.3914337331097015e-05, -1.2686354171086698e-05, 3.141556712304178]",0.0
273,1.6845630577398243,"[5.141597455115202, -7.060040241593739e-05, 4.712430325009585, 1.5707969331016154, 6.712369572891933, 0.0003247935457613868, 3.141571079664883, 4.712373239249971, 2.0000131668535532, -1.567599703412185e-05, 3.141576657784413, 1.5707552942963767, 3.141585778775582, 3.1415903090212507, 4.212362035565804, 4.712384468778016, -1.1293148406807415e-06, 1.5548680510711205e-06, 3.5707965861529725, 4.712392057570315, 1.2944445533884522e-05, 3.141609771115176, 3.5707942063970375, 3.141595591008391, 3.1415984512054225, 5.33565664174346e-05, 4.712400450564057, 4.712421147396302, 4.712438076556245, 1.0274834146385657e-05, 3.1416087791640543, 1.1556503065009377e-05, -6.384225477769819e-06, -2.037984132134065e-07, 1.5707990051896283, 5.4885194480939905e-06, 1.5708123754015146, 5.380392451512866e-07, -8.789420494892298e-06, 3.141581458144935]",0.0
274,1.6721992935536631,"[5.14160021531308, 2.146781754577159e-05, 4.7124074294188825, 1.5707866503480894, 6.712458470055318, 0.00023085665203092872, 3.1414460254686456, 4.712379498053227, 2.0000128528542067, 7.805414679609358e-06, 3.1416288177849006, 1.5707569163329642, 3.14158831409152, 3.1415764593005053, 4.2123656318533245, 4.712402977775534, 6.2632601928331995e-06, 2.6844804139574254e-06, 3.5707960808823267, 4.712371039418641, 1.4619075891357004e-08, 3.141633829346092, 3.570792797070319, 3.1415809494792146, 3.1415710649516035, 0.00010667671014840791, 4.7123419166487315, 4.712329449947382, 4.712337528325777, -1.3021426526424497e-05, 3.141560615010765, -4.445275357002834e-05, 7.127137199097591e-06, -2.8826396321585475e-06, 1.5708036686163247, 9.274789372945926e-06, 1.5707607443910812, 1.3416805567351608e-05, -4.0187513224130046e-06, 3.1415868499839665]",0.0
275,1.6732543358949656,"[5.141598351478514, -3.976966901190997e-05, 4.712420228889976, 1.5707835546709752, 6.712393706117709, 0.00029187959247905517, 3.1415199753356644, 4.712379666932553, 1.9999933271645367, -9.219569085744646e-06, 3.1415859470458924, 1.5708280184275771, 3.141584557284031, 3.141556600534408, 4.2123799320152076, 4.712394177831774, -1.8478691576322242e-05, 1.6417128255702176e-06, 3.5707840242130873, 4.712387130608109, -7.101042478769873e-06, 3.1415954002748157, 3.570795858201896, 3.141567549109365, 3.141598554740625, -2.9979130911475906e-05, 4.71240361167448, 4.712428464609973, 4.71240250823493, 4.39503474985975e-06, 3.141591496791257, 9.26174446484624e-07, 7.800355345077171e-06, -2.0203162387566763e-06, 1.57079520256833, 6.313213854865831e-06, 1.5707910636323292, 6.530820334930821e-06, 5.06457633536668e-05, 3.1416266923456337]",0.0
276,1.67019717971698,"[5.141556749060197, -4.2809866953134e-05, 4.712437619268666, 1.5708257629411835, 6.712370875245277, 0.00030473859718872884, 3.141621016348169, 4.7124320567534985, 1.999931035170727, 4.045968651327244e-05, 3.1416720785261893, 1.5708455109421302, 3.1415951890589926, 3.141616014195033, 4.212441692296035, 4.712417866781554, 5.912407058042331e-05, 8.354523399805495e-06, 3.570772421798806, 4.712339225344641, -9.110747602958971e-05, 3.1415314792608857, 3.5707961029386137, 3.141571965531367, 3.141585408458804, 6.808260005948199e-05, 4.7123612801206285, 4.712389842701515, 4.712369146924687, -3.7390544224770286e-06, 3.141570125787398, -2.6948886235175137e-05, 1.8437279438122367e-06, 1.0970850056040349e-05, 1.570796289353974, -3.5108210664242e-05, 1.5708419971414382, -8.189310741962429e-06, 4.8472094297203204e-05, 3.141616359323219]",0.0
277,1.678338519061216,"[5.141617552089404, -9.90272258830183e-06, 4.71243502221263, 1.5707960033227935, 6.712378697087723, 0.0002670621697766934, 3.141580948789446, 4.7123978845296834, 1.9999922459077428, 1.0980917611369435e-05, 3.1415877153306133, 1.5707860286240138, 3.141606456425995, 3.1415824029465407, 4.212396152841874, 4.712353413764892, 6.305076062243754e-06, -2.2021014420307735e-06, 3.5707956988596146, 4.712387763553641, -3.123158394006454e-05, 3.1415957434657518, 3.570740361771834, 3.141575972386159, 3.1416255346528206, 2.0770917200851208e-05, 4.712401919479154, 4.712382188064725, 4.712393117309144, 4.7370406503003905e-06, 3.1415888418466307, 5.266078731368596e-05, 1.1679612873444905e-05, 1.6246397980495557e-05, 1.5707809411962068, 4.678603136547666e-05, 1.5707866663332954, -6.407705764504871e-06, 8.41536711832792e-06, 3.1415927449704353]",0.0
278,1.6751197431317806,"[5.141610882926865, -9.242742861586384e-05, 4.712422866662359, 1.5708219169825146, 6.712398429613505, 0.00031696543791781805, 3.141547380568473, 4.712396315556901, 2.0000214257042748, -7.82424497593013e-06, 3.14163884146344, 1.5707355693140341, 3.1415809596805766, 3.14155465138408, 4.212404613867905, 4.712488399265947, -4.455957994715034e-08, 1.1593864107757479e-05, 3.5708024926892405, 4.712369645505212, -2.2210044128090233e-05, 3.141516040788059, 3.5707053201777406, 3.1416221311415637, 3.1415797763594253, -8.177715850014043e-05, 4.71234923833023, 4.712333506712027, 4.712382365460538, 6.514509104235577e-05, 3.1415982372269693, -7.561208790876575e-07, -2.871931546206854e-05, 3.255401054244716e-05, 1.5708311922352531, 2.7362583969600063e-05, 1.5707571764427528, 1.796438135646093e-05, -3.059206502867985e-05, 3.141610086863946]",0.0
279,1.6730475840670171,"[5.141590906931688, -3.866899855185023e-05, 4.712425400223691, 1.5708013637370928, 6.712390768623665, 0.00027275703484369395, 3.1415759942383983, 4.712388470910342, 1.9999977869507688, 2.729025175477608e-07, 3.14158575405082, 1.5707776866169787, 3.141595649667894, 3.141575132659764, 4.212394435810246, 4.712391264426114, 2.7459309012974335e-06, -5.504515861823029e-05, 3.5707959131715152, 4.712384086235178, -1.9974420263417913e-05, 3.1415782357514086, 3.570828542559103, 3.1415482690582386, 3.141609548808808, 3.8400055971434225e-06, 4.712407152215219, 4.712352407038269, 4.712412436692267, 6.289193563268544e-05, 3.1415907518174917, 3.186111309425187e-06, 2.1181102500668495e-05, -3.256788910997135e-05, 1.5708203263291354, -1.5516633013647852e-06, 1.5707914645464982, -5.332265180235895e-07, -3.3598861873725363e-06, 3.1415891634119513]",0.0
280,1.6751928333303252,"[5.141601035704406, -8.214488226655118e-06, 4.712424919127202, 1.5708097542512571, 6.712409405935342, 0.00024658371216959736, 3.141572408028899, 4.7124051483855105, 1.9999973186953162, -1.2657288467130036e-06, 3.141599532064065, 1.5707524156468184, 3.1415922157057556, 3.1415674703664345, 4.212404210530217, 4.712403974525876, 8.16486229465622e-06, 5.6204373133139864e-05, 3.5707920136547804, 4.712361283215653, -2.410909808517054e-05, 3.1415444788850095, 3.570788313153493, 3.1416369448466366, 3.1416113847127094, -3.291471742233085e-05, 4.712349109662217, 4.712398307320912, 4.712473870904377, -6.893573323473983e-05, 3.141578193570785, 1.2912630772747806e-05, 8.453274467796275e-05, -0.00015313573382162132, 1.570772351623027, -2.3816190388327676e-05, 1.570787453772825, 4.359032770258211e-06, -1.809145752386891e-05, 3.141595731202617]",0.0
281,1.6771861958457401,"[5.141565020546625, -6.823787753844208e-05, 4.712418235429591, 1.5707952790054553, 6.712388221142112, 0.0002349419825285507, 3.1415618470612094, 4.712390242109682, 2.0000025005868762, 3.893641892432335e-09, 3.1415619087928257, 1.5707825167522873, 3.14158921037624, 3.1415747334883557, 4.212386791144385, 4.712384009586977, -1.0663455063826424e-05, -5.122931615319662e-08, 3.570798936675228, 4.712390494937963, -2.1829071810605514e-05, 3.1415940070784885, 3.570734924100135, 3.14158933881572, 3.1415958301031237, 7.959588256562378e-06, 4.712399962725382, 4.712384435148552, 4.712387446633491, 5.488594011555023e-06, 3.1415959768351223, 5.767013336121547e-06, 7.971402322464986e-06, -7.875701161382878e-07, 1.5708199007884827, -6.263018021729591e-05, 1.5708238533337964, -2.3815342853110077e-05, -7.946445623285693e-07, 3.1415966475913573]",0.0
282,1.6670496787665612,"[5.141636344394757, -0.0001450506328206772, 4.71240974634151, 1.5708060895370162, 6.712377904262725, 0.00016219503314938017, 3.1415638826571968, 4.712412006329849, 1.99999768088797, 7.975199642715692e-06, 3.1416261670573293, 1.5707650156452249, 3.141592582568761, 3.1415869056145227, 4.212397073725174, 4.712392362762929, -4.78978051542979e-05, 2.9249346447166407e-06, 3.5707967641430436, 4.7123794359558815, -3.096785236141843e-05, 3.1415834866384067, 3.5708704899094728, 3.1416189719834593, 3.1415875723227957, -7.246646613648913e-06, 4.712412339614607, 4.712389518680446, 4.712366747179533, -2.028440340382084e-05, 3.141581163265159, 4.78784832009167e-06, 3.491031430560429e-06, 1.3881428802520582e-05, 1.5707714845510414, 8.204241495892655e-05, 1.5708850979888274, 4.248334359355278e-05, -1.6883659559631338e-05, 3.1416143700765056]",0.0
283,1.6799642725416095,"[5.141585313263411, -2.461210458678223e-05, 4.7124308741038625, 1.5708019977494991, 6.712405351422299, 0.00028590892068051276, 3.141578584125696, 4.712390271751894, 1.999993435356781, -1.5892605515869844e-06, 3.1415803345328848, 1.5707406284876027, 3.1415852323350895, 3.1415773516080807, 4.212385988170463, 4.712395589082989, -2.097677659324612e-06, 1.2650648487801067e-06, 3.5707777446868225, 4.712410018922237, -6.067009719058476e-05, 3.1416129862417, 3.570800748000657, 3.1415890543995197, 3.1416009915033754, 2.135805873165599e-06, 4.712390882340001, 4.712387280418053, 4.712388263332867, 2.848073002856965e-07, 3.14159206181568, 2.1948369956212357e-05, -6.0366771906137314e-05, -3.24826372333993e-05, 1.5708019126531576, -1.8947962450780256e-06, 1.5708053884030224, 3.2729613508310334e-06, 3.1009535436824538e-06, 3.141655255785096]",0.0
284,1.6755958275762937,"[5.14159850246465, 1.1811433355230775e-05, 4.712365558321892, 1.5706773444714768, 6.712384223232589, 0.0003046783111578313, 3.1415934717715195, 4.712392411749719, 2.000000235651258, -2.5993106739007923e-06, 3.1415816988128937, 1.5707699082420956, 3.141615931684989, 3.1415807353216474, 4.212434561266408, 4.712389573612811, -1.8481949869930576e-05, 2.194940821380607e-05, 3.5709324347347557, 4.712358624250421, -1.439066744906356e-05, 3.141537445043186, 3.5708524910966135, 3.1415788205950963, 3.141565669132072, -3.3102216165043164e-05, 4.712404940707165, 4.712365279402227, 4.712343868920006, -2.422363769328143e-05, 3.1416163387178493, -1.8834178058330544e-05, -2.352514874741867e-06, 2.790304633698094e-05, 1.570756434353707, -2.5248899413005993e-05, 1.5708099960922601, -1.2895984089080637e-05, -1.354925181140992e-05, 3.1415948760965273]",0.0
285,1.6775741531549384,"[5.141599117334153, -2.281468257859184e-05, 4.712440555646072, 1.5708081341591653, 6.712391711528257, 0.0002800062620670556, 3.1415783058203357, 4.712387558044246, 2.000066080394746, 8.163885728574323e-05, 3.1415754049266478, 1.570775500947332, 3.1415625044478563, 3.1415773960512263, 4.212393242239736, 4.712383689656325, -6.1993219760071305e-06, 1.3057077578058222e-06, 3.5707764024413002, 4.71237720087218, -1.064264254151506e-05, 3.1415610736154234, 3.570809806810172, 3.141576496279281, 3.141589143816353, -7.558634351568512e-06, 4.712393192359187, 4.7124032051535405, 4.712379304729063, -7.749316893791473e-06, 3.141593404114413, -4.403433731143136e-06, 1.1771133482334927e-07, 1.0892257435320459e-05, 1.5707945730913528, -9.53339471678813e-06, 1.570796808810239, 2.6851194593262694e-06, -4.238235577413615e-06, 3.1415928563539994]",0.0
286,1.6751900530019184,"[5.141588626033302, -4.9019372260414734e-05, 4.712430980460414, 1.570797212042492, 6.712403517688569, 0.00027499326034107174, 3.1415753833599527, 4.71234984371226, 2.000000521690188, 8.408066621594742e-06, 3.1415869739577884, 1.570779191005626, 3.1416155705057327, 3.141580925789407, 4.2124117659942115, 4.712391846063832, 7.603348530608526e-06, 2.8417134144791545e-07, 3.570794767671862, 4.71239051550585, -1.804334859807867e-05, 3.1415851508683144, 3.5707987996746096, 3.1415959825672326, 3.1415970614526, 3.7797753842146884e-06, 4.71239032624957, 4.712393420367781, 4.71238789958207, -2.2335940934313195e-06, 3.141609929349336, 3.7831729382147977e-06, 9.86588051085196e-07, 1.5881158293221818e-08, 1.5707933326934158, -8.089418927300055e-07, 1.570784690002005, 8.92885212104049e-07, 1.9136890656108243e-06, 3.1415962197924903]",0.0
287,1.6769233783649982,"[5.141606211409199, 3.932527680119153e-06, 4.712436785214057, 1.5708212980128886, 6.712357568100055, 0.00028902713610688734, 3.1415729063285593, 4.7123437083891035, 1.9999937781650479, -3.6659714768592766e-05, 3.1415756634005683, 1.570771896560165, 3.141609781969883, 3.141572406071009, 4.212398797754538, 4.712383279283495, -2.7987778902764317e-05, 1.8888495265925553e-06, 3.5707671568597923, 4.712380160518483, -1.6006833652906742e-05, 3.1415657256219847, 3.5707960094476934, 3.1415847284721305, 3.141575905791736, -1.3285589102405897e-05, 4.712386043500572, 4.712375378371694, 4.712378812876921, -9.306450654712175e-06, 3.141549623401896, -1.5775013620991146e-05, 3.23218955667717e-06, 1.0851217178865718e-05, 1.570805784511064, -2.528945693348101e-06, 1.570839757489561, 5.127152563646986e-06, -8.777455599627256e-06, 3.1415828196747118]",0.0
288,1.6794622230133065,"[5.141596359660078, -4.414509824015134e-05, 4.712427623383061, 1.5707941275387196, 6.712417980207034, 0.0002865246128346561, 3.1415802943255984, 4.712386528022868, 1.9999972200952731, 1.2773174138761607e-06, 3.1415807360879406, 1.570781409636925, 3.1415914448209943, 3.1415978403652973, 4.212386867652085, 4.712385020669521, 3.746022730371387e-07, 1.645549557589088e-05, 3.5707954476837784, 4.7123872149299615, -1.6074132432831454e-05, 3.141586262668591, 3.570799721573554, 3.141590340945868, 3.141569443844314, -4.697948090852788e-06, 4.712398202736482, 4.712388388979873, 4.7123920675469275, 1.0406594151258009e-05, 3.1415648581598887, 1.5710917650112897e-05, 6.268373734754703e-06, 2.4033081814408233e-06, 1.5707997731658425, 7.431356376753985e-07, 1.570794606944157, -1.1621725393548152e-05, -2.3937797583679692e-06, 3.1415935204206917]",0.0
289,1.6741714062494624,"[5.141594081484468, -3.599302979662302e-05, 4.71242445278296, 1.5707955133006966, 6.71240245063076, 0.0002895414957286924, 3.1415753543103753, 4.712404217720977, 2.000001488743424, -1.2761709857634896e-05, 3.1415913914244156, 1.5707825686502275, 3.1415846283952753, 3.1415911644145287, 4.212386937546756, 4.712389072661213, 6.078382424756493e-06, -9.46007043997749e-05, 3.5707949667121825, 4.712388401194395, -1.8255988715659645e-05, 3.1415769183774285, 3.570779368259651, 3.141627932037263, 3.1415752732537583, -8.543152196801968e-06, 4.7124077437534675, 4.712399558614038, 4.712382203049679, -4.412165975233498e-05, 3.1415844219408675, -1.185685120622903e-05, 2.6008371719556543e-06, -1.116535287913528e-06, 1.5707833250716157, 1.0827629297979244e-06, 1.5707858860278017, 1.8340033120625746e-06, -3.400452441559287e-06, 3.141595119168646]",0.0
290,1.6844336201587558,"[5.141591155702388, -4.580043899776214e-05, 4.712426160668722, 1.5707940976008912, 6.712393982452011, 0.0002805063484604636, 3.1415707697892876, 4.712384573187277, 2.000004512690143, -1.9042493785910893e-06, 3.141590481207003, 1.5707794580891505, 3.141589130692205, 3.1415769711295627, 4.2123864259054065, 4.712387114079742, 1.3919389577761042e-06, 4.90415307733522e-07, 3.5707975732227455, 4.712403356968607, -1.6579561160918553e-05, 3.1415678699407583, 3.5707933439212223, 3.141578385160558, 3.14159098393756, -6.154794409797889e-07, 4.7123911899554916, 4.712376058805325, 4.71239102479476, -1.4373937108735828e-05, 3.141589615440552, 9.570278419718283e-06, -2.534964226023017e-05, -1.3685794096140756e-05, 1.5707916088651261, 1.3851127122470232e-06, 1.5708007005114129, 8.014492458260636e-07, 2.227808295962231e-05, 3.141562090735185]",0.0
291,1.6783519856466587,"[5.141600003588652, -5.6677852968916235e-06, 4.712423788525259, 1.5707975659504114, 6.712393749146316, 0.0002547650971203778, 3.141579418017714, 4.712402949788796, 1.999995705810645, -1.8599367765935716e-05, 3.1415743190931815, 1.57075327596909, 3.141587707551126, 3.1415742339880497, 4.212374459567447, 4.712390213598952, 3.831092488960781e-06, 7.0781925587775955e-06, 3.5707874821729866, 4.712377571182842, -3.863144053590424e-05, 3.1415637270777435, 3.5708127030190653, 3.1416465650482865, 3.1416034190952917, 5.462583290221815e-06, 4.712398252702526, 4.712425381552993, 4.712368688248821, 4.5957838029429685e-05, 3.1416134672676552, -1.0218079772158036e-05, 1.0323887583197852e-05, 1.1588445948497388e-05, 1.5708078517168258, -5.510792472071332e-06, 1.5707872390308808, 6.251753659312977e-06, 4.1447896690537636e-05, 3.1415697013403676]",0.0
292,1.6763720968857543,"[5.141604968800497, -3.4793727774803906e-05, 4.712429252029712, 1.570792407613508, 6.712399451444761, 0.0002801699863725952, 3.141582853591457, 4.7123763748172705, 2.00001671980876, -1.5733011171803117e-05, 3.141585647766293, 1.570800172445837, 3.1415655542475722, 3.1415611100483583, 4.212394148841465, 4.712383804854631, 1.357491849278831e-05, 5.730440293745776e-07, 3.5708000997118563, 4.712389485108668, -3.003393883788252e-05, 3.141589637802152, 3.570799827864377, 3.141605242364626, 3.1415944242638107, 4.7407815259827685e-06, 4.712382492386809, 4.712375406586596, 4.712397241760769, 2.25859754496338e-06, 3.1415958643762236, 5.3417075104540295e-06, 1.2945264319133972e-06, 6.654533315749527e-06, 1.570795386010858, -4.4478533116148315e-06, 1.5708065013010417, 4.644508461377611e-06, -3.1397631912574938e-06, 3.1415951295104696]",0.0
293,1.6759689443410068,"[5.141594899479383, -3.267227289305551e-05, 4.7124152537223924, 1.5707933961361868, 6.71240398118196, 0.0002645830900437312, 3.141629466492012, 4.712389832270616, 1.9999809650473048, 5.035569606403526e-07, 3.14160757700365, 1.5707737436024918, 3.1416072163707067, 3.1415444428413943, 4.212333506004564, 4.71239465796424, 1.663383832198472e-05, 1.3791915265598166e-06, 3.570791165594944, 4.7123810050065735, 3.026038184242014e-06, 3.141601130650237, 3.570786582631204, 3.141554031325138, 3.1415964548273867, -1.5745989318847106e-05, 4.712376366123868, 4.712407816011994, 4.712374094896467, -1.1440334926030309e-05, 3.141600511598019, -2.5671538445085528e-05, 1.0671193614599303e-05, 7.77475613720327e-06, 1.5708026383398173, -7.486238859076519e-07, 1.5707922237030272, 2.3730680276805304e-05, -1.8506778370125466e-05, 3.1415985831054907]",0.0
294,1.6802392692117265,"[5.141573806996135, -3.093911784274648e-05, 4.7124211259527655, 1.5707978581329243, 6.712393306079421, 0.00028183063153275795, 3.1415650677692746, 4.712389599624589, 1.9999981740161705, -5.334763390326474e-06, 3.1415950585172183, 1.5707674178360354, 3.141587385708968, 3.141580457910578, 4.212387609741406, 4.712399448630796, 3.46197472595535e-06, -3.89416614638632e-06, 3.570790102601794, 4.712391727492079, -1.691682891822927e-05, 3.141583422278113, 3.5708120113496333, 3.141589361527226, 3.141614209646076, -7.752136380895375e-06, 4.7123837562257105, 4.712392081423907, 4.712391241598913, -1.0916241660312465e-05, 3.141587184293811, 2.943869268920289e-05, 9.601241980979347e-06, 2.3596868055540035e-05, 1.5707968236104373, -1.1666054482097055e-05, 1.5707992584033257, 7.927512947354006e-07, -5.687252267540302e-06, 3.1415867666635706]",0.0
295,1.6739114341400048,"[5.141619794890522, -5.285483144260958e-05, 4.7124260912048, 1.5708109701203326, 6.712370804680195, 0.00028798921918338964, 3.141558284943575, 4.71243231022127, 1.9999746303019308, -7.93811273378579e-06, 3.1415375010903834, 1.5707933719037708, 3.1416029831506447, 3.141584837452973, 4.21240775271838, 4.712365260494622, 1.3772250841141816e-05, 1.364583925150701e-05, 3.570774784307127, 4.712368032751309, -1.195646870824739e-07, 3.141580091195547, 3.570813874599851, 3.1415915001503243, 3.141592461003237, -3.15412901014168e-07, 4.712384979243344, 4.712365145508898, 4.712374804895547, -2.0319660438918e-05, 3.1416182697711057, -5.288656496849326e-06, -7.658924414172226e-06, 3.6998415045150404e-06, 1.5708188998652575, -1.3918379353050869e-05, 1.5707647612318727, 2.9541358145758104e-05, -1.8947806854318388e-05, 3.1416058814597574]",0.0
296,1.677279384020986,"[5.141567094155394, -4.215938337743833e-05, 4.712412970008869, 1.5708038361528742, 6.712392393443986, 0.00028752881346679095, 3.1415680871563456, 4.712385560282803, 2.000001108217107, -8.175176552017265e-07, 3.141593881916818, 1.5707725001644306, 3.1415906957870585, 3.1415685204063375, 4.212386163056021, 4.712346475545065, 1.5283545166970787e-06, 2.2931104756692578e-06, 3.5707981403449023, 4.712388919581544, -1.8786879631691982e-05, 3.1415675526525875, 3.5707962409603504, 3.1415983191565235, 3.141591884843842, -1.5670204321280853e-06, 4.712385870501505, 4.712388528474531, 4.712390333962461, 4.643741908978575e-06, 3.1415903097608475, -6.232371783605164e-06, 2.4614207004624646e-07, 5.81624575412541e-07, 1.57079892215761, 8.767646475618493e-06, 1.57079407991267, 2.2816104259687015e-06, -3.4070479345497318e-06, 3.1416025665373075]",0.0
297,1.67699230412881,"[5.1416089661510185, -4.3638546055964176e-05, 4.712493870183006, 1.5707762183039475, 6.712370222998514, 0.0002811488313732414, 3.1415589950033405, 4.712405147280677, 1.9999969399330992, 2.6631551819675595e-06, 3.141626306412698, 1.5707608729004987, 3.141602701732269, 3.1415769916730443, 4.212400484096742, 4.712353155614907, -3.584503806144617e-06, -8.701505537763283e-06, 3.5708013523449313, 4.712389279804236, -2.4129054800168667e-05, 3.1416213531193606, 3.5708025342743857, 3.1415921653583063, 3.141570472753502, -3.058249761658651e-05, 4.712357737357141, 4.712396571491071, 4.712386689510472, 1.4831224709547803e-05, 3.1416018481070243, -2.6594267660623143e-06, 3.7903943270800866e-06, -7.526772217480927e-07, 1.5707897645408464, -2.747069295734647e-05, 1.5707958457301425, -6.862141389505471e-06, 1.1150471435402763e-06, 3.141579790486933]",0.0
298,1.681920721792002,"[5.141597015059518, -3.796037077925559e-05, 4.712419759651247, 1.5707854707412015, 6.712390537748096, 0.0002807899362489777, 3.1415610054719125, 4.712386315733719, 1.9999966450499944, -1.4182766140147616e-06, 3.1415805265965435, 1.5707855105844482, 3.1415908747814005, 3.1415798980222758, 4.212389463258925, 4.712388091756664, 1.0780119054285082e-06, -8.148693496726444e-07, 3.5707887403166207, 4.71239029740462, -5.0578233376312506e-05, 3.14157813160122, 3.570793811993976, 3.1415803826956767, 3.1415900568606876, -5.199972169506249e-07, 4.712386577025476, 4.7124123088159715, 4.712389118258153, 2.530562353660979e-06, 3.1415950410372733, -2.6662786965816855e-06, -5.1681326997485694e-06, -3.6779983860732663e-06, 1.5707996818605012, 3.851668778935188e-06, 1.5707931123329288, 1.2401538743479916e-06, -3.078600694948136e-05, 3.141573776527852]",0.0
299,1.6794751590574284,"[5.141587856032493, -2.8850810797345428e-05, 4.712463997946351, 1.5708710389397351, 6.71239116082928, 0.0002691253052982675, 3.141562709942331, 4.712392126726189, 2.000007168201632, -2.0843407943162676e-05, 3.141574987233006, 1.5707884371766, 3.1415910943661056, 3.1415865990915104, 4.212372803751251, 4.712398706135796, 1.1035245832397068e-06, 3.778385087663009e-06, 3.5708658117541825, 4.71238619942574, -2.9147725457874855e-05, 3.1415758503415634, 3.570803433598401, 3.1415711926429157, 3.141589653784219, 1.2225773489770635e-06, 4.712396150550702, 4.712404566623962, 4.7123812253412165, -5.950647422307069e-06, 3.141603699960508, -3.105224708273712e-06, -4.3205426772356246e-07, 2.001031376685243e-06, 1.570784344233357, 1.9479287837734486e-06, 1.5707869754749448, -8.870638556780296e-06, -7.738613608853274e-06, 3.1416038010936713]",0.0
300,1.6745727205687004,"[5.141593958989484, -4.728526372476526e-05, 4.712429370061826, 1.5707959032542846, 6.712386789548075, 0.00029937590538607855, 3.141574168008466, 4.712383943363937, 2.000004489423399, -5.121088076385799e-06, 3.141584182477379, 1.570780918321325, 3.141586050646256, 3.1415802206425956, 4.212381971234349, 4.712388675915994, -2.283299056832881e-06, 4.4792101803101114e-07, 3.570792912886396, 4.712388104114961, -1.652395508701576e-05, 3.141584380381385, 3.570795461063256, 3.1415934063070754, 3.1416029426051915, 1.8993687802056075e-06, 4.7123863758569575, 4.712388829097726, 4.7123454455480696, 3.515127286717463e-06, 3.141596992149588, 1.219487499214464e-05, 1.5815424446575577e-05, -2.2495487438986005e-05, 1.570791400653313, 1.247739348902049e-06, 1.5708025973199247, -4.988485473316813e-06, -2.341786494266414e-06, 3.141592623700743]",0.0
301,1.6736682990993206,"[5.141594543740868, -3.529351993468957e-05, 4.712434600423347, 1.5707976914780215, 6.712399635005025, 0.00027311276706636875, 3.1415723527703583, 4.712401808859181, 1.9999860780019492, -1.0780976321369928e-05, 3.1415798123624152, 1.5707795462574619, 3.1415917540980134, 3.1415618596249097, 4.212381064751232, 4.7123968505790375, -1.3256869135061714e-05, 2.9559643296451175e-06, 3.5707554698529282, 4.7123864449139425, -3.5485976391368558e-06, 3.1415655000142064, 3.570803427335797, 3.1415891618446805, 3.1415936017091854, 6.2133603035912e-06, 4.7123919934065945, 4.712371285925852, 4.712398430487295, 1.2603480181381254e-05, 3.1416183894225687, -1.8661376657585363e-05, -7.551372004032495e-06, 1.198664558671772e-05, 1.5707249625647202, -1.786351238290838e-06, 1.5707934923276345, -6.306822807258378e-05, -1.669441359174822e-05, 3.1416040009723436]",0.0
302,1.6700323992222161,"[5.14159880675689, -3.368370417617505e-05, 4.712428591665351, 1.570796347924985, 6.712389455524663, 0.0002786303765221172, 3.1415752618720996, 4.712390589600905, 1.9999994256148215, 7.508544647893624e-07, 3.141590628920094, 1.570779095380086, 3.1415929387676678, 3.1415681018769703, 4.212390465389856, 4.712389268718782, 8.372335382133594e-08, 1.9627425397532452e-07, 3.5707960060110264, 4.712389621979753, -1.972690787337201e-05, 3.1415831575876503, 3.570804465392641, 3.1415941890182255, 3.1415920164762356, -2.8176898280504833e-06, 4.712388577961782, 4.712388503972901, 4.712386590795282, -1.662610542420058e-05, 3.1416015240175823, -1.1928047114024751e-07, 1.2964076946798182e-06, 3.516992212234433e-07, 1.5708330606650653, 1.4596268206278247e-05, 1.5707959547454584, -3.8857124438109845e-05, 2.149862398641703e-06, 3.141593208460437]",0.0
303,1.673028428707477,"[5.141603587176073, -5.257328986781263e-05, 4.712423927427668, 1.5707860265214897, 6.712348354488206, 0.0003212179165474192, 3.141575372561035, 4.712391898924291, 2.000008371477321, 3.056864990241163e-06, 3.1415863561675312, 1.5707542112104098, 3.141593940256076, 3.1415918895464543, 4.21237795863425, 4.712412420598398, -8.45819703209719e-06, 2.9190931159560103e-06, 3.570811606588032, 4.7123737150192015, 1.9251885646922223e-05, 3.141603680513501, 3.5707900070415364, 3.141607752387324, 3.141591781736746, 5.6298620389395254e-05, 4.712393775994969, 4.712407766254423, 4.712434554117576, 5.468104696848571e-06, 3.1416047880267204, -1.9312777104273255e-05, 4.532446846702805e-06, 9.951857482524486e-08, 1.5708025561548093, 1.1041894317320603e-05, 1.5708177540725403, 3.284406201249946e-06, -1.996482432540163e-06, 3.1416036019746185]",0.0
304,1.672796378626708,"[5.1415903183644165, -1.8313332184202406e-05, 4.712413493728124, 1.5707672548199443, 6.712380706676195, 0.0002786116007674413, 3.1415789406439183, 4.712395629404385, 1.9999978543678179, 6.563016821762491e-06, 3.141579087062878, 1.5707786414754616, 3.1416000475865893, 3.141578017256096, 4.212403483571407, 4.7123958282308624, -9.074955868994755e-06, 3.0529561421143462e-06, 3.5708278947897294, 4.712385623701656, -1.952280039687534e-05, 3.1415806001450495, 3.5708006357898383, 3.141591432451077, 3.1415905418277297, -1.0706301704752699e-05, 4.712392758869843, 4.712376887645051, 4.712379315260611, -1.4623454484467164e-06, 3.1415937940184175, -8.621651967989095e-06, 1.4466169924498927e-06, 1.965516216749592e-06, 1.5707880010561195, -2.131831205637928e-06, 1.5707985975808014, -1.4302034329143387e-06, 8.387351015601874e-07, 3.141604942349286]",0.0
305,1.6768625751849913,"[5.14159207323474, -4.330128558883271e-05, 4.712428704531759, 1.5707972900699745, 6.712388554183433, 0.0002862004535883896, 3.141576753651988, 4.712390297959389, 1.9999962996591667, 1.763549710646093e-06, 3.141583887944195, 1.5707738923653718, 3.141591215036766, 3.141579569946642, 4.212390793824689, 4.712390744670076, 3.7023451100820848e-06, 6.013726266831223e-07, 3.5707943267907303, 4.7123821149574905, -3.473418872239369e-05, 3.1415818950490237, 3.570796120105119, 3.1415854227258966, 3.1415925405446585, 4.2269322982663895e-06, 4.712385811487768, 4.712385087455022, 4.712389270246447, -5.632843011794213e-06, 3.1415900356925603, -7.363520249999306e-06, 8.943066868389102e-06, 5.429240989371107e-06, 1.5707937806020635, -1.3558057492085838e-06, 1.5707967412736599, -1.0625404623338225e-06, 1.19784231139431e-05, 3.141594824062232]",0.0
306,1.6796776245055778,"[5.141578647391218, -2.7521164539086928e-05, 4.712431992050521, 1.5708053438006038, 6.712380713655924, 0.0002777599670382435, 3.1415816138532504, 4.712400942841725, 1.9999846761311706, 1.230959324671659e-05, 3.1416070542495684, 1.5708091262949224, 3.141594751468261, 3.1415868247622365, 4.212401428158377, 4.712399686299021, 9.856508258451014e-06, 1.9760672847215077e-06, 3.5707887835226892, 4.712389649141869, -1.4872724964217228e-05, 3.1415772968715325, 3.570795741845874, 3.1416004099823254, 3.1415916743687453, 1.1297900913771826e-05, 4.712382697973544, 4.712393516944883, 4.712383637441369, 7.979620280841523e-06, 3.1415859426478794, -3.5155273044031673e-06, -8.839136750580931e-06, -5.198370457054056e-06, 1.570800144458225, -2.884082410541553e-06, 1.5708055393565106, 9.319544111057971e-07, 1.1237457462385633e-08, 3.14159769262197]",0.0
307,1.6711268057006918,"[5.141588633112045, -2.5264832333888512e-05, 4.712430221835709, 1.5707961473952887, 6.712390690830196, 0.00029667695167793834, 3.141574342500851, 4.712386539820197, 2.0000011845768073, -1.3153020071609662e-06, 3.1415814690257964, 1.5707777659909306, 3.1415921967517724, 3.1415764299579187, 4.212388746721306, 4.712392640325114, 5.7466049722392275e-06, 3.6093212437393706e-07, 3.5707965513477493, 4.712389175202491, -1.6893697778675717e-05, 3.1415809262805543, 3.57078443697646, 3.141591005220254, 3.141592455311985, -2.491461800605281e-06, 4.712384485193351, 4.712386983805197, 4.712391076460318, 4.637700832249586e-06, 3.1415943216098094, -7.288364490797092e-07, -1.970001304439597e-06, 2.906202498128478e-08, 1.5708003640290122, -8.179650621827661e-06, 1.5707842045601894, -4.035280905674936e-06, 7.120549506145981e-07, 3.141590802155328]",0.0
308,1.679108803033233,"[5.141601404961639, -5.574938618816891e-05, 4.712426874120127, 1.5708038325205056, 6.712387024271998, 0.00027500175801785105, 3.141565462186677, 4.712393441360618, 2.0000060820057786, 8.005639641714411e-07, 3.141595882888866, 1.5707683122937586, 3.141590691631725, 3.141572414494228, 4.212392053872884, 4.71241240677556, -7.212491438356554e-06, 2.180888358139533e-06, 3.5707959029913647, 4.712386991209759, -1.713748950872507e-05, 3.1415735512387704, 3.5707781718593434, 3.141604110508268, 3.1415916170003046, -2.156519097205225e-05, 4.712382097442645, 4.712375368651113, 4.712387371654352, 1.3690361755837669e-05, 3.1415910737134776, -8.521844634760947e-07, -2.7251591858884773e-06, 7.985252107509389e-06, 1.5708015529507018, 1.9311765815765883e-05, 1.5707918085170347, 9.375123716661301e-06, -7.633738192174942e-06, 3.1415993127316524]",0.0
309,1.6804140226315596,"[5.141600780040264, -3.4777561761597935e-05, 4.7124101503750015, 1.5708077276646346, 6.712383984329276, 0.0002816923419057131, 3.1415735279789283, 4.712386228631099, 1.999995965310584, 6.263112229650955e-06, 3.14158494281054, 1.570777262723841, 3.141590791252866, 3.1415798766966314, 4.2123896172337, 4.712387666586648, 1.583016681091126e-06, -2.8520720015527603e-06, 3.5707981376991587, 4.712392119914143, -1.8971689040396085e-05, 3.141591651517409, 3.5707971263981753, 3.1415936165033136, 3.1415858792883253, -4.295099916668504e-06, 4.712381379273539, 4.712389339490552, 4.71238946235014, 2.8752711219233e-06, 3.1415961135384536, 3.2560619358378745e-06, 4.4819145941237306e-07, -4.3801954170299693e-07, 1.5707920392303512, -3.6628808031308713e-06, 1.5707970852176523, -4.302498387741458e-06, 3.1147862243155594e-06, 3.1415898211880195]",0.0
310,1.6803583220457932,"[5.141570941546892, -3.351337936718212e-05, 4.71242538234027, 1.570804273361153, 6.712389135963813, 0.0002819073986053715, 3.141577803142503, 4.712401060225857, 2.000019749291447, -8.165734106152244e-06, 3.141577846141024, 1.5707807115480839, 3.141599967304974, 3.14157357156476, 4.212402162478433, 4.712391715472584, 1.3104205006346865e-06, 6.750092991654005e-06, 3.5707876394001046, 4.7123840864326, -1.800481496933713e-05, 3.1416173646312093, 3.5707968522067404, 3.1415949359939326, 3.141596768140341, -9.343815299174518e-06, 4.712404396776345, 4.712386823786256, 4.712388813285893, -1.2120573474069891e-06, 3.14158968860151, -1.300553703644304e-05, 9.609291414319628e-07, -5.169063514809489e-06, 1.5707923116456892, 1.2836805362309315e-05, 1.5707942789015705, -5.594922261095494e-07, -8.05464813215767e-08, 3.141577043536527]",0.0
311,1.6810738289866138,"[5.141589242181208, -3.715043983215059e-05, 4.712428918959688, 1.5707985807453908, 6.712387231231391, 0.0002826653599653778, 3.1415778001538612, 4.712391139589368, 1.9999971675397552, 1.9478403714482687e-06, 3.141585521776158, 1.5707788366364979, 3.141593399435549, 3.141561922365735, 4.21239178731368, 4.712391896172896, -1.3324354255701474e-05, -4.332823951658277e-07, 3.570796463623392, 4.712388674383773, -2.156548126879131e-05, 3.14158420627268, 3.570798022017216, 3.1415941502904654, 3.1415815637882245, 8.519325079888285e-06, 4.7123924481167725, 4.712389320199883, 4.712388108121764, -1.248758739659216e-06, 3.1415922327330064, 9.505689029690352e-06, 2.5459666426022775e-06, -9.751558828375003e-08, 1.5707961022103742, -2.385398902621441e-06, 1.5707885036080735, 3.7539607828699945e-06, -5.553571322876279e-07, 3.1415905134443562]",0.0
312,1.671172553395601,"[5.141593951515283, -3.652935235401582e-05, 4.712426494725772, 1.5707970802226991, 6.712394014904107, 0.00027821384475396163, 3.141588092914937, 4.712385065091468, 2.00000234151588, -5.2897431723989236e-06, 3.1415889577691027, 1.5707882810705112, 3.141584233824405, 3.1416017620480527, 4.212385842958678, 4.7123826600710075, -3.960960447929258e-05, -1.940305856674733e-07, 3.5707951111702165, 4.712389829235664, -1.9954153375288553e-05, 3.141588725680514, 3.57079668039583, 3.1415941573279995, 3.141611872628749, 1.0713788386184881e-06, 4.712375002267768, 4.712385528932297, 4.71239340239907, -2.6174134329851566e-06, 3.1415946141422646, -9.819880056801714e-06, -3.4439085880846516e-06, 8.781415781395929e-07, 1.57080164161304, -2.9285709992362122e-06, 1.57077947390774, 8.605023954729358e-07, 1.2951174645873508e-06, 3.141591083651457]",0.0
313,1.6641064758001711,"[5.141594420943019, -2.9585221371457158e-05, 4.712428822462764, 1.570799979509578, 6.712401950530374, 0.0002834987961906953, 3.14157220254579, 4.712394392430169, 1.9999962000421783, 2.4599093379199932e-06, 3.1415856362470858, 1.570775869874092, 3.1415943081748425, 3.1415776401154094, 4.212392992213535, 4.712389275902775, -4.61720336280613e-06, 3.6919558275942905e-06, 3.5707962654372394, 4.712386076198306, -1.857337084011593e-05, 3.141580466143465, 3.570792602662638, 3.141594995052649, 3.141593969360988, -3.589134959335427e-06, 4.712386842441532, 4.712388269297231, 4.712397213130112, -5.216771267641086e-06, 3.1416012626956906, 7.755765552151266e-07, 9.49730073250438e-06, -1.131514037929801e-05, 1.5707961702944373, -3.16381754691486e-07, 1.5708066484620513, 4.582038935437974e-06, -1.3935359188512801e-06, 3.1415905609770904]",0.0
314,1.6764199954286645,"[5.141596755531448, -2.7289848056939956e-05, 4.712431765923085, 1.5707953131428716, 6.712385742743117, 0.00026460180063661, 3.141572514824864, 4.712390284921143, 2.0000009989711294, -2.1878233743443823e-07, 3.1415829905467607, 1.570771915993197, 3.141592421033548, 3.141576446911664, 4.212388220774889, 4.712391621557473, 6.507391573332647e-06, 1.2599762852757569e-05, 3.5707940546414707, 4.712384652355335, -1.5779016530394227e-05, 3.1415732701762678, 3.5707953270053867, 3.141604895373581, 3.1416013998489336, -7.869900155068677e-06, 4.712379062037342, 4.712392357343903, 4.712412498442405, -1.7825416063106032e-05, 3.1415815409532923, 2.1901718722261792e-06, 2.3983731130547466e-05, -4.2084252465028625e-05, 1.5707893850369647, -3.5137720524553937e-06, 1.570787756422208, 1.2269189929547818e-07, -4.278895494272182e-06, 3.1415979029276535]",0.0
315,1.6766671927645491,"[5.1415887840001036, -3.590865588183486e-05, 4.7124323941827795, 1.5707994298239014, 6.7123946213654, 0.0002871030773905804, 3.1415870983914327, 4.712395468821581, 1.9999953532089096, 8.194617444630628e-07, 3.141574868533447, 1.5707791450119135, 3.1415946994145076, 3.141578668955127, 4.212395247117617, 4.712388590064778, -5.386386936257299e-06, 1.0129575606418313e-06, 3.5707957664939767, 4.712387375233184, -1.978759810874828e-05, 3.1415750586490256, 3.5707930169334383, 3.1415951443810624, 3.1415927319451744, -1.5208448342477067e-05, 4.712383484733667, 4.7123956503053686, 4.712403360832054, -2.9140747702925905e-06, 3.1416064033895488, 8.402902575401256e-06, 9.051952804275767e-06, -1.1103970777175543e-05, 1.5707954133573399, 3.20733817251138e-06, 1.570812019846728, 3.1090788404687573e-06, 6.969822052049085e-07, 3.1415913818939676]",0.0
316,1.673940942096579,"[5.141579259022397, -1.9975638210465088e-05, 4.712435761905263, 1.5707912193818645, 6.712412060143762, 0.0002700865039720454, 3.1415578240294404, 4.712392880285768, 1.99999809967195, 3.4743134856804343e-06, 3.141565651389671, 1.570776049644728, 3.141593777967613, 3.1415815571988164, 4.212385598720617, 4.712393439073952, -4.018524596073545e-06, -5.9055065455835015e-06, 3.5707942104557744, 4.712387112393857, -9.988188403623228e-06, 3.141587075719517, 3.5707930512887893, 3.1415917063620196, 3.1415800174674073, 1.0169044602170736e-05, 4.712352206078425, 4.712382881198501, 4.712392173334355, -4.040430888242007e-06, 3.1416036116599404, 3.415625484265381e-07, 1.315627172509676e-05, -9.96330793183035e-06, 1.570798505282165, 1.8566872000549223e-05, 1.5708103260023685, 8.427546695874059e-06, 2.8144596917608917e-06, 3.141591443506612]",0.0
317,1.6815950991776898,"[5.141594874357865, -3.1360504947853575e-05, 4.712429418356695, 1.5708002136128374, 6.712402927090533, 0.0002874434850954679, 3.141569375646322, 4.712393695755572, 1.9999983824224363, 9.42488669032137e-06, 3.1415826458027616, 1.5707829709645051, 3.141608574162553, 3.1415742234536745, 4.212379468819749, 4.712389064739187, -5.86850612092934e-06, 1.6236255580008485e-06, 3.570798645207316, 4.712375806758098, -2.4586846243229054e-05, 3.1415819187351404, 3.5707957313739884, 3.141603798775072, 3.141599220245543, -5.547919493051629e-06, 4.712384084033742, 4.712382945555155, 4.712399682679317, -4.896798350966301e-06, 3.1415975005350956, 3.8030874713449085e-06, 4.059132536596401e-06, -1.1422534218691328e-05, 1.5707954417584093, -2.5178797736482473e-06, 1.5708096240808918, 2.731148052721634e-06, -1.7620771667064926e-06, 3.1415883226295946]",0.0
318,1.674944850704438,"[5.141590773664222, -2.2846952126275203e-05, 4.71243358981436, 1.5707968635864091, 6.712392160647313, 0.00028399571819627756, 3.141568340373739, 4.712392393019671, 2.0000017850484153, 4.8248474939288065e-06, 3.1415896899161235, 1.5707823733793735, 3.1416010815069004, 3.141591835166909, 4.21237242771863, 4.712390003238085, -3.141582604274972e-06, 1.0270320488861158e-05, 3.5707876742160303, 4.712419909384917, -2.723049161218692e-05, 3.1415795518147807, 3.5707944063778028, 3.141599398162134, 3.141582833930817, -5.869420945390573e-06, 4.712403419516213, 4.712372663755621, 4.712400527540571, -8.339735009324291e-06, 3.141618113806538, -2.764216520526398e-06, 2.672563114362869e-05, -6.820589845828308e-06, 1.5707997329198453, 1.8624590265395335e-07, 1.5708061406055827, 1.2214258784266177e-05, -3.5227736755966236e-06, 3.1415962789992404]",0.0
319,1.6801693330700151,"[5.1415976440371125, -2.572923936773694e-05, 4.712433903347641, 1.5708015734171117, 6.712400879863639, 0.0002804406322757905, 3.14157285161057, 4.712394240265466, 2.000011760416569, 2.1664444377035933e-05, 3.1415812762631066, 1.570774086984898, 3.141587750449402, 3.1415780647876432, 4.212392473713025, 4.712386922142541, -5.573091225408945e-06, 2.2152017835773125e-06, 3.570790959065244, 4.712383734325746, -1.4598159618175168e-05, 3.1415755821854177, 3.570795489191326, 3.141591035613225, 3.1415947332690477, -4.839090872873381e-06, 4.712390568322711, 4.712392818807106, 4.71239453971886, -6.337152311787715e-06, 3.141600131490083, -9.90181171469542e-07, 7.362415166322084e-06, -7.963696535240587e-06, 1.5707960538008976, -2.4726219215815534e-06, 1.5708085855624956, 6.446914706019283e-06, -2.5399753200116735e-06, 3.141592952932408]",0.0
320,1.6803828233754425,"[5.141600988052, -1.9999763759945455e-05, 4.712422926795165, 1.570800196694933, 6.712423728493244, 0.00029491988364875225, 3.1415666458233087, 4.71239687337731, 1.9999755485714361, -1.936614990129277e-05, 3.141602570224246, 1.5707661405609334, 3.1415847484034747, 3.1415774526521396, 4.212416002509969, 4.712390257894914, -8.315746977322732e-06, 8.536962367422343e-06, 3.570802851221439, 4.712386489515764, -1.1609394360869447e-05, 3.141583291106959, 3.5707789730505533, 3.1415892412053825, 3.1416003210793653, 2.3555543020420624e-06, 4.712389717118038, 4.712384618464455, 4.712395609399707, -7.142755844807132e-06, 3.141612075080422, -1.2079460938803703e-05, 2.1038516068718105e-05, -1.8144580218880863e-05, 1.5708038294038595, -3.9183985888104555e-06, 1.5708050283892008, 1.4702764263661892e-06, -2.07723330016932e-06, 3.141591811890179]",0.0
321,1.6719382059550043,"[5.1415963777728875, -2.9126234176174154e-05, 4.712428249057419, 1.5708001868208448, 6.712407957031759, 0.00029083639931037924, 3.1415674561856073, 4.712394109059877, 1.999993919362947, 5.314448640662779e-06, 3.141586384498443, 1.570782008545179, 3.141608822291089, 3.141574132394883, 4.212382102505855, 4.71238930127466, -6.897675059911335e-06, 2.6918257225964845e-06, 3.5708003200349245, 4.712375470451317, -2.4197944669578455e-05, 3.1415828139321014, 3.5707930180706122, 3.1416039942733405, 3.141601182497225, -4.511756195370806e-06, 4.712384901717545, 4.712380655645204, 4.712399819449149, -5.412478648215331e-06, 3.1416000881233117, 1.089626955991813e-06, 6.571561118754509e-06, -1.2930138000615248e-05, 1.5707972855980832, -3.7047481642178875e-06, 1.5708096845153945, 1.952444680697003e-06, -2.0548739719325538e-06, 3.141588457352019]",0.0
322,1.6735571084107468,"[5.141594833121729, -3.191746921727376e-05, 4.712428024052042, 1.5707992409451892, 6.712400724568541, 0.0002831673946053792, 3.1415714275331914, 4.712394216528294, 1.999997371027257, 3.131245355348098e-06, 3.1415867751159876, 1.570780650404386, 3.141594629489089, 3.1415774091180877, 4.21239336189778, 4.712388497082816, -4.280529018530487e-06, 4.266793769359483e-06, 3.5707987958620175, 4.712384597039273, -1.386770309082212e-05, 3.141576088335579, 3.570791844510393, 3.1415942248775157, 3.1415930103448395, -3.840734647342715e-06, 4.712386322669755, 4.712387464718284, 4.712397626853085, -5.927219414743995e-06, 3.1416016104337876, -8.353810044750698e-07, 1.5345029575198386e-05, -8.562425022029695e-06, 1.5707952018048137, -3.4610019945231945e-08, 1.5708053918260283, 3.956076756867843e-06, -1.4448571793417995e-07, 3.1415808761316857]",0.0
323,1.671528559051589,"[5.141596548928907, -3.268704070882337e-05, 4.712430744827985, 1.5707951450873427, 6.712403406466144, 0.0002801121070358598, 3.1415708472331705, 4.71239530519257, 1.999995818834077, -3.3341523147596605e-06, 3.1415871932772896, 1.5707708737825439, 3.1415947768694914, 3.1415793345214222, 4.212388393134763, 4.712388589865213, -1.6426740255890547e-06, 5.157962163416585e-06, 3.570797616012158, 4.712392657934241, -1.4775415357202564e-05, 3.1415760834245114, 3.5707937909156464, 3.141589947338421, 3.1415958862262485, -1.4756691263167147e-06, 4.712390879827519, 4.7123840213325705, 4.712397416107684, -1.0323619683013334e-05, 3.141601326927941, 2.822240728216067e-06, -1.0038897226627946e-05, -1.8645425993042997e-05, 1.5707948355875312, 4.772741567318921e-07, 1.5708108606511608, 8.081918169232128e-06, 7.774195169030606e-06, 3.1415837257618713]",0.0
324,1.6742611430615864,"[5.1415905532019215, -2.7263096317467192e-05, 4.712429410014661, 1.5708013433237678, 6.712403637030606, 0.0002835803735060226, 3.141573572685793, 4.712390222772789, 1.999999495277989, 3.6603419115482866e-06, 3.1415912799520704, 1.5707743821272553, 3.141592816780694, 3.1415764956496375, 4.212390717784362, 4.712392530433189, -7.124587722588268e-06, 2.5684612526267456e-06, 3.5708008926204777, 4.712388428259187, -2.2361403048403983e-05, 3.1415802958137875, 3.570790172460761, 3.141594069830801, 3.1415932505235653, -3.5986762872109582e-06, 4.7123864644218365, 4.712391117855644, 4.712398502632235, -3.379078452060757e-06, 3.1415995269549533, 4.6775533904770763e-07, 1.021973641009474e-05, -1.3210877744385066e-05, 1.5707930985411171, 1.6964739799521467e-06, 1.5708094161951738, 4.839716564543498e-07, 8.672702290867559e-07, 3.1415888956090106]",0.0
325,1.6720920911956578,"[5.141595484222611, -2.9188238297399597e-05, 4.712438184177797, 1.5708159791266068, 6.712401241518195, 0.0002793342037232887, 3.141567690901324, 4.712397013807418, 1.999996297280934, -4.895581248486282e-06, 3.1415801844045284, 1.570778671278491, 3.1415951538327054, 3.141581637070252, 4.212389446777975, 4.712389448692468, -2.0900682468058704e-06, 5.28022417039993e-06, 3.5708122448545114, 4.712384070882923, -1.79105037056169e-05, 3.1415787954083894, 3.5707964560921406, 3.1415905123243757, 3.1415945355120587, -2.325219696661554e-06, 4.712390192732369, 4.712391885877832, 4.712395203474865, -6.933580721371384e-06, 3.1416043087340584, -2.434648830169582e-07, 8.041202203488802e-06, -8.69120157476033e-06, 1.5707945767336355, -3.4490810427515774e-07, 1.5708040650174813, 4.919076192874255e-06, -6.559739191850107e-06, 3.1415955971818046]",0.0
326,1.6788475779129495,"[5.141594239217277, -3.20790711619332e-05, 4.712427828780684, 1.5707977011157357, 6.712404788497469, 0.00028273047135114174, 3.141572881604859, 4.712400719352405, 1.999996716379306, 6.937985843401491e-06, 3.141587106347813, 1.5707769620647019, 3.1415925761997134, 3.1415784794608936, 4.212392220080261, 4.712388020220176, -1.4498084166605812e-06, 3.940616416880531e-06, 3.570799283637563, 4.712386668826051, -2.0137480693039786e-05, 3.1415828700125807, 3.570789826190443, 3.141594852541921, 3.1415970101675605, -1.1953717246991663e-06, 4.712387173924918, 4.712388949500695, 4.712398482141925, -4.339741497717277e-06, 3.141605696159313, 5.626410715802253e-06, 9.789409942206351e-06, -1.1768611212212514e-05, 1.570794285027085, 2.6123385727867773e-06, 1.5708012152665172, 3.5976842338311635e-06, -1.4419301861029138e-07, 3.141591346684124]",0.0
327,1.6773637310798648,"[5.141602507725211, -1.913348925735777e-05, 4.7124326273009505, 1.570800395822683, 6.712395154985524, 0.0002791437834939757, 3.1415737966427524, 4.712390605632426, 1.9999933447270624, -4.6212876355461773e-07, 3.141585003841325, 1.570775837671162, 3.141600833498777, 3.1415787811386657, 4.212394526290793, 4.712380684506538, -5.592091030605062e-06, 1.6604545721322972e-06, 3.5707930708452023, 4.7123846925948385, -1.8528481638133293e-05, 3.141581465583337, 3.5707802722200674, 3.1415917510255666, 3.1416001410866707, 1.8554858091342614e-07, 4.712391350022983, 4.712386815950019, 4.712396776877207, -4.487719020038535e-06, 3.141595233897275, 8.79450741894414e-06, 1.1667824803515255e-05, -5.628844704479526e-06, 1.5707936442452222, 1.0004726002723123e-05, 1.570810601507695, 4.625330981394541e-06, -7.764728889921617e-07, 3.1415906569904526]",0.0
328,1.671053018750037,"[5.141592445175836, -2.8206056329751082e-05, 4.712428100834703, 1.5707996865838918, 6.712400043563822, 0.00028137956299752724, 3.141572261147891, 4.712392475573907, 1.999996394768458, 1.2863878476925904e-06, 3.141588185498519, 1.5707757234760646, 3.1415923629829967, 3.1415803043375616, 4.2123918215610745, 4.712389677435105, -4.2072475290610195e-06, -2.994957734087045e-07, 3.570795077104876, 4.712378328687261, -1.8941416188462847e-05, 3.141580039324004, 3.570794794341776, 3.1415906602389527, 3.1415918326896795, -4.266586817692058e-06, 4.712390134112699, 4.712383975797203, 4.712399190684935, -9.365154333939311e-07, 3.1416048387431377, 3.1452340789720615e-06, 1.004192957651681e-05, -1.4808098115702287e-05, 1.5707981859505837, -7.512875642915983e-08, 1.5708056545735969, 5.0623294876901046e-06, -1.611533944264112e-06, 3.1415904979091187]",0.0
329,1.6724224218986294,"[5.141591175292429, -2.6452678634432863e-05, 4.712427581190963, 1.5707989857238758, 6.712399222489334, 0.00028413735944760954, 3.1415712699005662, 4.712390830963474, 1.9999965517447378, 5.991679965484196e-07, 3.14158955362995, 1.570776237007572, 3.141589719241804, 3.1415823203771165, 4.212390673012543, 4.712389342357236, -5.600332690040544e-06, 1.5891197517013827e-05, 3.570793781124604, 4.712374747640103, -2.007680651505975e-05, 3.141581798952234, 3.5707854295755106, 3.1416019093326906, 3.141584738247006, -6.444099300032254e-06, 4.712385325952214, 4.712392030408922, 4.712392930145672, -1.8878174294915975e-05, 3.141607984775774, 4.146827446585466e-06, 4.3807638081660155e-06, -7.065191217204727e-06, 1.5707923284615484, -1.1576994993933589e-07, 1.5708062143098347, 5.023264225923927e-06, -7.243703945639927e-07, 3.1415914696082097]",0.0
330,1.6784072989023593,"[5.141594907965328, -2.978903201684472e-05, 4.71242941247683, 1.5707993052693712, 6.712403175063722, 0.0002820725558375674, 3.1415718298516633, 4.712396217693429, 1.99999587195923, 1.6676662994595602e-07, 3.1415853745995386, 1.5707760117563287, 3.1415950474192105, 3.1415762008570645, 4.212391801306579, 4.712389951303845, -5.850294200310625e-06, 4.011675221918774e-06, 3.5707912106788124, 4.712385836396626, -1.633034546765507e-05, 3.1415777795302544, 3.5707938966405637, 3.141594326288899, 3.141594072185478, -2.3385849834728767e-06, 4.7123872497042045, 4.71238687268685, 4.712398291540804, -3.357383499347046e-06, 3.1416042138517173, -1.2169509575129998e-06, 8.29218337996324e-06, -9.500385202140364e-06, 1.5707872744397555, -6.550056771258886e-07, 1.570806787465509, -3.0256740715469768e-06, -3.968427331358031e-06, 3.141592479994207]",0.0
331,1.6733469346582304,"[5.141598431642316, -2.8683972542282255e-05, 4.712421718644456, 1.5708010113926312, 6.712403209749572, 0.0002842189460618641, 3.1415740074290106, 4.712401642526788, 2.0000129480437168, -6.569060614360111e-06, 3.141591185226658, 1.570777054956864, 3.1416070054717644, 3.1415797611475638, 4.2123969403888974, 4.712389341970693, -5.008996064506862e-06, 3.6296273057060805e-06, 3.5707943411196696, 4.712385797887509, -2.068329846729968e-05, 3.141575835777615, 3.5707921330281778, 3.141590102544432, 3.141589374417938, -1.7182600652986473e-07, 4.712379970544947, 4.712391912666561, 4.712396351243817, -5.673167509314074e-06, 3.1416018077040233, 4.712806698833955e-06, 1.0862555960847274e-05, -1.1970639913478191e-05, 1.5707993200265478, -4.740897146195881e-06, 1.5708068937164468, 6.318364886135004e-06, 1.3517347273645534e-06, 3.141595358465478]",0.0
332,1.6765750142242604,"[5.141591149761781, -3.133333063174122e-05, 4.712428208689531, 1.5708011805776392, 6.7124037843781315, 0.0002760522518149823, 3.1415713690762628, 4.71239517926805, 1.99999567918469, 2.6629568939920987e-06, 3.1415828516221205, 1.5707776047157425, 3.1415941479561122, 3.141576217146365, 4.212393497510635, 4.71238796767184, -5.668914314688345e-06, 3.1809434044284596e-06, 3.570795703146572, 4.712387093059814, -2.094555812934652e-05, 3.141580372089486, 3.5707859742635053, 3.141593807743127, 3.1415941253746125, -6.206254056527101e-06, 4.712387654846747, 4.712385933129046, 4.7123943745988885, -5.243969173223155e-06, 3.1416011646497477, 1.7477828197738684e-06, 9.853364654778836e-06, -1.1783812589324782e-05, 1.5707980208565995, -7.64294005345484e-06, 1.5708079259360344, 2.100299335577232e-06, -3.6656755769386076e-07, 3.1415903732019754]",0.0
333,1.673097301544167,"[5.141593000478535, -3.860177640164778e-05, 4.712427520472616, 1.570793127567089, 6.71239473281142, 0.000283651614275959, 3.141569795896725, 4.712393235230804, 1.9999988234603017, 6.564798521736633e-07, 3.141583754182377, 1.5707710045110115, 3.141594085444906, 3.1415816215699435, 4.212388453330554, 4.7123912363318485, -5.084313922271541e-06, 3.438895403857568e-06, 3.570800171274648, 4.712383600739021, -1.0046472853706575e-05, 3.141585787037908, 3.5707860378145613, 3.141599060410923, 3.1415952936424283, 8.589349689029825e-06, 4.712391082219611, 4.712395289489512, 4.712404825184535, -2.1804499400260694e-06, 3.1416024281731176, -2.0165104694798106e-06, 1.082869157131087e-05, -9.528051791500685e-06, 1.5708014493177502, -5.889048515843089e-06, 1.570816356355104, 3.0905583859281082e-06, -5.269905224907255e-06, 3.141593889615571]",0.0
334,1.6747336072143273,"[5.141595038036203, -2.9584370653472165e-05, 4.7124288990884216, 1.5707990560604348, 6.71240452739492, 0.000283254560881796, 3.1415726724200588, 4.712395762499039, 1.9999962871204242, 6.12455742587771e-07, 3.141586169112708, 1.570776132868692, 3.1415940072047017, 3.1415800515488406, 4.212392247083145, 4.712389194139678, -3.3289445527977876e-06, -7.59095194248616e-06, 3.5707961306961886, 4.712385907995929, -1.7889942572654e-05, 3.1415794706451843, 3.570791182511831, 3.141600093752963, 3.141591511506621, -4.828639965896093e-06, 4.712390184295157, 4.712390635709191, 4.712395953647917, -9.493672848575696e-06, 3.1415998273416434, -7.780018212127019e-07, 9.649045843953552e-06, -1.0987795143687421e-05, 1.5707945703540134, -7.601916299330992e-08, 1.570805168922861, 4.9629623146730855e-06, -1.1261129281499062e-06, 3.1415910296863894]",0.0
335,1.6731577688353452,"[5.14159690663982, -2.2632658931640123e-05, 4.712428847386424, 1.5707987202674931, 6.712404189285855, 0.00027592176463954037, 3.1415738927207304, 4.71239602335847, 1.9999944931925568, -1.842792587309576e-06, 3.141582795496271, 1.570769613991909, 3.141594745763952, 3.1415775478523287, 4.212389368878248, 4.712389538639524, -3.097988488358773e-06, 8.976642312753065e-06, 3.570794520694791, 4.712383558945367, -2.1824309451011538e-05, 3.141576411055087, 3.5707983149353053, 3.141607142538136, 3.141596450059384, -2.806110370469101e-06, 4.712389661776782, 4.712397491822022, 4.712392073511299, 7.92172136639784e-06, 3.1416050612559894, -1.8737467668047448e-06, 1.1397087512776037e-05, -8.178415402551477e-06, 1.5707997048560691, -1.3515117941659629e-06, 1.5708047271608312, 6.84647346289179e-06, 8.678386606283024e-06, 3.1415859894242675]",0.0
336,1.674588184161019,"[5.141594482157942, -3.010216468188685e-05, 4.712433324142754, 1.5707997123823392, 6.712398780196286, 0.0002857345282387165, 3.141564972741173, 4.7123957041842575, 1.999997936420612, 2.6642953954675143e-06, 3.141585467449812, 1.5707749654979781, 3.141593167675008, 3.1415810902080747, 4.212399729255849, 4.712386716803657, -7.000874523321153e-06, 2.8459526601177174e-06, 3.5707969441247345, 4.712386940217039, -2.1545965561874153e-05, 3.141580266905254, 3.5707938826191667, 3.1415992177557985, 3.1415927334424727, -3.4588724823582204e-06, 4.712386232966824, 4.712386598154355, 4.712398666559134, -3.437182546496812e-06, 3.1416011607665943, 3.485888757676383e-06, 8.706372269776198e-06, -1.2260064362299486e-05, 1.570795230083052, -1.7538848676508581e-06, 1.570806976075588, 1.5495355498379424e-06, 7.135533833914915e-07, 3.141588938470394]",0.0
337,1.676190014090576,"[5.141598377035303, -3.1364849198300044e-05, 4.712442960792881, 1.5707933163703807, 6.712400350320562, 0.0002804360344677805, 3.141574719469614, 4.712396599583172, 1.999993899639387, 2.2949632400912836e-06, 3.141597377541009, 1.5707718853667954, 3.141598305879867, 3.141574576180124, 4.212389512097789, 4.712381049856941, -2.2464831644891182e-06, 2.620881097567731e-06, 3.5707975572665456, 4.7123858757926795, -1.5732020422133132e-05, 3.1415909107286546, 3.570794742166179, 3.1415910427136216, 3.1415897944512032, -1.2577615866279668e-05, 4.712379552042292, 4.712391764778801, 4.712395288070436, -2.6918287448630697e-06, 3.1416024295164475, -2.26951960123198e-06, 1.0495993672361892e-05, -9.474518638580465e-06, 1.5707953716742638, -6.216954214069134e-06, 1.5708069831788365, 6.590284635164621e-06, -3.86520455212297e-06, 3.1415897686359013]",0.0
338,1.6724101489707657,"[5.141593973240607, -2.9030208787952495e-05, 4.712429632183958, 1.5708017663758778, 6.712401616678894, 0.00028232740084102126, 3.1415789052190526, 4.712395523338307, 1.99999692763136, 3.665738771668212e-06, 3.1415858630445825, 1.570769871036976, 3.1415952322352445, 3.1415796422223825, 4.212394311097098, 4.712388661536538, -2.433575100344852e-06, 3.562924362863808e-06, 3.570797645009696, 4.712386275364156, -2.028735094671964e-05, 3.1415790474403376, 3.5707929942546337, 3.14159814135582, 3.1415931362358744, -8.799968969569895e-08, 4.712384858165951, 4.71238340247755, 4.712395474557502, -6.641108918010232e-06, 3.141601942736135, 7.964896884377766e-07, 8.842044130549856e-06, -1.1092540171692786e-05, 1.570798276314289, -4.140055464965184e-07, 1.5708071519320461, 1.6903272474392213e-06, -7.4346544311125255e-06, 3.1415863265494814]",0.0
339,1.6669726365911615,"[5.141590862578994, -2.986011048693373e-05, 4.7124263626772205, 1.5708020408173455, 6.7124034856573465, 0.00028818351924473864, 3.1415743453996425, 4.712392492720493, 1.999994745099353, 2.512163548436779e-06, 3.1415826684060475, 1.570773503263829, 3.1415942144558753, 3.1415821373656585, 4.212394600985208, 4.712390158065439, -4.671709715854169e-06, 5.598386396542277e-06, 3.570796403558358, 4.712385839440319, -1.9957833930727162e-05, 3.141581081933599, 3.570789328556741, 3.1415952046762987, 3.141594284157839, -1.4592224434350172e-06, 4.71238449113084, 4.7123856452715165, 4.712397765046028, 1.8198543504783415e-06, 3.141596402467811, 1.916090970455734e-07, 1.0045014644642417e-05, -1.248927824672943e-05, 1.5707806087394949, -7.716279160578189e-06, 1.5708065157562074, 2.4902454700682105e-05, -5.217903436198522e-06, 3.1415891871811055]",0.0
340,1.6744157262863262,"[5.141592964068726, -2.8971967283889987e-05, 4.712430185503052, 1.5708009004808579, 6.712400800805535, 0.0002810778637974955, 3.1415758568867083, 4.712395535530759, 1.9999945749778112, 2.8910609416717897e-06, 3.1415897295065562, 1.5707824725625221, 3.141593033032879, 3.14158422989545, 4.212393201395516, 4.712389278267311, -1.0367135323492037e-05, 3.5617544818595532e-06, 3.5707946077904946, 4.712386681387737, -1.7471560441314897e-05, 3.141580326306742, 3.5707932851702395, 3.141596267832035, 3.14159809258427, -1.191409062181624e-06, 4.712383863397895, 4.712388790486761, 4.712397186667791, -4.600646059140019e-06, 3.1416000506595902, -2.1319478763244237e-06, 6.413661328860827e-06, -1.1449833804809885e-05, 1.570797952945832, -8.037346231990246e-07, 1.5708051820511608, 4.89419889125356e-06, -1.205808549340965e-06, 3.141591318302325]",0.0
341,1.6733360824443133,"[5.141589147282656, -2.63024534999733e-05, 4.712430106169887, 1.5708026052048047, 6.7123981631313105, 0.0002849980065350171, 3.141569783310132, 4.712398783021919, 1.999988432122253, 7.852635220243776e-06, 3.1415920612264485, 1.570784229678922, 3.141597771331105, 3.141572880335436, 4.212399011503666, 4.7123961018918505, 1.206163705452729e-05, 6.179706481154795e-06, 3.570793365012533, 4.712386354314666, -1.6714603261445724e-05, 3.141576849183534, 3.5707939380771583, 3.141596715787501, 3.1415889356488385, -4.4522461636642976e-07, 4.712388696451532, 4.712390686446618, 4.712393631268733, -2.517917401355204e-06, 3.141596750440988, 8.990923585416881e-07, 7.3845351096221935e-06, -1.3924891850698452e-05, 1.570798414649603, 8.259907710165932e-07, 1.5708160852340332, 6.341802429046855e-06, -2.256473269472892e-06, 3.1415944028573444]",0.0
342,1.6821467472098455,"[5.1415930271243, -3.255915908160178e-05, 4.7124301002564986, 1.5707993219457492, 6.712404832523321, 0.00028070438581757906, 3.1415721986047633, 4.712384919939116, 1.999996448584366, 4.221339230944498e-06, 3.1415864872715322, 1.570775884240977, 3.1416001872579087, 3.141579101100245, 4.212398129730411, 4.712390343719502, -2.568892873990441e-06, 3.357879469406519e-06, 3.570796019924703, 4.712386849307804, -1.726105436982199e-05, 3.141580675335126, 3.5707942577978, 3.141595756706629, 3.1415964044440265, -2.804353788663183e-06, 4.712387611286308, 4.712389633192386, 4.712396865890607, -6.174501663392187e-06, 3.1416051310472417, 2.0646651405551815e-06, 9.003129525861968e-06, -1.0279687247759916e-05, 1.5707955148445782, -4.953955336379543e-07, 1.5708042110178702, 4.899095061570335e-06, -1.1829044270894782e-06, 3.1415917606382116]",0.0
343,1.6723302097224888,"[5.141586566450611, -2.529811987566491e-05, 4.712425139521242, 1.5707988290381927, 6.7124019984770635, 0.00028414625824934946, 3.1415670817637538, 4.712397666017641, 1.9999947707285737, -1.7197208066763915e-06, 3.1415893765527145, 1.5707699716079804, 3.141590276583373, 3.1415784353717338, 4.2123898523626835, 4.712394804978971, -4.045087012152848e-06, 2.4865380690607015e-06, 3.570794266923925, 4.712387988653599, -1.5916514509766536e-05, 3.141580671434211, 3.570801814386485, 3.1415926687317217, 3.1416055581734716, -8.548555676080269e-06, 4.71238492950738, 4.71238897733972, 4.71239819126124, -1.1294792596724707e-05, 3.1415961489212862, 1.2953490423982054e-05, 1.2851030107332537e-05, 1.5420394187196954e-07, 1.5707983370529977, -4.66334503008784e-06, 1.5708096461688703, 6.1685757244959735e-06, -4.6868867426490936e-06, 3.1415889949638562]",0.0
344,1.6762766188549978,"[5.141588987858261, -3.0509353859039844e-05, 4.712426674266413, 1.5708020770052482, 6.712400249091988, 0.00028500106619965747, 3.1415696230376895, 4.712396943032835, 1.999992376001343, 6.0739537349135275e-06, 3.141586322545405, 1.5707702101287135, 3.1416001419313972, 3.141580250354621, 4.212391696049605, 4.712386161800688, -7.646288512744305e-06, 3.936275179546176e-06, 3.570795435119198, 4.712385794315783, -1.6506342744667355e-05, 3.1415775462531563, 3.5707914725126124, 3.1415926432584347, 3.1415930929568905, -4.870655140299438e-06, 4.712387746790615, 4.712391253060553, 4.712395514037157, -5.207567211762331e-06, 3.1416003799139047, -8.908282937403787e-07, 9.699315858089214e-06, -1.2995380705223368e-05, 1.5707966182534046, 1.432571748992236e-06, 1.5708039256990078, 3.7016643364358923e-06, -9.589970969744836e-07, 3.1415907485115198]",0.0
345,1.6777829106511617,"[5.141585964139673, -3.173780052538167e-05, 4.712423528861721, 1.570800085439012, 6.7124039970244915, 0.00028362915280310825, 3.141571027006562, 4.712390067360172, 2.0000006389610983, -2.114225198391493e-06, 3.1415896803733996, 1.570778121477772, 3.1415882289967234, 3.141570661569201, 4.212391815210734, 4.712368729568993, -8.62209185864042e-07, 4.59606918694483e-06, 3.5707989270362956, 4.712387055076984, -1.8315067501353313e-05, 3.1415742092271337, 3.5707952177263396, 3.141600377381453, 3.1415960181292877, -3.4322541304888494e-06, 4.712385363476397, 4.712385182604421, 4.7123993423516755, -3.1068146902430114e-06, 3.141600083262644, -2.567350200009082e-06, 7.453047338093834e-06, -8.850206354533587e-06, 1.5707979445629991, 3.935144100588837e-06, 1.5708087920735763, 7.336610280196111e-06, -4.018433415146851e-06, 3.141597311995744]",0.0
346,1.6789092131378642,"[5.141594461905464, -3.2332203575694715e-05, 4.712431374729796, 1.5708082994488703, 6.712401327654522, 0.0002851011499034841, 3.1415708556769006, 4.712393572399471, 1.999996488053662, 1.4568307864405067e-06, 3.1415872552850392, 1.5707748214738049, 3.141592738377039, 3.141574596200043, 4.212390649607055, 4.7123888479923925, -3.0601554121218952e-06, 1.5295769440823112e-06, 3.570789122828516, 4.712386489491553, -1.9362027683078125e-05, 3.1415813635592973, 3.5707902904111344, 3.141595520356455, 3.1415958171833394, -8.411247805601374e-07, 4.712384304207482, 4.712390270749889, 4.712399688883345, -6.1358054129368976e-06, 3.1416044053546313, 1.348378782705814e-06, 9.83396882609316e-06, -1.2357935796015846e-05, 1.5707974679131196, -6.12504196050328e-07, 1.5708057384632668, 6.064258418997027e-06, -1.4508027809080651e-07, 3.141587334697824]",0.0
347,1.6750117393929498,"[5.141598155593243, -3.546111580053439e-05, 4.71243119916781, 1.5708029297517496, 6.71241633866279, 0.0002866505354089726, 3.1415743302956773, 4.712392119542606, 1.9999951507153233, 8.854629567849837e-07, 3.141583620110517, 1.5707772062256626, 3.141591991707223, 3.141585905774491, 4.212389095440077, 4.712387063898274, -3.1817949112547617e-06, 1.1580464119590908e-05, 3.5707913252227983, 4.712386277631751, -1.5674853955831364e-05, 3.141583111629627, 3.5707946312394725, 3.141594193157077, 3.141584251133411, -4.522372681540895e-06, 4.712390847803451, 4.7123887430740234, 4.712400875517524, -9.087271904304385e-07, 3.1415872979185018, 7.739374167526535e-06, 1.1303820859130565e-05, -1.059618466333058e-05, 1.570800692308988, 1.2570457644133766e-06, 1.5708061865231637, 6.941033852188434e-07, -2.1919416434116615e-06, 3.1415903985273044]",0.0
348,1.677582479306543,"[5.14159569282058, -3.377912440601753e-05, 4.712430003243646, 1.5708024548512065, 6.712401183069052, 0.0002819905606271876, 3.141571994367443, 4.712395522333803, 1.9999980209271655, 2.610794889144762e-06, 3.1415885149271556, 1.570772924917053, 3.1415940757748695, 3.1415766221524666, 4.21239334673151, 4.712394196164103, -5.927559282290215e-06, 4.2079520944032235e-06, 3.5707971124608346, 4.712385489032346, -1.4279210854017062e-05, 3.1415787687842553, 3.57078927629764, 3.1415987879590963, 3.1415944511381055, -7.956788604137487e-06, 4.7123858207284615, 4.712382523032367, 4.712396673533884, -2.6567953640262545e-06, 3.1416003386196176, 6.430035477368366e-07, 9.32273414899774e-06, -8.846544019979594e-06, 1.5707969250884013, 3.415786463468969e-06, 1.5708061693654205, 6.34071765683155e-06, 8.707278258499864e-07, 3.141594588139567]",0.0
349,1.6734937010064974,"[5.141601095324728, -3.339361284582697e-05, 4.712425214384687, 1.5707928786613268, 6.71240112716256, 0.00028169362595687814, 3.141564272490991, 4.712393787583771, 1.9999959975921715, -2.017756747516587e-07, 3.1415839337718507, 1.5707775393708565, 3.1415922480921967, 3.1415768335552596, 4.2123927791142295, 4.712394797073108, -5.797805172495531e-06, 5.159249195245998e-06, 3.57079472557945, 4.712387171630644, -3.0440561390857032e-05, 3.14157676112844, 3.570790355229343, 3.1415914838968226, 3.141594406991563, -9.43735392877426e-06, 4.712385476394909, 4.712394364028818, 4.7123966642495265, -2.2603972957450587e-06, 3.141599880895081, -3.998376790478854e-06, 4.495661090123622e-06, -1.125071976282114e-05, 1.5708013592451322, 7.476798555033345e-06, 1.5708058531530202, 9.0278774494261e-06, -1.7395767785239173e-05, 3.1415863114136977]",0.0
350,1.675488153293719,"[5.141594535127959, -3.2820340421523626e-05, 4.7124297894281835, 1.5707990213083922, 6.7124010367386555, 0.0002866995684478126, 3.141572033023624, 4.712393041245417, 1.999998054432979, 6.170757595639239e-07, 3.1415855749965216, 1.5707769117087422, 3.1415928032016676, 3.1415788903415818, 4.212390902353916, 4.712388850027658, -4.814689389119912e-06, 3.766242465034765e-06, 3.570795382236186, 4.712386173203181, -1.7184757502917844e-05, 3.141580782731623, 3.5707930599201845, 3.1415953908192162, 3.1415973382675744, -3.2963567004484137e-06, 4.712386978450449, 4.712388514241256, 4.712386091057823, -4.136350392877984e-06, 3.1416017694626355, 3.403303190678666e-06, 1.2385832243037878e-05, -1.6500871811623108e-05, 1.5707951037875, 8.46768701893667e-07, 1.570808586960476, 3.4112044616940127e-06, -2.649070753956861e-06, 3.1415908078125105]",0.0
351,1.6769103606981428,"[5.141586218292115, -2.6512674400005184e-05, 4.712426607379296, 1.5708014611629337, 6.712400887041605, 0.000283409348822406, 3.1415741173807494, 4.712399701359731, 2.0000051166244424, -2.55820980612414e-06, 3.141580303236223, 1.570777581179953, 3.1415973096280223, 3.141575642036772, 4.212398667106342, 4.71239038039037, -3.3376254681022734e-06, 7.640810413458652e-06, 3.570793692274133, 4.712384595923684, -1.7167852773596594e-05, 3.1415982482071736, 3.5707955624075325, 3.141595195784628, 3.141596666154827, -8.407197531432937e-06, 4.71239486223062, 4.7123866013783715, 4.712398300903311, -7.023244750264944e-06, 3.141598291698932, -8.391527518774525e-06, 8.089987396390025e-06, -1.3162754009710453e-05, 1.5707957611239427, 6.324603256241251e-06, 1.5708067888976818, 5.100069662294322e-06, -1.051533435617089e-06, 3.1415847266237953]",0.0
352,1.674868764493931,"[5.141597141345796, -2.2347362255605302e-05, 4.712428634559704, 1.5707966193049605, 6.7123969973727595, 0.00028828733478526264, 3.1415720369620646, 4.712392929480175, 1.9999948931485645, 3.208954777728349e-06, 3.141583564066516, 1.570778857987183, 3.141595830789318, 3.141580681756154, 4.212383478778776, 4.712390518540772, -5.686478070787621e-06, 7.945445175567075e-06, 3.5707954104803967, 4.712401853417591, -2.2990550285936544e-05, 3.1415808077353673, 3.5707958712078587, 3.141595044344587, 3.141587386967405, -4.052292964695929e-06, 4.712393050575485, 4.712379698949322, 4.712400311384015, -9.339591178354215e-06, 3.141608629008895, -2.594439297828954e-06, 1.800608807185061e-05, -1.0651876687405184e-05, 1.5708001721605662, -2.2182674313179204e-06, 1.5708073134844767, 9.661243745532934e-06, -1.9716815464854633e-07, 3.1415954976973954]",0.0
353,1.6769862171344205,"[5.141592830075791, -2.6124170737076037e-05, 4.712429236762666, 1.5707973539990925, 6.7124043485829334, 0.00028217723764341373, 3.1415698216558776, 4.712393893394664, 1.9999948579604172, 2.4574741166588577e-06, 3.141579267836123, 1.570775651569064, 3.141593254070156, 3.1415765157480933, 4.212392153882645, 4.712390556586206, -5.2402167490870495e-06, 1.6733005883197547e-06, 3.570797385405193, 4.7123849739302885, -1.644301676149683e-05, 3.1415823188424876, 3.5707936470034296, 3.141593279742641, 3.1415906210141995, -1.4411520255922037e-07, 4.712377620490184, 4.712387204588718, 4.7123965562931796, -5.869696555512449e-06, 3.1416008847556176, 2.1009282348217702e-07, 9.825755043505242e-06, -1.1743033969943853e-05, 1.5707974524651118, 3.1501858555674837e-06, 1.5708078150924203, 5.724485247895187e-06, 5.53889247259789e-07, 3.141591451152474]",0.0
354,1.665005375195277,"[5.1415945032597, -2.9520674292649388e-05, 4.712429189420079, 1.5707993662572617, 6.712399670457401, 0.0002809655953823686, 3.1415720212300084, 4.712393841476684, 1.9999969912370215, 2.299189981086941e-06, 3.141585157342417, 1.570775692314677, 3.141594603227371, 3.1415775188851027, 4.212391659074628, 4.712389605492815, -3.127897235584062e-06, 4.716890082716174e-06, 3.5707959606228163, 4.712385917182583, -1.8526909459401128e-05, 3.1415797542722834, 3.570793207178462, 3.1415964649847075, 3.1415947114321505, -4.023773291819121e-06, 4.712385801552506, 4.712388547364573, 4.712399044069134, -6.66689344951712e-06, 3.1415985767404653, 1.1968791077585577e-06, 1.0920523857664152e-05, -1.4867175007480184e-05, 1.5707951782860405, -5.861991269102974e-07, 1.5708043814949095, 4.164795602132203e-06, -1.7549002426589242e-06, 3.1415912827752734]",0.0
355,1.6668278974312656,"[5.141600348361303, -2.7266981122860973e-05, 4.712425861936373, 1.570799898555453, 6.712402070455761, 0.00028805336808654765, 3.141575229271895, 4.7123942818122435, 1.9999923489629625, 1.404799912132366e-06, 3.1415856791431986, 1.5707740588627768, 3.1415908225677542, 3.1415735195448127, 4.212397630473522, 4.712389356192149, -6.171952726452866e-06, 5.551764386809685e-06, 3.570799344483352, 4.712383493644584, -1.8030734820481703e-05, 3.141579957902794, 3.5707933168878814, 3.1415929614707743, 3.1415959203363575, -4.221088284681032e-06, 4.7123885080843495, 4.712389579706238, 4.712398696723734, -7.66618834974645e-06, 3.1415996200775593, -1.2363024370651857e-06, 9.78793188236062e-06, -1.4137349593438882e-05, 1.570797669591519, -4.4569538948860326e-06, 1.570805907714687, 4.15827426633879e-06, -2.513203419039589e-07, 3.1415924054479585]",0.0
356,1.6742421600914998,"[5.141595715145625, -2.839394444418042e-05, 4.7124284276818456, 1.5708004894765526, 6.712402673190282, 0.0002840793024620639, 3.1415715333960117, 4.712394014103808, 1.9999978241805159, 4.4731594390163305e-06, 3.141584880747785, 1.57077514990796, 3.1415933847754123, 3.141581048222104, 4.212392684195974, 4.712388666804349, -1.6613604364748432e-06, 3.7232977264034117e-06, 3.5707956993474936, 4.712385572892903, -1.8320057166402763e-05, 3.1415798756689473, 3.570791780126718, 3.141594003478192, 3.141596019358837, -5.771970978173346e-06, 4.712385620589125, 4.712388340963124, 4.712397688529349, -5.245329189435988e-06, 3.141601802744723, -1.5543897844683386e-06, 9.625621602094982e-06, -1.1277970606913166e-05, 1.5707960534727443, -7.376140272382296e-07, 1.5708084120428774, 3.7567496208086293e-06, -6.592066961129989e-07, 3.141591005107368]",0.0
357,1.6768814792502054,"[5.141595857361075, -2.81620013526206e-05, 4.712431553396476, 1.5707999233578533, 6.712400854277873, 0.000282684616607408, 3.141572998934398, 4.712394827983774, 2.000002441590977, 1.099602993405241e-05, 3.141583370347579, 1.5707764078692257, 3.1415931231645966, 3.1415735796772353, 4.212391415540731, 4.712388811731692, -8.087161130517978e-06, 3.4027393261963433e-06, 3.570794950061346, 4.7123842989713, -1.7548027972588237e-05, 3.1415786433257216, 3.5707958241632194, 3.14159424218493, 3.141592843304343, -2.314445734954252e-06, 4.712390374632411, 4.712389912179036, 4.7123959182810315, -6.174698608376233e-06, 3.1415992462322166, 2.216018906543997e-06, 6.717921118186973e-06, -9.692058300840118e-06, 1.5707964508160261, -1.8625427266954426e-06, 1.5708069882439153, 7.204080631932869e-06, -2.6448046026949482e-06, 3.1415910436534493]",0.0
358,1.6775130895366195,"[5.1415956495258595, -2.7471033016020712e-05, 4.712426185123629, 1.5708015316353638, 6.712401721113214, 0.0002830628687187125, 3.141571542808958, 4.712393813385042, 1.9999962845826147, 3.044341865919064e-06, 3.141585770147915, 1.5707765196760157, 3.141594360055256, 3.141577543683616, 4.212392826291143, 4.712388842696562, -5.097897090868872e-06, 3.2717679225096225e-06, 3.570796932065869, 4.712387828874272, -1.5350079677837835e-05, 3.141581810251206, 3.570792326055074, 3.1415966006293337, 3.1415930435191775, -5.224947163145912e-06, 4.712386193385643, 4.712389025116998, 4.712397511631006, -3.6898230614879354e-06, 3.141602572273649, 2.7213195252084837e-06, 7.981368937867668e-06, -1.277842507320537e-05, 1.5707961676855435, -8.105907933808112e-07, 1.5708066251731694, 4.187767753089416e-06, -3.3593170162598884e-06, 3.1415896075432004]",0.0
359,1.673406350760142,"[5.14159779230351, -3.45893923252437e-05, 4.712422443834444, 1.5708024613506468, 6.712396891530628, 0.0002811375004018566, 3.1415728014828432, 4.7123931779342305, 1.9999941582971639, 3.958839298348666e-06, 3.1415858565017842, 1.5707759970610304, 3.1415942383476287, 3.1415783164086077, 4.212391661700486, 4.71238843795974, -3.801332835268708e-06, 2.307987016266419e-06, 3.5707971440851343, 4.712385879225303, -2.2743814977884388e-05, 3.1415842856475487, 3.5707970841985297, 3.1415941401927125, 3.1415918389522783, -2.6480729582243562e-06, 4.712385699151601, 4.712387753625916, 4.712395311480931, -5.452597610604432e-06, 3.141598800980983, 5.423633245247185e-07, 8.610068525705403e-06, -7.851383552182407e-06, 1.5707935907567852, -1.228771484994312e-08, 1.5708079189839042, 3.4015497064997575e-06, 2.012482089611337e-06, 3.14159077783163]",0.0
360,1.6751790224550098,"[5.1415932385479595, -2.885377697188465e-05, 4.7124291647761165, 1.570799245138624, 6.712400017625273, 0.00028580321980209287, 3.141572391921374, 4.712393039957521, 1.9999971710875124, 1.8361811160244115e-06, 3.141584814988306, 1.5707763989664938, 3.1415943161069033, 3.141577524878608, 4.212391800799082, 4.712389894886233, -2.7033532407205667e-06, 3.0979224031945983e-06, 3.5707963059020407, 4.7123866097855895, -1.8420338821755432e-05, 3.1415805980798197, 3.570791223820249, 3.1415944539334526, 3.1415936951087176, -3.409456591603512e-06, 4.712386376033246, 4.712387868109839, 4.712396163074032, -3.415430209096789e-06, 3.1416000177391195, 6.097572019582763e-07, 7.270967511249466e-06, -9.222197526487543e-06, 1.570796872246243, -1.6031656223849834e-06, 1.570802890018586, 3.193023155013147e-06, -1.0689485737441425e-06, 3.141590459107059]",0.0
361,1.6793141893031833,"[5.141598621816513, -2.8660010532206756e-05, 4.71242768042038, 1.5707988964307702, 6.712402883743874, 0.00028762327313946247, 3.1415753895494993, 4.712395019150002, 1.9999912755763058, -5.466685987429779e-07, 3.1415862846293954, 1.5707739725031917, 3.1415915186900385, 3.1415730150876136, 4.212398036990106, 4.7123897956228165, -6.968052967859305e-06, 5.887478718162153e-06, 3.5707990898300204, 4.712383164520459, -1.9400080369642067e-05, 3.141579397496423, 3.5707931497591083, 3.141592990148115, 3.1415958512929247, -2.8856796653198388e-06, 4.712388937952013, 4.712389048421377, 4.712398811963521, -8.401673232835456e-06, 3.141599629566469, -1.2577831919783918e-06, 1.1248239937307244e-05, -1.4192869867917057e-05, 1.5707976990222872, -3.3995918809033494e-06, 1.5708058602161628, 4.747710355134934e-06, 6.549447978146395e-08, 3.1415925014230366]",0.0
362,1.6719917655796983,"[5.14159507163185, -3.1187463961294844e-05, 4.712429656436909, 1.5708005462994408, 6.712405681348969, 0.00028406392828615496, 3.141572714998266, 4.71239398918352, 1.9999957465824876, 1.892532763133024e-06, 3.1415852345583373, 1.5707762572453707, 3.1415939219882403, 3.1415796653112715, 4.212392064088921, 4.712388676248812, -4.4247109286485765e-06, 5.6941806665302575e-06, 3.570794940941361, 4.7123861583670985, -1.8277474112102904e-05, 3.1415810345386053, 3.570793203349134, 3.141594746919957, 3.1415914553064694, -3.552031912305504e-06, 4.712388021045186, 4.71238842429158, 4.71239835863113, -4.366491500064348e-06, 3.1415979120424424, 2.471144619181823e-06, 1.017774496322247e-05, -1.1085191528437773e-05, 1.5707972654081368, 2.1121806938194186e-07, 1.570806652817767, 3.7827876003553595e-06, -1.644082391056914e-06, 3.1415904226775133]",0.0
363,1.6751546104061956,"[5.141595203007762, -2.788919299870069e-05, 4.712429246558231, 1.570800676464195, 6.712402113184926, 0.00028318512242385294, 3.141572562060082, 4.712394198399811, 1.9999957195115128, 2.4197870738506965e-06, 3.1415857728258967, 1.5707763290846704, 3.14159483410284, 3.1415773472803328, 4.21239356088643, 4.712388419067819, -4.640325546482873e-06, 3.568819820467161e-06, 3.57079565663618, 4.7123862223541115, -1.9396729672459412e-05, 3.141580043428892, 3.5707923007561897, 3.1415943675573805, 3.1415943219623004, -4.4740440303327346e-06, 4.712386770586337, 4.712387496058488, 4.712396438321724, -5.473781063705348e-06, 3.1416006569576282, 1.6643829306650532e-06, 9.53852234403394e-06, -1.1044631254006095e-05, 1.5707954920453657, 1.0536018613723572e-06, 1.570806010267782, 4.775602135881066e-06, -9.65522226154007e-07, 3.1415902418612234]",0.0
364,1.6762311031631443,"[5.141595484691111, -2.91653082884626e-05, 4.712429296593255, 1.5707985485340377, 6.712399462474606, 0.0002827088378842154, 3.1415720782111163, 4.712393803928301, 1.9999959794706823, 1.4788656732557142e-06, 3.141585165763065, 1.5707751382316233, 3.141595435805669, 3.141578289752141, 4.2123924535976105, 4.712388257850746, -4.894303596469232e-06, 3.504874268603784e-06, 3.5707965173298137, 4.71238541213354, -1.7467867270835064e-05, 3.1415815496969257, 3.570789371956821, 3.1415949688966243, 3.1415952294517098, -6.530074437473625e-07, 4.712388511596713, 4.712389208658237, 4.712398593990068, -4.69058776273549e-06, 3.1416003776392043, 1.6743259861908986e-06, 1.0348395973547496e-05, -9.92872983951445e-06, 1.5707965058258944, 6.582726330293274e-07, 1.5708093146639281, 4.7713721323352335e-06, -2.0114954017940323e-06, 3.1415911313483833]",0.0
365,1.6707762899690104,"[5.141593441049743, -2.9848215074765136e-05, 4.712429228493299, 1.5707998790690978, 6.712401960276848, 0.00028340388355080007, 3.1415719328594047, 4.712393309413626, 1.9999947427073514, 3.1161720238850408e-06, 3.141585311950639, 1.5707758839273138, 3.1415925909084184, 3.1415769777957196, 4.212392520209617, 4.7123878661573455, -4.371733704855239e-06, 3.72995769433604e-06, 3.570796644670244, 4.712386180854075, -1.8335138361788782e-05, 3.14158053790307, 3.5707928125261517, 3.141595879646458, 3.1415945900520317, -3.940517267332539e-06, 4.712387473343636, 4.7123876781485405, 4.712397436879168, -5.059121490260723e-06, 3.141601146813426, 1.1860333882713715e-07, 9.208915353726509e-06, -1.109219035670518e-05, 1.5707960013326603, 4.397614574270998e-07, 1.5708067316487624, 4.528937506555898e-06, -1.8502508283110426e-06, 3.1415905106514472]",0.0
366,1.6677830630751957,"[5.1415929934460465, -3.0164989473755827e-05, 4.712426674482331, 1.570799765253134, 6.71240263844133, 0.00028365499776626825, 3.1415721584036165, 4.712394823659957, 1.9999994593159256, 1.558790507407431e-07, 3.1415871972909484, 1.5707765033207115, 3.1415948165529755, 3.1415763801875944, 4.212393301067989, 4.71238545994708, -4.061655386668739e-06, 4.026375588605034e-06, 3.5707967055238945, 4.712386276371663, -1.9097385773714717e-05, 3.1415785380247407, 3.5707934753514734, 3.1415953698939743, 3.141593493319364, -2.8951832147242273e-06, 4.712385625251713, 4.712388224169384, 4.712397716360211, -5.039868080333638e-06, 3.141601312906857, 2.875685156041787e-07, 9.43586120602789e-06, -1.1012678103976186e-05, 1.5707970749524853, -2.688165931248002e-07, 1.5708072625358716, 5.64011355613335e-06, -1.6530966103774674e-06, 3.141592675401554]",0.0
367,1.6771070950749436,"[5.141594844352925, -2.9605303668038044e-05, 4.712428950367094, 1.5707998560826066, 6.712402302976613, 0.000284078977019083, 3.141571799848721, 4.712394437201746, 1.9999960116699618, 2.6854190550638743e-06, 3.141585680554848, 1.5707767170368898, 3.1415958550001397, 3.1415769399545828, 4.212391770543888, 4.712389238229631, -4.85901769275571e-06, 3.513918090481371e-06, 3.5707966403626936, 4.712385068243986, -1.9019307607308293e-05, 3.1415805958634064, 3.5707929705979793, 3.1415958433554168, 3.1415947131155195, -4.019532737632852e-06, 4.712386746315311, 4.712387807264607, 4.712397546441399, -5.758507566054198e-06, 3.1416014805645145, 9.386861149269824e-07, 9.05069311495115e-06, -1.1425328603454622e-05, 1.5707974980472157, -3.696610412232394e-08, 1.5708071194752444, 3.022883828346383e-06, -1.1324259094931555e-06, 3.14159051510426]",0.0
368,1.680088533824161,"[5.141593494098972, -2.9997363493928937e-05, 4.71242847551985, 1.5708000448688364, 6.712402981655849, 0.0002852797521548767, 3.141572371694704, 4.712394619446984, 1.9999956593973391, 2.5965689344418505e-06, 3.141584923710292, 1.570776168154118, 3.141596053759217, 3.1415782120353186, 4.212391970585341, 4.7123899340918465, -4.920008614894422e-06, 3.885345925807434e-06, 3.5707970743385853, 4.712384718396499, -1.994847043813552e-05, 3.1415806495207885, 3.5707921692793447, 3.141596175765707, 3.1415945356028674, -3.3904990535456504e-06, 4.712386127010477, 4.712386962173151, 4.712397929350146, -3.818713310383928e-06, 3.1416005698815153, 7.719634758107998e-07, 9.289945534194973e-06, -1.1888386631770206e-05, 1.570792707548198, -2.639479419505795e-06, 1.5708073042457065, 8.553440604432357e-06, -2.2284388363258447e-06, 3.141589748240345]",0.0
369,1.676623891738045,"[5.1415938384656465, -2.9000520866924306e-05, 4.712428745317847, 1.5708000458259197, 6.712401639035757, 0.00028370538562796606, 3.141572382755144, 4.712394008650084, 1.9999962486941227, 2.3225391325752957e-06, 3.1415861214701564, 1.5707758960934044, 3.1415937807102576, 3.1415781832472267, 4.212392689578938, 4.712389098945084, -4.6544944770950755e-06, 5.1610186931091226e-06, 3.570796085549975, 4.712384674784734, -1.836009805601351e-05, 3.1415807908759525, 3.570791873981843, 3.1415958886141446, 3.1415928257858043, -3.718276908958903e-06, 4.71238672484553, 4.712388523375745, 4.712396729447112, -6.956812590202296e-06, 3.141602059830792, 1.355796840514023e-06, 9.083425709858416e-06, -1.0822021817716684e-05, 1.570795561127214, -5.486832682217742e-07, 1.5708066747259677, 4.536466509629243e-06, -7.580457485293282e-07, 3.141590822741084]",0.0
370,1.6824034225402489,"[5.141595274103574, -3.108444068218437e-05, 4.712428213209012, 1.570798155794988, 6.712401564922824, 0.0002823833436602271, 3.141570333132323, 4.712394689364666, 1.9999963494458892, 1.632435241966028e-06, 3.1415857817380997, 1.5707757997162182, 3.141593223129559, 3.1415778258413676, 4.2123934929364735, 4.712391446731094, -5.072566274941823e-06, 4.397778446202557e-06, 3.5707956170873887, 4.712386500911731, -2.1349959619574763e-05, 3.1415794329914797, 3.5707921011645936, 3.1415940766143633, 3.1415931741932575, -4.704166420571952e-06, 4.712386568899429, 4.712390277634142, 4.712397010743906, -5.252023523224514e-06, 3.141601878667293, -5.896868305364084e-07, 8.569913867214588e-06, -1.1171664499532758e-05, 1.5707973261510773, 1.3383471275684323e-06, 1.5708062015494795, 5.718292921155114e-06, -4.979852908606527e-06, 3.141589614279276]",0.0
371,1.6776508295203687,"[5.141595344783272, -2.9850797647351683e-05, 4.7124304728349555, 1.5707990818756534, 6.712401822598539, 0.0002831968655622027, 3.1415723590311235, 4.712394399784111, 1.999995434945957, 2.7006339341307485e-06, 3.141587191311062, 1.570775377091716, 3.141594542873356, 3.141577351786876, 4.2123922885202925, 4.712388305880526, -4.377539235767666e-06, 3.3924864917648965e-06, 3.5707965885749218, 4.712386130872875, -1.8370256145666488e-05, 3.1415806874256225, 3.5707927230758854, 3.1415945021134593, 3.1415932986157555, -4.336870282807745e-06, 4.7123856133987525, 4.7123887609954656, 4.712396990227263, -4.853452674913663e-06, 3.1416014842120017, 9.324827554047161e-07, 9.686612579271483e-06, -1.0983478056459475e-05, 1.5707961145780849, -1.366199006585548e-06, 1.570806741096948, 4.807360209468443e-06, -1.704858077986908e-06, 3.1415908087063786]",0.0
372,1.677142433041951,"[5.141592456035793, -2.9534357396494617e-05, 4.7124297226111445, 1.5707998686059055, 6.71240161663456, 0.0002829156539862523, 3.1415731395093482, 4.712396299644347, 1.9999981923978598, 1.3040708380713966e-06, 3.1415854219585353, 1.5707755578884366, 3.141595089569627, 3.1415769257185895, 4.212394514800064, 4.712389344951899, -4.2220411014661835e-06, 4.00714587270918e-06, 3.5707957884947445, 4.712386568552783, -1.75436225869473e-05, 3.1415852288007993, 3.570794058980231, 3.1415942817254208, 3.141594137921786, -4.735884470035052e-06, 4.712388274041826, 4.712388146093619, 4.7123973196719255, -5.227621122341151e-06, 3.1416009224941748, -1.757726033747025e-06, 1.004147286766247e-05, -1.189924141608181e-05, 1.570796071359125, 2.930509953930648e-07, 1.5708066677767545, 4.803284969214818e-06, -9.390017902524857e-07, 3.14158940497428]",0.0
373,1.6782818303605889,"[5.141593609040156, -3.0062601461752264e-05, 4.712428618388007, 1.5708000364585153, 6.71240173286933, 0.0002842886778884491, 3.14157169848614, 4.712394383794557, 1.9999962990015279, 2.6505271947832476e-06, 3.141586210124653, 1.5707761407793264, 3.141594028561756, 3.141577777193888, 4.212393233730521, 4.712389606761879, -4.7597706425237e-06, 3.02988620761564e-06, 3.5707963235423827, 4.712386480619507, -1.806124015682596e-05, 3.1415808905617273, 3.570792627746373, 3.141593605706995, 3.1415945155597753, -3.974958403816033e-06, 4.712386408701422, 4.712387335060192, 4.7123978206203905, -7.000301505345125e-06, 3.141600570422267, 1.8830768471791235e-06, 9.498462330107135e-06, -1.0874574479189469e-05, 1.5707959275119914, -5.110246723597985e-07, 1.5708070140998778, 4.405125173965576e-06, -2.67316621515514e-06, 3.141590914035539]",0.0
374,1.6740659802680895,"[5.141592999709916, -2.788994431584307e-05, 4.712427912502651, 1.570799578117033, 6.7124024614339985, 0.00028224096151319877, 3.1415716466085852, 4.712395470022524, 1.99999570207504, 1.088935917395557e-06, 3.1415857042858075, 1.5707738624477012, 3.141593292156382, 3.141577913107544, 4.21239225907126, 4.712390870927855, -4.3134339373276356e-06, 3.8697838688201305e-06, 3.5707957836925788, 4.712386607347966, -1.8435833393215104e-05, 3.141579332852076, 3.57079555409929, 3.141596122283247, 3.1415965152754906, -3.7011014806365634e-06, 4.712387173420636, 4.712389694044468, 4.712396833542577, -4.40940060978368e-06, 3.1416010099811733, 2.8324937166657256e-06, 1.0828525357669384e-05, -8.775168850154861e-06, 1.5707970591965115, -1.5972947126191381e-06, 1.5708069433519956, 5.006372068957911e-06, -1.8125199192437625e-07, 3.1415897720907564]",0.0
375,1.6782012109336109,"[5.141594507020626, -2.9947024589810555e-05, 4.712428129586777, 1.5707980889588746, 6.712402087376881, 0.0002836032466925056, 3.1415725417745137, 4.712394253741292, 1.999996151819456, 2.638492871508989e-06, 3.141586208909257, 1.5707752667532042, 3.1415942834553694, 3.141577424847076, 4.212392952865439, 4.712389173362552, -4.582939549933342e-06, 3.6727892231399745e-06, 3.5707949201255285, 4.7123867914877655, -1.824351409123715e-05, 3.1415801783739754, 3.5707923560966908, 3.1415949752547387, 3.1415940675453924, -3.573532094585425e-06, 4.712386860198468, 4.712387583310662, 4.7123974357127185, -5.500306015917229e-06, 3.1416010222103363, 1.0540660335187547e-06, 8.041380429324432e-06, -1.213224626074247e-05, 1.5707962054483389, -2.4055937075044316e-07, 1.570807232371249, 4.855714700654214e-06, -1.3547748099797746e-07, 3.141589422728291]",0.0
376,1.675769824884322,"[5.141595006863972, -3.0241735897046056e-05, 4.712430699848662, 1.570801959703912, 6.712401942848149, 0.0002822404137198318, 3.1415714853378094, 4.712395066334374, 1.9999961914249476, 2.097098403500605e-07, 3.141584612682325, 1.5707757427223479, 3.1415944178934074, 3.1415785476322506, 4.212391770770245, 4.71238937654337, -3.6612490568577427e-06, 4.232147265649002e-06, 3.5707995384861215, 4.712387118128935, -1.761133946377494e-05, 3.1415788910283844, 3.570793592070032, 3.141593176299033, 3.141594068957713, -2.696019606654564e-06, 4.71238823071566, 4.712388258897433, 4.71239705203233, -6.268858215865354e-06, 3.1416018786468176, 7.469683807771794e-07, 6.226316942159244e-06, -1.2309049088297753e-05, 1.5707957127795076, -1.522414385395458e-07, 1.5708070458041912, 5.29491128583527e-06, -3.174715106709269e-07, 3.1415900341043432]",0.0
377,1.685235354681216,"[5.141593733540709, -3.0469254539653016e-05, 4.712429199345017, 1.5707999624513025, 6.712401226493419, 0.00028382994940989227, 3.141573991607285, 4.712394594091348, 1.9999961092288898, 2.2009593854555285e-06, 3.1415843366990193, 1.5707761769454835, 3.141594267165738, 3.1415775791354115, 4.212393582830784, 4.712389152954576, -4.626973531904841e-06, 3.3186766843551743e-06, 3.5707962804018076, 4.712385664918319, -1.859158639390543e-05, 3.141579865079355, 3.5707926215134846, 3.1415949560725203, 3.141593993217676, -4.968419677194707e-06, 4.71238622704385, 4.712389485096114, 4.7123978831216595, -4.824924609206676e-06, 3.1416015074005155, 1.7647361052226208e-06, 9.115193418248724e-06, -1.1289717276616818e-05, 1.5707960078451082, 1.5547830505429492e-07, 1.570807348017703, 4.335672155389859e-06, -1.2134898786966073e-06, 3.141590523861359]",0.0
378,1.6764470574597756,"[5.141594618082866, -2.8848103682893125e-05, 4.712428830677605, 1.570800039180126, 6.712400795902324, 0.0002844055301741019, 3.1415728901939954, 4.712394179525859, 1.9999960397714265, 3.1244428393212527e-06, 3.141584575108234, 1.5707766894100272, 3.1415944969930307, 3.1415785035345225, 4.212391755593082, 4.712390084836168, -5.2243866594912405e-06, 3.965627623709056e-06, 3.5707959820819095, 4.712390001730744, -1.948960482614337e-05, 3.141579614032453, 3.570793185381645, 3.1415952652217705, 3.141592097560622, -2.735877315389706e-06, 4.712388357605475, 4.7123866099010225, 4.7123978440449195, -5.324613853252342e-06, 3.1416036456461205, -2.391136720156478e-07, 1.2670552591053167e-05, -1.1753608139056915e-05, 1.5707970255862533, -7.15512040137886e-07, 1.5708064258948944, 5.182420967792438e-06, -5.994311005590068e-07, 3.1415923539841715]",0.0
379,1.6755317207020732,"[5.1415931485551365, -2.880809913295073e-05, 4.712428975955305, 1.5708007724347306, 6.712401421566007, 0.00028342520213492877, 3.1415715022128254, 4.7123958363576, 1.9999944589603587, 3.972892911023351e-06, 3.141587332642673, 1.5707780167201213, 3.1415947759762988, 3.1415765366194073, 4.2123949261815365, 4.712391055079352, -7.244685575202228e-07, 3.931503197337182e-06, 3.5707957734134785, 4.712385877417824, -1.816403993869413e-05, 3.141579396849064, 3.570792778297478, 3.1415954846409955, 3.1415926261047384, -1.9626615889956837e-06, 4.712387371554175, 4.7123888088598935, 4.712396248215848, -4.210901479011281e-06, 3.1416000394168555, 4.794984917748547e-07, 9.281690432318995e-06, -1.2143825887598514e-05, 1.570796495469058, -2.6831751986684823e-07, 1.570808641644743, 4.48702143554097e-06, -1.5574262361415938e-06, 3.1415914834248397]",0.0
380,1.6776628088566554,"[5.141593620341886, -2.8991328679481168e-05, 4.712428829294315, 1.5708003816827278, 6.712402514459166, 0.0002834899948245866, 3.141572482884648, 4.712393351291216, 1.9999970875012536, 2.7569287133695042e-06, 3.14158691127135, 1.570775392166629, 3.1415938140747026, 3.141577271108442, 4.212392563740912, 4.712390119449805, -5.379941021749831e-06, 3.418111222980316e-06, 3.570797502013496, 4.712386549444894, -1.9496819954379667e-05, 3.1415804551532194, 3.57079205328714, 3.141594708516647, 3.1415937602203834, -3.2884145637048976e-06, 4.7123867498016985, 4.7123890238047395, 4.712397499313813, -4.67928621830666e-06, 3.1416006997559704, 5.080771046832011e-07, 9.812814846677815e-06, -1.1842107468257834e-05, 1.5707954643134532, 1.245636011478677e-07, 1.5708072134805557, 3.6018311256443825e-06, -8.093713451422288e-07, 3.1415902426460267]",0.0
381,1.6757942532526373,"[5.141594404021476, -2.988186276566764e-05, 4.7124285757609625, 1.5707998673460422, 6.712401860767537, 0.0002835238221276408, 3.1415720820469497, 4.712394350193918, 1.9999959923661532, 2.0684701724856946e-06, 3.141585853460662, 1.57077639558447, 3.141594396150657, 3.1415777705911565, 4.212393105100868, 4.712389221868311, -4.418701399859274e-06, 3.799093762731403e-06, 3.5707966521727066, 4.712386005417018, -1.8105812136081025e-05, 3.1415800878620597, 3.570792382398339, 3.1415949284304485, 3.141593875129182, -3.668337129715172e-06, 4.712386595852007, 4.712388105347172, 4.712397342219873, -5.256240211628685e-06, 3.141601367404652, 5.198429601039617e-07, 1.0300709089754048e-05, -1.1077628408328709e-05, 1.5707960674030805, -1.9711491159035507e-07, 1.5708065088180752, 4.4141653472375205e-06, -1.1926647732739712e-06, 3.1415894390724337]",0.0
382,1.6805334858016738,"[5.141595134263694, -2.9639859620515034e-05, 4.712429140415456, 1.570800136324629, 6.712401895397158, 0.00028315144145267117, 3.141572133056623, 4.712394573477614, 1.9999977722615623, 4.4533907450839115e-06, 3.141584946595552, 1.5707761015473702, 3.1415939097208, 3.1415768247370983, 4.212393044260986, 4.712389059395158, -5.480447636149424e-06, 3.5942639859039766e-06, 3.5707960689667253, 4.712385283104132, -1.7830414592443032e-05, 3.141579724943957, 3.5707932883592166, 3.141594766770382, 3.14159379978522, -2.7990421490971578e-06, 4.712387613191236, 4.712388537892399, 4.712396793438897, -5.330387594602367e-06, 3.1416007984006664, 6.066036282257399e-07, 9.559741580550581e-06, -1.0866153431686038e-05, 1.5707962653746235, -8.348232455228861e-07, 1.5708062361002757, 5.130052622044343e-06, -1.5721570631586969e-06, 3.1415902133341675]",0.0
383,1.6722302415154546,"[5.1415945792378155, -3.001794905429611e-05, 4.71242902884308, 1.5708009956012314, 6.712401707567609, 0.0002838116501188306, 3.1415722283770036, 4.712394332105702, 1.99999631405651, 2.327613519020243e-06, 3.1415861793739452, 1.5707757940986649, 3.1415941781298637, 3.14157733025637, 4.212392769859667, 4.712389152565379, -4.3974920673815095e-06, 3.6597753163720668e-06, 3.57079548279363, 4.712386197103657, -1.8820683076469878e-05, 3.141580467038852, 3.570792336380086, 3.1415951165609566, 3.1415943383940284, -3.5350723254133404e-06, 4.7123871750072635, 4.712388584272356, 4.712397568599886, -5.292168536201973e-06, 3.14160154954513, 8.400291572676254e-07, 9.519154335857928e-06, -1.137723507661866e-05, 1.5707962618037283, -5.788131493758347e-07, 1.570806535475905, 4.729876219237492e-06, -1.3920742842405394e-06, 3.141590144181011]",0.0
384,1.6659015887434068,"[5.141594297150776, -2.9418893666840208e-05, 4.712428928093265, 1.570800584637119, 6.712402708354196, 0.00028327192216396827, 3.1415714412597917, 4.712394309439061, 1.9999957101081967, 1.9904887473646974e-06, 3.1415843959222136, 1.5707752623374664, 3.141593873507642, 3.141577285483757, 4.212393006756241, 4.712389501351134, -4.6857196292043575e-06, 2.9369637528485904e-06, 3.570795576685489, 4.712385787294155, -1.83346608696946e-05, 3.141581190430333, 3.57079249893215, 3.1415948347470937, 3.141593689614088, -2.0923912110300206e-06, 4.712384727417761, 4.7123881847436495, 4.712397166651725, -5.2116450485657224e-06, 3.141601574408168, 5.045506457707424e-07, 9.644267887576415e-06, -1.1808566807565587e-05, 1.5707966703350924, 2.1592210524310476e-07, 1.5708063692563894, 4.887774835249878e-06, -9.075834208894276e-07, 3.141591068262556]",0.0
385,1.677338819414168,"[5.141594403295129, -2.9054212624996735e-05, 4.712428608507093, 1.5707996710269616, 6.712402065198111, 0.000283804141561098, 3.141572321496584, 4.712394251271753, 1.9999958369339816, 2.386058028523928e-06, 3.1415853271985013, 1.5707761518098369, 3.141594257280299, 3.1415776970185965, 4.2123931387262825, 4.712388688441806, -4.50266560055576e-06, 3.6466017480981575e-06, 3.5707962535741067, 4.712386065790396, -1.904703147140871e-05, 3.1415806276675453, 3.5707929654396993, 3.1415945084669166, 3.1415940176675075, -3.0863556463260967e-06, 4.712387018882305, 4.712388966330927, 4.712397282587711, -5.5740217975535366e-06, 3.141601370263122, 7.44988867163121e-07, 9.520852526849632e-06, -1.1726894977521712e-05, 1.570796101579821, -9.073396654525928e-07, 1.5708065997422107, 4.277006946735749e-06, -1.6309015543884424e-06, 3.141590157894939]",0.0
386,1.6769543010919814,"[5.141595648487791, -2.985303516465606e-05, 4.712428071237465, 1.5708001016336253, 6.712402217698723, 0.00028396990127409335, 3.1415726374437463, 4.712394631873214, 1.9999954705002767, 1.7392561550355545e-06, 3.1415859427247184, 1.5707748478316412, 3.141593827048946, 3.1415773682094823, 4.212394385035549, 4.712389821342821, -5.05482045189698e-06, 4.106323440592184e-06, 3.57079701136779, 4.712385564119553, -1.819605657607194e-05, 3.1415803966400455, 3.570792248200152, 3.141595256634385, 3.1415945925648976, -3.842074989185789e-06, 4.712387414355655, 4.712387694702279, 4.712397107568309, -4.928904379426522e-06, 3.141600815283991, 1.6340355248364497e-07, 9.548751322425046e-06, -1.177803507746697e-05, 1.5707965276504121, -8.540156300461511e-07, 1.5708058735502994, 4.418211031460182e-06, -1.173502927409022e-06, 3.141592145357592]",0.0
387,1.6723456725718646,"[5.1415944999078915, -2.9658010055839316e-05, 4.7124287719662155, 1.5707997440317427, 6.712402063479291, 0.0002835359020312719, 3.1415714546025932, 4.712394384746322, 1.999996100798014, 2.1856275674342675e-06, 3.1415855953077965, 1.5707765272461869, 3.141594254685076, 3.141577333352618, 4.212392774894532, 4.71238938470772, -4.930647905142309e-06, 3.725971716289351e-06, 3.5707957990363806, 4.712386039617156, -1.8247304336125125e-05, 3.14158045087343, 3.570792641550856, 3.1415946129651693, 3.1415940658747057, -3.889110217015988e-06, 4.712387082501741, 4.712388707733485, 4.712397468755936, -4.946094434105765e-06, 3.141601374418712, 6.482513624124586e-07, 9.49249181163382e-06, -1.1225296861359442e-05, 1.5707953842723528, -3.2708307668724323e-07, 1.5708066027623877, 4.417117714816244e-06, -9.021163574614982e-07, 3.1415911391637894]",0.0
388,1.6706374564987432,"[5.141594464109723, -2.960591005045769e-05, 4.712428988006072, 1.57080007943365, 6.7124022049894085, 0.0002829126902765956, 3.141572909626326, 4.712394984878674, 1.9999963237448255, 2.0574468718576745e-06, 3.1415855483213155, 1.5707750556817417, 3.141594642754133, 3.1415776981563384, 4.212392849953375, 4.7123893786302435, -4.585427109722505e-06, 3.809293131442801e-06, 3.5707953533559817, 4.712386111526679, -1.8408191908793602e-05, 3.1415798264851986, 3.5707929871869255, 3.14159533320307, 3.1415937953101767, -2.7891993998962163e-06, 4.712386723681038, 4.712387277285464, 4.712397184022226, -4.8650844169388145e-06, 3.1416018801449894, 2.958480907930069e-07, 9.167458082075548e-06, -1.0810857883096362e-05, 1.5707945920128905, -2.943277477948288e-07, 1.570806787814632, 2.7255663926239743e-06, -2.803238357403608e-06, 3.141590580813006]",0.0
389,1.6707280755714837,"[5.1415946899196685, -2.949407348654849e-05, 4.712429302563318, 1.570799857341572, 6.712401499678688, 0.00028431168363882045, 3.1415715778217113, 4.7123944546521, 1.999996408078441, 2.4631332223428114e-06, 3.1415858440791764, 1.5707756437982099, 3.1415942119364275, 3.1415780846857744, 4.2123935961857075, 4.712389136270508, -4.760683612460637e-06, 3.652111851363188e-06, 3.5707963756038485, 4.712386077077774, -1.866698736003919e-05, 3.1415804546451738, 3.570793258291224, 3.141595494592785, 3.1415938385563464, -3.36616156522946e-06, 4.712386718779249, 4.712388297309467, 4.712397580516613, -5.044308353236824e-06, 3.1416012608292605, 9.567055961004133e-07, 9.392982617824247e-06, -1.1367854992728671e-05, 1.5707959314817022, 1.3539076073699823e-07, 1.5708065770544846, 4.491502120714011e-06, -1.2745294864826598e-06, 3.14159042083564]",0.0
390,1.678952796122777,"[5.141593787493539, -3.0051481173629862e-05, 4.712429341794814, 1.5708001912759189, 6.712401839883436, 0.00028227782810252356, 3.141570848730829, 4.712394797972913, 1.9999964700059956, 2.4793782746236467e-06, 3.141585010211591, 1.5707759862327475, 3.141594152296677, 3.1415780174728516, 4.212394095645115, 4.712388653343893, -5.170946101459577e-06, 3.5221395093959402e-06, 3.570796281049227, 4.7123864697987985, -1.9604503892898592e-05, 3.1415805420745175, 3.570791562453526, 3.1415955058639797, 3.141593718640091, -3.999716139512067e-06, 4.712386948387495, 4.71238748825712, 4.712396844916918, -4.822092264986529e-06, 3.1416011156961265, 1.3436983034954582e-06, 9.459918066435738e-06, -1.1477824864433661e-05, 1.5707964827672904, -1.8614988050775053e-06, 1.570806991839672, 3.7974225082531614e-06, -9.395967730009298e-07, 3.1415904048473324]",0.0
391,1.6783103200208065,"[5.141594345087196, -2.9767606570396617e-05, 4.712428742055534, 1.5707999065958846, 6.712401896696157, 0.00028346739697981613, 3.141572204540473, 4.712394716002707, 1.999996228956589, 2.974581463352407e-06, 3.141585689679271, 1.5707759230455507, 3.1415942120861446, 3.1415774569574606, 4.2123930113254975, 4.712389192403706, -4.516295048069671e-06, 4.854192736309171e-06, 3.5707964997283117, 4.712386136574362, -1.875700433928743e-05, 3.141580742806023, 3.5707925437040786, 3.141594467639135, 3.1415944408627188, -3.2884694342917688e-06, 4.712386527816775, 4.712388079071165, 4.712397433602615, -4.718993281508338e-06, 3.1416017323207286, 1.2876987967263568e-06, 9.5032671494186e-06, -1.1381480854810603e-05, 1.5707961947126612, -1.266662327732622e-07, 1.5708064013204346, 4.47145846838778e-06, -1.329325749186337e-06, 3.1415905708858016]",0.0
392,1.67312873280334,"[5.141594481354222, -3.011005955665378e-05, 4.71242852895839, 1.5707994139285077, 6.712402961613714, 0.00028317422427942015, 3.141572412897527, 4.7123958729813955, 1.999996406411105, 2.983036956577495e-06, 3.141585950214606, 1.5707760418692187, 3.141593993860162, 3.141578273956079, 4.2123926077814025, 4.712389081215202, -3.7497484214867763e-06, 2.0542562214015075e-06, 3.5707968461146185, 4.712386220240506, -1.885034027719706e-05, 3.14158091560715, 3.5707918965707446, 3.14159581393375, 3.141594092985128, -3.2284665407806195e-06, 4.712387479617172, 4.712388721620349, 4.71239720848375, -5.59965639378825e-06, 3.1416017802073553, 1.39909971303572e-06, 9.602998599596155e-06, -1.125958127853039e-05, 1.5707956666135972, 4.336587350542625e-07, 1.5708054027142049, 4.671176595977027e-06, -1.212893397630056e-06, 3.141590947928311]",0.0
393,1.6747641440971286,"[5.141594202697948, -2.9227396021923777e-05, 4.712428682497803, 1.5708000106535156, 6.712401806568316, 0.0002830642441335085, 3.141572219837821, 4.712394275896075, 1.9999961000604674, 2.4547034899738353e-06, 3.1415859122343583, 1.5707757864091987, 3.1415941986321636, 3.1415778429659897, 4.2123930034002175, 4.7123893464783695, -4.560601770762088e-06, 3.2612405674485057e-06, 3.5707961961595394, 4.712385243241678, -1.8703067272623514e-05, 3.141580399986599, 3.57079280673245, 3.141594506766657, 3.1415935219993685, -3.680483153909215e-06, 4.712387184797495, 4.712387795240914, 4.712398148402979, -4.830436247006973e-06, 3.141601611249998, 8.572945820219583e-07, 9.367309165690533e-06, -1.1350133599065983e-05, 1.5707964548110644, -3.6638539669658144e-07, 1.5708064161810693, 4.709529816960815e-06, -1.3350349310789468e-06, 3.1415905381738995]",0.0
394,1.6797691349829205,"[5.141594205103587, -3.012097002495882e-05, 4.712428871217089, 1.5707997671993195, 6.712401544457405, 0.0002838365723993113, 3.141572172874956, 4.712393838363659, 1.9999966876403985, 1.8236914015828608e-06, 3.141585888787124, 1.570776010365463, 3.1415938052215724, 3.141578312783604, 4.212392313411526, 4.712389288976342, -4.59511297121805e-06, 3.209520329839854e-06, 3.570795909809408, 4.712385170517825, -1.835793246792894e-05, 3.141580553803308, 3.5707930309698033, 3.1415946063577196, 3.1415943342500863, -3.5737441316397617e-06, 4.71238732985927, 4.7123877604865605, 4.712394993469608, -4.399593648695961e-06, 3.141601682163563, 1.5314364217528735e-06, 1.020631348379944e-05, -1.2798490435755512e-05, 1.5707962790122838, 4.271874725948924e-08, 1.570807016426357, 4.557324152612383e-06, -1.7768650742891635e-06, 3.141590717282388]",0.0
395,1.6733837727330916,"[5.14159397306627, -2.9314333287275376e-05, 4.71242959686673, 1.5707996518136402, 6.7124026702039465, 0.00028354982320127615, 3.141572153453834, 4.712393863273877, 1.9999964231431402, 2.3942485922032315e-06, 3.1415856671168294, 1.5707758570009895, 3.1415947160558773, 3.141577622193816, 4.2123934911193714, 4.712389453208012, -4.5596062801308465e-06, 3.8133499528995807e-06, 3.570796162269203, 4.712386133372589, -1.8104956806243154e-05, 3.141580089500368, 3.570792271573944, 3.1415951271009726, 3.1415943400212316, -3.594618630717503e-06, 4.712387035197058, 4.712388397533126, 4.712397378454347, -5.276481376638385e-06, 3.1416017679705726, 8.967065870994582e-07, 9.575137223574958e-06, -1.1572660538573911e-05, 1.5707963846053996, -3.536569067373486e-07, 1.570806347695059, 4.737895432623185e-06, -1.7111184662997396e-06, 3.141590626109163]",0.0
396,1.67309714398833,"[5.141594665032891, -3.0867520748614526e-05, 4.712428020752986, 1.5708002965009404, 6.712401881327538, 0.00028247262260731453, 3.141572268960928, 4.712392305277145, 1.9999960527287524, 2.953517747139526e-06, 3.1415857302890564, 1.5707757858640954, 3.1415956231541258, 3.1415781698168956, 4.212393721793765, 4.712389429516023, -4.071365231507664e-06, 3.4760453521171388e-06, 3.5707963290640823, 4.7123863929151995, -1.8895758173485586e-05, 3.14158117114932, 3.5707936129834255, 3.1415951993124556, 3.1415940426511697, -3.2823640725198997e-06, 4.712386832845134, 4.712388512200105, 4.712396794010987, -5.4016159957876405e-06, 3.1416014463613826, 7.800414039153383e-07, 9.250881991391317e-06, -1.0468478928824894e-05, 1.570795791876547, -2.0299218844212445e-07, 1.5708064632229877, 4.722125622586857e-06, -1.0149605742547049e-06, 3.1415910015586226]",0.0
397,1.675666991011436,"[5.141594120932236, -2.9718378264820033e-05, 4.712428518893714, 1.5708000611353612, 6.712401922722343, 0.0002838510783869131, 3.1415716455867777, 4.712394489478246, 1.9999960460759183, 2.710783226834741e-06, 3.1415853012852697, 1.5707747828366478, 3.1415949011350803, 3.1415772224825878, 4.212392867538383, 4.712389024073359, -4.313515130904368e-06, 3.724114094013973e-06, 3.5707963564564995, 4.7123859957012, -1.8511454952107982e-05, 3.141580243568415, 3.570792446255221, 3.1415946836429107, 3.141593505282704, -3.921368258409367e-06, 4.712387199646837, 4.712388460659825, 4.712397078375843, -5.2747930767603575e-06, 3.1416013069742124, 9.182563531130165e-07, 9.807737211050812e-06, -1.1438048467972355e-05, 1.5707960364596472, -1.285917861061043e-07, 1.5708065683413126, 4.48113553980611e-06, -1.3763326156707261e-06, 3.141590503895957]",0.0
398,1.6776519737051818,"[5.141593191351853, -2.9614107809010286e-05, 4.712428609517724, 1.5708005496886808, 6.7124015009706754, 0.00028332333403449514, 3.1415723344678623, 4.712395140907981, 1.9999952942824057, 3.0879218449490197e-06, 3.1415863575347704, 1.57077585482517, 3.1415952130998646, 3.141579253337668, 4.212392678271892, 4.71238875576094, -6.149235595592301e-06, 3.7630156911938728e-06, 3.5707958273254436, 4.712386234724411, -1.8039929079180432e-05, 3.1415799622854856, 3.570792508015244, 3.1415948842908006, 3.1415943932107484, -3.3891284174387397e-06, 4.712386533149467, 4.712388907991319, 4.71239684927131, -5.091395424292459e-06, 3.1416006927104534, -1.7447617404330049e-07, 9.035762293882665e-06, -1.1550107051730383e-05, 1.5707966518163419, 5.013796744666073e-09, 1.5708059990633865, 4.6597355474519115e-06, -1.3906825868657227e-06, 3.141590832208331]",0.0
399,1.6804566949206001,"[5.1415941671660095, -2.9351365282607358e-05, 4.71242888427703, 1.5708001693585578, 6.712401817711734, 0.0002834606683354267, 3.141572121792672, 4.712394766571453, 1.999995790252835, 2.799022422278182e-06, 3.1415859948566034, 1.5707763995925907, 3.141594382593453, 3.1415773339588995, 4.212393399960306, 4.712389784108703, -3.658795220722618e-06, 3.7132582344359158e-06, 3.5707961468690703, 4.712386087253976, -1.8464822844559096e-05, 3.1415802416598813, 3.570792643396865, 3.141595213646028, 3.141593602844663, -3.2417968017063926e-06, 4.71238688601828, 4.712388353768168, 4.712396931995595, -5.042868254475812e-06, 3.1416008572934535, 6.647186943650909e-07, 9.367448672796282e-06, -1.1446203446290898e-05, 1.5707962967938531, -2.7496278690108394e-07, 1.570807243027454, 4.637412604902685e-06, -1.4543573766520449e-06, 3.1415908622046214]",0.0
400,1.6776480276718648,"[5.141594601096139, -2.9685745439293722e-05, 4.712429077344629, 1.5708000382851823, 6.712402187763002, 0.00028353861429978374, 3.1415722441414666, 4.7123943350441495, 1.9999958819804304, 2.6285096822772924e-06, 3.141585459120661, 1.5707758353264436, 3.1415942345058214, 3.1415779316028787, 4.212392884772336, 4.712389619051639, -4.654162258789816e-06, 3.822667374358885e-06, 3.5707961242481283, 4.712386062812336, -1.8490243134873035e-05, 3.1415806969576847, 3.570792580070065, 3.1415949421145353, 3.1415937971131624, -3.641668848304363e-06, 4.712387040603532, 4.712388303112093, 4.712397264823608, -5.162932718866839e-06, 3.141601004388449, 9.458076301081058e-07, 9.556235276686618e-06, -1.1336074204778379e-05, 1.5707961856416854, -3.138172895132421e-07, 1.570806593231801, 4.414415594202781e-06, -1.3906698088871722e-06, 3.141590355313334]",0.0
401,1.6710198991630905,"[5.1415943910253485, -2.979263891361091e-05, 4.712428532405828, 1.5708000619680897, 6.712402685893115, 0.0002835873859323088, 3.14157229031278, 4.712394345304445, 1.9999968097345533, 1.8713895301321506e-06, 3.141585716405611, 1.5707760160629052, 3.1415942884835477, 3.1415778088734263, 4.212392768988906, 4.712388478134255, -4.489982025844857e-06, 4.075692957054747e-06, 3.570796135616952, 4.712386248639469, -1.8607885990813606e-05, 3.1415803224002716, 3.5707927902579253, 3.1415951122703287, 3.1415934957679004, -3.5392804374060056e-06, 4.71238679526174, 4.7123882352894215, 4.712397468382598, -4.992798366596072e-06, 3.1416006148281173, 8.830335724880882e-07, 9.545926427381841e-06, -1.1107959756764193e-05, 1.5707965479984713, -1.5968143651320824e-07, 1.5708067520536122, 4.742409353713041e-06, -1.5796912977753413e-06, 3.1415909383552463]",0.0
402,1.6715885974583922,"[5.141594360977507, -2.9536223542458056e-05, 4.71242895602218, 1.5707999501752627, 6.712401820852968, 0.0002832864098873657, 3.1415722676050812, 4.7123945130039315, 1.999996391546547, 2.360072642510867e-06, 3.141585724299755, 1.5707758088980124, 3.1415942029688706, 3.141577534992874, 4.212393186477096, 4.712389196131316, -4.553782794197889e-06, 3.717984571557824e-06, 3.5707961566293287, 4.712386216873691, -1.8355057203968517e-05, 3.141580831347627, 3.5707927463226743, 3.1415948366498476, 3.141593897544109, -3.7129505609903133e-06, 4.712386995035095, 4.712388393496998, 4.712397142144642, -5.371290359303464e-06, 3.141601318394978, 5.9290011568757e-07, 9.556069517758288e-06, -1.1292294012839016e-05, 1.5707964720646417, -7.834993652030922e-08, 1.5708065916048277, 4.232160978848552e-06, -1.2721881972060938e-06, 3.141590556641809]",0.0
403,1.6798779519644236,"[5.141594153050115, -2.9342808274119105e-05, 4.712428865660021, 1.5707999290727106, 6.712401886221508, 0.00028358409177591226, 3.141572365317579, 4.712394690987916, 1.999996563473962, 2.166723336231707e-06, 3.1415853880567073, 1.5707758129428513, 3.1415947164269724, 3.1415774681335877, 4.212392810212915, 4.71238938770407, -4.7444831395195395e-06, 3.660921580438125e-06, 3.570796468680065, 4.712386022003972, -1.8786732865369962e-05, 3.1415813034848292, 3.570792705978218, 3.141595334908117, 3.1415942583893868, -3.877501634069114e-06, 4.712386766080527, 4.712387905509072, 4.712397189536789, -5.141379682083581e-06, 3.141601207711146, 1.2504650188525498e-07, 9.43896703323933e-06, -1.1286256852227672e-05, 1.5707956644353318, -5.175529720077165e-07, 1.5708067931435417, 5.4730281417848856e-06, -1.5595592000515454e-06, 3.141590369354648]",0.0
404,1.6784761732249336,"[5.141594256280527, -2.9375876883540473e-05, 4.712428581922185, 1.570799769145752, 6.712401984309673, 0.0002835172558988519, 3.1415722140115534, 4.71239440933265, 1.9999961548716105, 2.5619187371029735e-06, 3.1415857429474854, 1.570775729244452, 3.1415942164946977, 3.1415775785892732, 4.212393039378808, 4.712389389560173, -4.680735278065183e-06, 3.657552415056973e-06, 3.570795928343161, 4.712386009147, -1.8658288910830074e-05, 3.1415805286405964, 3.570792739328314, 3.141595255660283, 3.1415941661820743, -3.697616003752458e-06, 4.712386730437303, 4.712388390894087, 4.712397195436813, -5.0629337725722635e-06, 3.141601186929245, 9.510294710269992e-07, 9.916125808521171e-06, -1.1000081108354052e-05, 1.5707962882585143, -4.295311622831173e-07, 1.570806631955754, 4.540626146532413e-06, -1.4216580530053345e-06, 3.1415905555215473]",0.0
405,1.6755297766223198,"[5.141594454538231, -2.932855259287337e-05, 4.712428949658518, 1.570800230237381, 6.712401936407298, 0.0002830469689628038, 3.141571958232034, 4.7123945848511175, 1.9999961280687453, 1.8426091451862134e-06, 3.141585488596982, 1.5707754912925311, 3.14159407180704, 3.141577789016802, 4.212392511402004, 4.712389536224026, -4.500761162149722e-06, 3.711814820481055e-06, 3.570796834368605, 4.712386426520322, -1.8423344564530597e-05, 3.1415798388782648, 3.5707931756366103, 3.141594932213041, 3.1415944395750537, -3.4518284543072263e-06, 4.712386966584969, 4.712388404548816, 4.712397047314893, -5.465792396664121e-06, 3.1416013958161604, 1.1215902634784306e-06, 9.064768256215846e-06, -1.095248048457216e-05, 1.5707963073381648, -4.860596462787334e-07, 1.570806791184965, 4.8061927478264745e-06, -1.0574355421352047e-06, 3.141590501259642]",0.0
406,1.669586731201323,"[5.14159433260016, -2.9723183693554305e-05, 4.712428744180764, 1.5708000292039916, 6.7124022052187895, 0.00028353580281204835, 3.1415721087795867, 4.7123944636279465, 1.9999962165841723, 2.527079528975748e-06, 3.1415857027135283, 1.5707759568808133, 3.141594126321503, 3.1415775677174738, 4.2123930487415135, 4.712389495670674, -4.620326020431243e-06, 3.7736007415146244e-06, 3.570796212624266, 4.7123861297760605, -1.8848233158191874e-05, 3.1415803001613805, 3.570792931874579, 3.141594986788867, 3.141593784469339, -3.971903320325494e-06, 4.712386650788447, 4.712388270188902, 4.7123970554911025, -5.315398274427912e-06, 3.141601411112638, 6.03797641066942e-07, 9.343279993141159e-06, -1.1453374213316057e-05, 1.5707962101892086, -3.315416119994329e-07, 1.5708063484693013, 4.598869209080202e-06, -1.5095884168298803e-06, 3.141590453464128]",0.0
407,1.6702732867046413,"[5.141594981265488, -2.9671083898571847e-05, 4.712428675584345, 1.5707995425343024, 6.7124014613978975, 0.00028321204237194354, 3.1415718287440084, 4.712394183448676, 1.9999962668423326, 2.2495666178449704e-06, 3.1415855130867754, 1.5707758900482143, 3.141594197507206, 3.1415776973774774, 4.21239291179128, 4.712389473739331, -4.8370659897071344e-06, 3.7406815805136185e-06, 3.5707962561397877, 4.71238609838589, -1.907588613690208e-05, 3.1415802449876216, 3.5707918542661297, 3.1415949438035216, 3.141593894434712, -3.4741708596875464e-06, 4.712386841696183, 4.712388609834605, 4.712397223409858, -5.339487442049709e-06, 3.141601387899721, 4.943996931879668e-07, 9.244699770972443e-06, -1.112610534368787e-05, 1.570796476061161, 2.8886624621856166e-07, 1.5708068195896878, 4.794594512733218e-06, -2.215320099351085e-06, 3.1415906282834016]",0.0
408,1.6759495131952749,"[5.141594632695719, -2.9487428742809726e-05, 4.712428579539879, 1.5708001738360535, 6.712402118560288, 0.0002832419985528797, 3.1415721317791934, 4.712394476688357, 1.9999961131832025, 2.5665442081491174e-06, 3.141585726057618, 1.5707758706046626, 3.1415943115400173, 3.141577643545885, 4.212393093833493, 4.712389181762751, -4.8399213011534655e-06, 3.715761384484716e-06, 3.5707963146006385, 4.712386164283969, -1.8331547304757244e-05, 3.141580560417978, 3.5707927135362163, 3.141595175008386, 3.1415939220965274, -3.7366621325548557e-06, 4.712386835728914, 4.712388368126195, 4.712397338093989, -5.268838253431936e-06, 3.141601486925183, 9.464383678861613e-07, 9.591204930996741e-06, -1.1633332915141501e-05, 1.5707961024333716, -2.3170166761691326e-07, 1.5708070088432127, 4.684527040802292e-06, -1.5812946550062547e-06, 3.1415904949022884]",0.0
409,1.6701677734173517,"[5.141594515888359, -2.9092221403584758e-05, 4.712428373333525, 1.5708001940902685, 6.7124015656909695, 0.000283812595137849, 3.1415721687131315, 4.712394030580695, 1.999996425259893, 2.486619945747534e-06, 3.141585478852788, 1.57077608378934, 3.1415943057805245, 3.141577571528423, 4.212392757214916, 4.71238927690983, -4.4497291001683944e-06, 3.4445095069584946e-06, 3.5707964537174104, 4.7123865393916216, -1.7939304444782334e-05, 3.1415806803526904, 3.570792278402493, 3.1415952266467526, 3.141593716674508, -3.7651486889733e-06, 4.712386601466788, 4.712388260924578, 4.712397071702335, -4.666262471174014e-06, 3.141601321560796, 1.0347681568917693e-06, 8.854692115973273e-06, -1.1274750323470599e-05, 1.5707962755181517, -6.399011735840113e-07, 1.5708060152550583, 4.306837977329129e-06, -1.6604467212754108e-06, 3.1415904791386917]",0.0
410,1.6751515810122897,"[5.141594410817446, -2.959144137686581e-05, 4.712428777842747, 1.5708000548115348, 6.712402231334012, 0.0002838191622601075, 3.141572228960497, 4.712394460043371, 1.9999960995117596, 2.4826162213375727e-06, 3.1415856936135143, 1.5707758949790867, 3.1415942720395527, 3.1415776574596084, 4.212393154559998, 4.712389235382988, -4.8047779778224785e-06, 3.5643762947440692e-06, 3.570796301879318, 4.7123861066780215, -1.8581691617946152e-05, 3.141580552188002, 3.5707925283948243, 3.1415948117468075, 3.141593871514351, -3.5356777306970698e-06, 4.712386975158607, 4.712388229338293, 4.712396986964665, -5.038174039759645e-06, 3.141601605493219, 7.224349471816494e-07, 9.327029679561421e-06, -1.087214813524791e-05, 1.570796296482875, -2.831736610884619e-07, 1.570806932730043, 4.63488886075121e-06, -1.3453317707637638e-06, 3.1415904756978943]",0.0
411,1.6763848916935398,"[5.141594522258596, -2.952023337461012e-05, 4.712428947302445, 1.5707999200531109, 6.712401530324221, 0.0002837689085024449, 3.141572602858928, 4.712394228681826, 1.9999961949286114, 2.677285994286681e-06, 3.1415853410585632, 1.5707760858583775, 3.1415943444882104, 3.141577741984354, 4.212392620678071, 4.712389307150742, -4.779812992669356e-06, 3.623946372640682e-06, 3.5707962319029987, 4.712386931074083, -1.8802129543696947e-05, 3.1415800951548745, 3.5707926237649223, 3.1415950708735987, 3.1415935538432658, -3.444450995914739e-06, 4.712386939929249, 4.7123877114712345, 4.712397400570198, -5.526226989534445e-06, 3.1416017357595734, 5.680709214257456e-07, 1.012911314855352e-05, -1.1495524002720732e-05, 1.5707962962179916, -3.9720561923367663e-07, 1.5708066230930875, 4.675201156394995e-06, -1.0495997600624747e-06, 3.1415911799275795]",0.0
412,1.6771100567081114,"[5.141594223547352, -2.978157164404488e-05, 4.712428892425216, 1.570799916527184, 6.712401820470967, 0.0002834475436577079, 3.141572388202102, 4.712394450175452, 1.9999959973289043, 2.2000945907661104e-06, 3.1415856523037, 1.5707759752929553, 3.141594418025074, 3.14157722229599, 4.212393064092498, 4.712389342771113, -4.977062989560541e-06, 3.6663803729226587e-06, 3.57079633511941, 4.712386113394722, -1.8605223878530798e-05, 3.141580502869257, 3.5707927037430753, 3.1415951133080307, 3.141593721569814, -3.4042314936634853e-06, 4.712386955077065, 4.712388331478855, 4.7123971944111345, -5.190451547161765e-06, 3.1416012113200598, 1.116467189696368e-06, 9.459422479495839e-06, -1.1318176044158354e-05, 1.5707961750220387, -2.3766595502684864e-07, 1.5708064748853259, 4.6679893118291494e-06, -1.4722970118454769e-06, 3.1415905048277653]",0.0
413,1.6619832275280428,"[5.1415942912336545, -3.001236841568803e-05, 4.712428973724891, 1.5708000830009161, 6.712401650110796, 0.0002836291837173377, 3.141573035725298, 4.712394410823057, 1.9999964363472567, 2.47388128244936e-06, 3.141584906517601, 1.5707758985611793, 3.1415941794745894, 3.1415777822482127, 4.212393278470572, 4.712389135417523, -4.418699038854139e-06, 3.3965779242366133e-06, 3.5707963515055625, 4.71238570413589, -1.8555060796204335e-05, 3.1415800420365563, 3.5707924413056835, 3.1415949279980753, 3.141594205378392, -4.178696634691607e-06, 4.712386310363835, 4.71238877026127, 4.712397492714771, -5.092318542688625e-06, 3.1416012386703085, 8.831850591461961e-07, 9.240977315183588e-06, -1.137668305531284e-05, 1.5707960077986973, -1.6176958735742105e-07, 1.5708070135489347, 4.430142802335878e-06, -1.1878993687664258e-06, 3.1415907361318736]",0.0
414,1.6660066573158547,"[5.141594515669291, -3.0062157744776095e-05, 4.712429046475639, 1.5708001143967694, 6.712401640866619, 0.00028353857721023356, 3.14157301094552, 4.712394392707557, 1.9999968362433593, 2.919044225685014e-06, 3.1415848041542977, 1.5707759438023716, 3.1415940752140026, 3.1415775751329087, 4.2123932726126645, 4.7123890240815545, -4.584784877974424e-06, 3.3218090912529128e-06, 3.570796376013784, 4.712385438275152, -1.8356118516829273e-05, 3.1415798149844973, 3.57079250186943, 3.1415948709491075, 3.141594220697087, -3.9407211200126375e-06, 4.712386352527339, 4.712388729677844, 4.7123973691233925, -5.2232587936474275e-06, 3.1416010417722484, 7.505844229057877e-07, 9.224521413783574e-06, -1.1295270244627247e-05, 1.5707959759271144, -2.8736270384626174e-07, 1.5708068932314048, 4.526267417359309e-06, -1.1625312905255485e-06, 3.141590667594822]",0.0
415,1.677936795891815,"[5.141594324975898, -3.0017138556255896e-05, 4.7124289317531804, 1.5708000469035304, 6.712401621033961, 0.0002837612149928717, 3.1415731530887907, 4.712394327674618, 1.9999964574714573, 2.421448801306438e-06, 3.1415849811284566, 1.5707759001837696, 3.141594149902155, 3.141577808140098, 4.212393122025895, 4.712389193329862, -4.3676466807392915e-06, 3.377281696160407e-06, 3.570796319991011, 4.712385587828693, -1.8446840401194113e-05, 3.141580043861535, 3.5707925725850775, 3.1415948434009864, 3.1415942587796013, -4.140774111851968e-06, 4.7123863435427795, 4.71238879054548, 4.712397336035891, -5.047817798374137e-06, 3.141601291725328, 9.017659519098387e-07, 9.304717553697954e-06, -1.1490979528374734e-05, 1.5707959943392005, 6.397125657125968e-09, 1.570807015240566, 4.500818952289999e-06, -1.2623235053600462e-06, 3.1415907648216543]",0.0
416,1.6681726322900299,"[5.141594147461173, -3.0201226599411328e-05, 4.712429084809163, 1.5708000961194468, 6.712401533454037, 0.0002834292183498458, 3.141572743713987, 4.71239439039008, 1.9999965906044126, 2.351079163893916e-06, 3.1415848296792475, 1.570775965840068, 3.1415940957814805, 3.1415779907797226, 4.2123933908535545, 4.712388959519726, -4.462873789746167e-06, 3.277616564820158e-06, 3.5707963377044805, 4.712385639821946, -1.8769525253075693e-05, 3.141580047022083, 3.5707922498939793, 3.1415949718894276, 3.1415942543632265, -4.2338822776962876e-06, 4.712386358671816, 4.712388522912091, 4.712397120352999, -4.928393258408614e-06, 3.141601230290276, 1.0404714293318273e-06, 9.287620830433404e-06, -1.1640390347422724e-05, 1.5707960334504092, -4.401924594856039e-07, 1.5708071286601895, 4.268142892822381e-06, -1.1256275211309185e-06, 3.1415907566254893]",0.0
417,1.6744006737729977,"[5.14159421204592, -3.002237249744617e-05, 4.712429017155134, 1.570800255598671, 6.7124016187969575, 0.0002836895421754963, 3.1415729612302825, 4.712394422355338, 1.999996449343595, 2.4748519107771075e-06, 3.1415849063360293, 1.5707759758983286, 3.1415941570217663, 3.141577813411147, 4.212393303244713, 4.712389173667268, -4.4343014842992075e-06, 3.3399247331900084e-06, 3.5707964758752095, 4.712385676376635, -1.8539162202083325e-05, 3.1415801049509553, 3.5707924653720795, 3.1415948073016957, 3.141594244815058, -4.214084580397107e-06, 4.7123862705617725, 4.712388748727306, 4.7123975265267575, -5.224379099763829e-06, 3.141601198972782, 9.561103031354137e-07, 9.370132541126652e-06, -1.1265425065605064e-05, 1.5707959832847977, -1.856455212250803e-07, 1.5708069940170235, 4.3902917106157116e-06, -1.412195133333735e-06, 3.141590868143437]",0.0
418,1.6729405199735785,"[5.141594210079255, -3.01581895670002e-05, 4.712428797811934, 1.570799768659882, 6.712401669497705, 0.00028372689233340377, 3.1415730128704054, 4.712394388460681, 1.9999964439818, 2.5070343542782548e-06, 3.1415850800147562, 1.5707757746832898, 3.1415941406526477, 3.141577754469074, 4.212393356758434, 4.712389158561075, -4.4082737752608676e-06, 3.2693349517531775e-06, 3.5707961578876404, 4.712385924630388, -1.8456000095414908e-05, 3.141580041947721, 3.5707923069104908, 3.1415947510369313, 3.141594329406065, -4.182630124953473e-06, 4.712386156221427, 4.712388472362534, 4.712397694621418, -5.454779681117742e-06, 3.141601022500385, 9.98845870102726e-07, 8.903501904998744e-06, -1.1454804674324993e-05, 1.5707959511071732, -2.1234024457544728e-07, 1.5708071537191441, 4.439732417036708e-06, -1.090236535784069e-06, 3.141590643364201]",0.0
419,1.671858500195668,"[5.141594337611358, -2.9956181709461943e-05, 4.712428993351612, 1.5708000778609332, 6.712401747740027, 0.0002836384586655688, 3.1415730570758726, 4.71239425103029, 1.9999965807233357, 2.4396134272801765e-06, 3.141584961243808, 1.5707758487553742, 3.1415940526675463, 3.141577608083759, 4.212393266407786, 4.712389256851859, -4.361913524554843e-06, 3.357112288627039e-06, 3.5707965017916483, 4.712385726507742, -1.8682663380998468e-05, 3.1415800916079424, 3.5707923948975147, 3.1415949261509812, 3.141594150928548, -4.164963703942861e-06, 4.712386309723873, 4.71238877508703, 4.71239753597069, -5.06303248899671e-06, 3.1416012301874887, 9.324731454069074e-07, 9.304662817339074e-06, -1.1402589731097174e-05, 1.5707959072033206, -1.4677341587310823e-07, 1.5708071169828886, 4.33087497160217e-06, -1.1303992655719285e-06, 3.1415907022944833]",0.0
420,1.6725266727707515,"[5.141593986775291, -2.990268542998006e-05, 4.712428958215109, 1.5708002583113192, 6.712401657118333, 0.0002835358549114306, 3.1415730928001686, 4.71239440856223, 1.9999963836076446, 2.6228045708645318e-06, 3.1415851974451066, 1.570775799343652, 3.1415943262402783, 3.1415780203397876, 4.212393172968706, 4.712389093510391, -4.77165193103591e-06, 3.4065694914125128e-06, 3.5707964859643893, 4.712385792541174, -1.864973218039934e-05, 3.1415799062465766, 3.570792265196574, 3.141594940604198, 3.1415942513867297, -4.07238439363932e-06, 4.712386192029575, 4.712389016924054, 4.71239752262753, -4.9698343776117e-06, 3.1416010393829246, 5.542105221713194e-07, 9.136478120525956e-06, -1.1489474237462324e-05, 1.570795978230676, -6.669736018450033e-08, 1.57080693421801, 4.296636255035831e-06, -1.0099797832403667e-06, 3.1415907614630267]",0.0
421,1.6694169957812275,"[5.141594333017899, -3.0033545594551358e-05, 4.712429105046185, 1.5708000164326417, 6.712401607253478, 0.0002835507280273025, 3.141573085585815, 4.7123944074221145, 1.9999963871081623, 2.4743818762081426e-06, 3.1415850371277796, 1.5707757795090052, 3.1415940602974137, 3.1415778204310434, 4.212393327729196, 4.712389054850064, -4.37614698660346e-06, 3.3867113841658994e-06, 3.5707963456655056, 4.71238579976576, -1.8497264703163816e-05, 3.1415800494925343, 3.570792418548231, 3.141594808829525, 3.1415940802471596, -4.20460712572476e-06, 4.712386212646933, 4.712388854488586, 4.712397443362381, -5.012016054969231e-06, 3.1416012381972944, 8.820576010229781e-07, 9.297639135303927e-06, -1.1338037701829237e-05, 1.5707958832392477, -2.778391244350844e-07, 1.570806979091443, 4.590251047894847e-06, -1.2383942009027133e-06, 3.141590761712052]",0.0
422,1.6802544592466795,"[5.141594600501644, -3.0075771106553534e-05, 4.712429266039697, 1.5707999182956118, 6.712401697639642, 0.00028363014007906434, 3.1415729850851917, 4.712394462571537, 1.9999962461999288, 2.5107741483837745e-06, 3.141585084148298, 1.5707759406586954, 3.141594521583264, 3.141577606811438, 4.212392993030064, 4.712388926047631, -4.361409126694748e-06, 3.3253703454959457e-06, 3.570796463222271, 4.712385521896514, -1.8610842895783213e-05, 3.141580086191926, 3.570792483232326, 3.1415950748335595, 3.1415942331634508, -4.341132726037364e-06, 4.712386040395952, 4.712388745951913, 4.712397537435099, -5.123200602810525e-06, 3.1416013112464265, 8.439219849074485e-07, 9.14075566097848e-06, -1.1325580627460714e-05, 1.5707962487791423, -3.2720768302249157e-07, 1.5708070646332082, 4.223051880057751e-06, -1.142943772404333e-06, 3.1415908218486583]",0.0
423,1.674622688597234,"[5.141594428322629, -3.0084872507225234e-05, 4.712428933876684, 1.570800086085025, 6.7124016942729074, 0.0002836443557871532, 3.141573047177215, 4.712394459095482, 1.999996376280949, 2.440515810753005e-06, 3.141584881929382, 1.570775853092191, 3.141594206578529, 3.141577707029839, 4.212393396138027, 4.712389165426433, -4.431940594673175e-06, 3.2677775989341157e-06, 3.5707964138662818, 4.7123858258195614, -1.8563745957021357e-05, 3.1415799954867207, 3.5707924986612367, 3.1415948392511863, 3.1415943718937767, -4.1820232845213785e-06, 4.712386371099312, 4.712388719741558, 4.712397543300115, -4.898444872119097e-06, 3.141601130000813, 7.8428403229886e-07, 9.300484554829287e-06, -1.1457674460011297e-05, 1.570796086688866, -1.76793417816773e-07, 1.5708069597474716, 4.4175561681548445e-06, -1.2459466032652373e-06, 3.1415907676806962]",0.0
424,1.6768592677760665,"[5.141594481743415, -2.9965266547318023e-05, 4.71242875740017, 1.5708001620102463, 6.712401643899515, 0.00028371378084310523, 3.1415731464659786, 4.712394423681227, 1.9999962764180683, 2.252272412295014e-06, 3.1415849039723795, 1.570775752881028, 3.141594021352937, 3.1415778254424125, 4.212393580101396, 4.712389129082756, -4.41194972615567e-06, 3.7176097576081963e-06, 3.570796427397675, 4.712385413774412, -1.849548148829852e-05, 3.141580027513204, 3.570792216946558, 3.141595172629254, 3.1415941915263303, -4.1740830742136384e-06, 4.712386423578609, 4.712388700094235, 4.712397448032029, -5.3224066330894745e-06, 3.1416012718562145, 7.448230776351462e-07, 9.165703532397208e-06, -1.1380810968619403e-05, 1.5707959617336589, -3.267855007034574e-07, 1.5708068036668763, 4.4199889188257985e-06, -1.0019902623277526e-06, 3.141591001662437]",0.0
425,1.6776582526342025,"[5.141594361102042, -2.9805910393099242e-05, 4.71242903909906, 1.5708001988157307, 6.712401593114743, 0.00028361619302009507, 3.141573056374681, 4.712394276168124, 1.9999963754554742, 2.4264453026874913e-06, 3.1415848873714878, 1.5707759187353896, 3.141594255892795, 3.1415777046256186, 4.212393361412714, 4.712389075931862, -4.490578548426334e-06, 3.498959211151858e-06, 3.5707962440444936, 4.712385705219287, -1.860964663094798e-05, 3.141579968082646, 3.570792463935975, 3.141594810034641, 3.1415942228261886, -4.289569220517595e-06, 4.712386243360448, 4.712388653675192, 4.712397410875896, -5.090014432947017e-06, 3.1416011350312854, 9.164956068157822e-07, 9.23328897600794e-06, -1.1354868553739035e-05, 1.5707959883993832, -8.417600560569463e-08, 1.5708070515852366, 4.447128905748474e-06, -1.1611772049985776e-06, 3.1415906861089318]",0.0
426,1.6775925568603276,"[5.141594392055347, -2.9875801801417196e-05, 4.712428971431147, 1.5708000741963433, 6.712401853528214, 0.000283481450434158, 3.1415730966438606, 4.712394698851447, 1.9999964424671492, 2.5799168940733168e-06, 3.1415849004110825, 1.5707760434938272, 3.1415942132036108, 3.1415778877573275, 4.212393278551852, 4.712388938186122, -4.1962543678713e-06, 3.08352125194545e-06, 3.5707963417351065, 4.712385775088707, -1.875336177455154e-05, 3.1415800597614045, 3.570792247937985, 3.1415950347047517, 3.1415942760577655, -4.185278813203381e-06, 4.712386410071369, 4.712388762282965, 4.712397416976858, -5.205981085107592e-06, 3.14160127765479, 1.1059306243725408e-06, 9.230177388135884e-06, -1.130126956450209e-05, 1.5707957841999098, 1.9377989332843323e-07, 1.5708066710525692, 4.502450540936789e-06, -1.059454355068514e-06, 3.141590725368616]",0.0
427,1.6677676239747434,"[5.141594414164108, -3.0042744696408646e-05, 4.71242888929404, 1.5708001056427996, 6.712401643368195, 0.0002835944410469222, 3.1415730683905165, 4.712394432689173, 1.9999965966438704, 2.4238605206270633e-06, 3.141584955421778, 1.5707759001188584, 3.1415944414648505, 3.1415778850809843, 4.212393371479316, 4.712389300690737, -4.41869882910333e-06, 3.389757190620577e-06, 3.5707963126779907, 4.712385705348436, -1.8599363532252494e-05, 3.141580064807832, 3.57079246787616, 3.141594829747675, 3.141594141731069, -4.125848136957106e-06, 4.712386246872312, 4.712388853349522, 4.712397456379187, -5.116141734838756e-06, 3.1416012675841016, 9.628276631788828e-07, 9.264427815231493e-06, -1.1362514017328788e-05, 1.570796006167204, -2.464763709003874e-07, 1.570806991058534, 4.440545101258244e-06, -1.1174564189797583e-06, 3.1415907557118516]",0.0
428,1.6725537454317332,"[5.141594197905397, -3.0343712224581176e-05, 4.712428836674899, 1.570800125910332, 6.712401611139272, 0.0002833686543995256, 3.14157298334753, 4.712393847252716, 1.999996297413031, 2.65371757769727e-06, 3.1415848241562996, 1.5707759181218997, 3.1415943088178113, 3.1415778566116725, 4.212393387386097, 4.712389012616444, -4.228590889035278e-06, 3.398390253474914e-06, 3.5707963789380184, 4.712385785512173, -1.860269864987043e-05, 3.141580190383522, 3.5707926872196145, 3.14159508691976, 3.1415942750591372, -4.092456916088275e-06, 4.712386373600289, 4.712388787444802, 4.712397498697384, -5.101057118541448e-06, 3.141601315770605, 7.771004129880502e-07, 9.124361292050365e-06, -1.1156899304423139e-05, 1.5707959056420349, -9.06274466840393e-08, 1.570806988447051, 4.475724512859426e-06, -1.1370474876556008e-06, 3.1415907860625345]",0.0
429,1.678082040612132,"[5.141594305469386, -3.0015657622830137e-05, 4.712428974409674, 1.5708000103446045, 6.712401593840736, 0.00028361042723891705, 3.1415731640732156, 4.712394460561918, 1.9999964965814727, 2.5049859852794866e-06, 3.1415850170192425, 1.5707759020063186, 3.1415942476011836, 3.1415778246317245, 4.2123932682579115, 4.712389118237329, -4.41724902832175e-06, 3.4824010114757444e-06, 3.5707963640420903, 4.712385736585474, -1.8577080413840875e-05, 3.1415799311163437, 3.5707924893077343, 3.1415949629171624, 3.1415942204198086, -4.279957070838748e-06, 4.712386528327393, 4.712388716976732, 4.7123974891227185, -5.0682953257983185e-06, 3.1416012421660526, 8.831558021717549e-07, 9.185902875634636e-06, -1.1296728102083482e-05, 1.57079584545014, -2.1896605444558567e-07, 1.5708070566401233, 4.271001378472232e-06, -1.338532603609907e-06, 3.141590713469597]",0.0
430,1.6800323806050956,"[5.141594261476545, -3.001777326469915e-05, 4.712429016417913, 1.570800202415218, 6.712401783801619, 0.00028348537195483806, 3.141573045042069, 4.712394545237526, 1.999996410019274, 2.295378812897219e-06, 3.1415846837102386, 1.5707756937427129, 3.1415941775956635, 3.141577746260801, 4.212393228610167, 4.71238917190323, -4.3900145187001725e-06, 3.330655273549724e-06, 3.570796044125684, 4.712385676345061, -1.8473697921720244e-05, 3.141579985842998, 3.570792475165958, 3.141594993668275, 3.1415941245192363, -3.7814925948055425e-06, 4.71238598580079, 4.712388583080085, 4.7123975255704815, -5.027316950233573e-06, 3.141601428407047, 7.027612571395942e-07, 9.211416218550679e-06, -1.1337925813398857e-05, 1.5707957579520535, -1.1178689701040433e-07, 1.5708070110868881, 4.106960833075294e-06, -1.3891449979750493e-06, 3.141590727902644]",0.0
431,1.6714764923592342,"[5.141594269727044, -2.9995433432559615e-05, 4.7124289608449725, 1.5708001251314716, 6.7124016245797025, 0.00028361364608347876, 3.1415729953108302, 4.712394443886648, 1.9999963206027611, 2.5724404328546163e-06, 3.1415850174825706, 1.5707760145360246, 3.1415941460357866, 3.1415777327614474, 4.212393381994478, 4.712389202955658, -4.213540065869762e-06, 3.3960520068281083e-06, 3.570796312298187, 4.712385711088787, -1.8516725764988947e-05, 3.1415798608063112, 3.5707924323909643, 3.1415949355696347, 3.141594105337227, -4.0650358871189254e-06, 4.712386312210652, 4.712388828999732, 4.712397438130093, -5.066754513387635e-06, 3.1416011759414344, 9.444110073360767e-07, 9.216978246215972e-06, -1.1404718755755195e-05, 1.5707960915832788, -1.337715342952599e-07, 1.5708071174983467, 4.342690467226338e-06, -1.1821478139911454e-06, 3.1415908354684943]",0.0
432,1.6866152971608779,"[5.141594028690317, -2.99053119042773e-05, 4.712429054528972, 1.570800042829053, 6.712401537344423, 0.0002836608727209025, 3.1415729230683485, 4.7123946817890685, 1.9999965811194573, 2.4879503898160985e-06, 3.1415846412432114, 1.5707760507051987, 3.1415942793917124, 3.1415777301927985, 4.212393226313117, 4.712389266503202, -4.201705018163497e-06, 3.512084906559617e-06, 3.5707963760075123, 4.712385693821698, -1.857154747965582e-05, 3.1415803011412913, 3.570792397111136, 3.1415951190672833, 3.141594151886684, -4.185206891529843e-06, 4.712386347543007, 4.712388793112363, 4.712397611899106, -5.032764543806706e-06, 3.141601155784478, 5.762599360389245e-07, 9.143898753716917e-06, -1.1434548660098212e-05, 1.5707960280839992, -2.79223737949574e-07, 1.570807199392386, 4.875631181182769e-06, -1.1270255748822164e-06, 3.1415905963602224]",0.0
433,1.6792055053856516,"[5.14159428153522, -3.014058171873447e-05, 4.712428999159787, 1.5708001270038103, 6.712401619961681, 0.00028356797869697435, 3.1415730143065406, 4.712394491784086, 1.9999965076949113, 2.575095729785192e-06, 3.1415849721546656, 1.5707758560500011, 3.1415941724097953, 3.1415777406273833, 4.212393254927099, 4.712389228647734, -4.4224546530694145e-06, 3.6029313395502844e-06, 3.5707963936012046, 4.712385716328426, -1.8499711070036206e-05, 3.141580059636467, 3.5707923648987676, 3.1415949271284167, 3.1415942768908502, -4.219429331374513e-06, 4.712386224473694, 4.7123886103422485, 4.712397517580267, -4.942143186002862e-06, 3.1416012990228563, 9.760511281217407e-07, 9.237685921820419e-06, -1.1312669338441651e-05, 1.5707960245292039, -2.1341123173275573e-08, 1.5708069803453628, 4.467095694841122e-06, -1.1335379855210649e-06, 3.1415908115528612]",0.0
434,1.6750243588395128,"[5.141594263009389, -2.9927326270276455e-05, 4.712428851508069, 1.5707999184407146, 6.712401652332831, 0.0002837072739136254, 3.1415730491248977, 4.7123944548339685, 1.999996385774882, 2.6229062548053326e-06, 3.141584719348998, 1.5707760125454795, 3.141594066234788, 3.1415777952149195, 4.212393279818007, 4.712388842624789, -4.397830331109165e-06, 3.7710151328218217e-06, 3.570796432696108, 4.712385741502685, -1.8783831361066228e-05, 3.1415801194379527, 3.570792502119477, 3.1415946033739846, 3.141594366998792, -3.889752044336822e-06, 4.712386246876516, 4.712388998223926, 4.712397626694961, -5.0878653489941085e-06, 3.1416014440823163, 1.0601650941656807e-06, 9.211769516704952e-06, -1.153535340022719e-05, 1.5707960825678255, -3.251880946467468e-07, 1.5708069026286153, 4.297579620859466e-06, -1.200340359325858e-06, 3.141590601097343]",0.0
435,1.66895586862567,"[5.141594303599042, -2.9935018952020746e-05, 4.712429041668531, 1.5708001050907332, 6.7124016356216805, 0.000283659088043797, 3.1415731037769934, 4.712394404926172, 1.999996469708711, 2.597724562238177e-06, 3.141584831143348, 1.570775800652037, 3.1415941615646155, 3.141577764410088, 4.212393222889601, 4.712389160366554, -4.488708040079214e-06, 3.3626531131534443e-06, 3.57079624824159, 4.712385813158705, -1.867584026251155e-05, 3.1415800965252063, 3.5707925010641746, 3.1415949515082, 3.141594175752897, -4.157886184831144e-06, 4.7123863839780045, 4.71238874890117, 4.712397487355143, -5.112726307830116e-06, 3.141601281694116, 9.230817651582528e-07, 9.147161924786087e-06, -1.1446778917449483e-05, 1.5707960464419761, -1.9746058968920902e-07, 1.570807044543672, 4.47039648258467e-06, -1.190707516078067e-06, 3.1415910425112115]",0.0
436,1.6781260769732858,"[5.141594325880132, -3.0083061593326752e-05, 4.712428943339958, 1.5708000147357166, 6.712401486031106, 0.0002837382907894569, 3.1415731176685195, 4.7123943122210905, 1.999996421538761, 2.485557889473128e-06, 3.141584747724837, 1.5707760823965184, 3.1415941374462926, 3.1415779265008337, 4.212393129280533, 4.712389107404255, -4.531729092125833e-06, 3.323105880666583e-06, 3.570796377498808, 4.712386037616695, -1.8491456242528362e-05, 3.141579746575921, 3.5707923730603404, 3.14159500209273, 3.141593962370187, -4.192175473673913e-06, 4.712386310968215, 4.712388589115908, 4.712397635105631, -5.273663474245726e-06, 3.14160148281119, 7.53299314303053e-07, 9.684022318377107e-06, -1.136556548190771e-05, 1.5707961448550083, -1.958096516278223e-07, 1.570806981273715, 4.422216310131217e-06, -9.365532519790295e-07, 3.1415906761556482]",0.0
437,1.6702452773700365,"[5.141594225330618, -3.0078743593660468e-05, 4.71242888540515, 1.5708000735122305, 6.712401642915871, 0.00028375984570402316, 3.1415729501407856, 4.712394409943007, 1.9999964204971152, 2.596990547966969e-06, 3.1415848496124075, 1.5707757189407074, 3.1415943408799913, 3.141577671241451, 4.212393306192613, 4.712389034572082, -4.365629039259878e-06, 3.4014478875831787e-06, 3.570796321195277, 4.712385648503406, -1.8565034547034178e-05, 3.141580059840893, 3.5707923317984203, 3.1415948674338794, 3.1415940458777993, -4.25894294807225e-06, 4.71238636206402, 4.71238878665792, 4.7123974762785235, -5.079861506984244e-06, 3.1416012316896307, 8.631864783369021e-07, 9.346419100571487e-06, -1.1454299714177514e-05, 1.570795956562368, -1.0057645960480712e-07, 1.5708069856238935, 4.391711311538873e-06, -1.2286974632666983e-06, 3.1415907381449553]",0.0
438,1.6770924113433536,"[5.141594225975947, -2.995747683551809e-05, 4.712428956345578, 1.5708001684001964, 6.712401651957928, 0.00028349530354447496, 3.1415727408720384, 4.7123944873067956, 1.9999964138691746, 2.268079020501295e-06, 3.141584703748419, 1.570775443914731, 3.1415941548749386, 3.141577802291164, 4.212393035440607, 4.712389173499779, -4.345626946373026e-06, 3.3673593689873886e-06, 3.5707965405643143, 4.712385771347775, -1.8447346545431675e-05, 3.1415797159531373, 3.5707926046512775, 3.1415948742459245, 3.141594287995249, -4.234947810368692e-06, 4.712386461585358, 4.71238897951947, 4.71239742805766, -5.2233919957954644e-06, 3.141601251724186, 1.086578636245668e-06, 9.097637769031716e-06, -1.1217452468494385e-05, 1.5707961224832019, -2.0349365389037922e-07, 1.5708070309843774, 4.476622205551983e-06, -1.0210667693263937e-06, 3.1415906517686727]",0.0
439,1.6738000121913172,"[5.141594339864521, -3.000471413985787e-05, 4.712428804724478, 1.5708001499052398, 6.712401490774572, 0.0002835482330956618, 3.14157304782073, 4.712394491475613, 1.999996377866737, 2.4854081537706282e-06, 3.1415849459979945, 1.5707758872884305, 3.141594084581491, 3.1415778189241124, 4.212393186230182, 4.712389113568298, -4.420269128042485e-06, 3.3029882506434167e-06, 3.5707963595880834, 4.71238555663079, -1.866467644839992e-05, 3.141580102199399, 3.5707925372343334, 3.141594822949552, 3.1415940620532563, -4.192656766403434e-06, 4.712386330212052, 4.712388668267342, 4.712397615058741, -5.017645073207174e-06, 3.1416012006054608, 8.737575114653568e-07, 9.204962807434303e-06, -1.1333867437438192e-05, 1.5707960140883743, -1.6294851322957117e-07, 1.5708070321360275, 4.421680321790267e-06, -1.1184116173922655e-06, 3.141590720107205]",0.0
440,1.6735090493402303,"[5.141594065969662, -2.9819395345318444e-05, 4.712429169313914, 1.5707999626783882, 6.712401841710642, 0.0002834752701662958, 3.1415730157045987, 4.71239417253364, 1.99999652180262, 2.4433390822414824e-06, 3.141584986322618, 1.5707758857109184, 3.1415942454917394, 3.141577879605926, 4.212393447920191, 4.712389180825279, -4.409029068183716e-06, 3.253626563956114e-06, 3.5707962782078866, 4.712385386090268, -1.844339247846556e-05, 3.1415798804917237, 3.570792359099715, 3.1415948232598305, 3.1415941549816333, -4.214611431480548e-06, 4.712386478945642, 4.712388675963552, 4.712397901974343, -4.9827405537888644e-06, 3.1416015019389967, 9.392898218299127e-07, 9.174268098833778e-06, -1.1476715028649005e-05, 1.5707962212209368, -2.0009988452598157e-07, 1.5708068263559425, 4.535058873368355e-06, -1.2763256204592754e-06, 3.141590741048175]",0.0
441,1.6775039815493678,"[5.141594276914453, -2.9948110780979603e-05, 4.712428928121787, 1.5707998607846585, 6.712401713188252, 0.0002835800026861909, 3.1415728998439096, 4.712394420213268, 1.9999963986306437, 2.4492891118302435e-06, 3.1415848026446462, 1.5707760274360854, 3.1415941932363025, 3.141577783564486, 4.21239327990888, 4.71238917647198, -4.5128293332259e-06, 3.4082773251321213e-06, 3.5707964089661086, 4.712385676191485, -1.8453801527805046e-05, 3.1415800391968833, 3.5707924955349877, 3.14159483930124, 3.1415941566239773, -4.240974066924291e-06, 4.712386293297342, 4.712388791146255, 4.712397474303076, -5.031385747160373e-06, 3.1416012072157797, 8.493624615194648e-07, 9.236242864402515e-06, -1.1349859191479157e-05, 1.570795853541535, -1.1693008107082477e-07, 1.570807025641206, 4.374877067238506e-06, -1.1019030155569183e-06, 3.1415909118160066]",0.0
442,1.6734633031312056,"[5.141594381818843, -3.022078834702881e-05, 4.712429022875418, 1.5708003481823516, 6.7124016070769805, 0.00028375094988653487, 3.1415727783906533, 4.712394373012205, 1.9999964825275434, 2.3263247621090257e-06, 3.141585058197217, 1.5707761172712233, 3.141594091705332, 3.1415775854722825, 4.21239312237325, 4.71238909593434, -4.4731785140100505e-06, 3.382157396156984e-06, 3.5707958995486306, 4.712385720850482, -1.8527221984068873e-05, 3.141580028776939, 3.5707923191053283, 3.1415948705083205, 3.1415943691796864, -4.262139353465302e-06, 4.712386490924348, 4.71238907070753, 4.712397704784951, -5.0408878218013195e-06, 3.141601348800143, 8.497462310502819e-07, 9.212823625911353e-06, -1.1368415318080268e-05, 1.5707957953111102, -2.6505884113049797e-07, 1.5708069591114466, 4.4294094181735346e-06, -1.0214565781522746e-06, 3.1415907797369416]",0.0
443,1.6802313541391114,"[5.14159423725402, -3.0062777809403732e-05, 4.712428842581626, 1.570800121202884, 6.712401851498268, 0.00028347606710618883, 3.141573177143642, 4.712394389848546, 1.9999964689709309, 2.3965145154812376e-06, 3.1415848698488884, 1.5707759641580978, 3.141594194300307, 3.1415777231215176, 4.212393120576301, 4.712389063417524, -4.3727302594265305e-06, 3.4618249569499093e-06, 3.5707963067712902, 4.712385727488836, -1.8538224628514514e-05, 3.1415800312265563, 3.5707923323190047, 3.141594840341159, 3.141594161413549, -4.219013982382052e-06, 4.712386334977927, 4.712388760795397, 4.7123974543639395, -5.095002481425985e-06, 3.1416011415754204, 8.659766570812602e-07, 9.270831817970186e-06, -1.1337749095803303e-05, 1.5707961095937026, -2.3252977547671312e-07, 1.5708070409333006, 4.466024664065812e-06, -1.2380312434588568e-06, 3.141590811171552]",0.0
444,1.679280112265459,"[5.141594380111947, -3.0101398877842708e-05, 4.712429019276788, 1.5708000721929112, 6.712401822555076, 0.00028390574263131906, 3.1415728905143054, 4.712394393081508, 1.9999967488036707, 2.25942945310756e-06, 3.1415849585733246, 1.570775893311318, 3.1415941154005496, 3.1415780274614487, 4.212393364440807, 4.712388779031699, -4.434370586909835e-06, 3.5289647715026978e-06, 3.5707963174226443, 4.712385757171868, -1.8591266422599347e-05, 3.1415799939755393, 3.5707926664444685, 3.1415951541519944, 3.1415939667761705, -4.09188078186965e-06, 4.712386247583062, 4.712388797794981, 4.712397698516983, -4.968973873161634e-06, 3.1416009345867963, 9.823838205768566e-07, 9.200019072030295e-06, -1.1315931043944399e-05, 1.5707961220460875, 2.7586923884439358e-08, 1.5708070300792674, 4.457596360462345e-06, -1.2354969301297067e-06, 3.141590807188671]",0.0
445,1.6719898996618752,"[5.141594350093187, -3.0124349378083727e-05, 4.712429047174666, 1.5707999695908597, 6.712401656638071, 0.00028352790805187203, 3.141572989405788, 4.712394451904762, 1.999996398827987, 2.4392465260670116e-06, 3.1415849184803455, 1.570775855904376, 3.14159415908716, 3.1415778064513193, 4.212393313002736, 4.712389173629583, -4.4817686139655985e-06, 3.4550844828207787e-06, 3.570796302878756, 4.712385613098554, -1.876075778598444e-05, 3.1415799711133006, 3.570792398908643, 3.141594872683962, 3.1415942447263716, -4.129540812014699e-06, 4.712386360001131, 4.712388823832048, 4.712397519317598, -5.2185883752989766e-06, 3.1416012376178912, 7.893613492667219e-07, 9.33796360064478e-06, -1.1347159701735888e-05, 1.5707960378083567, -8.966520540177987e-09, 1.5708071560129444, 4.508983720427023e-06, -1.252303591135043e-06, 3.1415907598671646]",0.0
446,1.6732927670732272,"[5.1415945327915695, -2.991094420253909e-05, 4.712428795356564, 1.5707999494484306, 6.712401354128166, 0.00028360101528413927, 3.141572886808109, 4.71239422198394, 1.9999965227890601, 2.4654288029911414e-06, 3.141584781453329, 1.5707759491001365, 3.141594073121448, 3.1415778235996497, 4.212393211901585, 4.712389257776933, -4.499259659277607e-06, 3.3152431948336975e-06, 3.5707963385615895, 4.712385824768261, -1.8549654886177942e-05, 3.1415800712720805, 3.5707920519884286, 3.1415950465192495, 3.141594117446737, -4.2309271434719036e-06, 4.712386215346856, 4.71238896609151, 4.712397429051738, -5.004882859736332e-06, 3.141601273500067, 8.614950740942458e-07, 8.9672167500498e-06, -1.1286275952214748e-05, 1.5707962172858136, -4.424722545902802e-08, 1.570806871039595, 4.383955841673166e-06, -1.5784278408302665e-06, 3.1415906620067067]",0.0
447,1.6767200140828236,"[5.141594169214124, -2.990400257092966e-05, 4.71242879849328, 1.5707999894771014, 6.712401575369114, 0.0002836210246288633, 3.1415730245210725, 4.712394437500947, 1.9999965365951096, 2.4475106916861765e-06, 3.141585007559851, 1.5707758629088602, 3.141594174843274, 3.1415776550826853, 4.212393333740197, 4.7123890495258625, -4.427036185527141e-06, 3.3372168056175174e-06, 3.5707962872882284, 4.7123856860141045, -1.8614429042201518e-05, 3.1415799794781245, 3.5707924963910895, 3.1415950366269443, 3.1415943355488944, -4.196779909598719e-06, 4.712386199848339, 4.712388799653661, 4.712397467837115, -5.059156726338424e-06, 3.1416013066827837, 8.814057589231826e-07, 9.363152288254694e-06, -1.1261027879168666e-05, 1.570796042665423, -2.0150307907365428e-07, 1.5708070279860946, 4.4769372018026925e-06, -1.1985857248039407e-06, 3.141590809098732]",0.0
448,1.6764297086583642,"[5.141594267179759, -3.0004671291745637e-05, 4.7124290448261945, 1.5707999877522798, 6.7124018114372275, 0.00028368957708594804, 3.1415731032595833, 4.71239438242579, 1.9999962272946274, 2.7380340037487675e-06, 3.1415847907134515, 1.570775780805674, 3.1415940268284044, 3.1415779925634144, 4.212393287664577, 4.712389405155117, -4.536024129356571e-06, 3.3754258910824658e-06, 3.5707960429268764, 4.712385577043556, -1.851888380652738e-05, 3.141580244339339, 3.570792473120219, 3.141595158296979, 3.1415942795425797, -4.269863893574995e-06, 4.712386313905365, 4.7123889185565515, 4.712397480160323, -5.033988707968361e-06, 3.141600981860421, 1.098943473848529e-06, 9.491065332442023e-06, -1.1241249539681939e-05, 1.5707961113568163, -3.218313984869495e-07, 1.5708069622072578, 4.278475108191777e-06, -1.1125651320032495e-06, 3.1415904989374357]",0.0
449,1.6701426641273933,"[5.1415941464985675, -3.0114624582916904e-05, 4.712429087079228, 1.5707999899609282, 6.712401544208724, 0.0002837068573071265, 3.1415731243905456, 4.712394399117064, 1.999996400207939, 2.346989714078863e-06, 3.1415848787236778, 1.5707759337827412, 3.141594215214152, 3.141577640311798, 4.212393265104974, 4.712389192730452, -4.457523003902523e-06, 3.379167309775196e-06, 3.570796356791679, 4.712385684096779, -1.865517835251648e-05, 3.141580019551202, 3.5707924343506847, 3.1415949012882027, 3.14159413942591, -4.061909208989029e-06, 4.712386350766531, 4.712388754662575, 4.712397440217929, -5.064210114535142e-06, 3.1416011384839218, 9.347920427324244e-07, 9.193511725671252e-06, -1.1260080675210545e-05, 1.5707960344761605, -1.6657134653294662e-07, 1.5708068218904008, 4.4211937381679896e-06, -1.145008367191743e-06, 3.1415907416534345]",0.0
450,1.6794554536113893,"[5.141594273944358, -3.015071214106674e-05, 4.712428915700021, 1.5708001916448893, 6.712401643729167, 0.0002834310651594852, 3.141573142208721, 4.712394509613292, 1.9999962795002875, 2.4170210090688945e-06, 3.1415849215505807, 1.5707759860549353, 3.1415942351223, 3.141577528435608, 4.212393441299116, 4.712389063611044, -4.860987713239591e-06, 3.3205408159983085e-06, 3.5707964776907017, 4.712385735938059, -1.837704969076391e-05, 3.1415801224998607, 3.570792541748471, 3.141595192534097, 3.141594037549713, -4.124465026783418e-06, 4.712386340566965, 4.712388907665296, 4.712397535085754, -5.191551847008243e-06, 3.1416013463280823, 1.2067577967494779e-06, 9.184151824959853e-06, -1.1673257450911563e-05, 1.5707959662155886, -1.1059553676934556e-07, 1.5708071395348875, 4.562274270194826e-06, -1.2935767047755976e-06, 3.1415905806805964]",0.0
451,1.665779699682042,"[5.141594313217545, -3.003439579629029e-05, 4.712428905924141, 1.5708001162605454, 6.71240178253584, 0.00028380694115997526, 3.141573016200632, 4.712394379870613, 1.9999963288810494, 2.5215772257733157e-06, 3.1415848861541638, 1.5707759308428615, 3.1415942128925076, 3.1415778306284636, 4.2123932435788625, 4.7123891570770535, -4.497552841028134e-06, 3.3500268412746474e-06, 3.5707964067668945, 4.712385654449096, -1.8647767278815695e-05, 3.1415799149854426, 3.5707923610097585, 3.141594942167371, 3.141594207669282, -4.112451279286214e-06, 4.712386284413085, 4.7123887076421145, 4.712397458677961, -4.978271046777886e-06, 3.1416013117412933, 9.439037031003784e-07, 9.168901480682264e-06, -1.1261915379382883e-05, 1.5707959182639828, -2.509929658410609e-07, 1.5708071168008089, 4.589798662925624e-06, -1.2246149440530839e-06, 3.1415907140122696]",0.0
452,1.6748006556875032,"[5.141594239258185, -3.0029181751248922e-05, 4.712429055359958, 1.570800142201402, 6.712401788289328, 0.00028378685603690657, 3.141573102863312, 4.712394529991701, 1.9999965069672965, 2.4857155066568515e-06, 3.1415849593581426, 1.5707758882506526, 3.141594067689236, 3.141577785783957, 4.212393545647708, 4.71238901642122, -4.539590835794616e-06, 3.255061571543968e-06, 3.5707963464640002, 4.71238576592506, -1.8415786032376102e-05, 3.1415803078883653, 3.5707924215450357, 3.1415947217654803, 3.1415941265996734, -4.1943456426600055e-06, 4.71238646708944, 4.712388821647127, 4.712397245844844, -5.093423229592115e-06, 3.141601541527912, 6.924006694053225e-07, 9.068279742388286e-06, -1.1052460093831237e-05, 1.5707962830072058, -5.0251753325597383e-08, 1.5708072172707568, 4.27051983474952e-06, -1.0169154409148543e-06, 3.1415906175619535]",0.0
453,1.6753923101959354,"[5.141594245199418, -3.008485355602058e-05, 4.712428945398487, 1.5708001154493796, 6.712401777620453, 0.0002836239474917177, 3.1415729768439538, 4.712394460163803, 1.9999964515103794, 2.52551651949674e-06, 3.141584917021797, 1.5707759424237109, 3.1415940914549725, 3.141577739137767, 4.212393336186551, 4.7123892300737324, -4.430588501148255e-06, 3.4357193725534166e-06, 3.5707963322798353, 4.712385741514036, -1.8705080790583694e-05, 3.1415799509241142, 3.5707925806013776, 3.141594936738272, 3.141594107569956, -4.374950670360362e-06, 4.71238620569313, 4.712388771290697, 4.712397442310572, -5.150181450669711e-06, 3.1416012983421915, 7.935314136075606e-07, 9.151075421772209e-06, -1.142396517209511e-05, 1.5707960275411248, -1.9949262743973477e-07, 1.570806866380428, 4.426691561077406e-06, -1.2296797120738364e-06, 3.1415906784282233]",0.0
454,1.6667840379172185,"[5.141594293273463, -3.006231537502564e-05, 4.712428947852853, 1.570800022402368, 6.712401585833613, 0.0002839212026533793, 3.141573192190385, 4.712394233058851, 1.999996462232417, 2.3798992571359785e-06, 3.141585061151133, 1.5707759015586185, 3.141594100326198, 3.1415779770095824, 4.212392976773203, 4.712389220355822, -4.294302014298749e-06, 3.3042407605427776e-06, 3.570796330480977, 4.712385476641829, -1.8359021312687263e-05, 3.1415800968201304, 3.570792640112897, 3.141594873549496, 3.14159437511113, -4.094948347333065e-06, 4.712386312880413, 4.712388795441501, 4.7123971337224235, -5.140210257686681e-06, 3.1416013576158623, 8.351460663258839e-07, 9.24898444176974e-06, -1.1779780431658004e-05, 1.5707959960945608, 6.292073814689829e-08, 1.570806971627426, 4.5603634594580205e-06, -1.235942397922531e-06, 3.141590682213472]",0.0
455,1.669693450261947,"[5.141594202436282, -3.0013811464744936e-05, 4.712429035420978, 1.570800257560739, 6.712401608527928, 0.000283713656076889, 3.1415729586105523, 4.7123944150192285, 1.9999964289400103, 2.4814448714298937e-06, 3.1415849111288736, 1.5707759659343492, 3.141594167891104, 3.141577856733661, 4.21239329504336, 4.712389162312405, -4.4221177098885775e-06, 3.323463458811675e-06, 3.570796497160019, 4.712385680519414, -1.851342275950544e-05, 3.141580136541535, 3.5707924351557527, 3.141594845543347, 3.141594276753034, -4.183054529983497e-06, 4.712386255781805, 4.712388760741841, 4.71239754781382, -5.281805927684527e-06, 3.141601195243544, 9.256139928114559e-07, 9.334707021943001e-06, -1.130052692800461e-05, 1.570795984382939, -2.0475553749007706e-07, 1.5708069881492113, 4.396471293350365e-06, -1.375436367380631e-06, 3.1415908343901155]",0.0
456,1.6767236502050622,"[5.141594278533358, -3.0064712850623174e-05, 4.712428989450947, 1.570800096984945, 6.712401612972942, 0.00028364705641577905, 3.1415731418927413, 4.7123944131787345, 1.999996462554589, 2.4713805071890034e-06, 3.141584815723633, 1.5707758995152676, 3.141594160961601, 3.141577800028019, 4.212393318885685, 4.712389118434869, -4.393072852983888e-06, 3.364373965329421e-06, 3.570796363925454, 4.71238565432902, -1.8552209754633565e-05, 3.14157998940929, 3.570792418241794, 3.1415949229760827, 3.1415942345583203, -4.252670849585372e-06, 4.712386245671504, 4.712388832200786, 4.712397527660029, -5.079203585051118e-06, 3.1416012365059873, 8.945307258442046e-07, 9.208574751408924e-06, -1.1384312000318328e-05, 1.5707959867599968, -1.4458055785362238e-07, 1.5708070560220342, 4.411148652914968e-06, -1.159935377170553e-06, 3.141590762149928]",0.0
457,1.6788244720624388,"[5.141594408369947, -2.9972112885823384e-05, 4.712428891263136, 1.570800113861447, 6.712401659629995, 0.0002836739327905232, 3.1415730538432576, 4.712394404274075, 1.9999963435372834, 2.3672450089860024e-06, 3.1415849367001787, 1.570775812710132, 3.141594103876634, 3.1415778054663863, 4.212393414517706, 4.712389132795762, -4.404194273587204e-06, 3.5333248070931508e-06, 3.5707964150065994, 4.71238559460791, -1.8517989749873668e-05, 3.141580074872286, 3.5707923272521156, 3.141595064119977, 3.1415942130083696, -4.132126214614231e-06, 4.712386381084702, 4.712388725035592, 4.7123974697295, -5.212201672861362e-06, 3.1416012503563397, 7.89673155479593e-07, 9.212072469878854e-06, -1.1408103285777143e-05, 1.570795990719336, -2.70863967445667e-07, 1.5708068957327441, 4.437871989500919e-06, -1.0884184067251774e-06, 3.14159083069815]",0.0
458,1.6773290161606909,"[5.141594267387552, -3.0044843263307715e-05, 4.712428938377352, 1.5708000062324934, 6.712401653820253, 0.0002836527147809944, 3.141573020712352, 4.712394403739658, 1.9999964382370192, 2.4879839733101897e-06, 3.1415849523505233, 1.570775870055651, 3.141594175108537, 3.141577783249519, 4.212393289137192, 4.7123891376570475, -4.416766259896818e-06, 3.3595382189190897e-06, 3.570796306539844, 4.7123857623964795, -1.8528169697118024e-05, 3.1415800494680464, 3.570792406904189, 3.141594890554844, 3.141594239732129, -4.169107884601387e-06, 4.712386273122078, 4.7123886977202245, 4.712397540253349, -5.186228377892428e-06, 3.1416011854633954, 9.067132314315247e-07, 9.155894782286672e-06, -1.1403218742072935e-05, 1.570795996566815, -1.7786748829121206e-07, 1.5708070471418898, 4.43413191167901e-06, -1.1602032008844037e-06, 3.1415907015009825]",0.0
459,1.672843795358121,"[5.141594279805072, -3.0004344497399448e-05, 4.7124289669778285, 1.5708000798316908, 6.712401627671638, 0.00028360725580111684, 3.1415730586499286, 4.712394406452702, 1.999996402400301, 2.49472917378204e-06, 3.141584907069661, 1.570775899660266, 3.141594184661334, 3.1415777589214273, 4.212393255547538, 4.7123891799703985, -4.411289038994439e-06, 3.378029926520465e-06, 3.570796353470031, 4.712385689293876, -1.8547085114762708e-05, 3.1415800462163475, 3.5707924248686127, 3.141594898894235, 3.141594239381881, -4.186070638093337e-06, 4.712386317034085, 4.712388768012159, 4.71239745367665, -5.106085505098555e-06, 3.14160128016002, 8.681515515436182e-07, 9.246279246227776e-06, -1.1399130189608372e-05, 1.570795993941128, -1.738822044661336e-07, 1.570807009709074, 4.433544859555558e-06, -1.1837677069168369e-06, 3.141590725898108]",0.0
460,1.6765121546776833,"[5.141594307438252, -3.0021102020903972e-05, 4.712428982430323, 1.570800078123465, 6.712401667835215, 0.0002837169394745105, 3.1415730302336984, 4.712394372933626, 1.9999964841205553, 2.428848899622496e-06, 3.1415849512519793, 1.570775906535536, 3.1415941621361565, 3.1415778529583807, 4.212393213648485, 4.712389104905807, -4.402559978869246e-06, 3.4025470598343255e-06, 3.5707963434758128, 4.712385670685176, -1.852413513248895e-05, 3.1415800555016062, 3.5707925279222423, 3.141594951440627, 3.1415941929497286, -4.1393063597306364e-06, 4.7123863188199575, 4.712388783622491, 4.712397435660649, -5.062646656557774e-06, 3.1416012282016177, 8.874976323045206e-07, 9.257955061770296e-06, -1.1443360919232833e-05, 1.570796029077008, -8.439341298842091e-08, 1.5708070007705215, 4.461506160053538e-06, -1.2172370260002575e-06, 3.1415907294347543]",0.0
461,1.673950883614623,"[5.141594320950041, -3.0023597499384757e-05, 4.712428976941477, 1.57080007281606, 6.71240165589985, 0.000283630542486109, 3.141573031884201, 4.7123944229273915, 1.9999964373713635, 2.445619556833513e-06, 3.1415848607910886, 1.5707758955365674, 3.141594166115302, 3.1415777575771164, 4.212393288051713, 4.712389141922992, -4.381110478852432e-06, 3.3934747387785396e-06, 3.57079631376318, 4.712385694361684, -1.8537030324634892e-05, 3.141580050819593, 3.570792463764744, 3.141594928988235, 3.141594196086275, -4.165009378139034e-06, 4.712386302735103, 4.712388731845656, 4.712397491809704, -5.100487276477947e-06, 3.141601271555159, 9.050257854426535e-07, 9.249487748074006e-06, -1.1361486829772164e-05, 1.5707959951260768, -1.68343643361244e-07, 1.5708070204231073, 4.425042098604112e-06, -1.222487017764069e-06, 3.141590733072548]",0.0
462,1.6666091477187028,"[5.141594244277392, -2.9982036028317694e-05, 4.71242899912329, 1.570800142979495, 6.712401680690141, 0.0002835849868605426, 3.141573028053895, 4.712394435986284, 1.9999964321459436, 2.463871462540913e-06, 3.141584901299185, 1.570775848570161, 3.141594206800741, 3.141577815061031, 4.212393256909778, 4.712389127746759, -4.466562733180286e-06, 3.3882308381817088e-06, 3.5707963262231357, 4.7123857271416245, -1.8560619854407553e-05, 3.1415800228649684, 3.570792420849915, 3.141594960177272, 3.141594187349881, -4.075259996751128e-06, 4.712386239500574, 4.7123887790310635, 4.712397518482289, -5.056326826118499e-06, 3.1416012394411137, 7.976120426127234e-07, 9.227846066642602e-06, -1.1378252817262361e-05, 1.5707959591874339, -1.4876227854928456e-07, 1.5708070038294906, 4.346584658950566e-06, -1.1983835687757409e-06, 3.141590721170353]",0.0
463,1.6754096963479104,"[5.141594277376873, -3.0038686711381115e-05, 4.712428964114271, 1.5708000895551448, 6.712401629911369, 0.0002836273299403778, 3.1415730390955736, 4.712394392813761, 1.9999964254131508, 2.4591020364007987e-06, 3.141584911507855, 1.5707758904514406, 3.1415941801559963, 3.141577752481609, 4.212393288588814, 4.712389150520306, -4.475592724085643e-06, 3.423684097963688e-06, 3.5707963595605237, 4.7123856965127295, -1.8522327755230003e-05, 3.141580043780813, 3.570792466686184, 3.141594935019416, 3.141594184195776, -4.174351239427334e-06, 4.7123863040891, 4.712388780378055, 4.712397502391449, -5.0879450762099046e-06, 3.1416012430819826, 8.87326919865239e-07, 9.238353510589015e-06, -1.140290510735691e-05, 1.5707960261940686, -1.9035471999694303e-07, 1.5708070562837295, 4.429856325650358e-06, -1.2099902755137929e-06, 3.141590732601157]",0.0
464,1.6742170300243866,"[5.141594308775612, -2.9994187726127186e-05, 4.712428978183564, 1.5708001095898831, 6.712401684457685, 0.0002835657288656331, 3.1415730434582505, 4.712394471984057, 1.999996414876339, 2.491916879260134e-06, 3.1415849168838386, 1.5707759463911568, 3.1415942048871845, 3.141577762945227, 4.212393312110851, 4.712389073264064, -4.463768531443521e-06, 3.3380175704808903e-06, 3.5707963917170913, 4.712385740470615, -1.857296103766015e-05, 3.141580067315634, 3.5707924207164514, 3.141594997980326, 3.1415941825520957, -4.173089109600374e-06, 4.712386349423889, 4.7123888054724015, 4.712397500837955, -5.1153535697948614e-06, 3.1416012413278365, 9.756139889313904e-07, 9.242448832737672e-06, -1.1398138560989043e-05, 1.570795977997942, -9.714786298617486e-08, 1.5708069733110963, 4.472409682295728e-06, -1.1740954492618158e-06, 3.141590704336231]",0.0
465,1.6732594370033214,"[5.141594294413842, -2.997700494771619e-05, 4.712428985080227, 1.5708000848780175, 6.712401653693296, 0.0002836462722486452, 3.1415730205987153, 4.712394474889956, 1.9999964489897113, 2.44382940214009e-06, 3.141584902129748, 1.5707758629071829, 3.1415941643612473, 3.141577776873917, 4.212393249521122, 4.712389151150607, -4.432609002297883e-06, 3.3965394759520216e-06, 3.5707963614660256, 4.712385700572782, -1.854139460861708e-05, 3.141580002156538, 3.570792427283291, 3.141594908984759, 3.1415942036794298, -4.19166111350654e-06, 4.712386316939652, 4.712388782447014, 4.712397487293159, -5.1005367254635395e-06, 3.1416012333120875, 9.106422431810287e-07, 9.24179198589368e-06, -1.1386685009809373e-05, 1.5707960254856237, -1.696780848105355e-07, 1.5708070168334416, 4.426440134202518e-06, -1.1825031219142328e-06, 3.1415907277341204]",0.0
466,1.6740314214188676,"[5.141594274032767, -3.0036154655804946e-05, 4.712428969148772, 1.570800112834835, 6.7124016430155855, 0.0002835727861372765, 3.1415729570641853, 4.712394328454996, 1.9999964199132811, 2.4782270032245625e-06, 3.141584862612301, 1.5707758188388419, 3.141594204228118, 3.1415778122211218, 4.212393254576372, 4.71238911791769, -4.362115204280865e-06, 3.40110110276628e-06, 3.570796400719605, 4.712385745616543, -1.8557250826362534e-05, 3.1415800094783637, 3.570792502729133, 3.1415949402117835, 3.1415942339312557, -4.179377049071806e-06, 4.712386357239393, 4.712388813573618, 4.712397489656164, -5.103979046472667e-06, 3.141601236783251, 8.94016348537719e-07, 9.206116486664683e-06, -1.1298128316751233e-05, 1.5707960235563816, -1.6571747942360683e-07, 1.5708070065567166, 4.444877808567894e-06, -1.1392455413662987e-06, 3.1415907253173128]",0.0
467,1.6811434609068776,"[5.141594259222367, -3.0009382687309894e-05, 4.712428949689755, 1.5708001025401148, 6.712401657933418, 0.0002836407846509233, 3.1415730470878573, 4.712394417553719, 1.999996457401497, 2.4710761200310126e-06, 3.141584896736703, 1.5707758938090297, 3.141594142570214, 3.1415777966923586, 4.2123933267046585, 4.712389143443803, -4.436697046389689e-06, 3.392115792609314e-06, 3.5707963384920087, 4.712385724139736, -1.85389059947952e-05, 3.141580057088675, 3.5707924367351955, 3.1415948944441405, 3.1415941974919006, -4.167199508531165e-06, 4.712386348956985, 4.71238877422533, 4.712397466494191, -5.087926693828184e-06, 3.1416012566305254, 8.717920302982632e-07, 9.234809408035637e-06, -1.1350324838904539e-05, 1.570796010502013, -1.3370990438520112e-07, 1.5708070255219393, 4.432807617470571e-06, -1.1786332894926108e-06, 3.1415907240266496]",0.0
468,1.6749650265891618,"[5.141594343427048, -3.0014007337145622e-05, 4.712429054671473, 1.5708000575892656, 6.712401681316455, 0.00028366205241338625, 3.1415730292966293, 4.712394429291643, 1.9999964233008993, 2.4979960058707823e-06, 3.141584959367956, 1.5707759238434875, 3.141594226297992, 3.141577763603998, 4.212393267858578, 4.712389070735139, -4.415901847967254e-06, 3.3682849317023115e-06, 3.5707963771154976, 4.712385685992346, -1.856320874341942e-05, 3.1415801078631462, 3.57079243144023, 3.141594927309075, 3.141594193310515, -4.208888046533763e-06, 4.712386285212933, 4.712388774041518, 4.712397475298523, -5.0856457426624655e-06, 3.1416012828846167, 8.298461254844509e-07, 9.212164111602846e-06, -1.1307484439300671e-05, 1.570796096733968, -1.8437696601679396e-07, 1.570807047672013, 4.369727258528717e-06, -1.1496266991457595e-06, 3.141590736774293]",0.0
469,1.6724917594843731,"[5.141594285833557, -2.99990936842364e-05, 4.712428964184019, 1.5708000725607847, 6.712401663099594, 0.00028362788272170747, 3.141573030290859, 4.7123944228094405, 1.9999964326268995, 2.4865734549499213e-06, 3.1415849015343524, 1.5707758956234483, 3.1415941721434972, 3.141577772187226, 4.212393290664382, 4.71238910970076, -4.407398650030628e-06, 3.438334056711916e-06, 3.570796357792562, 4.7123856812160305, -1.858124790488487e-05, 3.1415800721001093, 3.5707924520953247, 3.1415948910918243, 3.141594239901298, -4.150312939399602e-06, 4.712386303936109, 4.712388806080944, 4.712397494384479, -5.077399960519561e-06, 3.1416012388393737, 9.099345045597546e-07, 9.204120156878127e-06, -1.1392288780341044e-05, 1.5707960039342843, -1.745277524207139e-07, 1.5708070054718055, 4.417985933102275e-06, -1.2086973794432374e-06, 3.141590726322419]",0.0
470,1.6746415533369656,"[5.1415943073523644, -2.9999830985481183e-05, 4.712428968549667, 1.5708000514317932, 6.712401608812529, 0.00028366277651268635, 3.1415730478353163, 4.712394385527657, 1.999996435178629, 2.5170339199896967e-06, 3.1415848658316428, 1.5707759666894916, 3.1415941678417436, 3.141577826227062, 4.21239325069994, 4.712389096841498, -4.4204011427848025e-06, 3.4548263636704448e-06, 3.5707963708540023, 4.712385785134779, -1.8594087674966854e-05, 3.1415799937010145, 3.570792426100247, 3.1415949102323486, 3.1415941871724424, -4.143543933625568e-06, 4.712386300717897, 4.712388754953598, 4.712397558697219, -5.106030161438384e-06, 3.141601282832246, 8.792808531964862e-07, 9.340175126459834e-06, -1.1401775621212744e-05, 1.570796034008757, -1.9882733701436734e-07, 1.5708069778001676, 4.414577851767522e-06, -1.1483245630136276e-06, 3.1415907129385023]",0.0
471,1.6772321948349753,"[5.14159426188852, -3.0003799127704646e-05, 4.7124289655671925, 1.5708000787853362, 6.712401650085187, 0.00028364103939995265, 3.141573039073538, 4.712394415680707, 1.9999963878720097, 2.4189268097057957e-06, 3.141584917514097, 1.5707758943372785, 3.1415941942124204, 3.1415778061451727, 4.212393279443132, 4.712389151544362, -4.395107562423185e-06, 3.4077000814714994e-06, 3.570796348807353, 4.712385738037433, -1.857993320813668e-05, 3.1415800719752163, 3.5707924341230424, 3.1415949361328557, 3.1415942027030606, -4.208744707961306e-06, 4.712386305958519, 4.712388775807334, 4.71239751005307, -5.074817776872809e-06, 3.1416012613600084, 8.96025399801296e-07, 9.241994379495578e-06, -1.1386634133703443e-05, 1.5707960111364252, -1.4693997990735243e-07, 1.5708070308517386, 4.422828700844857e-06, -1.1910736560451935e-06, 3.141590743077947]",0.0
472,1.6731521507937552,"[5.141594265922062, -2.9969832899140703e-05, 4.712429016881217, 1.5708000862051639, 6.7124016194436695, 0.0002836287005629738, 3.1415730061317, 4.712394448554255, 1.9999964941597694, 2.504346311955547e-06, 3.141584873560666, 1.5707759452119647, 3.141594215748667, 3.1415777708380883, 4.212393279800399, 4.712389172564658, -4.35871708362983e-06, 3.4137607116190995e-06, 3.5707963564273504, 4.7123856933678026, -1.8565704657426423e-05, 3.141580078976897, 3.5707924285509893, 3.1415949842394424, 3.1415941958318685, -4.182398961816418e-06, 4.7123863292564625, 4.712388763045795, 4.712397518856884, -5.064697594257996e-06, 3.141601157758334, 7.989772507360361e-07, 9.231385918941742e-06, -1.1387351040032686e-05, 1.5707959884595912, -2.039178387791699e-07, 1.5708070434489116, 4.53219711193381e-06, -1.1915242076943673e-06, 3.1415907077279868]",0.0
473,1.6683806514798343,"[5.1415943125467365, -2.9998750558696408e-05, 4.712428962507935, 1.5708000924654806, 6.712401661636812, 0.0002836574533929734, 3.141573059270032, 4.712394411748252, 1.9999964201771392, 2.4825387770866992e-06, 3.1415849223432524, 1.5707758996450687, 3.14159418587551, 3.1415777488681815, 4.212393259064215, 4.7123891548049475, -4.415807025062113e-06, 3.4104369239316314e-06, 3.5707963342509426, 4.712385712640575, -1.852894488818013e-05, 3.1415800404779346, 3.5707924588797892, 3.1415949194738433, 3.1415942061064634, -4.1763452268689225e-06, 4.712386312482794, 4.712388811237848, 4.712397545349874, -5.108266862294924e-06, 3.1416012438114507, 8.635500371158513e-07, 9.23437161720756e-06, -1.1345138308537448e-05, 1.5707959950724746, -1.3302981576586867e-07, 1.5708069980463613, 4.4486585588033295e-06, -1.188111162648186e-06, 3.141590736430341]",0.0
474,1.6770339066802564,"[5.14159430803412, -3.0076534686782935e-05, 4.712428997130678, 1.570800147590883, 6.712401630617906, 0.0002836385143098017, 3.1415729463425883, 4.712394392082411, 1.9999964618032997, 2.437290243675523e-06, 3.1415849436207566, 1.5707759554560161, 3.141594153615707, 3.1415777607671234, 4.212393249897384, 4.7123891115756615, -4.437215074491063e-06, 3.379376497351048e-06, 3.570796245687513, 4.712385696932252, -1.8567825459165875e-05, 3.1415800371870453, 3.570792394475221, 3.141594923180961, 3.1415942471728555, -4.2044169233493185e-06, 4.712386354902939, 4.712388813716879, 4.712397511356016, -5.063740700519452e-06, 3.1416012505353597, 8.905512495940334e-07, 9.24348400726272e-06, -1.1395981936604122e-05, 1.5707959552704007, -2.073151208532066e-07, 1.5708070010792736, 4.411242955913135e-06, -1.146431931553521e-06, 3.1415907567714796]",0.0
475,1.6748592533461468,"[5.141594263037766, -3.0021807202038846e-05, 4.712428995530608, 1.5708000904679402, 6.712401691326115, 0.0002836352289535146, 3.1415730559698036, 4.712394429513664, 1.9999964151330332, 2.4909376005841548e-06, 3.141584913916815, 1.5707758855063845, 3.1415941816338693, 3.1415777892769268, 4.212393286741045, 4.712389138349191, -4.4173387974929555e-06, 3.403876560918065e-06, 3.5707963332672956, 4.71238568317479, -1.855418854403082e-05, 3.141580050409984, 3.5707924853732456, 3.1415949295813324, 3.141594220183398, -4.179295176323185e-06, 4.712386320109196, 4.712388758176852, 4.712397498681031, -5.097157012742489e-06, 3.141601219371877, 8.988665266380306e-07, 9.286929050700734e-06, -1.1376872166075622e-05, 1.5707959918242118, -1.8434505002608835e-07, 1.570807026068776, 4.426023526964735e-06, -1.1415879370989171e-06, 3.1415907307804205]",0.0
476,1.6740775378955153,"[5.141594332734193, -2.9992786582303703e-05, 4.712428958260955, 1.5708000415340235, 6.712401649351765, 0.00028361979674367726, 3.141573029709765, 4.712394364501942, 1.9999964134228994, 2.5405741285015177e-06, 3.141584886706023, 1.5707758791241548, 3.141594143154091, 3.141577836141899, 4.212393267484248, 4.712389202608733, -4.454744885504664e-06, 3.3793951683732155e-06, 3.5707962956465553, 4.7123856828010995, -1.8556042570318256e-05, 3.1415800737189463, 3.5707923905680143, 3.1415949912971426, 3.141594204045471, -4.209028655851781e-06, 4.712386292523677, 4.71238880660063, 4.712397480785386, -5.061717884147689e-06, 3.141601160765576, 9.234859354236638e-07, 9.270340259790646e-06, -1.1329122690415588e-05, 1.5707960507735843, -1.6793653332335226e-07, 1.5708069712581285, 4.387870578567664e-06, -1.2377825481267316e-06, 3.1415907088473776]",0.0
477,1.685158908832957,"[5.141594268832717, -2.9990978299005193e-05, 4.712428998014378, 1.5708000717570325, 6.712401677145889, 0.00028361646520255057, 3.1415730281017575, 4.7123943833656625, 1.9999964553011373, 2.465804440129392e-06, 3.141584919337497, 1.5707758946675143, 3.141594186183843, 3.1415777983918107, 4.212393308178301, 4.712389130813681, -4.4186449003783325e-06, 3.386019662620397e-06, 3.5707963438707817, 4.712385669676762, -1.854493759488321e-05, 3.141580020514444, 3.5707924346185997, 3.141594919286848, 3.1415941902716016, -4.183228669257913e-06, 4.712386329435677, 4.7123887550139525, 4.712397553539502, -5.075204027083746e-06, 3.141601257094372, 8.950847433996436e-07, 9.2318627564936e-06, -1.1381634094023785e-05, 1.5707960350259094, -1.6378618823050853e-07, 1.5708069919849437, 4.440274418322867e-06, -1.2012188332944088e-06, 3.141590743679137]",0.0
478,1.6727998213284305,"[5.141594280920562, -2.999200955176183e-05, 4.712428976487122, 1.5708000758942289, 6.712401608427235, 0.00028357432005606935, 3.1415730738001932, 4.712394377660465, 1.9999963873311448, 2.525528864152673e-06, 3.1415849209401805, 1.5707759092364633, 3.1415942085499435, 3.141577757254282, 4.21239320947136, 4.712389199903358, -4.401128977303913e-06, 3.336898276005862e-06, 3.570796372796585, 4.7123856649377425, -1.8539216769577484e-05, 3.1415800356906596, 3.5707924126856763, 3.1415948973344126, 3.141594264109069, -4.173569479421517e-06, 4.7123863150843155, 4.71238875992254, 4.712397410406244, -5.115840528507467e-06, 3.1416013173590707, 8.403717976183266e-07, 9.248858482125513e-06, -1.143869741582458e-05, 1.570795982973163, -1.6238535034216926e-07, 1.570806979565949, 4.445488820039462e-06, -1.1866165043334398e-06, 3.141590716106908]",0.0
479,1.673396818835203,"[5.141594314022139, -2.996336002741291e-05, 4.712428989271814, 1.5708001155360949, 6.712401633523766, 0.000283627988132304, 3.141573038480985, 4.712394375697861, 1.999996422928103, 2.463348341632781e-06, 3.141584904732668, 1.5707759054064694, 3.1415942001185346, 3.1415777671200313, 4.212393294328782, 4.712389115172569, -4.436057419851721e-06, 3.4196440215654285e-06, 3.5707963326510455, 4.712385705798836, -1.856952564179839e-05, 3.141580024245782, 3.5707924468438677, 3.1415949052295624, 3.141594210179953, -4.2016946096179e-06, 4.712386288221683, 4.712388739190546, 4.7123974667594055, -5.098823445569637e-06, 3.1416012059149674, 8.876218048813171e-07, 9.239662710891832e-06, -1.1372114633405689e-05, 1.5707959992431004, -1.393147010450903e-07, 1.5708070185712568, 4.4341139274496e-06, -1.183381029088176e-06, 3.14159072776395]",0.0
480,1.6708971894296303,"[5.141594280904551, -3.0005542304047973e-05, 4.712428984071489, 1.570800080234053, 6.712401657006056, 0.0002836335169970726, 3.141573033550946, 4.71239439836923, 1.9999964281792086, 2.477111498452658e-06, 3.141584904700334, 1.5707758952465438, 3.141594143205192, 3.1415777601534343, 4.212393267676645, 4.712389125263293, -4.415111472215468e-06, 3.3948202456337337e-06, 3.5707963651882224, 4.712385705418513, -1.855834401222172e-05, 3.141580042712286, 3.5707924355078493, 3.141594938478565, 3.141594208803299, -4.18352920062729e-06, 4.712386317171532, 4.712388761604339, 4.712397499366707, -5.087898766918021e-06, 3.1416012350157705, 8.777088088620323e-07, 9.242471484789638e-06, -1.137984804214758e-05, 1.5707960016192644, -1.5168577588880483e-07, 1.5708070225094652, 4.422749288682314e-06, -1.191864536038735e-06, 3.1415907318822227]",0.0
481,1.6739783050231312,"[5.14159432068174, -3.0008091327963026e-05, 4.712428965403849, 1.570800086575828, 6.712401668472082, 0.00028362797482785174, 3.141573042766116, 4.712394380303857, 1.99999648992391, 2.4612492324096363e-06, 3.141584926811743, 1.5707758894330466, 3.1415941886844614, 3.1415777631824255, 4.212393284440298, 4.712389179849891, -4.405820232463131e-06, 3.3848396500241707e-06, 3.5707963841711363, 4.712385709948099, -1.8587918718849372e-05, 3.1415800565476886, 3.5707924349033457, 3.141594919961375, 3.1415941855644047, -4.164558509112923e-06, 4.712386298438006, 4.71238878202578, 4.712397493687912, -5.094338539272942e-06, 3.141601236821024, 9.012790263738076e-07, 9.257964482953831e-06, -1.1380987012276512e-05, 1.5707959840685157, -1.6850991566807045e-07, 1.5708070287771307, 4.410420029625998e-06, -1.1680699137414993e-06, 3.1415907349450545]",0.0
482,1.6728997680153679,"[5.141594303697834, -3.0006159039211793e-05, 4.7124289597798565, 1.5708000950445462, 6.7124016697047955, 0.0002836205491754284, 3.14157302243126, 4.712394415279142, 1.999996441191632, 2.490786443408238e-06, 3.1415849101680924, 1.5707758976501853, 3.141594169938819, 3.1415777946035215, 4.212393283648084, 4.712389135448004, -4.415325813753108e-06, 3.400980440471375e-06, 3.570796349691837, 4.712385708704512, -1.855411786301495e-05, 3.141580038517313, 3.5707924510995475, 3.141594931418186, 3.141594206065652, -4.2039199006130395e-06, 4.712386299248158, 4.712388771993852, 4.712397495045424, -5.099079901314644e-06, 3.1416012532459883, 8.718487250227554e-07, 9.240204222241656e-06, -1.1392206637111222e-05, 1.5707960062327964, -1.6370801050280406e-07, 1.5708070244522698, 4.430874164390116e-06, -1.1951942548556186e-06, 3.1415907317927805]",0.0
483,1.6729215921594407,"[5.141594265299208, -3.0047265792668323e-05, 4.712428981963531, 1.5708000786125405, 6.712401657537366, 0.000283640864288673, 3.1415730338603227, 4.712394422055452, 1.9999964349380202, 2.468228655975106e-06, 3.141584906948347, 1.570775914787989, 3.1415941710487307, 3.1415777615375355, 4.212393283686837, 4.712389157297851, -4.426343869647645e-06, 3.3993147962256243e-06, 3.570796353967126, 4.7123857097302615, -1.859798831002385e-05, 3.1415800210280986, 3.5707924691444908, 3.141594932776093, 3.141594176955105, -4.196280051243175e-06, 4.71238629032635, 4.712388768048147, 4.712397469858168, -5.107168598973148e-06, 3.1416012315520767, 8.680925742746342e-07, 9.21565487144622e-06, -1.137011833433764e-05, 1.570796014140641, -1.6882330998518202e-07, 1.5708069499715516, 4.429514838235984e-06, -1.1930835869799905e-06, 3.1415907302166115]",0.0
484,1.681087717280917,"[5.141594279700953, -3.000390422565116e-05, 4.712428949203734, 1.5708000851650954, 6.712401650686108, 0.0002836374804021158, 3.141573029529863, 4.712394412704515, 1.999996447486265, 2.4723408174468516e-06, 3.1415848976293153, 1.5707759098408227, 3.141594192514586, 3.141577770827739, 4.212393276084618, 4.712389139573748, -4.42391740600454e-06, 3.3943371978289323e-06, 3.5707963485420695, 4.7123856924429415, -1.856485338890228e-05, 3.1415800376825556, 3.5707924469466876, 3.1415949474133664, 3.141594226671885, -4.1768229450457695e-06, 4.712386315047758, 4.7123887625158245, 4.71239749682218, -5.099413749444722e-06, 3.1416012425520266, 8.832107187002724e-07, 9.241531728741412e-06, -1.1374484967946376e-05, 1.5707960236630192, -1.5105257969890256e-07, 1.5708070182073262, 4.414908380610696e-06, -1.1828655246364445e-06, 3.141590737384853]",0.0
485,1.6762872964506341,"[5.141594275721633, -2.9997704390519614e-05, 4.712428954681083, 1.5708000556595543, 6.71240162231379, 0.000283619094231064, 3.141573039450117, 4.712394417646116, 1.9999964504099197, 2.468570268365106e-06, 3.141584946956461, 1.570775876642514, 3.141594168575085, 3.1415777693244324, 4.212393290790941, 4.7123890998173055, -4.414347054928018e-06, 3.37941698116818e-06, 3.5707963434376384, 4.71238571339835, -1.855533510601484e-05, 3.1415800325073944, 3.5707924472872627, 3.141594940526631, 3.141594217485772, -4.175730097564348e-06, 4.7123862721484215, 4.712388787464442, 4.7123974764434875, -5.080235668590587e-06, 3.141601245874201, 8.805962307551807e-07, 9.275031333493985e-06, -1.1346325558154644e-05, 1.5707959963583367, -1.8376966258023652e-07, 1.5708070071736335, 4.462924143992987e-06, -1.198640541970937e-06, 3.1415907607808755]",0.0
486,1.6771637315913908,"[5.14159428011287, -3.001471031343473e-05, 4.712428993671885, 1.570800088146672, 6.7124016639546324, 0.00028364193905920947, 3.141573029232346, 4.712394404402214, 1.999996441372979, 2.4742818250255264e-06, 3.1415849031652336, 1.5707759048725265, 3.1415941887929324, 3.141577783089951, 4.212393288360666, 4.7123891400742055, -4.418751204882498e-06, 3.402011053558416e-06, 3.5707963616045717, 4.7123857172940005, -1.8541507838235776e-05, 3.141580041516302, 3.5707924306936616, 3.1415949305526873, 3.141594224621647, -4.178654991811403e-06, 4.712386305930213, 4.712388778318415, 4.71239748470516, -5.11163112591901e-06, 3.141601238208699, 8.870755294215678e-07, 9.251796873994811e-06, -1.137453733758386e-05, 1.5707960049929843, -1.639795939298223e-07, 1.5708070108980745, 4.427833433931276e-06, -1.209639660594635e-06, 3.141590748107183]",0.0
487,1.6724862544725425,"[5.141594294153075, -3.0023492649432276e-05, 4.712428959732901, 1.5708001232857538, 6.712401614042104, 0.0002836274798750525, 3.1415730264109465, 4.712394428719438, 1.999996420875491, 2.4801599276333977e-06, 3.141584915214426, 1.570775909050995, 3.1415941680996022, 3.1415778115478834, 4.212393257755687, 4.712389131495171, -4.418133186668408e-06, 3.3704408985060805e-06, 3.570796385288773, 4.712385678471438, -1.856019100293202e-05, 3.1415800687896125, 3.5707924503102593, 3.1415948940593887, 3.141594188682835, -4.173205012969803e-06, 4.712386307891765, 4.712388748827411, 4.712397517634248, -5.111958444638816e-06, 3.141601213644644, 8.860623766765826e-07, 9.249282305442133e-06, -1.1357124643862909e-05, 1.570795998988346, -1.6575723014916473e-07, 1.5708070089340942, 4.424351430104509e-06, -1.2115644038399858e-06, 3.141590760996382]",0.0
488,1.6819753219760916,"[5.141594282060661, -3.000649865531474e-05, 4.712428974724919, 1.5708000578297823, 6.712401655842586, 0.0002836216323035437, 3.141573018323635, 4.712394411522373, 1.999996438117313, 2.477665465561985e-06, 3.141584894531886, 1.5707759178387308, 3.1415941855575493, 3.141577781336159, 4.212393269378619, 4.712389139876594, -4.4300960640108415e-06, 3.3881988238135075e-06, 3.5707963532927662, 4.712385708636975, -1.8546552516803233e-05, 3.141580041336542, 3.5707924553989354, 3.141594910623103, 3.141594199284302, -4.186809107627301e-06, 4.712386303785888, 4.7123887753708775, 4.7123974919055, -5.07939684309338e-06, 3.1416012351568505, 8.856540028055138e-07, 9.24257671319568e-06, -1.1372063261169746e-05, 1.5707959929687663, -1.5059619624002415e-07, 1.570807021341845, 4.424368507307719e-06, -1.184932644327975e-06, 3.1415907464442863]",0.0
489,1.6767153863849211,"[5.141594330332495, -3.0012822942997828e-05, 4.712428956096737, 1.5708000608015373, 6.712401653394577, 0.00028362867157490557, 3.141573037728665, 4.712394412869221, 1.9999964103884589, 2.4515885029353297e-06, 3.141584900677141, 1.5707758894141806, 3.141594171551862, 3.1415777979745023, 4.21239329750965, 4.712389129451758, -4.421309203716309e-06, 3.427937366724302e-06, 3.570796370489517, 4.712385681430982, -1.8533089790565655e-05, 3.141580044143803, 3.5707924165278797, 3.141594952125998, 3.1415941934414926, -4.165529483507605e-06, 4.712386325535662, 4.712388764586926, 4.712397478893446, -5.102402406083785e-06, 3.141601228564177, 8.559681479783298e-07, 9.225102610266814e-06, -1.1387324122690875e-05, 1.5707959846166957, -1.7375278435020743e-07, 1.5708069881095015, 4.430694859948617e-06, -1.1498138207904547e-06, 3.1415907742748272]",0.0
490,1.6708703079603375,"[5.141594293361469, -3.000172452411336e-05, 4.7124289716163075, 1.5708000726101152, 6.712401647545926, 0.0002836326953826822, 3.141573049273891, 4.71239440845423, 1.9999964357574245, 2.4680820216324774e-06, 3.1415849110054728, 1.5707759025045196, 3.141594186298726, 3.1415777896712727, 4.212393279547651, 4.712389125890582, -4.418246050686991e-06, 3.3868007274988085e-06, 3.5707963490570838, 4.712385706058324, -1.8561796189314715e-05, 3.1415800304053776, 3.5707924522111396, 3.141594931261001, 3.14159420064764, -4.184466461005959e-06, 4.712386337599081, 4.712388779046149, 4.712397490264245, -5.102943749815759e-06, 3.141601233837852, 8.752553665038764e-07, 9.236229057624813e-06, -1.1374846034223654e-05, 1.5707959915454697, -1.789795070251673e-07, 1.5708070203181224, 4.412456262067481e-06, -1.2062949540096794e-06, 3.141590727624518]",0.0
491,1.6774065186274911,"[5.141594300534709, -3.00457599986459e-05, 4.712428985796543, 1.5708000828833535, 6.712401629181259, 0.0002836136294681124, 3.1415730594157, 4.712394433311264, 1.9999964596050392, 2.5008437314770165e-06, 3.1415849400231837, 1.5707758861627557, 3.1415941937215575, 3.1415777891664853, 4.212393262068702, 4.712389142020374, -4.415041650615103e-06, 3.4442141946291918e-06, 3.5707963575902344, 4.712385717603869, -1.8549081449792523e-05, 3.1415800285993196, 3.5707924333528176, 3.141594938642368, 3.1415942153874052, -4.19066216501448e-06, 4.712386328757622, 4.712388733637068, 4.712397492040759, -5.057506770508704e-06, 3.1416012461934932, 9.004317407252869e-07, 9.226649671211897e-06, -1.135778742421814e-05, 1.5707959889473948, -1.4129378066585656e-07, 1.5708070119865476, 4.418153638422755e-06, -1.1996360395572565e-06, 3.1415907339303177]",0.0
492,1.6849401620921634,"[5.141594284309756, -2.999952476642768e-05, 4.7124289835673405, 1.5708000852324386, 6.712401645858494, 0.0002836315406817457, 3.141573042482124, 4.712394407263001, 1.9999964436254225, 2.4894505452338397e-06, 3.141584899752475, 1.570775890590362, 3.141594175877828, 3.1415777848374336, 4.212393265282573, 4.712389136336295, -4.425562036072953e-06, 3.400641676171467e-06, 3.570796336438008, 4.712385708721337, -1.8567755748671652e-05, 3.14158005081099, 3.5707924443832, 3.141594935929714, 3.14159419208184, -4.176218064093643e-06, 4.7123863147537834, 4.712388770973729, 4.712397489073866, -5.106258076726406e-06, 3.1416012499406336, 8.935233117184098e-07, 9.227116201474453e-06, -1.13794648917699e-05, 1.5707960072649083, -1.647688559545289e-07, 1.5708070201897975, 4.435308549664131e-06, -1.1847018878237205e-06, 3.1415907677603103]",0.0
493,1.6730074222637301,"[5.141594328076563, -3.0024853705486487e-05, 4.712428975800107, 1.570800088567788, 6.71240165584512, 0.00028363563536647446, 3.1415730478496102, 4.712394419619861, 1.999996425375112, 2.4801241907511315e-06, 3.1415848933657027, 1.5707758755169596, 3.1415941854511606, 3.1415777676469356, 4.212393293459081, 4.7123891399475895, -4.426646313276399e-06, 3.3593736911191178e-06, 3.570796352194851, 4.712385745661877, -1.8570076147188215e-05, 3.141580039224246, 3.5707924593944513, 3.1415949130500453, 3.141594235792379, -4.1690708590774145e-06, 4.712386329002413, 4.712388759238096, 4.712397500738772, -5.0504592252209316e-06, 3.141601216024683, 8.64650543818011e-07, 9.242504272094231e-06, -1.1406814851007608e-05, 1.570796033792744, -1.669295922373429e-07, 1.570807003067173, 4.437107703721894e-06, -1.1982680809542672e-06, 3.1415907679396726]",0.0
494,1.6715336952816815,"[5.141594285297057, -3.0013330743535626e-05, 4.712428976816288, 1.5708000787279692, 6.712401634694105, 0.0002836158130861159, 3.141573033476132, 4.712394414292783, 1.9999964477262913, 2.4748891755523235e-06, 3.141584905860536, 1.5707758855197906, 3.1415941841029693, 3.141577770959395, 4.21239328388053, 4.712389127694053, -4.40697279356603e-06, 3.4021194878410902e-06, 3.5707963436468853, 4.712385706875872, -1.854505150811595e-05, 3.141580057396589, 3.570792444710495, 3.1415949232277236, 3.141594196793531, -4.190409166886718e-06, 4.712386316009724, 4.712388778229487, 4.712397495722918, -5.104622189742347e-06, 3.1416012300063847, 8.752447150034938e-07, 9.254667090290242e-06, -1.139376962917916e-05, 1.5707960152941511, -1.4844157684406886e-07, 1.5708070003638601, 4.410002866829981e-06, -1.1858584547610996e-06, 3.141590738749341]",0.0
495,1.6757129714523433,"[5.141594281497298, -3.003311670029415e-05, 4.712428948215187, 1.570800085746668, 6.712401661285794, 0.00028367719062597033, 3.1415730150945924, 4.712394406467773, 1.999996420263865, 2.505611978691458e-06, 3.1415848926479444, 1.5707758614109586, 3.1415942205199237, 3.1415777653650814, 4.2123932781086895, 4.712389111900337, -4.413016877210962e-06, 3.390264340222229e-06, 3.570796350342741, 4.712385686631364, -1.8566081545279482e-05, 3.1415800328963175, 3.570792406728203, 3.1415949172526525, 3.1415941677766672, -4.184813575483503e-06, 4.712386316591798, 4.712388769033924, 4.712397483713196, -5.076835743466633e-06, 3.1416012428530165, 8.845164905952556e-07, 9.256712708111352e-06, -1.1383631145554467e-05, 1.5707959887367897, -1.5604047486322767e-07, 1.570807017069428, 4.44163805205028e-06, -1.1991291119554001e-06, 3.141590726037934]",0.0
496,1.6716401392990559,"[5.141594298247728, -3.0023538026408114e-05, 4.712428981211881, 1.5708000694235214, 6.7124016529876105, 0.00028362187984721013, 3.141573035405315, 4.712394411359032, 1.9999964436156037, 2.4619638614929473e-06, 3.1415848974840173, 1.5707758843742845, 3.1415941807529975, 3.141577788818101, 4.212393272053453, 4.712389132580327, -4.442729652402026e-06, 3.4016590169640298e-06, 3.570796350877615, 4.712385695673305, -1.8576233570207737e-05, 3.1415800523696262, 3.57079243846663, 3.1415949225527053, 3.1415942178356935, -4.184774910178221e-06, 4.712386314466723, 4.712388769543395, 4.71239749995341, -5.1054999617556566e-06, 3.1416012442682772, 8.695610571063487e-07, 9.251497513095305e-06, -1.137160072884925e-05, 1.5707960027825432, -1.5116270492916666e-07, 1.5708070163787553, 4.4448561295007676e-06, -1.1939617277513454e-06, 3.1415907291656047]",0.0
497,1.6792474223058296,"[5.141594302419948, -3.003347148823056e-05, 4.712428987420032, 1.5708000726119196, 6.712401644984613, 0.00028360717599840846, 3.141573022401058, 4.712394422496218, 1.9999964081333448, 2.4823712516978634e-06, 3.1415849301009655, 1.5707759127466998, 3.141594170333386, 3.1415777832041867, 4.212393298052474, 4.712389150196114, -4.391293060711081e-06, 3.4030362908858817e-06, 3.570796336135659, 4.712385690389774, -1.8582626313028498e-05, 3.141579998392051, 3.5707924312816908, 3.1415949222381596, 3.1415941933822733, -4.142340795068944e-06, 4.712386314986684, 4.712388792268507, 4.7123974855082125, -5.109199197345604e-06, 3.141601224649931, 8.767504638125478e-07, 9.252275390866255e-06, -1.1378175351799587e-05, 1.5707960310378164, -1.2864067293005654e-07, 1.5708070551021247, 4.433683847157247e-06, -1.1950468301818296e-06, 3.1415907455304994]",0.0
498,1.6744719539526105,"[5.141594282981429, -3.002853475345836e-05, 4.712428944398497, 1.5708000965998568, 6.712401697092453, 0.00028359149677377563, 3.1415730735237335, 4.712394403271537, 1.9999964436629898, 2.4517565914128614e-06, 3.1415848994917734, 1.5707759165013935, 3.1415941839123267, 3.141577774324316, 4.212393233175572, 4.71238911226943, -4.404112994735022e-06, 3.406981316319615e-06, 3.5707963415165587, 4.712385712494394, -1.854563236038886e-05, 3.14158004188301, 3.5707924140798593, 3.1415949106712, 3.141594192689466, -4.1799942761650086e-06, 4.712386310095414, 4.712388769780182, 4.712397480250373, -5.090114603618512e-06, 3.141601211639833, 8.793299428255561e-07, 9.244967753444694e-06, -1.1369715088970838e-05, 1.570796036007066, -1.7978876552241884e-07, 1.5708070155596323, 4.444303060032001e-06, -1.1952475348828875e-06, 3.1415907385302617]",0.0
499,1.6787952391491145,"[5.141594292501226, -3.0026967047123078e-05, 4.712428981031664, 1.5708000889721399, 6.712401637242796, 0.00028363507326611953, 3.1415730615151185, 4.712394409857201, 1.9999964416739502, 2.4718688823527096e-06, 3.141584886888817, 1.5707758993914664, 3.141594175509777, 3.14157779195532, 4.212393285034217, 4.712389128201075, -4.41073374561251e-06, 3.3841033291899853e-06, 3.5707963556787057, 4.712385694006422, -1.855069577811043e-05, 3.1415800315338305, 3.5707924367335764, 3.141594930872338, 3.1415942113930493, -4.1894487526840095e-06, 4.712386290147811, 4.712388786380023, 4.712397499185222, -5.087085902639577e-06, 3.1416012369146173, 8.863358672622396e-07, 9.23052340880722e-06, -1.1380826978563465e-05, 1.5707960040266162, -1.5737593506089425e-07, 1.5708070198399744, 4.429162889903723e-06, -1.1770795634366277e-06, 3.141590729700106]",0.0
500,1.6726781227158123,"[5.141594291774327, -3.0018946745973108e-05, 4.712428968125564, 1.5708000754680593, 6.712401653287761, 0.0002836313899897996, 3.141573035990158, 4.712394406189605, 1.9999964331555968, 2.4740427287582003e-06, 3.1415849145496675, 1.5707758928837856, 3.1415941774838063, 3.1415777844649595, 4.212393277461231, 4.712389131300345, -4.4228205727973425e-06, 3.3904048014150526e-06, 3.570796347125672, 4.712385710353362, -1.8551604961615815e-05, 3.141580039485508, 3.5707924397455733, 3.1415949223254196, 3.141594209245551, -4.176124503588848e-06, 4.712386304639172, 4.712388763638831, 4.712397495167996, -5.103670641349524e-06, 3.141601238203991, 8.909241316052855e-07, 9.233691738074439e-06, -1.1379325928345343e-05, 1.5707960076170775, -1.5886280246089808e-07, 1.570807013190066, 4.4234605011903265e-06, -1.1845108364794532e-06, 3.1415907346483043]",0.0
501,1.6706571955806344,"[5.141594287741671, -3.0006025996239768e-05, 4.712428979647646, 1.5708000785479053, 6.712401640236477, 0.000283632581052981, 3.14157302412049, 4.712394418389073, 1.9999964426095787, 2.4767075023551125e-06, 3.1415849093951165, 1.5707759042016483, 3.1415941848254545, 3.1415777826678424, 4.212393278515654, 4.712389143944233, -4.40644785029261e-06, 3.3956958173316315e-06, 3.570796348140723, 4.712385713277237, -1.855026549051898e-05, 3.1415800569865584, 3.5707924359926433, 3.141594935269392, 3.1415942042697584, -4.168980445517604e-06, 4.71238631017817, 4.712388760420363, 4.712397498363717, -5.093366768286528e-06, 3.1416012199992824, 8.710323860792819e-07, 9.228967726527437e-06, -1.138147272206208e-05, 1.5707960072021931, -1.7558676850555469e-07, 1.5708070187580285, 4.454585026939954e-06, -1.1835511295397998e-06, 3.141590710469917]",0.0
502,1.6751663607111955,"[5.141594289926668, -3.0010371032191352e-05, 4.712428965597714, 1.570800081314739, 6.712401648013568, 0.0002836258906178184, 3.1415730361058007, 4.712394405305691, 1.9999964342158856, 2.477681316828695e-06, 3.141584901072051, 1.570775894773983, 3.1415941727453247, 3.1415777887153964, 4.212393278277929, 4.712389147126751, -4.421319425163263e-06, 3.3980364863743233e-06, 3.5707963438244996, 4.71238570344895, -1.8555378484479598e-05, 3.1415800401871743, 3.5707924377449993, 3.1415949334687547, 3.1415942072228757, -4.179478503007506e-06, 4.712386310634377, 4.712388773679204, 4.712397493920573, -5.0898044176171535e-06, 3.1416012276302574, 8.914681456626807e-07, 9.246066912758265e-06, -1.137851607533077e-05, 1.5707960034886896, -1.606641969558368e-07, 1.5708070068578437, 4.431296830654801e-06, -1.1951288805858458e-06, 3.1415907340180245]",0.0
503,1.675582621689518,"[5.141594310755691, -3.0009178358481044e-05, 4.71242898707261, 1.570800080100138, 6.712401652661099, 0.0002836333430517658, 3.1415730332126954, 4.712394409324939, 1.9999964255598468, 2.482344928264588e-06, 3.1415849138968084, 1.5707758995839352, 3.1415941792390667, 3.141577785475356, 4.212393275730531, 4.712389134789721, -4.426088867771955e-06, 3.3907392263230564e-06, 3.570796349926682, 4.712385698435238, -1.855263117380774e-05, 3.1415800604413313, 3.570792435400448, 3.141594934330632, 3.141594199113484, -4.182697783361238e-06, 4.712386306686219, 4.712388778297114, 4.712397481369213, -5.081373057790371e-06, 3.1416012442161136, 8.816218601831114e-07, 9.244926145278e-06, -1.1354113360477818e-05, 1.5707960337894247, -1.6979128887537112e-07, 1.5708070096518334, 4.413802423543498e-06, -1.1863069352564293e-06, 3.14159072299219]",0.0
504,1.6785223418857609,"[5.141594296122464, -3.0014954194527432e-05, 4.712428970024885, 1.5708000749480386, 6.7124016444654675, 0.0002836357000204655, 3.1415730373761948, 4.712394407149369, 1.9999964367718477, 2.4775195746082227e-06, 3.1415849060703023, 1.5707759069034128, 3.1415941754822843, 3.1415777801742033, 4.2123932805367135, 4.712389135163733, -4.4146443091937365e-06, 3.400630870970637e-06, 3.5707963560275244, 4.712385705082039, -1.855627030283448e-05, 3.141580042061736, 3.57079244202697, 3.141594922274766, 3.1415942070706566, -4.1898076870377105e-06, 4.712386318662434, 4.7123887696269735, 4.71239749255123, -5.09693975637246e-06, 3.1416012399306004, 8.924979543778219e-07, 9.246070687473083e-06, -1.1377499586609406e-05, 1.5707960151159168, -1.654698498671636e-07, 1.5708070136912622, 4.43901697614494e-06, -1.1842549404204429e-06, 3.1415907368935634]",0.0
505,1.6850896380363305,"[5.141594291596403, -3.0006954888969853e-05, 4.712428974679614, 1.5708000884960087, 6.712401642180083, 0.00028363056701492486, 3.141573036662044, 4.712394410257655, 1.9999964350301083, 2.475992365714867e-06, 3.141584896010321, 1.5707759075067615, 3.141594177553421, 3.1415777920758456, 4.212393271493613, 4.712389124897335, -4.423573998630159e-06, 3.410148536690322e-06, 3.5707963557444504, 4.712385723847526, -1.8560853855241264e-05, 3.141580029011175, 3.5707924408245284, 3.1415949238328014, 3.1415941976610826, -4.153693668976231e-06, 4.712386303948804, 4.71238876767082, 4.712397504766079, -5.089484466646692e-06, 3.1416012555819517, 8.75830312779565e-07, 9.26173140499398e-06, -1.1383470924398678e-05, 1.5707960074045122, -1.6898464127886834e-07, 1.5708070026826455, 4.42153916839984e-06, -1.1807517562770745e-06, 3.1415907244470036]",0.0
506,1.674549561048126,"[5.141594295825471, -3.0013736203182057e-05, 4.712428973678635, 1.5708000861797708, 6.712401654688391, 0.0002836253673276265, 3.141573033674153, 4.712394418106407, 1.9999964370956698, 2.47232929205763e-06, 3.1415849054886547, 1.570775903136235, 3.141594180706332, 3.1415777803038667, 4.212393284963112, 4.712389124640259, -4.4249016780128784e-06, 3.394109336224839e-06, 3.5707963549357014, 4.712385710423531, -1.8556644390093243e-05, 3.141580045135865, 3.5707924427690063, 3.14159493924242, 3.1415941985041433, -4.177468349233067e-06, 4.712386313071242, 4.712388773965171, 4.712397496952605, -5.094002003103017e-06, 3.1416012341654778, 8.957947056844024e-07, 9.240857896658796e-06, -1.1375777627232874e-05, 1.5707960060216335, -1.5532472234150936e-07, 1.5708070123974425, 4.433983114221004e-06, -1.1881321595244392e-06, 3.141590733751368]",0.0
507,1.682609428143321,"[5.141594288123792, -3.000713166486456e-05, 4.7124289770788685, 1.5708000928852137, 6.712401647154767, 0.0002836088156971003, 3.141573043125757, 4.712394411057407, 1.9999964209727712, 2.47451149963481e-06, 3.141584915008923, 1.5707759002655672, 3.1415941886161085, 3.1415777710252923, 4.212393271512607, 4.712389144774761, -4.418268250074298e-06, 3.3786248678126555e-06, 3.5707963595006977, 4.71238569296745, -1.8548110097187636e-05, 3.141580044489576, 3.5707924403457816, 3.141594925634703, 3.1415942133420867, -4.173593035608608e-06, 4.712386318543956, 4.712388771116652, 4.712397475277502, -5.093754101075065e-06, 3.141601261464683, 8.848226120134454e-07, 9.239453940426275e-06, -1.1391892522514957e-05, 1.5707959980632786, -1.5636320460419086e-07, 1.5708070021631457, 4.4415470069146704e-06, -1.187541185587262e-06, 3.1415907263329936]",0.0
508,1.6746478194072891,"[5.141594288640913, -3.0013352525901803e-05, 4.712428972583278, 1.5708000856369935, 6.712401647659333, 0.00028361669205223127, 3.1415730303260654, 4.712394409299265, 1.9999964304742595, 2.4775511401112807e-06, 3.141584898288437, 1.5707758913073624, 3.1415941825881384, 3.141577776578433, 4.212393282995671, 4.7123891376918134, -4.416732311342402e-06, 3.396718381716824e-06, 3.5707963555970843, 4.7123857101230575, -1.8557270390326315e-05, 3.1415800379541867, 3.5707924378327793, 3.141594926456948, 3.1415942081734163, -4.1825173670380625e-06, 4.712386312825768, 4.712388771879176, 4.7123974981583014, -5.096238146546609e-06, 3.1416012400362416, 8.843121845930873e-07, 9.236864892385335e-06, -1.1364764935104362e-05, 1.5707960072175644, -1.7031637907831227e-07, 1.570807015134819, 4.428010435237931e-06, -1.1822670644089143e-06, 3.141590735783902]",0.0
509,1.6773927349619027,"[5.1415942922061015, -3.001975504172082e-05, 4.712428975016916, 1.5708000908432913, 6.712401650132004, 0.00028363282744418546, 3.1415730179084846, 4.712394390679967, 1.9999964413117202, 2.4622492560251843e-06, 3.1415849056012823, 1.5707758812484118, 3.141594181043111, 3.1415777964883205, 4.212393263322728, 4.7123891284648085, -4.404843815447532e-06, 3.4001921282470184e-06, 3.5707963598660264, 4.712385704661363, -1.854845278571735e-05, 3.1415800362620856, 3.570792468923133, 3.1415949332282604, 3.1415942072106136, -4.171776142198945e-06, 4.712386318863378, 4.712388779232331, 4.712397481757021, -5.088037857649014e-06, 3.1416012359059935, 8.84552092965464e-07, 9.235604978630098e-06, -1.1370745945409215e-05, 1.5707960141819015, -1.534172376354609e-07, 1.5708070117641306, 4.437894552735994e-06, -1.1842453570958752e-06, 3.141590733199751]",0.0
510,1.675036223660156,"[5.1415942954372476, -3.002810843958302e-05, 4.712428979147931, 1.570800100898392, 6.712401645027206, 0.00028363321897137585, 3.1415730145151057, 4.712394408446933, 1.9999964426405532, 2.461209506065755e-06, 3.1415849175180037, 1.5707759118866413, 3.141594172272672, 3.1415777758658825, 4.212393273016463, 4.7123891304905765, -4.422930849524805e-06, 3.393954194347124e-06, 3.5707963249175876, 4.712385701286457, -1.8557990391489687e-05, 3.141580041896433, 3.5707924297095235, 3.1415949249192954, 3.1415942146491496, -4.184387908805454e-06, 4.7123863198886955, 4.71238878023767, 4.712397496366932, -5.083010336803118e-06, 3.141601241288079, 8.828498177904351e-07, 9.240313658292064e-06, -1.1380635401271023e-05, 1.5707959941721001, -1.7351053892856997e-07, 1.5708070111661654, 4.425290845574562e-06, -1.1784853409405166e-06, 3.1415907415340962]",0.0
511,1.681261286447513,"[5.141594296065993, -2.999997558174951e-05, 4.712428977825428, 1.5708000916856817, 6.712401646947796, 0.00028362986362854024, 3.1415730376539086, 4.712394403821452, 1.9999964332280957, 2.469116779008463e-06, 3.141584907720768, 1.5707758992128231, 3.1415941842436315, 3.1415777783976657, 4.212393284132257, 4.712389131292234, -4.4223644135362114e-06, 3.4031349958457345e-06, 3.5707963471248747, 4.712385702789207, -1.8558192243101162e-05, 3.1415800381912025, 3.570792443121756, 3.1415949212084255, 3.141594205356091, -4.183615015517403e-06, 4.712386303985959, 4.712388761452474, 4.7123974868086105, -5.092075197354866e-06, 3.1416012304456613, 8.827167896779595e-07, 9.240041633996914e-06, -1.1374949263797984e-05, 1.5707960058585038, -1.5684323955471906e-07, 1.5708070148854818, 4.431246709825355e-06, -1.1873469844586963e-06, 3.1415907344193585]",0.0
512,1.6801885636197165,"[5.14159428773573, -3.001374777131325e-05, 4.712428972505446, 1.5708000834324167, 6.712401651721278, 0.0002836264544927583, 3.1415730375555526, 4.712394413138685, 1.9999964319039831, 2.474017822848673e-06, 3.1415849035474808, 1.570775901043788, 3.1415941794841955, 3.1415777836609857, 4.212393274178359, 4.712389129255743, -4.419110783640566e-06, 3.3983900488810246e-06, 3.570796347214613, 4.712385704389579, -1.8551243086272224e-05, 3.1415800406128995, 3.5707924399603654, 3.14159492769736, 3.1415942066459968, -4.180375000712833e-06, 4.712386311585799, 4.712388769312388, 4.71239749146374, -5.092411868862226e-06, 3.141601236930206, 8.81014362887996e-07, 9.239633869074651e-06, -1.137595809491371e-05, 1.5707960122101823, -1.6215502061463136e-07, 1.5708070125674487, 4.432954330275091e-06, -1.190479232562761e-06, 3.1415907366968896]",0.0
513,1.670665152950501,"[5.14159429341589, -3.0015041206044195e-05, 4.71242896785013, 1.5708000850632944, 6.712401662577419, 0.0002836239795356141, 3.1415730440832514, 4.712394406876473, 1.9999964481640142, 2.467166550515463e-06, 3.1415849102573747, 1.5707758990428582, 3.141594181015678, 3.1415777774906446, 4.212393272223634, 4.712389140575061, -4.4128431606453605e-06, 3.396074858145838e-06, 3.5707963566552556, 4.712385704728992, -1.8558826108984586e-05, 3.1415800458689915, 3.570792435711121, 3.141594924072691, 3.1415941987722666, -4.175176838106075e-06, 4.712386307691479, 4.71238877192978, 4.712397491526781, -5.090572918291441e-06, 3.1416012344010853, 8.825186644751605e-07, 9.243949709191083e-06, -1.1376169026442329e-05, 1.5707960083533066, -1.6656967335438897e-07, 1.570807017395193, 4.428421551363052e-06, -1.1867395160090264e-06, 3.141590737673944]",0.0
514,1.6726917367098082,"[5.141594292390792, -3.000762423975749e-05, 4.712428974909581, 1.5708000823728532, 6.7124016508331055, 0.0002836269359944197, 3.1415730354076703, 4.712394407435502, 1.999996438119244, 2.473986499351679e-06, 3.1415849075089737, 1.5707758970122538, 3.1415941815312487, 3.1415777856183027, 4.212393279904232, 4.7123891328412055, -4.417945502254284e-06, 3.3951933362452555e-06, 3.5707963508222704, 4.712385700935931, -1.8550319654399515e-05, 3.141580042285565, 3.5707924377377056, 3.1415949270505954, 3.1415942069968747, -4.176988508296876e-06, 4.7123863135901605, 4.7123887692903175, 4.712397499223718, -5.089642913652009e-06, 3.1416012403067133, 8.854429949708408e-07, 9.242719654690328e-06, -1.1377480798901285e-05, 1.5707960092470339, -1.6130600202726642e-07, 1.5708070175554252, 4.431084089692097e-06, -1.1881953341936232e-06, 3.141590737501505]",0.0
515,1.6745781674528135,"[5.141594283669763, -3.0014958710757176e-05, 4.7124289800561545, 1.570800079879166, 6.712401654876613, 0.00028363139509604703, 3.1415730334658942, 4.712394410764529, 1.9999964400570387, 2.4714842794619114e-06, 3.14158491178189, 1.5707758985520905, 3.141594177603037, 3.1415777822251942, 4.212393287216334, 4.712389140584579, -4.418725789751551e-06, 3.3945249426728617e-06, 3.570796353298216, 4.712385696963808, -1.8560370063761744e-05, 3.1415800360333743, 3.5707924456045426, 3.1415949283277, 3.1415941973802557, -4.18092994473065e-06, 4.7123863089249935, 4.71238876661358, 4.712397500557544, -5.089604994392185e-06, 3.141601242024556, 8.798894655759856e-07, 9.234684715369137e-06, -1.137646913233784e-05, 1.5707960117595723, -1.6387627676077966e-07, 1.570806999440851, 4.4310367407839725e-06, -1.191136668008124e-06, 3.1415907369779337]",0.0
516,1.6761043113606273,"[5.141594288491179, -3.001424372985545e-05, 4.712428974513785, 1.570800083227827, 6.712401647852212, 0.0002836259000469646, 3.141573032475648, 4.712394411339043, 1.9999964378600688, 2.47296772225104e-06, 3.1415849047582576, 1.5707758987724463, 3.1415941782480776, 3.1415777870674053, 4.212393280300447, 4.712389133037088, -4.419073499163873e-06, 3.394210531709309e-06, 3.5707963546483223, 4.712385702338927, -1.855832415582079e-05, 3.1415800430917082, 3.5707924395605053, 3.141594928084947, 3.1415942050560623, -4.178906949443648e-06, 4.712386310072813, 4.712388764639588, 4.712397487149097, -5.091156249938118e-06, 3.1416012374297257, 8.857048248720968e-07, 9.242125325517419e-06, -1.1379931843322771e-05, 1.570796009146436, -1.6528956931911783e-07, 1.5708070154955693, 4.42754851357362e-06, -1.1887634405607738e-06, 3.141590736874301]",0.0
517,1.6715115008699857,"[5.141594293681643, -3.0013926873097383e-05, 4.712428968717985, 1.570800093209521, 6.71240164250365, 0.00028363445895699627, 3.141573034812065, 4.712394417848835, 1.999996432032249, 2.4760270646494253e-06, 3.141584910801324, 1.5707758999997217, 3.1415941764790376, 3.1415777851657642, 4.212393273813735, 4.712389138367031, -4.4176616660172445e-06, 3.392306034330397e-06, 3.570796359802985, 4.712385698886585, -1.855377224186954e-05, 3.141580049471803, 3.5707924456068527, 3.1415949218842125, 3.141594203997987, -4.176178170337626e-06, 4.712386308609122, 4.712388769073584, 4.712397501482045, -5.097940368989592e-06, 3.141601234638698, 8.800455989015792e-07, 9.242924037464846e-06, -1.1369646300162928e-05, 1.5707960031639954, -1.6002956616005783e-07, 1.5708070132948209, 4.42852352653478e-06, -1.1934750083557901e-06, 3.1415907420992037]",0.0
518,1.6753327157610318,"[5.141594289524489, -3.0011169345680204e-05, 4.712428972105261, 1.5708000808923936, 6.712401649975433, 0.0002836284797322095, 3.141573034189149, 4.712394410200534, 1.9999964358915547, 2.4715987124111013e-06, 3.1415849075604116, 1.5707759006217932, 3.1415941782872623, 3.1415777845859356, 4.212393278326005, 4.71238913463418, -4.418027121754059e-06, 3.4026233677683686e-06, 3.5707963528751376, 4.712385698276092, -1.8551734365227776e-05, 3.1415800423949403, 3.570792437895419, 3.1415949310246587, 3.1415942018581386, -4.179059688387878e-06, 4.712386309060621, 4.712388771027166, 4.712397491013744, -5.09714116922669e-06, 3.141601240471276, 8.834309659408438e-07, 9.240184685454428e-06, -1.1374033546649811e-05, 1.5707960035755795, -1.6170895266009581e-07, 1.570807013179991, 4.429292209668093e-06, -1.184482197388807e-06, 3.141590734862297]",0.0
519,1.6735926425161312,"[5.141594303439192, -3.0013369915643664e-05, 4.712428971090487, 1.5708000769692487, 6.712401652620512, 0.0002836343045303853, 3.1415730369573684, 4.712394415186681, 1.999996431564453, 2.4716346026379184e-06, 3.1415849040012005, 1.5707758932531637, 3.1415941791325808, 3.1415777800260787, 4.212393285277998, 4.712389138966561, -4.420119134722722e-06, 3.3978412909494028e-06, 3.5707963555729165, 4.7123857076163835, -1.855225329131137e-05, 3.141580042815458, 3.5707924414869643, 3.1415949329627826, 3.1415942100026943, -4.174111654238411e-06, 4.712386313807243, 4.712388770284357, 4.712397489647597, -5.086472327295606e-06, 3.141601236069641, 8.726714848574066e-07, 9.238144918015649e-06, -1.1382907187839002e-05, 1.5707960043489555, -1.6291646842270817e-07, 1.5708070106570218, 4.429196366705541e-06, -1.1815079530571616e-06, 3.1415907472988436]",0.0
520,1.6785776128442098,"[5.141594290818134, -3.0013006476781956e-05, 4.712428973544048, 1.5708000830118933, 6.71240164752662, 0.00028362900066973557, 3.141573036412606, 4.712394409926834, 1.9999964374771213, 2.472058320466791e-06, 3.1415849088918915, 1.5707758978109336, 3.141594179565979, 3.1415777826030986, 4.212393277767938, 4.7123891367514466, -4.419859085465502e-06, 3.3910526556002252e-06, 3.570796350314286, 4.712385707157672, -1.8552098265920985e-05, 3.141580038156805, 3.5707924405796145, 3.1415949330176263, 3.1415942022260777, -4.181979642104625e-06, 4.7123863093654155, 4.712388766862179, 4.712397491816878, -5.093511297082618e-06, 3.1416012392384003, 8.800262738746562e-07, 9.246920455135472e-06, -1.1373514753763543e-05, 1.5707960078482812, -1.6123145209172392e-07, 1.5708070145259034, 4.432880373883321e-06, -1.186047314672199e-06, 3.1415907383534862]",0.0
521,1.675882707615381,"[5.141594286716184, -3.000765803031033e-05, 4.712428968427281, 1.5708000764733858, 6.712401645522116, 0.00028362898572880074, 3.1415730362894148, 4.712394415214827, 1.9999964402284234, 2.475066603792036e-06, 3.1415849155897204, 1.5707758927006221, 3.1415941760762216, 3.141577776286916, 4.212393282597042, 4.7123891269345455, -4.41574013545212e-06, 3.397377154233263e-06, 3.5707963498329196, 4.712385704326071, -1.855904186043541e-05, 3.1415800437590575, 3.57079244536439, 3.141594927741935, 3.141594213247655, -4.174615609440485e-06, 4.712386300457227, 4.712388778796561, 4.7123974894788425, -5.086681441126987e-06, 3.1416012419886035, 8.848311487644953e-07, 9.244136762714289e-06, -1.1371943230414669e-05, 1.57079600512133, -1.668129593148287e-07, 1.570807013552725, 4.434881047429203e-06, -1.1926431166053966e-06, 3.1415907375054726]",0.0
522,1.6760032197459351,"[5.141594295159072, -3.001122723845787e-05, 4.7124289748243875, 1.5708000815054068, 6.712401652331044, 0.0002836294646922301, 3.141573035086559, 4.712394413450436, 1.999996437352247, 2.4724733633521888e-06, 3.141584901835705, 1.5707758989534624, 3.1415941781713306, 3.141577782421895, 4.212393278523039, 4.71238913476841, -4.410459518251336e-06, 3.3940338417191046e-06, 3.57079634731378, 4.712385703857884, -1.85561008587696e-05, 3.141580042711044, 3.5707924412903993, 3.141594927506479, 3.141594206273159, -4.177780869652711e-06, 4.712386310173874, 4.712388765835177, 4.712397491825474, -5.093444541573227e-06, 3.141601241371929, 8.848785705593663e-07, 9.241989673089045e-06, -1.1373084080966566e-05, 1.5707960050861791, -1.6000549859451119e-07, 1.5708070106359724, 4.4296906720693815e-06, -1.1892894362502743e-06, 3.141590736140064]",0.0
523,1.6755248968871492,"[5.141594294053454, -3.0019919040238672e-05, 4.712428973716896, 1.5708000830025903, 6.712401646888013, 0.00028363004855638617, 3.141573036268117, 4.712394409719319, 1.999996434845109, 2.4676490373539897e-06, 3.1415849005499874, 1.5707758964882184, 3.1415941782150516, 3.1415777720777927, 4.212393281520751, 4.7123891408208864, -4.423034755760075e-06, 3.40142700348846e-06, 3.5707963471316737, 4.712385701485264, -1.854657044738738e-05, 3.141580044249857, 3.570792449956963, 3.1415949292518164, 3.141594199960056, -4.1749044329349275e-06, 4.712386307666497, 4.712388766910788, 4.712397494537783, -5.091852949921274e-06, 3.1416012449156687, 8.870143144258509e-07, 9.240757549874691e-06, -1.1379716182861926e-05, 1.5707960091624376, -1.6771280287097702e-07, 1.5708070232265223, 4.428785816795092e-06, -1.1975433894579684e-06, 3.1415907330037887]",0.0
524,1.6757940004724268,"[5.141594291612011, -3.0012974130351077e-05, 4.712428972651863, 1.5708000849341555, 6.712401650722214, 0.0002836289271830951, 3.141573036282284, 4.712394410871867, 1.999996442727268, 2.4790377809001366e-06, 3.141584904680737, 1.5707758986043927, 3.141594175160509, 3.1415777810352905, 4.2123932821299945, 4.7123891344649955, -4.422407382104795e-06, 3.395142782951382e-06, 3.5707963507564866, 4.712385702377231, -1.8551370645620155e-05, 3.141580040280047, 3.5707924416524186, 3.1415949245906085, 3.1415942050261694, -4.17486282940423e-06, 4.712386313798792, 4.712388770027396, 4.712397488977978, -5.093688352959346e-06, 3.1416012378491542, 8.810423685580078e-07, 9.240397730410872e-06, -1.1373658059572413e-05, 1.5707960076826752, -1.6103583798089687e-07, 1.5708070127886038, 4.431065591416861e-06, -1.1868676337223785e-06, 3.141590734510238]",0.0
525,1.680265448982221,"[5.141594281009983, -3.001119858363572e-05, 4.712428969615747, 1.5708000865642417, 6.712401651100531, 0.00028363458016286084, 3.141573039107594, 4.712394413232852, 1.9999964328228934, 2.4661832295080273e-06, 3.1415849076613562, 1.5707758969781596, 3.1415941762274495, 3.141577788496127, 4.212393286884685, 4.712389141403355, -4.417973745199835e-06, 3.3978345377955907e-06, 3.570796349334313, 4.712385714037784, -1.8557266396775274e-05, 3.1415800502496256, 3.570792439236378, 3.1415949227804334, 3.14159420376294, -4.1806817651557536e-06, 4.712386316530595, 4.712388773568209, 4.71239749087412, -5.087284885867603e-06, 3.1416012454589253, 8.822834725506193e-07, 9.238465762030959e-06, -1.1374235902873953e-05, 1.5707960088559434, -1.5328604780703994e-07, 1.5708070190483339, 4.428865389960259e-06, -1.186077050458668e-06, 3.1415907324930505]",0.0
526,1.6787903349220776,"[5.141594291619711, -3.001154950049955e-05, 4.7124289741228305, 1.5708000821648542, 6.712401651033809, 0.00028362837710380724, 3.1415730328041627, 4.712394409877021, 1.9999964318677197, 2.472381415071515e-06, 3.1415849058078025, 1.5707759004478048, 3.141594177381827, 3.1415777818348807, 4.212393281555454, 4.712389136087001, -4.416557819167721e-06, 3.3932349120463115e-06, 3.570796349323857, 4.712385701738768, -1.855830514032008e-05, 3.1415800396152984, 3.57079244091161, 3.1415949265328904, 3.1415942030488155, -4.1742344794033275e-06, 4.71238630924475, 4.712388775377954, 4.712397492127231, -5.096939454951833e-06, 3.1416012368744957, 8.811463923141688e-07, 9.243047086839452e-06, -1.137850358794262e-05, 1.5707960116106754, -1.6056163652238005e-07, 1.5708070172250574, 4.431810361084042e-06, -1.1873996208700025e-06, 3.1415907373980416]",0.0
527,1.6785808866172824,"[5.141594294400921, -3.0020901422979897e-05, 4.712428980773755, 1.5708000808902107, 6.712401646579853, 0.00028362542488252095, 3.141573037274323, 4.712394417012086, 1.9999964374187822, 2.4830954111121243e-06, 3.141584916489963, 1.5707758996027241, 3.141594183664165, 3.1415777821912205, 4.212393275429691, 4.712389141374167, -4.414295513860078e-06, 3.4060702399098947e-06, 3.5707963518584696, 4.71238570514202, -1.855995385055971e-05, 3.1415800333197246, 3.570792439830224, 3.141594930009096, 3.14159420741473, -4.176269103809978e-06, 4.712386313247452, 4.712388769582073, 4.7123974926015135, -5.088098198027652e-06, 3.1416012373321127, 8.843406345658652e-07, 9.238825373789735e-06, -1.1375741433312287e-05, 1.5707960071099822, -1.523217921376985e-07, 1.5708070208999996, 4.42594832599958e-06, -1.1910583888798126e-06, 3.1415907348594354]",0.0
528,1.6768627856679506,"[5.14159428861258, -3.0016471204441702e-05, 4.7124289744528385, 1.5708000834393319, 6.712401653168119, 0.00028362807460696765, 3.1415730388149554, 4.712394406337627, 1.99999643341134, 2.478111912974705e-06, 3.14158490753957, 1.5707759008388715, 3.1415941810736263, 3.141577783332432, 4.212393281873992, 4.712389134179463, -4.417278967222671e-06, 3.3971826054250383e-06, 3.570796349066932, 4.712385702744742, -1.8556274091035235e-05, 3.1415800464763324, 3.5707924462534093, 3.141594929916417, 3.141594206757396, -4.17752678553969e-06, 4.712386310548025, 4.712388768120169, 4.712397493715944, -5.091944192470901e-06, 3.141601237584893, 8.818944854662206e-07, 9.244684975548448e-06, -1.1375758075198347e-05, 1.5707960048199225, -1.6288505600638415e-07, 1.5708070142711177, 4.430151754958382e-06, -1.1845929240552092e-06, 3.141590736480864]",0.0
529,1.6719407686249377,"[5.1415942870765825, -3.0007942918747784e-05, 4.712428980410095, 1.5708000850783754, 6.712401658077765, 0.0002836342855786179, 3.141573037216385, 4.7123944247801655, 1.999996434833824, 2.472383501505712e-06, 3.141584907192216, 1.570775889982601, 3.1415941783233747, 3.141577782244859, 4.21239327407551, 4.712389139206569, -4.420942798004008e-06, 3.3975024798494325e-06, 3.5707963505882114, 4.712385699951848, -1.855294088344945e-05, 3.1415800378588115, 3.5707924471269448, 3.1415949251826296, 3.14159420803119, -4.1811035180668884e-06, 4.712386312393225, 4.712388770954843, 4.712397493391116, -5.093845225575533e-06, 3.1416012340766524, 8.902793160956795e-07, 9.248614205040964e-06, -1.137927612988324e-05, 1.5707960077078074, -1.679011823363279e-07, 1.5708070156893594, 4.428614291246809e-06, -1.1780061022161532e-06, 3.1415907322451146]",0.0
530,1.6757865902172906,"[5.1415942912698, -3.0013559861758826e-05, 4.712428971870762, 1.5708000831718787, 6.712401650333797, 0.0002836359607061624, 3.1415730322764497, 4.712394408871211, 1.9999964363406935, 2.478140752671219e-06, 3.141584905293691, 1.570775893844188, 3.1415941845292714, 3.1415777798594697, 4.212393279458158, 4.712389134807896, -4.418114279517609e-06, 3.3946518394595126e-06, 3.5707963526112376, 4.712385702307605, -1.8557634926501815e-05, 3.1415800418574227, 3.5707924379057103, 3.1415949273091974, 3.141594200898858, -4.179108549381714e-06, 4.712386310369055, 4.712388770836644, 4.712397491885141, -5.091011655931344e-06, 3.1416012400410014, 8.841590987874696e-07, 9.243104209448268e-06, -1.1378092111183964e-05, 1.5707960039159874, -1.6085369205937557e-07, 1.5708070145024484, 4.43022975135224e-06, -1.1879689404606424e-06, 3.141590734002103]",0.0
531,1.6717278590700921,"[5.14159428481616, -3.0017269267501516e-05, 4.712428968383599, 1.5708000841726772, 6.7124016558007815, 0.0002836291283759094, 3.141573039628222, 4.712394416958357, 1.9999964281229798, 2.474835718593849e-06, 3.141584902256639, 1.5707758992066212, 3.141594183585775, 3.1415777815242523, 4.212393268300119, 4.7123891245549405, -4.419291628853287e-06, 3.4011177391306112e-06, 3.5707963471036077, 4.7123857040623855, -1.8549930286767723e-05, 3.141580039882243, 3.570792436423918, 3.1415949254392657, 3.141594204707949, -4.182418959907884e-06, 4.712386312155196, 4.712388769879285, 4.712397492353042, -5.088100032901485e-06, 3.141601234680458, 8.772939653221595e-07, 9.236069638226346e-06, -1.1377262734378363e-05, 1.5707960153294953, -1.6352741935492212e-07, 1.570807009405046, 4.4353678863117375e-06, -1.1956235001276044e-06, 3.1415907384943744]",0.0
532,1.676678405841747,"[5.141594291694413, -3.0014307719240386e-05, 4.712428976558573, 1.5708000842276508, 6.712401647003104, 0.0002836308312573214, 3.141573041713301, 4.712394410367755, 1.9999964387180038, 2.4735807449368e-06, 3.1415849016829056, 1.570775899637027, 3.14159417918918, 3.1415777839702677, 4.212393277719989, 4.71238913464631, -4.417851442433249e-06, 3.3935806487974236e-06, 3.570796353184462, 4.712385702970793, -1.85543823539182e-05, 3.1415800411498043, 3.5707924409964646, 3.1415949291364114, 3.1415942079282773, -4.181833585787577e-06, 4.712386304961048, 4.712388775192995, 4.712397494891039, -5.091245645857868e-06, 3.1416012383363454, 8.829129124547831e-07, 9.236674422385195e-06, -1.1378749661705703e-05, 1.5707960074178475, -1.6113780128285256e-07, 1.5708070142282222, 4.42915684013032e-06, -1.1857953305469405e-06, 3.14159073412698]",0.0
533,1.6784824929653213,"[5.141594289248149, -3.0012198414959264e-05, 4.712428975829167, 1.5708000817808496, 6.712401649229299, 0.00028363028592328157, 3.1415730365658048, 4.712394409264956, 1.9999964351734136, 2.4728575094828355e-06, 3.1415849060530405, 1.570775898312274, 3.141594176716823, 3.1415777791321418, 4.212393277016149, 4.712389134431963, -4.4186183726638965e-06, 3.3960596781014017e-06, 3.570796352973736, 4.712385703898879, -1.8555453231687177e-05, 3.1415800423802143, 3.5707924399700204, 3.14159492874242, 3.1415942056556627, -4.177170371666638e-06, 4.712386311901778, 4.712388769286112, 4.712397493174562, -5.09135605660405e-06, 3.141601237164111, 8.83551093563272e-07, 9.241183104365622e-06, -1.137576219489873e-05, 1.5707960073241942, -1.606400022764921e-07, 1.5708070135544876, 4.429369127387782e-06, -1.1877065469630035e-06, 3.141590736063465]",0.0
534,1.6748142489043447,"[5.141594292814237, -3.000952416259258e-05, 4.7124289725938935, 1.5708000851788002, 6.712401655113183, 0.0002836279838408739, 3.1415730323741338, 4.712394410025755, 1.9999964361882665, 2.477630334587788e-06, 3.141584907770288, 1.570775898144176, 3.141594172769966, 3.1415777813468173, 4.212393277077532, 4.712389134611242, -4.417825244122302e-06, 3.3974827888294205e-06, 3.5707963534088107, 4.712385705925418, -1.855540225944539e-05, 3.1415800422525604, 3.5707924426756894, 3.1415949301174106, 3.1415942061930764, -4.1841961166905135e-06, 4.712386309024005, 4.7123887694548845, 4.712397494266228, -5.09273156557211e-06, 3.141601241029811, 8.79618143641693e-07, 9.240355454139741e-06, -1.1380600485013023e-05, 1.5707960070899845, -1.613463902197802e-07, 1.5708070161920968, 4.4293064015641815e-06, -1.190134869633131e-06, 3.1415907339712916]",0.0
535,1.6739996443839376,"[5.1415942909835985, -3.0012110401324154e-05, 4.71242897142251, 1.5708000853702615, 6.712401649667794, 0.0002836305856388533, 3.1415730366682033, 4.712394410932695, 1.999996437201047, 2.473415268081909e-06, 3.1415849067494306, 1.5707758979157418, 3.1415941801277154, 3.141577781294889, 4.212393279040126, 4.712389135408046, -4.418186391176205e-06, 3.3970990402138076e-06, 3.5707963510834047, 4.712385702690467, -1.855668053987102e-05, 3.1415800417035307, 3.5707924405983857, 3.1415949312531612, 3.141594207829004, -4.177826717613712e-06, 4.712386311355196, 4.712388769120038, 4.712397493155853, -5.094075659353676e-06, 3.141601239324526, 8.829741614882681e-07, 9.240889295402423e-06, -1.1376883373123014e-05, 1.5707960105130878, -1.6176600047192697e-07, 1.5708070132969303, 4.429264706088371e-06, -1.1877006561814174e-06, 3.1415907353545336]",0.0
536,1.6795289355976537,"[5.141594289181896, -3.0009203826916056e-05, 4.712428970350292, 1.5708000788441165, 6.712401651106997, 0.0002836286318142648, 3.141573030961536, 4.712394411869893, 1.999996438667439, 2.4740148984558807e-06, 3.1415849043961277, 1.5707759044423872, 3.1415941846992443, 3.1415777808740133, 4.212393275211033, 4.712389138417934, -4.422352351118934e-06, 3.3951938361978917e-06, 3.5707963514368073, 4.712385704479954, -1.8554823580306592e-05, 3.141580042734644, 3.5707924454361812, 3.141594926922065, 3.141594207474903, -4.179257303770173e-06, 4.712386309394357, 4.712388770613212, 4.712397493116333, -5.0904635313527974e-06, 3.141601238580296, 8.830054001099549e-07, 9.240090470095916e-06, -1.1375932132330012e-05, 1.5707960083690744, -1.5960625125189345e-07, 1.5708070138456194, 4.427266242197147e-06, -1.1867909027740685e-06, 3.1415907372512897]",0.0
537,1.6668865143811793,"[5.141594290089511, -3.001147216720901e-05, 4.712428973341559, 1.5708000838145646, 6.712401648487746, 0.00028362863736768295, 3.1415730355535247, 4.7123944110843246, 1.9999964367197218, 2.4750183682928563e-06, 3.1415849072532294, 1.57077589864909, 3.1415941797735765, 3.141577780667424, 4.212393279515439, 4.712389134980468, -4.415544624710345e-06, 3.3966238271206903e-06, 3.5707963508623033, 4.712385705123248, -1.855231017574304e-05, 3.1415800424934597, 3.570792441857837, 3.141594928052734, 3.1415942035204356, -4.179203344078356e-06, 4.712386310504991, 4.7123887710325585, 4.71239749234587, -5.092253442300108e-06, 3.141601237408241, 8.836768577931869e-07, 9.241269323237406e-06, -1.1378648377681115e-05, 1.570796008905775, -1.6151735111203136e-07, 1.570807012128354, 4.427059569251276e-06, -1.1871851146612081e-06, 3.1415907369768212]",0.0
538,1.6808005636844645,"[5.141594292374643, -3.0014405814320408e-05, 4.712428976118853, 1.570800080093758, 6.712401647876179, 0.0002836253310615339, 3.14157303529696, 4.712394411737557, 1.9999964394874972, 2.471772771711163e-06, 3.141584905678552, 1.5707758936751548, 3.1415941810954613, 3.1415777819538677, 4.212393277848003, 4.712389134136291, -4.421129401839261e-06, 3.398763035626856e-06, 3.570796350117718, 4.712385703818932, -1.8556973109295397e-05, 3.1415800472260713, 3.570792441431277, 3.141594925648087, 3.1415942057929014, -4.181463686938688e-06, 4.712386311830092, 4.7123887718403354, 4.712397494421322, -5.096520186807998e-06, 3.141601238142501, 8.790981187804718e-07, 9.244626177817017e-06, -1.1378950134791567e-05, 1.570796008390773, -1.5855614313195108e-07, 1.570807010864027, 4.429905028837419e-06, -1.1888466053131842e-06, 3.1415907347981418]",0.0
539,1.672663982384241,"[5.141594290471173, -3.0010306632183023e-05, 4.712428974005435, 1.5708000809056555, 6.712401649847263, 0.00028362932310414845, 3.14157303675293, 4.712394411522428, 1.9999964363190108, 2.475410561538644e-06, 3.1415849059662335, 1.5707758977054351, 3.1415941806516368, 3.141577783003438, 4.212393278776248, 4.7123891365274915, -4.417434824893958e-06, 3.3965923998383287e-06, 3.5707963534143956, 4.712385705361128, -1.8554329330698927e-05, 3.1415800434293124, 3.5707924418604957, 3.1415949288991705, 3.1415942044710037, -4.177172087753461e-06, 4.712386309408814, 4.712388768472905, 4.712397492689011, -5.093690749725696e-06, 3.1416012370398327, 8.822350813038757e-07, 9.239773494807392e-06, -1.1376787800022316e-05, 1.5707960089729243, -1.619677693028173e-07, 1.5708070142570305, 4.432408511926303e-06, -1.1885060906805882e-06, 3.141590733682919]",0.0
540,1.6751273087139271,"[5.141594292418039, -3.0013928478728484e-05, 4.712428976127528, 1.5708000857265159, 6.712401648104991, 0.0002836306337194309, 3.141573030587313, 4.712394411308109, 1.9999964380690531, 2.4723037260373336e-06, 3.1415849101869626, 1.5707759016384213, 3.1415941796756375, 3.1415777821659976, 4.2123932769393395, 4.712389136554543, -4.4181364667411445e-06, 3.396254785399229e-06, 3.5707963462923904, 4.712385706780648, -1.855471295267196e-05, 3.1415800445339244, 3.570792438523783, 3.1415949278681565, 3.1415942065259594, -4.1776628130276975e-06, 4.712386311715401, 4.712388770895869, 4.7123974939904745, -5.091479001677975e-06, 3.1416012364497137, 8.822041816368026e-07, 9.237435664019573e-06, -1.137828619412517e-05, 1.5707960051697598, -1.6764989347350474e-07, 1.5708070129697107, 4.433686244122898e-06, -1.18618160761405e-06, 3.1415907336452924]",0.0
541,1.6834869352504984,"[5.141594293639441, -3.001184305228972e-05, 4.712428972504295, 1.570800082136927, 6.712401648871578, 0.0002836281980920277, 3.1415730363010335, 4.712394411167822, 1.9999964350677641, 2.474596159402841e-06, 3.141584907345502, 1.570775897807478, 3.1415941783748593, 3.1415777825714897, 4.212393277177697, 4.712389135031714, -4.419359515623098e-06, 3.395570257250712e-06, 3.5707963500715603, 4.712385702539328, -1.8556320223130456e-05, 3.14158004332961, 3.570792441929321, 3.1415949282657816, 3.1415942029910187, -4.178953962614197e-06, 4.712386310589024, 4.712388770009734, 4.712397492749836, -5.089878408598835e-06, 3.1416012389747277, 8.829932754385077e-07, 9.240036679522051e-06, -1.137541648693813e-05, 1.5707960097538982, -1.6211768093248e-07, 1.57080701349293, 4.429154232557558e-06, -1.1857207262680696e-06, 3.1415907341780707]",0.0
542,1.6717338300629536,"[5.141594293965236, -3.0012034017725658e-05, 4.712428979044728, 1.5708000838696035, 6.712401653437248, 0.000283631633496379, 3.141573035294004, 4.712394409007522, 1.9999964344782646, 2.4754351482108338e-06, 3.1415849081632676, 1.5707758992576852, 3.1415941811423127, 3.14157778408421, 4.212393278935102, 4.712389136948932, -4.42098397031876e-06, 3.3968430257628115e-06, 3.5707963530248756, 4.712385706047422, -1.855252138942281e-05, 3.1415800445983444, 3.57079243894239, 3.1415949286124674, 3.141594207045831, -4.179087242491938e-06, 4.712386308536809, 4.7123887737847046, 4.712397488958211, -5.0932228383478e-06, 3.141601240244812, 8.846895531967455e-07, 9.242840334731824e-06, -1.1372583340179914e-05, 1.570796011669498, -1.642662104124907e-07, 1.5708070109036625, 4.426667389032549e-06, -1.192072031809204e-06, 3.1415907368290688]",0.0
543,1.6715962805279512,"[5.141594290477123, -3.001148044097853e-05, 4.712428974799283, 1.5708000830273299, 6.71240165036936, 0.00028362922660181016, 3.141573036250887, 4.71239441068211, 1.9999964371938652, 2.4751393749857364e-06, 3.1415849066328043, 1.5707758970983938, 3.1415941794075586, 3.1415777816899144, 4.2123932776994835, 4.712389136215573, -4.418988645398019e-06, 3.39596210031879e-06, 3.5707963498066673, 4.71238570304708, -1.8555850801869343e-05, 3.141580043914661, 3.570792441661062, 3.141594929135726, 3.1415942046010077, -4.180163578895724e-06, 4.712386311144278, 4.712388770536557, 4.712397491439904, -5.093711471625307e-06, 3.141601238618023, 8.844482723850725e-07, 9.23804723627548e-06, -1.137639403902808e-05, 1.5707960077544008, -1.614766203576525e-07, 1.570807015059114, 4.431235997313095e-06, -1.1880889409741798e-06, 3.1415907400878877]",0.0
544,1.6691653792619285,"[5.141594290806339, -3.0009995280352573e-05, 4.712428974347936, 1.5708000851669501, 6.712401648637652, 0.0002836293459197906, 3.141573037967288, 4.712394410037908, 1.9999964368587546, 2.475518547265289e-06, 3.141584904361697, 1.5707758992459542, 3.141594179142122, 3.141577785019984, 4.212393275258702, 4.712389134431635, -4.4206913975297606e-06, 3.4006810573980895e-06, 3.570796351508396, 4.712385709375661, -1.855782341024944e-05, 3.141580039099206, 3.5707924424786635, 3.141594926443818, 3.141594202413124, -4.173678753695123e-06, 4.712386309629327, 4.712388770359853, 4.71239749448486, -5.093556555708423e-06, 3.1416012439754044, 8.842657626777921e-07, 9.242549561977545e-06, -1.1379696173127129e-05, 1.5707960063608024, -1.6394759463972975e-07, 1.570807010981133, 4.430436353732322e-06, -1.1870815375790303e-06, 3.1415907398262837]",0.0
545,1.674443464292393,"[5.141594291481573, -3.001346520757071e-05, 4.712428973697718, 1.5708000832188966, 6.712401650309562, 0.00028363084546437087, 3.1415730333359013, 4.712394408766792, 1.9999964378848427, 2.472648658645072e-06, 3.141584905772893, 1.5707758965825913, 3.1415941790799202, 3.141577784411371, 4.212393277398945, 4.712389134096495, -4.417264677899887e-06, 3.398197121082432e-06, 3.5707963518547876, 4.712385704952153, -1.8554873095360826e-05, 3.14158004125768, 3.5707924441742724, 3.141594928661545, 3.1415942050402657, -4.178313338391425e-06, 4.71238631062931, 4.7123887711228996, 4.712397492807291, -5.091739934372205e-06, 3.1416012368956245, 8.830528519255758e-07, 9.240478966098916e-06, -1.1374916519554064e-05, 1.5707960091168922, -1.6136371474402584e-07, 1.5708070141939712, 4.43009933193939e-06, -1.1874911628865682e-06, 3.141590736531804]",0.0
546,1.66532689570632,"[5.141594291565507, -3.001317407133116e-05, 4.71242897317406, 1.5708000860456555, 6.712401650375099, 0.00028362519131700875, 3.1415730357253144, 4.712394408530612, 1.9999964335705225, 2.4715876271913633e-06, 3.1415849089396035, 1.5707758971369874, 3.141594181795461, 3.1415777819226687, 4.21239327618987, 4.712389136974778, -4.417086873622197e-06, 3.3938696581974435e-06, 3.570796355362961, 4.71238570264981, -1.8552551085863874e-05, 3.1415800405485563, 3.5707924449079784, 3.1415949269205665, 3.141594207719413, -4.177829939875351e-06, 4.712386313147129, 4.71238877203621, 4.712397488247641, -5.092044744358066e-06, 3.1416012420523876, 8.853722101905667e-07, 9.239651901914421e-06, -1.13796547181363e-05, 1.5707960056512347, -1.597414305956257e-07, 1.570807009994816, 4.434425132199492e-06, -1.1884426589620413e-06, 3.1415907344491174]",0.0
547,1.6756491237909061,"[5.141594291138605, -3.0013736342659913e-05, 4.712428973632309, 1.5708000848874943, 6.71240164984396, 0.00028362903369229795, 3.141573033960428, 4.712394411527884, 1.9999964361077163, 2.474755375294431e-06, 3.1415849062098595, 1.5707758981674764, 3.1415941784362285, 3.1415777816468573, 4.212393278117524, 4.712389136680967, -4.418714558329962e-06, 3.397434545179989e-06, 3.5707963523654533, 4.712385703557803, -1.8554157286771066e-05, 3.1415800439189443, 3.5707924402182285, 3.1415949272097885, 3.1415942059014488, -4.177876134341804e-06, 4.712386307035775, 4.712388769046048, 4.712397493603271, -5.091427237640349e-06, 3.1416012389538133, 8.840977171386956e-07, 9.241708344071189e-06, -1.1376470044597179e-05, 1.5707960094789286, -1.5961738514015678e-07, 1.570807012766485, 4.432166289176304e-06, -1.1860539794062448e-06, 3.141590737549919]",0.0
548,1.6754633806355312,"[5.14159429280023, -3.0012520639179535e-05, 4.712428970769018, 1.5708000869172738, 6.712401646858751, 0.0002836312460276512, 3.141573036658592, 4.712394414353915, 1.9999964342901644, 2.473772282983845e-06, 3.1415849090721557, 1.5707758998339418, 3.1415941790395983, 3.1415777846811173, 4.2123932778842885, 4.712389136015873, -4.418581831890294e-06, 3.3942879883865146e-06, 3.570796355900938, 4.712385702097565, -1.8554891938198808e-05, 3.141580043609956, 3.5707924435105065, 3.14159492430088, 3.1415942049152865, -4.178782695953327e-06, 4.712386311393944, 4.7123887699761084, 4.7123974970450675, -5.095141539971433e-06, 3.141601235885306, 8.819921379705551e-07, 9.241374685863477e-06, -1.1373937390122358e-05, 1.5707960038418802, -1.6294651956269594e-07, 1.570807013963192, 4.428189713954837e-06, -1.1927384940934683e-06, 3.1415907391242075]",0.0
549,1.6747101355538474,"[5.14159428957543, -3.001392960010055e-05, 4.712428972330716, 1.5708000829406337, 6.7124016521336705, 0.0002836289152115764, 3.1415730368549033, 4.712394412466722, 1.9999964344466759, 2.4739139557566936e-06, 3.1415849054099048, 1.5707758990851535, 3.1415941808025876, 3.141577782350713, 4.212393277385329, 4.712389132772336, -4.418764090739145e-06, 3.397697205604598e-06, 3.5707963501020847, 4.71238570417269, -1.8553621778846702e-05, 3.14158004039604, 3.5707924397309267, 3.1415949269917594, 3.1415942052195915, -4.179903827433044e-06, 4.7123863107201895, 4.712388770208823, 4.712397492246541, -5.0913305140183054e-06, 3.1416012379489575, 8.819747764498991e-07, 9.240357599055622e-06, -1.1377018187952954e-05, 1.570796008707573, -1.6241120317244562e-07, 1.5708070129875584, 4.4316120501700846e-06, -1.1899523526375306e-06, 3.1415907368197216]",0.0
550,1.670093569698077,"[5.141594292135859, -3.0011876021208676e-05, 4.712428974486956, 1.570800084278921, 6.71240165046001, 0.0002836292946154633, 3.141573035920813, 4.712394409855389, 1.9999964357614313, 2.4733945038785387e-06, 3.1415849057682834, 1.5707758991347724, 3.1415941801652956, 3.141577782330104, 4.212393278586575, 4.712389135986942, -4.419235562228312e-06, 3.397077657121728e-06, 3.5707963513486143, 4.712385704090794, -1.8555074111805073e-05, 3.141580041591831, 3.570792441137124, 3.141594927372502, 3.1415942046545733, -4.1794334970279335e-06, 4.712386310784477, 4.712388768863889, 4.712397492629534, -5.0927734010157795e-06, 3.1416012376144593, 8.830144734793376e-07, 9.240484320628945e-06, -1.1377018705110617e-05, 1.5707960079242282, -1.6093543443392187e-07, 1.570807013519938, 4.429791696408071e-06, -1.1874344742344525e-06, 3.1415907358822652]",0.0
551,1.6724316387118945,"[5.141594291548416, -3.000964022072233e-05, 4.712428973427361, 1.5708000828808388, 6.712401649157383, 0.0002836288813825816, 3.1415730364384262, 4.712394410443582, 1.999996436970971, 2.4727126804429227e-06, 3.1415849086287304, 1.570775897894601, 3.1415941798343403, 3.141577780665985, 4.212393281090506, 4.712389133907715, -4.41903066885719e-06, 3.3980529471130876e-06, 3.570796350919545, 4.7123857044449595, -1.8556303382717853e-05, 3.141580040923535, 3.570792442107348, 3.1415949266940184, 3.141594206925902, -4.179314045325884e-06, 4.7123863074491545, 4.7123887704730345, 4.712397491330268, -5.091170840820049e-06, 3.1416012379877936, 8.839086245261491e-07, 9.241348084279101e-06, -1.1375951530113891e-05, 1.5707960063683646, -1.6220434824379313e-07, 1.570807013765679, 4.431049925998444e-06, -1.1886648635804281e-06, 3.1415907362968865]",0.0
552,1.6737265294621104,"[5.141594292203972, -3.0012363859909274e-05, 4.7124289733174445, 1.5708000836171476, 6.712401650288292, 0.00028362868810413304, 3.141573035717347, 4.712394411655006, 1.9999964362052647, 2.4738274286785512e-06, 3.1415849060688634, 1.570775899061217, 3.141594179747931, 3.141577781995311, 4.2123932784368305, 4.712389133985172, -4.419314915106801e-06, 3.3964888136014857e-06, 3.5707963517499026, 4.712385705269466, -1.8554914698241028e-05, 3.14158004280922, 3.570792441213937, 3.1415949291307173, 3.1415942051791954, -4.178363110366647e-06, 4.712386310647465, 4.712388770911461, 4.712397492451578, -5.092643701171332e-06, 3.141601237985826, 8.84525809877755e-07, 9.241386973146725e-06, -1.137662243063726e-05, 1.5707960073046552, -1.6095800710245282e-07, 1.5708070144081472, 4.430424011381949e-06, -1.1877092679662447e-06, 3.141590735830671]",0.0
553,1.671569887302728,"[5.141594290546914, -3.0013367613002063e-05, 4.712428974837875, 1.570800082242107, 6.712401652087809, 0.0002836288838413036, 3.141573035201237, 4.712394411786029, 1.9999964375298742, 2.4730496531116172e-06, 3.141584907552266, 1.570775899189898, 3.1415941793037034, 3.1415777821629867, 4.212393281544952, 4.712389135648318, -4.419500384901689e-06, 3.3958525119248378e-06, 3.5707963526544746, 4.7123857038319725, -1.8556150363800502e-05, 3.141580040881082, 3.5707924420998536, 3.141594929414574, 3.1415942031776685, -4.179096165076377e-06, 4.712386310716208, 4.712388770400965, 4.712397495404672, -5.091805196171071e-06, 3.141601239028014, 8.845441125791843e-07, 9.239634443953995e-06, -1.137690850201272e-05, 1.570796008110811, -1.6171484466305607e-07, 1.5708070105903211, 4.430726293633124e-06, -1.1886128294886071e-06, 3.1415907362339723]",0.0
554,1.6740964642237688,"[5.141594290958576, -3.001288340666924e-05, 4.712428973388291, 1.5708000827568147, 6.71240165082745, 0.00028362897300332447, 3.1415730356410436, 4.712394410586055, 1.9999964359834208, 2.4736512775618512e-06, 3.141584907391057, 1.5707758973990107, 3.1415941795366047, 3.141577782621671, 4.212393278224385, 4.712389135002585, -4.419406877825589e-06, 3.3956548588064816e-06, 3.5707963507388913, 4.712385704724294, -1.8554615954403224e-05, 3.141580041767073, 3.570792441092967, 3.1415949277911115, 3.1415942056694495, -4.177672478447107e-06, 4.712386309199666, 4.71238876960919, 4.712397492983377, -5.0931964615891e-06, 3.141601238535818, 8.833652817008057e-07, 9.239866860143994e-06, -1.1376905045077738e-05, 1.5707960072829728, -1.6121331564321348e-07, 1.570807013501605, 4.428839046676471e-06, -1.1877910552190346e-06, 3.141590735924449]",0.0
555,1.6740566474532963,"[5.141594292498344, -3.0014012934821316e-05, 4.712428972145415, 1.5708000800680364, 6.712401649601492, 0.00028363081599706776, 3.1415730364526544, 4.712394409584951, 1.9999964363830902, 2.4744585772266984e-06, 3.1415849074988103, 1.570775899714781, 3.141594178453026, 3.1415777821002595, 4.2123932787522, 4.712389135553769, -4.4181657170354606e-06, 3.3968324223860652e-06, 3.570796352209395, 4.712385705314746, -1.8554822779878333e-05, 3.141580041555783, 3.5707924411314917, 3.141594925806035, 3.1415942065320035, -4.180741081931262e-06, 4.712386311439997, 4.712388769675101, 4.712397492896726, -5.094445849675183e-06, 3.1416012391715946, 8.858244095075074e-07, 9.241179443067073e-06, -1.1377561959941095e-05, 1.5707960090388189, -1.625856801579237e-07, 1.5708070137270613, 4.4309748572194275e-06, -1.1867167869481987e-06, 3.1415907363510382]",0.0
556,1.6750801017225307,"[5.1415942908706445, -3.0012155349837063e-05, 4.7124289736622, 1.5708000829178594, 6.712401650332157, 0.0002836308494281777, 3.1415730364333005, 4.712394411127485, 1.9999964368029095, 2.473090679414336e-06, 3.1415849074529847, 1.5707758992934755, 3.14159417889546, 3.1415777833217793, 4.212393278490126, 4.712389135438716, -4.4188843364735584e-06, 3.3965786178774707e-06, 3.5707963508528153, 4.712385703979978, -1.855487768445114e-05, 3.1415800428977443, 3.570792441562481, 3.1415949279010533, 3.1415942049704277, -4.178425125060317e-06, 4.712386310462381, 4.712388770181746, 4.71239749198601, -5.091666888594466e-06, 3.1416012389621817, 8.830645846545316e-07, 9.241339783038897e-06, -1.1377777944535977e-05, 1.5707960079078214, -1.6029990698129633e-07, 1.5708070136765833, 4.4303317500961585e-06, -1.1884368368522758e-06, 3.1415907359086863]",0.0
557,1.683272836984762,"[5.141594288764669, -3.0012322920320177e-05, 4.712428972941915, 1.570800083950365, 6.712401649965452, 0.0002836283760034412, 3.1415730358149814, 4.712394411381222, 1.9999964353925377, 2.472712870080948e-06, 3.141584905434551, 1.5707758975172625, 3.141594179240575, 3.1415777830455514, 4.212393280857874, 4.712389137669302, -4.418030366340783e-06, 3.396962776892767e-06, 3.5707963517782333, 4.712385706822644, -1.8555552364210616e-05, 3.1415800427660288, 3.5707924402546265, 3.1415949266829544, 3.141594205706891, -4.179702922019618e-06, 4.712386312078968, 4.7123887714542265, 4.712397492830361, -5.0914456635809225e-06, 3.141601240776408, 8.827133809852205e-07, 9.240257954024287e-06, -1.1374731486674894e-05, 1.5707960074463525, -1.6160857536853323e-07, 1.5708070150746847, 4.429482737078825e-06, -1.1869720993970742e-06, 3.1415907355063597]",0.0
558,1.680030010612736,"[5.141594292178442, -3.001184244659243e-05, 4.7124289729158795, 1.5708000824881756, 6.712401650602392, 0.0002836298631191416, 3.1415730357188267, 4.712394410767329, 1.999996435808538, 2.472966068082409e-06, 3.1415849056086618, 1.5707758979226425, 3.1415941791994966, 3.1415777822095343, 4.212393279343493, 4.712389135343416, -4.419189599680027e-06, 3.3962512076556083e-06, 3.5707963520487214, 4.712385704278683, -1.855441353256659e-05, 3.1415800428370737, 3.5707924412751963, 3.1415949284189435, 3.14159420573192, -4.178435464187264e-06, 4.712386310525448, 4.712388770263745, 4.712397492435305, -5.091909913185342e-06, 3.1416012384569063, 8.821898877805159e-07, 9.240783549989067e-06, -1.1377507780315606e-05, 1.5707960074268064, -1.6264619435895388e-07, 1.5708070127802438, 4.430228227171904e-06, -1.1870316301451617e-06, 3.141590737357341]",0.0
559,1.6762936985566979,"[5.1415942933858805, -3.001420722207423e-05, 4.712428975278857, 1.5708000815734338, 6.712401649471561, 0.00028362818214506137, 3.1415730358392597, 4.712394412576907, 1.9999964366588971, 2.4756843670958765e-06, 3.1415849078797007, 1.5707758986040388, 3.1415941802845717, 3.141577782343573, 4.212393278518613, 4.712389137475676, -4.4176146764590564e-06, 3.3986386111648334e-06, 3.5707963522088355, 4.712385703778425, -1.8555396103509714e-05, 3.1415800394516253, 3.57079244067862, 3.1415949291427707, 3.141594206502241, -4.177594496437433e-06, 4.71238631119523, 4.7123887703217795, 4.712397492141345, -5.090920578403887e-06, 3.141601238387198, 8.820487958383965e-07, 9.240882160327144e-06, -1.1377395615639511e-05, 1.5707960067978763, -1.6082441548842067e-07, 1.5708070149765894, 4.429116467017023e-06, -1.1881431371718073e-06, 3.1415907373580483]",0.0
560,1.673377044142541,"[5.141594291153993, -3.001248538937703e-05, 4.712428974440633, 1.5708000827649684, 6.712401648541579, 0.000283629809825591, 3.141573034796883, 4.71239441123549, 1.9999964349797803, 2.4742320662656173e-06, 3.14158490579833, 1.5707758984207125, 3.141594179269262, 3.1415777822209985, 4.212393279347606, 4.712389135041456, -4.41954029282288e-06, 3.3968613989332575e-06, 3.570796350732921, 4.712385703898273, -1.8554141961223845e-05, 3.1415800417324484, 3.570792442393734, 3.141594928503893, 3.1415942057810957, -4.1788853709418684e-06, 4.712386310509709, 4.712388769802707, 4.712397492921007, -5.092522641971929e-06, 3.1416012395899546, 8.83426128642693e-07, 9.240642902991734e-06, -1.1376868475013505e-05, 1.5707960078220695, -1.615721267873976e-07, 1.5708070137119092, 4.430252812536109e-06, -1.1884992955760292e-06, 3.1415907358156803]",0.0
561,1.672105297082433,"[5.1415942918786115, -3.001419763560414e-05, 4.712428973192713, 1.5708000832746771, 6.712401650755359, 0.00028362843147958466, 3.1415730367433747, 4.71239441000879, 1.9999964377178805, 2.4718206908570712e-06, 3.1415849054586222, 1.570775898416723, 3.1415941794430053, 3.1415777796276556, 4.212393278054116, 4.712389137356367, -4.418804455443699e-06, 3.397439618691037e-06, 3.5707963511060896, 4.712385703365863, -1.8553597490879787e-05, 3.141580042652731, 3.5707924424841573, 3.141594927820651, 3.1415942035301367, -4.177750813149227e-06, 4.712386309248541, 4.712388769861797, 4.712397493059422, -5.092111922651264e-06, 3.141601239691878, 8.840748563397162e-07, 9.241635533678691e-06, -1.13772218630074e-05, 1.5707960079545809, -1.6404821515949445e-07, 1.5708070159637526, 4.4297088561594455e-06, -1.1901628929024887e-06, 3.141590735498745]",0.0
562,1.6731684850135216,"[5.141594291433199, -3.00125087542622e-05, 4.712428972411236, 1.5708000826872004, 6.712401649284856, 0.00028362850612308286, 3.1415730356682916, 4.712394409244269, 1.9999964362429614, 2.474362863715711e-06, 3.1415849059481076, 1.5707758988243337, 3.1415941789352706, 3.1415777828384774, 4.212393278730739, 4.712389136299014, -4.418819993205083e-06, 3.3967014616298886e-06, 3.5707963508575427, 4.712385704445525, -1.855527409704295e-05, 3.141580042185576, 3.5707924405264895, 3.1415949287289404, 3.141594205386786, -4.178625126984917e-06, 4.7123863102268135, 4.712388770589674, 4.712397492814632, -5.091908908087349e-06, 3.141601237936781, 8.834681366799824e-07, 9.240820845072182e-06, -1.1376698546885467e-05, 1.5707960073966, -1.611926469124397e-07, 1.5708070126969207, 4.430359540342813e-06, -1.1894014938015937e-06, 3.141590736207]",0.0
563,1.6756553611656178,"[5.141594289968201, -3.0011080896993908e-05, 4.7124289740822345, 1.5708000832555145, 6.712401651424154, 0.0002836294247758964, 3.1415730360360636, 4.7123944126793145, 1.9999964360321159, 2.4743749965067344e-06, 3.141584905793662, 1.5707758966613965, 3.141594178362623, 3.1415777833112415, 4.212393277313211, 4.71238913786042, -4.419339973846466e-06, 3.396761166643467e-06, 3.5707963502333695, 4.712385702969098, -1.855479185819969e-05, 3.1415800406551027, 3.570792441932018, 3.141594928088313, 3.141594206322986, -4.179462158680389e-06, 4.712386310655993, 4.712388771162898, 4.712397493059877, -5.092426597734295e-06, 3.1416012362557537, 8.857117404649958e-07, 9.243531256946725e-06, -1.1377368380626242e-05, 1.5707960070267921, -1.6315336267900792e-07, 1.5708070128527238, 4.430103399769305e-06, -1.187049935924757e-06, 3.141590734971494]",0.0
564,1.6805198910989478,"[5.141594290992691, -3.0012470483911565e-05, 4.712428973884859, 1.5708000830988211, 6.712401649468203, 0.00028362900573824433, 3.141573035895112, 4.712394410581224, 1.9999964368518648, 2.473562554170305e-06, 3.141584907141485, 1.5707758986653928, 3.1415941797046067, 3.1415777822748314, 4.212393278010962, 4.71238913565203, -4.418884214527952e-06, 3.3951340961852778e-06, 3.5707963513808405, 4.712385704844048, -1.855444932047502e-05, 3.1415800409203904, 3.570792441162035, 3.1415949290466045, 3.141594204740174, -4.1796935621313826e-06, 4.71238630997833, 4.712388769671506, 4.712397492569826, -5.092669153197297e-06, 3.141601239011775, 8.822548382887605e-07, 9.242450274833446e-06, -1.1375865902899442e-05, 1.5707960077874867, -1.6186889744497203e-07, 1.5708070136774577, 4.43086015763245e-06, -1.1875225416333015e-06, 3.1415907366282374]",0.0
565,1.6765205194118282,"[5.1415942911352595, -3.0012970854589626e-05, 4.712428973722223, 1.5708000832041784, 6.712401649917222, 0.00028362952471035923, 3.141573035474074, 4.712394411210021, 1.9999964362316043, 2.4737949236638627e-06, 3.141584906602718, 1.5707758988766725, 3.141594179235284, 3.1415777818333477, 4.212393278253689, 4.712389135749747, -4.418715115830017e-06, 3.3967170600455446e-06, 3.570796351305751, 4.712385704607518, -1.85555879256151e-05, 3.1415800421679814, 3.570792441530724, 3.1415949281251807, 3.1415942052418493, -4.178772260412515e-06, 4.712386310116608, 4.712388770351803, 4.712397492035315, -5.09261268898555e-06, 3.1416012383433256, 8.828737682839839e-07, 9.240623985076443e-06, -1.137666886838616e-05, 1.570796007508594, -1.6212810805502218e-07, 1.5708070130697587, 4.430225123503248e-06, -1.1877694830171436e-06, 3.141590735825425]",0.0
566,1.6767449079431351,"[5.141594291351708, -3.0011829491212515e-05, 4.712428974608022, 1.5708000834860483, 6.712401649912129, 0.00028362900377906666, 3.1415730346663975, 4.712394410360207, 1.9999964371339636, 2.4738672095982912e-06, 3.1415849073028674, 1.5707758992125072, 3.1415941799999296, 3.1415777825225364, 4.212393278152647, 4.712389135027067, -4.418186594949872e-06, 3.3964139094811894e-06, 3.5707963507063343, 4.712385703906507, -1.855460854771727e-05, 3.1415800425595894, 3.5707924402528635, 3.141594927518809, 3.1415942060537194, -4.1781669432896905e-06, 4.712386311089301, 4.712388770486927, 4.712397493962818, -5.0919375188764845e-06, 3.1416012386453516, 8.832355384096606e-07, 9.240486170519847e-06, -1.1377125409138328e-05, 1.5707960075381668, -1.6306778492019968e-07, 1.570807013853899, 4.430883840605388e-06, -1.1877741230655313e-06, 3.1415907356615644]",0.0
567,1.6781072122335539,"[5.141594290643918, -3.0012634803557247e-05, 4.712428973696838, 1.5708000831535598, 6.712401649714934, 0.0002836288695996718, 3.14157303549576, 4.712394410635437, 1.9999964363913425, 2.4739257148422087e-06, 3.141584906777964, 1.570775898544988, 3.1415941794821762, 3.1415777826572335, 4.212393278627076, 4.712389135265457, -4.419462906769465e-06, 3.3965951009477407e-06, 3.5707963521541797, 4.712385704002292, -1.8555255942080414e-05, 3.1415800420696534, 3.570792441153341, 3.1415949280493334, 3.141594205270634, -4.1787963903737215e-06, 4.712386310355055, 4.7123887701587845, 4.712397492303486, -5.092116297201003e-06, 3.141601238321402, 8.832567521423337e-07, 9.240988619247111e-06, -1.1377288424997286e-05, 1.5707960081580077, -1.6223607709856715e-07, 1.5708070139787704, 4.429954428996811e-06, -1.187852161449553e-06, 3.141590736196533]",0.0
568,1.6801104002654852,"[5.141594291467866, -3.001223341711831e-05, 4.712428974132415, 1.570800082696884, 6.712401650375196, 0.0002836285311990824, 3.1415730353576117, 4.712394411359026, 1.9999964368812695, 2.4736965585552108e-06, 3.1415849051618143, 1.5707758987830733, 3.1415941792508346, 3.1415777830164306, 4.212393278595972, 4.712389134751505, -4.417095110113702e-06, 3.3957923434382447e-06, 3.570796351571122, 4.712385703565377, -1.855585662704708e-05, 3.141580042140986, 3.5707924411995924, 3.1415949276023674, 3.141594205679938, -4.178711656700964e-06, 4.712386310130983, 4.712388768865571, 4.71239749184885, -5.09235192950731e-06, 3.1416012393197814, 8.839178454534843e-07, 9.241374242702974e-06, -1.1376455926540105e-05, 1.570796007586956, -1.6187700062338945e-07, 1.5708070132367251, 4.429484532856515e-06, -1.1885005640306193e-06, 3.141590736303399]",0.0
569,1.6755013599234365,"[5.141594291069134, -3.001233767817914e-05, 4.712428973389711, 1.5708000828816144, 6.712401649980481, 0.00028362891150212266, 3.141573035456995, 4.712394410889948, 1.9999964360889535, 2.4735811417902733e-06, 3.1415849062887404, 1.5707758987483045, 3.14159417918143, 3.1415777821212516, 4.212393278735169, 4.712389135390838, -4.418333032504305e-06, 3.3962237769947267e-06, 3.5707963511895127, 4.712385703812108, -1.8555542721272143e-05, 3.1415800415486834, 3.570792441462718, 3.1415949277604316, 3.141594205092132, -4.178299037856823e-06, 4.712386310326165, 4.712388770561594, 4.712397492956414, -5.092701472596147e-06, 3.141601238403278, 8.828869877930643e-07, 9.241019905369122e-06, -1.1377217131757259e-05, 1.5707960078288863, -1.6146919280847554e-07, 1.5708070141188109, 4.430585816819927e-06, -1.1875828274993462e-06, 3.14159073626819]",0.0
570,1.6774200589172106,"[5.141594291806848, -3.0011824355114228e-05, 4.712428974774615, 1.5708000829324449, 6.71240165109975, 0.0002836295137166076, 3.141573035776917, 4.712394410209207, 1.9999964353878519, 2.4743997131580785e-06, 3.1415849067354857, 1.5707758989000762, 3.1415941797569915, 3.141577782176324, 4.2123932786616205, 4.7123891356559735, -4.418767303943159e-06, 3.3964450912581557e-06, 3.570796351806156, 4.712385703891511, -1.8554973887741558e-05, 3.1415800421210034, 3.570792441028696, 3.1415949277044137, 3.141594205461119, -4.178229504615263e-06, 4.7123863098876395, 4.712388772048531, 4.712397492334431, -5.093102865358355e-06, 3.141601239100678, 8.830836737409517e-07, 9.24160704262026e-06, -1.137580550085812e-05, 1.5707960091997943, -1.6181805796230889e-07, 1.5708070133120702, 4.429560379291801e-06, -1.1887053557373085e-06, 3.141590736279903]",0.0
571,1.672975119634167,"[5.141594291299632, -3.0012322006727485e-05, 4.7124289736255776, 1.570800083056961, 6.7124016498128345, 0.0002836293718157692, 3.1415730357065192, 4.712394411045483, 1.9999964355156494, 2.4733516833313365e-06, 3.141584906918572, 1.5707758985740563, 3.1415941798592644, 3.141577782514978, 4.21239327805801, 4.7123891355475855, -4.418273137635131e-06, 3.3965974465062623e-06, 3.570796351858649, 4.712385704143614, -1.8555446249835208e-05, 3.1415800423833105, 3.57079244139947, 3.1415949281413345, 3.1415942053303203, -4.179059571492276e-06, 4.712386310104108, 4.712388770204191, 4.712397493386177, -5.092357160036074e-06, 3.1416012385206953, 8.83340030275066e-07, 9.241071867718042e-06, -1.1376748331560736e-05, 1.5707960076070704, -1.6191529392535476e-07, 1.5708070136654741, 4.429929161606257e-06, -1.1882994791860167e-06, 3.141590736503586]",0.0
572,1.6717129195865224,"[5.141594291490798, -3.001232003730116e-05, 4.712428972869975, 1.570800083959742, 6.712401649674382, 0.00028362949723235856, 3.1415730363770065, 4.712394411480352, 1.9999964371204362, 2.4748945598456587e-06, 3.141584906710744, 1.570775898622648, 3.1415941789484982, 3.1415777822566158, 4.212393278574105, 4.712389135240505, -4.419115266051457e-06, 3.3962945608556424e-06, 3.570796352420741, 4.712385703333004, -1.855440128897716e-05, 3.141580042036276, 3.5707924420000103, 3.141594926683298, 3.1415942053323764, -4.178364356456261e-06, 4.71238631109375, 4.712388770199996, 4.71239749340567, -5.092827514506071e-06, 3.1416012382586906, 8.826545626328492e-07, 9.240815783303387e-06, -1.1375475752317767e-05, 1.5707960069856317, -1.6163213735832437e-07, 1.5708070133548282, 4.429942338635654e-06, -1.1885990365025991e-06, 3.1415907364152917]",0.0
573,1.6819972190814987,"[5.141594291238802, -3.0012424118615807e-05, 4.71242897410999, 1.5708000830691524, 6.712401649871713, 0.00028362866355111484, 3.141573036515904, 4.712394410938823, 1.9999964365072505, 2.473473442440332e-06, 3.1415849062760497, 1.570775899111398, 3.141594178982871, 3.1415777826236218, 4.212393278341809, 4.712389135403371, -4.4186762067481664e-06, 3.3965683286831644e-06, 3.570796351522305, 4.712385704175679, -1.8554756647206332e-05, 3.141580042016198, 3.5707924416126007, 3.141594928179076, 3.1415942059809665, -4.17889188519284e-06, 4.712386309945007, 4.712388770574181, 4.7123974929550725, -5.09238442189633e-06, 3.1416012385198706, 8.8306623371977e-07, 9.240469171935697e-06, -1.1376687555633263e-05, 1.5707960080899275, -1.6181397438113204e-07, 1.5708070135139476, 4.430054637693561e-06, -1.1876915855094117e-06, 3.1415907361733684]",0.0
574,1.6767812797830577,"[5.141594291144366, -3.0012770732880268e-05, 4.712428973826784, 1.57080008305326, 6.7124016499082435, 0.0002836304801790295, 3.1415730363531003, 4.7123944102565165, 1.999996436936772, 2.474778355051348e-06, 3.14158490542015, 1.5707758979320139, 3.141594180586731, 3.141577781917317, 4.212393278328129, 4.712389135067375, -4.418435809751642e-06, 3.396126553103583e-06, 3.57079635201348, 4.712385703587809, -1.8555315963128136e-05, 3.1415800417212063, 3.5707924408241993, 3.141594928041752, 3.1415942051545995, -4.179499439935705e-06, 4.712386309450564, 4.712388771271518, 4.712397493106688, -5.091749532814878e-06, 3.141601239237546, 8.833197005956645e-07, 9.240606529253535e-06, -1.1377270279978975e-05, 1.5707960068839661, -1.6133478982221108e-07, 1.5708070136773629, 4.4300413832067775e-06, -1.1874163391224957e-06, 3.141590735324566]",0.0
575,1.67798452699196,"[5.141594291314323, -3.001206821156467e-05, 4.712428973700402, 1.5708000829467126, 6.712401650581449, 0.0002836294055770411, 3.141573035410346, 4.712394410948638, 1.999996436550083, 2.4743925120199293e-06, 3.1415849064181613, 1.5707758987232336, 3.1415941786769164, 3.141577782174781, 4.21239327856383, 4.712389135224264, -4.418785424367078e-06, 3.3968829345156954e-06, 3.570796351384653, 4.712385704451594, -1.855527147035469e-05, 3.1415800421295788, 3.570792441082334, 3.141594928221269, 3.1415942053035653, -4.179270481843893e-06, 4.712386309989484, 4.712388770053043, 4.712397493234855, -5.092377840840777e-06, 3.141601238626234, 8.826891348506538e-07, 9.241084340391133e-06, -1.1376814495592343e-05, 1.5707960078162235, -1.619047657138813e-07, 1.5708070140776313, 4.429714523882895e-06, -1.1880957449085704e-06, 3.1415907361075]",0.0
576,1.6798951884790185,"[5.1415942913101595, -3.001183083851977e-05, 4.712428973358752, 1.5708000835634368, 6.712401651107934, 0.00028362812407714766, 3.1415730352813225, 4.712394410096015, 1.999996435872463, 2.4741570137454866e-06, 3.1415849072682946, 1.5707758980207587, 3.1415941790352115, 3.1415777816554775, 4.212393277556395, 4.712389135443881, -4.4182403779442805e-06, 3.396664806918788e-06, 3.570796352454252, 4.712385704089234, -1.855469472688411e-05, 3.141580041824536, 3.5707924423438437, 3.1415949281832667, 3.1415942058623094, -4.1792717998736576e-06, 4.712386311045008, 4.712388770249878, 4.712397492205035, -5.092160750466712e-06, 3.1416012398376445, 8.831018022103911e-07, 9.240698065949139e-06, -1.1377577628490877e-05, 1.570796007386426, -1.6113768987003167e-07, 1.5708070131185827, 4.430835463120257e-06, -1.1881977627225086e-06, 3.141590735456845]",0.0
577,1.676705718424242,"[5.141594291362148, -3.001280436512121e-05, 4.712428973906493, 1.5708000826160313, 6.712401650073046, 0.00028362884111648176, 3.141573035465654, 4.712394410971598, 1.9999964366055065, 2.473511798895841e-06, 3.14158490661503, 1.5707758980972397, 3.1415941796595135, 3.1415777820081208, 4.212393278732945, 4.712389135378436, -4.4187436302659055e-06, 3.396448821784377e-06, 3.570796351407524, 4.712385703718704, -1.855496291037757e-05, 3.1415800426627554, 3.570792441189791, 3.141594927863729, 3.14159420572723, -4.179376929645967e-06, 4.712386310539727, 4.7123887704305805, 4.712397492723185, -5.092608027921291e-06, 3.1416012381975484, 8.827352748098262e-07, 9.241230432671532e-06, -1.1376670448696844e-05, 1.5707960079081984, -1.6130807813106662e-07, 1.5708070135086607, 4.430108895524687e-06, -1.1881136751447123e-06, 3.1415907357367066]",0.0
578,1.6752769320666472,"[5.141594291070351, -3.0012037522316048e-05, 4.712428974088425, 1.5708000825630628, 6.712401649525362, 0.0002836286134093372, 3.1415730363393095, 4.712394410801691, 1.9999964369908076, 2.4739637817646664e-06, 3.141584906091061, 1.5707758978063133, 3.141594180019804, 3.141577782284847, 4.212393277710526, 4.71238913495314, -4.419420373977922e-06, 3.398048944204014e-06, 3.5707963510641454, 4.712385704912978, -1.8555910770365773e-05, 3.141580042303739, 3.57079244146972, 3.1415949274100305, 3.141594204778098, -4.177955658333765e-06, 4.712386310808632, 4.712388770249323, 4.712397493376248, -5.0929885816457205e-06, 3.1416012396258735, 8.829417968183941e-07, 9.241880509815305e-06, -1.1377153807174736e-05, 1.5707960078343748, -1.6159639028638472e-07, 1.570807012491092, 4.430140182632068e-06, -1.1876891421469654e-06, 3.141590736641906]",0.0
579,1.674319529494329,"[5.141594291341186, -3.0011731376033186e-05, 4.71242897344621, 1.5708000827054265, 6.712401649823584, 0.00028362930502763225, 3.141573035133232, 4.712394411331984, 1.99999643678645, 2.473406586671134e-06, 3.1415849062797974, 1.5707758986683222, 3.1415941795727704, 3.141577781988198, 4.21239327789326, 4.712389135708171, -4.419058788673072e-06, 3.3964506007374586e-06, 3.5707963517868784, 4.71238570425804, -1.8554934575790186e-05, 3.141580041610942, 3.570792440982412, 3.141594927799249, 3.141594205383613, -4.178815606565617e-06, 4.712386310323097, 4.712388770478791, 4.712397492640921, -5.092270575518114e-06, 3.1416012387676067, 8.83316008243224e-07, 9.240530272868555e-06, -1.1376711482788113e-05, 1.5707960081610957, -1.6149959091903258e-07, 1.5708070134855026, 4.429938979569669e-06, -1.1881641066570989e-06, 3.1415907361456905]",0.0
580,1.673605302031119,"[5.141594290204099, -3.001220224075745e-05, 4.712428973028453, 1.570800082068077, 6.712401650881499, 0.0002836290955215287, 3.141573035327991, 4.712394410386684, 1.999996436408511, 2.474438196372211e-06, 3.1415849063359436, 1.5707759000940344, 3.1415941809333243, 3.1415777817353616, 4.212393278335821, 4.712389135803332, -4.4191471744715746e-06, 3.3966134424841328e-06, 3.570796351117542, 4.712385703873705, -1.8555096968510493e-05, 3.141580042514317, 3.5707924425849367, 3.141594928136592, 3.1415942060899353, -4.178449818984373e-06, 4.712386310450795, 4.7123887698232165, 4.712397492931543, -5.091673496936404e-06, 3.1416012385254595, 8.832250169137022e-07, 9.241314700720615e-06, -1.1375990077148723e-05, 1.570796007570832, -1.6146768845485381e-07, 1.5708070136617207, 4.429586925931071e-06, -1.18717949666988e-06, 3.1415907364392317]",0.0
581,1.6810932809095003,"[5.141594291042967, -3.001207853233561e-05, 4.71242897350077, 1.570800082657736, 6.712401650168805, 0.00028362899534237993, 3.141573035665608, 4.712394410677353, 1.999996436305328, 2.4735977505110984e-06, 3.14158490664683, 1.570775898678583, 3.141594179400705, 3.1415777826212605, 4.212393278564106, 4.7123891352347655, -4.418615984737635e-06, 3.3973086489127086e-06, 3.5707963517058263, 4.712385703332404, -1.8554492395396516e-05, 3.14158004197071, 3.5707924408119687, 3.1415949283358913, 3.141594204983132, -4.178761729382516e-06, 4.712386310275309, 4.7123887702990706, 4.7123974927033565, -5.0927581193349295e-06, 3.1416012389523833, 8.833282270491693e-07, 9.240976829377378e-06, -1.1376347907196498e-05, 1.5707960074039198, -1.6165011642784557e-07, 1.570807013667762, 4.430051286917422e-06, -1.1875303373890855e-06, 3.141590736088516]",0.0
582,1.675140472303451,"[5.141594291053868, -3.0013396072078162e-05, 4.712428973839858, 1.5708000834950924, 6.712401649881739, 0.0002836299433341759, 3.1415730350853868, 4.712394411365363, 1.9999964361987488, 2.4739524878145243e-06, 3.1415849067891473, 1.5707758993522978, 3.1415941792306588, 3.141577781568113, 4.212393278031813, 4.712389135909133, -4.4184489203248595e-06, 3.3970814226825067e-06, 3.570796351119517, 4.712385704617976, -1.8555885592137557e-05, 3.1415800423595015, 3.5707924414754566, 3.1415949280972746, 3.1415942049435936, -4.1784710938085115e-06, 4.71238631004365, 4.712388770519146, 4.712397491243856, -5.093127206526335e-06, 3.1416012383982124, 8.827541397412663e-07, 9.24033708010403e-06, -1.1376269786591292e-05, 1.5707960068496165, -1.627303284932994e-07, 1.5708070123525626, 4.430361228458365e-06, -1.187570897791245e-06, 3.1415907354124215]",0.0
583,1.681795970036554,"[5.141594291182821, -3.0012347055789384e-05, 4.71242897316557, 1.5708000836042724, 6.712401650070157, 0.00028362956566305777, 3.141573036034061, 4.71239441088271, 1.9999964365507001, 2.473812524124964e-06, 3.1415849066320987, 1.570775898346257, 3.141594179712505, 3.141577781946874, 4.21239327868859, 4.712389135407548, -4.418516142994557e-06, 3.396728731895041e-06, 3.5707963513350025, 4.7123857038471675, -1.855545397147459e-05, 3.1415800418463378, 3.570792441097808, 3.14159492872803, 3.1415942059872397, -4.178452057197402e-06, 4.7123863106667505, 4.712388769938856, 4.712397492802187, -5.092633687955729e-06, 3.1416012388384518, 8.832089006872221e-07, 9.240965255831713e-06, -1.1376647904969073e-05, 1.570796008496937, -1.6182899023819194e-07, 1.5708070134597594, 4.4300164765814364e-06, -1.1879010954078408e-06, 3.141590735962169]",0.0
584,1.6714061258472634,"[5.141594291215605, -3.001236356797727e-05, 4.712428973819234, 1.5708000829816648, 6.712401650069832, 0.00028362915850260116, 3.1415730357748175, 4.712394410707332, 1.9999964364638643, 2.473987162586155e-06, 3.1415849065909502, 1.5707758985296092, 3.1415941795531577, 3.1415777821056863, 4.212393278468921, 4.712389135338016, -4.418675288856661e-06, 3.396521470193322e-06, 3.5707963514061296, 4.712385704091806, -1.8555173505260016e-05, 3.141580042292053, 3.5707924412965983, 3.141594928091515, 3.141594205238353, -4.178826808369775e-06, 4.712386310425433, 4.712388770239541, 4.7123974925569385, -5.092449664548552e-06, 3.1416012388191703, 8.831619438934202e-07, 9.240501017113466e-06, -1.1376595741109465e-05, 1.570796007848905, -1.6166863655927428e-07, 1.570807013756326, 4.430277992466764e-06, -1.1879865683486403e-06, 3.141590736633374]",0.0
585,1.6779376113633142,"[5.141594290958665, -3.0012031123771722e-05, 4.712428973989403, 1.5708000830401332, 6.7124016504832555, 0.00028362930253185436, 3.1415730358883005, 4.71239441119401, 1.99999643631758, 2.47419616281285e-06, 3.1415849063975716, 1.5707758979132829, 3.1415941792664026, 3.1415777824011846, 4.21239327820508, 4.712389136056462, -4.418851147215597e-06, 3.396495401857979e-06, 3.5707963509554284, 4.712385703906458, -1.85549973848833e-05, 3.1415800419120523, 3.570792441477279, 3.141594928024807, 3.141594205424875, -4.178930403924703e-06, 4.712386310579855, 4.712388770439326, 4.712397492605044, -5.092315024291865e-06, 3.141601238129664, 8.839771782903999e-07, 9.24122655885968e-06, -1.1376717339862342e-05, 1.5707960075720009, -1.6206068501720131e-07, 1.5708070135271397, 4.43035388137925e-06, -1.1877700266085097e-06, 3.1415907363527347]",0.0
586,1.6703682584320343,"[5.141594291060182, -3.0012750190154985e-05, 4.712428973630917, 1.5708000829856994, 6.712401650349663, 0.0002836291896025304, 3.141573035744741, 4.712394411001112, 1.9999964361465663, 2.47400012234033e-06, 3.1415849062466616, 1.570775898651282, 3.141594179530901, 3.1415777823991324, 4.212393278137534, 4.712389135337817, -4.418663151470978e-06, 3.3965229945093503e-06, 3.5707963514527785, 4.712385704109818, -1.8554832189051924e-05, 3.141580042020652, 3.5707924411113074, 3.141594928049944, 3.1415942052302115, -4.178720599058805e-06, 4.712386310652641, 4.712388770256215, 4.71239749280791, -5.092334298673711e-06, 3.141601238688355, 8.830256670304447e-07, 9.240900099544277e-06, -1.1376768026436708e-05, 1.5707960080064893, -1.6179008262241162e-07, 1.570807013484819, 4.4301809224099025e-06, -1.1879931402924383e-06, 3.141590736172168]",0.0
587,1.6751920156299995,"[5.141594291150218, -3.0012282991216987e-05, 4.712428973554981, 1.5708000829050455, 6.712401650264104, 0.00028362913113311124, 3.141573036041408, 4.712394410954474, 1.9999964360436913, 2.473760786147571e-06, 3.14158490675033, 1.570775898465263, 3.141594179736607, 3.14157778189823, 4.212393278766519, 4.712389134709783, -4.418612424356465e-06, 3.397022812098491e-06, 3.5707963512500998, 4.712385704368661, -1.8554960315855372e-05, 3.141580041526074, 3.570792441177149, 3.1415949274178896, 3.1415942054040387, -4.1788146054166395e-06, 4.712386309972023, 4.7123887701207705, 4.712397492459769, -5.091586851835426e-06, 3.1416012383689953, 8.831626462050791e-07, 9.240962514762027e-06, -1.137638065344448e-05, 1.5707960078541785, -1.6191370155883584e-07, 1.5708070134205006, 4.4306244141792926e-06, -1.1882622807734365e-06, 3.141590736120614]",0.0
588,1.6694397358217687,"[5.141594291354875, -3.0012509401525962e-05, 4.712428973813084, 1.5708000828806412, 6.71240165037348, 0.00028362923748785455, 3.1415730357253153, 4.712394410824998, 1.9999964363396112, 2.4737146414034483e-06, 3.1415849064615715, 1.5707758985717202, 3.1415941794280418, 3.141577782430181, 4.212393278451275, 4.712389135470968, -4.419107205054103e-06, 3.3965474986884838e-06, 3.570796351628433, 4.712385704010559, -1.8555428725213884e-05, 3.141580041949847, 3.570792441270004, 3.141594928050181, 3.1415942055089836, -4.178645869225076e-06, 4.7123863103604915, 4.712388770167448, 4.712397492857928, -5.092302497509778e-06, 3.1416012388197045, 8.831832443121114e-07, 9.240890739789663e-06, -1.1376450568367429e-05, 1.5707960076860943, -1.6178500263223097e-07, 1.5708070136147305, 4.4305334782592275e-06, -1.1879991812660446e-06, 3.1415907360272177]",0.0
589,1.6794412925026634,"[5.141594291133124, -3.001256897342572e-05, 4.7124289740292635, 1.5708000829109054, 6.712401650407312, 0.00028362908155033737, 3.141573035568123, 4.712394411015914, 1.9999964366483216, 2.4738189366607518e-06, 3.141584906825816, 1.570775898720282, 3.1415941794621642, 3.1415777820756783, 4.212393279291766, 4.712389135482543, -4.418588812338405e-06, 3.396374202252807e-06, 3.5707963517891703, 4.712385704273811, -1.855507264192828e-05, 3.1415800418354127, 3.5707924415457932, 3.1415949282904716, 3.1415942046386114, -4.178714608014357e-06, 4.712386310523667, 4.7123887703046545, 4.7123974933283215, -5.092108162376801e-06, 3.141601238646162, 8.836232572876353e-07, 9.240746255455649e-06, -1.1376805070468613e-05, 1.570796007958139, -1.6168645870297475e-07, 1.570807012777867, 4.430023725361029e-06, -1.1879147572341584e-06, 3.141590736135408]",0.0
590,1.6774358920342096,"[5.141594291143237, -3.0012418809811575e-05, 4.712428973659223, 1.570800083093323, 6.712401650154029, 0.00028362940445464494, 3.141573035438194, 4.712394410503627, 1.9999964365275693, 2.473675787291505e-06, 3.1415849063732004, 1.5707758983436702, 3.141594179405203, 3.141577782487589, 4.212393278344432, 4.712389135180713, -4.418564378784522e-06, 3.3966794823179892e-06, 3.5707963515130303, 4.712385704236809, -1.8555035281402428e-05, 3.1415800420359243, 3.570792441668083, 3.141594928008885, 3.141594205298605, -4.178725606256045e-06, 4.71238631036151, 4.712388770374268, 4.71239749275908, -5.092329138979515e-06, 3.141601238497419, 8.832261659615419e-07, 9.240936318729958e-06, -1.1376433689021098e-05, 1.5707960079964183, -1.617925354976894e-07, 1.5708070135579573, 4.430191294582685e-06, -1.1878635273183677e-06, 3.14159073612179]",0.0
591,1.6749497527026478,"[5.1415942919626945, -3.0012856480061894e-05, 4.712428974084168, 1.5708000827144692, 6.712401649940008, 0.0002836291934395491, 3.141573035612799, 4.712394410971202, 1.9999964364687928, 2.474198433491556e-06, 3.1415849067936503, 1.5707758983903526, 3.1415941796254914, 3.141577782435034, 4.2123932784332405, 4.712389135873621, -4.418316719026388e-06, 3.397022558973476e-06, 3.5707963517084162, 4.7123857043517745, -1.855498458840325e-05, 3.141580041544639, 3.570792441334301, 3.1415949281506363, 3.141594205600425, -4.1781808260203175e-06, 4.712386310629667, 4.712388770248951, 4.712397492495154, -5.091850389262951e-06, 3.1416012385429117, 8.82928204895343e-07, 9.241042022092644e-06, -1.137669918556896e-05, 1.5707960075717782, -1.6148250902332335e-07, 1.5708070139881996, 4.429829972157003e-06, -1.1877693104731263e-06, 3.1415907363588915]",0.0
592,1.67252717758823,"[5.14159429136928, -3.001269978405668e-05, 4.71242897365957, 1.5708000832435431, 6.712401650178904, 0.0002836291337977193, 3.141573035679523, 4.71239441069964, 1.9999964364197507, 2.473574882370498e-06, 3.1415849065032093, 1.5707758986367213, 3.141594179337055, 3.1415777820014292, 4.212393278414368, 4.71238913541114, -4.418860422830927e-06, 3.396624305716271e-06, 3.5707963512697236, 4.7123857039562225, -1.8555034101413904e-05, 3.1415800419442625, 3.5707924413243965, 3.1415949279021094, 3.14159420535234, -4.178786026725937e-06, 4.712386310390474, 4.712388770414969, 4.712397492735871, -5.092150489833453e-06, 3.1416012389031067, 8.833416310267782e-07, 9.241140609197715e-06, -1.1376717092495675e-05, 1.5707960076814365, -1.6187661836584222e-07, 1.5708070136245176, 4.4298681513381134e-06, -1.1879688546574543e-06, 3.1415907363537126]",0.0
593,1.6782370915576945,"[5.141594291325694, -3.0012410278817915e-05, 4.712428973661561, 1.5708000828055004, 6.712401650156848, 0.00028362909130656927, 3.1415730361081633, 4.712394410714702, 1.9999964365510292, 2.4736932299754635e-06, 3.1415849062271173, 1.5707758984442468, 3.141594179632734, 3.1415777817769204, 4.2123932784711435, 4.712389135994756, -4.418572485634316e-06, 3.3966251989941888e-06, 3.570796351660093, 4.712385704243756, -1.855458604675876e-05, 3.1415800424510585, 3.5707924415763865, 3.141594927969907, 3.14159420488286, -4.178214498998232e-06, 4.712386310025551, 4.712388769882386, 4.712397492745016, -5.092449784927686e-06, 3.1416012387581236, 8.832651721278263e-07, 9.241035002399183e-06, -1.1376811283662113e-05, 1.5707960079249368, -1.6227837139023286e-07, 1.5708070141306059, 4.430344728009469e-06, -1.1883926513862282e-06, 3.1415907356004045]",0.0
594,1.676682374138103,"[5.141594291354104, -3.0012357714881167e-05, 4.712428973614584, 1.5708000826000814, 6.712401650101108, 0.0002836293146828118, 3.141573035957779, 4.712394410656727, 1.9999964363554117, 2.4738333254595154e-06, 3.14158490662288, 1.570775898679559, 3.141594179492841, 3.1415777822886657, 4.212393278513987, 4.712389135285983, -4.418675946872272e-06, 3.3965010332551694e-06, 3.570796351467247, 4.712385704289361, -1.8555132114837067e-05, 3.141580041825156, 3.570792441392941, 3.1415949279180904, 3.1415942054012027, -4.178918436918572e-06, 4.712386310769612, 4.712388770322201, 4.712397492643039, -5.092566444036833e-06, 3.1416012386622745, 8.833082282743627e-07, 9.240907845093934e-06, -1.1376765296866901e-05, 1.570796007726187, -1.6202043277901615e-07, 1.5708070136458134, 4.429989124847168e-06, -1.1879746086578218e-06, 3.1415907359950754]",0.0
595,1.6773192730098505,"[5.1415942914824155, -3.0012812271432837e-05, 4.7124289734525675, 1.5708000828255577, 6.7124016499235335, 0.0002836294449677134, 3.141573035590832, 4.712394410680812, 1.9999964362337057, 2.4742243987388806e-06, 3.141584906686557, 1.5707758987380345, 3.1415941791470283, 3.1415777821204456, 4.212393278475064, 4.712389135636975, -4.4186027556531855e-06, 3.396613264624201e-06, 3.570796351764841, 4.712385704381368, -1.8554866925431787e-05, 3.1415800423094478, 3.5707924410013994, 3.141594927349539, 3.141594205700871, -4.17887829559032e-06, 4.7123863100589665, 4.712388769919391, 4.712397492866651, -5.092570311339932e-06, 3.1416012388626076, 8.838487121720883e-07, 9.241199130076549e-06, -1.1376746690313034e-05, 1.5707960082320107, -1.615355924297874e-07, 1.5708070134181076, 4.430592511587736e-06, -1.1872828811266675e-06, 3.1415907363125757]",0.0
596,1.67344235827598,"[5.141594291147817, -3.001235560725727e-05, 4.712428974005105, 1.5708000828066615, 6.712401650016922, 0.0002836293425518492, 3.1415730357999028, 4.712394410618903, 1.9999964362871874, 2.4738516785367474e-06, 3.1415849065190735, 1.5707758985946536, 3.141594179195644, 3.1415777818521997, 4.212393278180535, 4.712389135193747, -4.418709015131104e-06, 3.39651041627905e-06, 3.5707963516661665, 4.712385703943893, -1.8555075922158464e-05, 3.141580042013899, 3.57079244122319, 3.141594928151061, 3.1415942054070216, -4.178483326075926e-06, 4.712386310431272, 4.712388770097235, 4.7123974927651915, -5.092269721829865e-06, 3.141601238394272, 8.832410882436554e-07, 9.241052341729548e-06, -1.1376689925201502e-05, 1.5707960077678988, -1.6169026929341013e-07, 1.5708070134507077, 4.4301133996093345e-06, -1.1879431529863666e-06, 3.1415907361787725]",0.0
597,1.6760355208896136,"[5.14159429051588, -3.0012169440653274e-05, 4.712428973877615, 1.5708000832418654, 6.712401649950756, 0.0002836291178508116, 3.1415730358524367, 4.712394410793865, 1.9999964359484448, 2.473620831704697e-06, 3.141584906302407, 1.5707758983516922, 3.1415941792036124, 3.1415777821348185, 4.212393278811423, 4.712389135756809, -4.418575522197043e-06, 3.396397337907862e-06, 3.5707963516498387, 4.712385704766512, -1.855519714574255e-05, 3.141580042335932, 3.5707924408495018, 3.141594927724676, 3.14159420545456, -4.178586331277693e-06, 4.712386310883038, 4.712388770375989, 4.712397492717088, -5.091955096766576e-06, 3.1416012390108485, 8.830663129257585e-07, 9.240949679617148e-06, -1.1376122634680333e-05, 1.5707960075501082, -1.6150287742321532e-07, 1.570807013805212, 4.429870661486587e-06, -1.187627519992752e-06, 3.14159073586741]",0.0
598,1.6697667024739826,"[5.141594291866529, -3.0012149318475516e-05, 4.712428973469967, 1.57080008287405, 6.712401649781125, 0.00028362890806038645, 3.1415730358401865, 4.712394410928586, 1.9999964360428668, 2.474173454654905e-06, 3.141584906753917, 1.5707758984110307, 3.1415941792993904, 3.1415777823648, 4.21239327815058, 4.712389135322255, -4.41884142727917e-06, 3.3962368117531427e-06, 3.570796351124451, 4.712385703737051, -1.855535971941081e-05, 3.141580042366505, 3.570792441442591, 3.1415949280175393, 3.1415942048042935, -4.178702559023033e-06, 4.712386310374056, 4.712388770204226, 4.712397492691491, -5.091703158560724e-06, 3.141601238796212, 8.830791609247369e-07, 9.240833007110042e-06, -1.1376360743012028e-05, 1.5707960082253427, -1.6188719765648886e-07, 1.5708070134548966, 4.429924108248475e-06, -1.187364598198603e-06, 3.141590735624075]",0.0
599,1.6736207663663798,"[5.1415942911561165, -3.001226480065379e-05, 4.712428973742306, 1.570800083035473, 6.7124016501570765, 0.0002836295819838858, 3.1415730358821596, 4.712394410909158, 1.9999964364727423, 2.4737507551409714e-06, 3.1415849067648853, 1.570775898767463, 3.141594179393018, 3.14157778253488, 4.212393278480657, 4.7123891354244725, -4.418729798433138e-06, 3.396527706272572e-06, 3.570796351333927, 4.712385704101499, -1.8555002687121573e-05, 3.1415800422507894, 3.5707924413564847, 3.1415949279451363, 3.14159420529685, -4.178593947434537e-06, 4.712386310360331, 4.712388770245662, 4.712397492514909, -5.09216001215825e-06, 3.141601238771491, 8.831212529642211e-07, 9.241123583668432e-06, -1.1376954479739138e-05, 1.570796007783827, -1.6142236789881028e-07, 1.5708070135331997, 4.430209096582355e-06, -1.1880441309279169e-06, 3.141590736070045]",0.0
600,1.6766665217298335,"[5.141594291251215, -3.001229098608587e-05, 4.712428973738775, 1.5708000829903797, 6.712401650076969, 0.00028362912233638124, 3.141573035786143, 4.712394410737917, 1.9999964363991536, 2.473869708783619e-06, 3.1415849065445576, 1.570775898501577, 3.141594179536326, 3.141577782304647, 4.212393278472813, 4.71238913539062, -4.4187363712626425e-06, 3.396378165252816e-06, 3.570796351509046, 4.712385704177243, -1.8554927899637835e-05, 3.141580041914972, 3.57079244127707, 3.1415949280757456, 3.1415942053608035, -4.178771569851783e-06, 4.712386310371695, 4.7123887701786895, 4.71239749281454, -5.092279914257065e-06, 3.1416012387327314, 8.831458365983657e-07, 9.241167990377822e-06, -1.1376632573754594e-05, 1.5707960078596979, -1.6171437382780235e-07, 1.5708070136337242, 4.4301991334861695e-06, -1.1879020651658921e-06, 3.1415907362390754]",0.0
601,1.6768414334484465,"[5.141594291201449, -3.0012491800511065e-05, 4.712428973776538, 1.5708000831799136, 6.71240164995861, 0.0002836292074829151, 3.141573035543238, 4.712394410955369, 1.9999964363302458, 2.473952203498627e-06, 3.1415849066030903, 1.5707758987576088, 3.1415941795351845, 3.1415777821333446, 4.212393278368211, 4.712389135545352, -4.418685628227291e-06, 3.3965060664732976e-06, 3.570796351434252, 4.712385704307447, -1.85551442425749e-05, 3.1415800419888873, 3.570792441294612, 3.141594928118003, 3.1415942052834454, -4.178734933380855e-06, 4.712386310149391, 4.712388770275856, 4.712397492388668, -5.0925715774374805e-06, 3.141601238641047, 8.829246113040011e-07, 9.241035135997007e-06, -1.1376549784708042e-05, 1.5707960075094947, -1.6200293211286943e-07, 1.5708070132459624, 4.430248387738704e-06, -1.187779955555718e-06, 3.1415907360251705]",0.0
602,1.6724321628206429,"[5.141594291217549, -3.0012436544267982e-05, 4.71242897367368, 1.5708000830062117, 6.712401650229677, 0.00028362920274269885, 3.1415730356750515, 4.712394410793332, 1.9999964362779001, 2.473864093893535e-06, 3.1415849066422767, 1.5707758984788458, 3.1415941794635196, 3.141577782285877, 4.212393278483949, 4.712389135397839, -4.418724835396498e-06, 3.3963860921568393e-06, 3.570796351443739, 4.712385704150368, -1.8554957446212542e-05, 3.141580041989118, 3.5707924412651364, 3.141594927995932, 3.141594205443894, -4.178608387768754e-06, 4.7123863102213495, 4.712388770190925, 4.712397492701924, -5.092372958930117e-06, 3.141601238613848, 8.832296978389082e-07, 9.240805152491015e-06, -1.1376665282156148e-05, 1.570796007735616, -1.6172758624999954e-07, 1.5708070135948458, 4.4300038678212405e-06, -1.1879041332111098e-06, 3.1415907360770503]",0.0
603,1.677642851373348,"[5.141594291185471, -3.0012299283964836e-05, 4.712428973785669, 1.570800082918505, 6.712401650064637, 0.00028362896372002323, 3.141573035832331, 4.712394410836691, 1.9999964364094336, 2.473954306725756e-06, 3.141584906460603, 1.5707758982887927, 3.1415941796242057, 3.1415777823038966, 4.212393278330273, 4.712389135266072, -4.418911523034152e-06, 3.3968611922100755e-06, 3.570796351365281, 4.712385704324778, -1.8555252639133976e-05, 3.141580042132507, 3.5707924413378596, 3.141594927781725, 3.141594205359889, -4.1784042731435655e-06, 4.712386310305783, 4.7123887702438845, 4.712397492912711, -5.092536888169202e-06, 3.1416012388307433, 8.831392181309139e-07, 9.241034193275346e-06, -1.137689289613755e-05, 1.5707960077375047, -1.6168443673829014e-07, 1.570807013298744, 4.42997636256263e-06, -1.1878623212501999e-06, 3.1415907361961772]",0.0
604,1.6751526492639992,"[5.141594291209463, -3.001232828491127e-05, 4.712428973845077, 1.570800083062474, 6.712401650251922, 0.0002836291980857204, 3.1415730357152243, 4.712394410965931, 1.999996436324461, 2.4738323366331617e-06, 3.141584906618428, 1.5707758985043052, 3.141594179497942, 3.141577782152121, 4.2123932783936215, 4.712389135321995, -4.418669846391862e-06, 3.3965749578147266e-06, 3.5707963516321763, 4.712385704107101, -1.8555022532734665e-05, 3.141580042005417, 3.5707924414571384, 3.141594927939746, 3.1415942054013426, -4.178747685317541e-06, 4.7123863104043515, 4.712388770221083, 4.712397492679057, -5.092356353440846e-06, 3.141601238806135, 8.831424702789683e-07, 9.24097625582325e-06, -1.1376741961990234e-05, 1.570796007825248, -1.617954995031658e-07, 1.5708070136313632, 4.430152392806847e-06, -1.1877397286931751e-06, 3.1415907360923816]",0.0
605,1.6773661255640906,"[5.1415942912927255, -3.0012220297885846e-05, 4.712428973494093, 1.5708000831301336, 6.712401650207802, 0.00028362885434914575, 3.1415730356114673, 4.712394410518233, 1.9999964361949552, 2.474078718598902e-06, 3.141584906537205, 1.5707758985536167, 3.141594179324026, 3.1415777822065105, 4.2123932783787525, 4.712389135553172, -4.41857284677681e-06, 3.3966571631134018e-06, 3.5707963516691086, 4.712385704113799, -1.8555054271990135e-05, 3.1415800420505833, 3.5707924414335985, 3.1415949280923092, 3.141594205539063, -4.1787999770345445e-06, 4.712386310469134, 4.712388770354109, 4.712397492624039, -5.0921732126244165e-06, 3.141601238778182, 8.832103309120382e-07, 9.240882732462882e-06, -1.1376913806743895e-05, 1.570796007661167, -1.6160942559618285e-07, 1.5708070133650178, 4.430316753436094e-06, -1.1881652012571912e-06, 3.141590735990165]",0.0
606,1.666745195659967,"[5.141594291249034, -3.001233435891195e-05, 4.7124289738865714, 1.5708000829009114, 6.712401650229921, 0.0002836291741104214, 3.141573035665343, 4.71239441071061, 1.9999964362139901, 2.473827266307882e-06, 3.141584906508528, 1.5707758985795435, 3.1415941795410722, 3.141577782238183, 4.212393278480368, 4.712389135450331, -4.4186694184677896e-06, 3.396595849577605e-06, 3.570796351432233, 4.712385704196922, -1.8555113540883968e-05, 3.141580042037563, 3.570792441215978, 3.141594928103789, 3.1415942053896315, -4.178689985002574e-06, 4.712386310261396, 4.712388770397932, 4.712397492609328, -5.09232491896561e-06, 3.1416012387442347, 8.832275072532903e-07, 9.241037508545073e-06, -1.1376736915122098e-05, 1.570796007983151, -1.6178442281671654e-07, 1.5708070135490435, 4.430123369159361e-06, -1.1878832335690568e-06, 3.14159073610925]",0.0
607,1.6772816187205477,"[5.141594291386947, -3.0012233229774154e-05, 4.712428973783903, 1.5708000831700175, 6.71240165014409, 0.0002836292936126582, 3.14157303576426, 4.712394410862977, 1.9999964362307687, 2.4741725152306978e-06, 3.1415849064591703, 1.570775898705757, 3.141594179511149, 3.1415777822823387, 4.212393278666229, 4.712389135420083, -4.41876944187039e-06, 3.396510846106671e-06, 3.5707963517344097, 4.712385703885694, -1.8555026127059572e-05, 3.1415800420968596, 3.570792441317972, 3.1415949276924473, 3.1415942053972468, -4.178489437633834e-06, 4.7123863103830415, 4.712388770610129, 4.712397492720889, -5.092482481573164e-06, 3.141601238579899, 8.831224468268862e-07, 9.241076687583723e-06, -1.1376423711266329e-05, 1.5707960079338865, -1.618365652198738e-07, 1.5708070135296497, 4.430010735266444e-06, -1.1881415889081046e-06, 3.1415907362326285]",0.0
608,1.669718602592099,"[5.141594291233134, -3.001235496635225e-05, 4.712428973804876, 1.5708000829714925, 6.71240164995448, 0.00028362918780933333, 3.141573035576073, 4.712394410897196, 1.9999964361746307, 2.4738818414535305e-06, 3.1415849065018375, 1.5707758985770304, 3.141594179397597, 3.141577782258788, 4.212393278573542, 4.712389135393532, -4.418797889863555e-06, 3.3966344026961347e-06, 3.5707963513810688, 4.712385704138725, -1.855494105841976e-05, 3.141580042022824, 3.5707924414436216, 3.1415949280453415, 3.1415942054366957, -4.178668510991315e-06, 4.712386310439457, 4.712388770148488, 4.712397492716618, -5.0923684741650456e-06, 3.1416012387519303, 8.832086992858128e-07, 9.240963714780635e-06, -1.137666211548358e-05, 1.5707960078457186, -1.6177598721434747e-07, 1.5708070135531784, 4.4301634864612936e-06, -1.1879980505256178e-06, 3.141590736133281]",0.0
609,1.6774165776329477,"[5.1415942911945836, -3.0012469546101822e-05, 4.712428973819497, 1.5708000829972995, 6.712401649841732, 0.000283629508390438, 3.1415730357751337, 4.71239441079064, 1.9999964363350642, 2.474104638369295e-06, 3.141584906138204, 1.5707758984640514, 3.141594179724096, 3.141577782205283, 4.21239327857712, 4.7123891353182605, -4.4186915828589955e-06, 3.3965369902648318e-06, 3.5707963515248076, 4.712385703975472, -1.855506677655263e-05, 3.141580041966506, 3.5707924412953025, 3.14159492805984, 3.141594205406401, -4.178881694327321e-06, 4.71238631015629, 4.712388770425489, 4.712397492830985, -5.0921458752309075e-06, 3.141601238820962, 8.832687592174708e-07, 9.24083274418375e-06, -1.1376877990588969e-05, 1.5707960075829126, -1.616976618902958e-07, 1.5708070136062946, 4.4301464414994745e-06, -1.1878209972022635e-06, 3.1415907359276485]",0.0
610,1.6758543109507102,"[5.141594291330763, -3.0012372274323117e-05, 4.712428973662971, 1.5708000830847697, 6.712401650118032, 0.0002836291674761654, 3.1415730357441523, 4.712394410886738, 1.9999964363070624, 2.473889317376987e-06, 3.1415849065486054, 1.5707758986075508, 3.141594179518842, 3.141577782172316, 4.2123932784528115, 4.712389135298434, -4.418840532894706e-06, 3.3966118666857476e-06, 3.5707963515140975, 4.712385704292594, -1.8554997811506352e-05, 3.141580042114445, 3.5707924413002363, 3.141594928141067, 3.1415942053437402, -4.178655533464506e-06, 4.712386310409555, 4.71238877041562, 4.71239749274681, -5.092354533120037e-06, 3.1416012385665963, 8.832936000236024e-07, 9.240999285229401e-06, -1.1376678237561131e-05, 1.5707960077514143, -1.616709617770423e-07, 1.5708070136581609, 4.430216507188695e-06, -1.187849016268679e-06, 3.141590736082345]",0.0
611,1.6760538607776547,"[5.141594291375319, -3.0012328582020096e-05, 4.712428973754021, 1.5708000830156905, 6.712401650172926, 0.0002836289633012297, 3.1415730356207168, 4.712394411045998, 1.9999964364788503, 2.4738381873579426e-06, 3.141584906161799, 1.570775898692941, 3.141594179487055, 3.1415777824147857, 4.21239327853971, 4.712389135147538, -4.418417228535275e-06, 3.3964363028562156e-06, 3.570796351551552, 4.712385704130992, -1.8555253788884247e-05, 3.141580042189144, 3.5707924412190772, 3.1415949280151128, 3.14159420543727, -4.178635481138126e-06, 4.712386310366484, 4.7123887699845834, 4.7123974924642615, -5.092281487161064e-06, 3.141601238660651, 8.835029546678995e-07, 9.241102127568269e-06, -1.1376664595987361e-05, 1.5707960076974152, -1.6178410546350553e-07, 1.5708070135649823, 4.430038417269989e-06, -1.1879760638293331e-06, 3.1415907361530415]",0.0
612,1.6763756212102106,"[5.141594291408874, -3.001232801508649e-05, 4.712428973708279, 1.5708000830321414, 6.712401650103143, 0.0002836292642223504, 3.1415730357515748, 4.712394410841148, 1.99999643629555, 2.4737622233571085e-06, 3.1415849064531765, 1.5707758983786269, 3.141594179348476, 3.1415777822825137, 4.212393278563724, 4.712389135377568, -4.418701199173819e-06, 3.3965438945315015e-06, 3.5707963515754035, 4.712385704171341, -1.855498738631182e-05, 3.1415800420788624, 3.570792441195462, 3.141594928022972, 3.141594205356825, -4.178671422919215e-06, 4.712386310387426, 4.712388770292967, 4.712397492671712, -5.092321548290534e-06, 3.1416012386737977, 8.830967896704172e-07, 9.240933635180343e-06, -1.1376807964225632e-05, 1.5707960077690868, -1.6188976629333037e-07, 1.5708070134558425, 4.430207384462026e-06, -1.1878691271285227e-06, 3.141590736220549]",0.0
613,1.6758375886579355,"[5.141594291143141, -3.0012245591791444e-05, 4.712428973464611, 1.5708000827327058, 6.712401650306697, 0.00028362924566450006, 3.1415730356363616, 4.712394410760563, 1.9999964363159346, 2.4738471570265212e-06, 3.141584906364268, 1.570775898801931, 3.1415941797190654, 3.141577782146008, 4.212393278589435, 4.712389135556888, -4.418830425198725e-06, 3.396589339708997e-06, 3.5707963514794736, 4.712385704090696, -1.8555009992472725e-05, 3.1415800422657987, 3.5707924415101258, 3.141594928050419, 3.141594205597847, -4.17862043486689e-06, 4.712386310395675, 4.7123887701718346, 4.712397492751122, -5.092077409218762e-06, 3.1416012385363374, 8.830110554511069e-07, 9.24098850751863e-06, -1.1376686849176206e-05, 1.5707960077189007, -1.6188518045722104e-07, 1.5708070134551628, 4.430055342522217e-06, -1.1876191082904242e-06, 3.141590736372027]",0.0
614,1.675381770864866,"[5.141594291323552, -3.001234734075209e-05, 4.712428973754615, 1.5708000831095081, 6.712401650160007, 0.00028362920623738023, 3.1415730358087495, 4.712394410746469, 1.9999964362379568, 2.4738298514131457e-06, 3.1415849063908334, 1.5707758985843416, 3.1415941795177567, 3.1415777822408235, 4.2123932785017795, 4.712389135501688, -4.418786867804002e-06, 3.3966412507845415e-06, 3.570796351535856, 4.712385704144579, -1.8555088902227452e-05, 3.1415800419579583, 3.5707924413496888, 3.1415949279591833, 3.141594205260847, -4.178806989642027e-06, 4.7123863103662025, 4.7123887700979346, 4.712397492632003, -5.092389852000558e-06, 3.1416012385584233, 8.831637672783369e-07, 9.240953357470736e-06, -1.1376692998289478e-05, 1.5707960078275423, -1.616034558715592e-07, 1.570807013527833, 4.4300613961039516e-06, -1.1878568448972315e-06, 3.1415907361328173]",0.0
615,1.6744799105795343,"[5.141594291351939, -3.0012196612931438e-05, 4.712428974012223, 1.570800083267354, 6.712401650097616, 0.00028362915485092904, 3.141573035527729, 4.712394410617564, 1.9999964364647338, 2.4738392251715642e-06, 3.1415849066148884, 1.5707758987769667, 3.141594179678871, 3.141577782315005, 4.21239327841935, 4.712389135442509, -4.418625648584052e-06, 3.3966363670654635e-06, 3.5707963512895744, 4.7123857040781045, -1.8554986519990456e-05, 3.141580042089972, 3.570792441037352, 3.141594927795788, 3.1415942054339294, -4.1786625761036236e-06, 4.712386310573509, 4.712388770133523, 4.712397492975681, -5.09226485310702e-06, 3.1416012385191205, 8.831807055640343e-07, 9.240807882877471e-06, -1.1376804534881786e-05, 1.5707960077609027, -1.6196149616595364e-07, 1.5708070135984944, 4.430272587642646e-06, -1.1878201430648668e-06, 3.141590735986081]",0.0
616,1.678990998269752,"[5.1415942914969595, -3.001230344703405e-05, 4.712428973580559, 1.5708000828999618, 6.712401649923248, 0.00028362904939978903, 3.1415730357924634, 4.712394410880412, 1.9999964362380152, 2.4740247945089706e-06, 3.1415849066517088, 1.5707758984997038, 3.1415941793520523, 3.141577782302412, 4.212393278295344, 4.7123891354040275, -4.418736029115367e-06, 3.396451595437781e-06, 3.570796351306775, 4.712385703921076, -1.8555254172138734e-05, 3.1415800421979223, 3.570792441361719, 3.141594927996881, 3.141594205083621, -4.178705670912562e-06, 4.712386310373027, 4.712388770250325, 4.712397492710989, -5.092003957833532e-06, 3.1416012387205505, 8.831405371921619e-07, 9.240895222963855e-06, -1.137649131667287e-05, 1.5707960080268757, -1.6184913941898968e-07, 1.570807013501123, 4.4300359487697966e-06, -1.1876582428465235e-06, 3.1415907358775668]",0.0
617,1.6789849298236905,"[5.1415942912517805, -3.0012505747749652e-05, 4.712428973645006, 1.5708000829417712, 6.712401650055096, 0.00028362924827379327, 3.1415730356955804, 4.712394410794945, 1.9999964363523874, 2.473962501461591e-06, 3.1415849065656736, 1.570775898615499, 3.1415941793822455, 3.141577782222851, 4.212393278471642, 4.712389135500007, -4.418651338947496e-06, 3.3966191969802623e-06, 3.5707963515632213, 4.712385704195421, -1.855504040654316e-05, 3.1415800420989863, 3.5707924412240435, 3.1415949278289657, 3.1415942054577397, -4.178747308527465e-06, 4.7123863102903565, 4.712388770195547, 4.712397492753796, -5.092382824442917e-06, 3.1416012387156003, 8.833483364542822e-07, 9.241026283278487e-06, -1.1376681524113842e-05, 1.5707960079051877, -1.617263498175581e-07, 1.5708070135165844, 4.430255777812046e-06, -1.1877728736489846e-06, 3.1415907361785216]",0.0
618,1.6777991496465545,"[5.141594291240573, -3.0012359979124658e-05, 4.712428973690837, 1.5708000830029505, 6.712401650092537, 0.00028362923562623676, 3.141573035675667, 4.712394410840461, 1.9999964362465155, 2.473847798841635e-06, 3.1415849065760675, 1.5707758985294815, 3.141594179546324, 3.141577782254851, 4.212393278433119, 4.712389135432625, -4.418653749511825e-06, 3.3965806405619906e-06, 3.5707963515432404, 4.712385704134342, -1.855512132953614e-05, 3.141580042075773, 3.570792441297491, 3.14159492800288, 3.141594205336866, -4.1787246504287035e-06, 4.71238631036058, 4.712388770236187, 4.712397492773873, -5.092318809563627e-06, 3.1416012386629686, 8.832091884567951e-07, 9.241018251403346e-06, -1.1376689936407363e-05, 1.5707960077601777, -1.6178288056023916e-07, 1.5708070135638084, 4.430124700277259e-06, -1.1879557092918292e-06, 3.141590736170103]",0.0
619,1.6741723728442262,"[5.141594291194486, -3.001238016328636e-05, 4.712428973808985, 1.5708000830212432, 6.712401650026013, 0.0002836290720652493, 3.141573035926848, 4.712394410901297, 1.9999964363407032, 2.4737574302956555e-06, 3.14158490650853, 1.5707758986798535, 3.141594179404218, 3.1415777823522584, 4.21239327841884, 4.712389135464493, -4.418625445515649e-06, 3.3966157111549513e-06, 3.5707963515191024, 4.712385704146469, -1.8555049654626396e-05, 3.1415800420397093, 3.5707924413793815, 3.1415949280560453, 3.141594205515142, -4.178751377812724e-06, 4.712386310243067, 4.712388770343029, 4.712397492813176, -5.092306408340627e-06, 3.1416012386051126, 8.831607516795529e-07, 9.24087057507721e-06, -1.137667005604505e-05, 1.5707960078335355, -1.6180710817053035e-07, 1.5708070135373318, 4.430107002754552e-06, -1.187922064475085e-06, 3.141590736167344]",0.0
620,1.679929169549427,"[5.141594291268741, -3.0012347591824555e-05, 4.712428973732666, 1.5708000829869404, 6.712401650153654, 0.0002836291927803188, 3.1415730357277063, 4.712394410868983, 1.999996436378926, 2.473937200039845e-06, 3.141584906530923, 1.5707758985187672, 3.141594179484246, 3.1415777822698296, 4.212393278428103, 4.712389135449387, -4.4187210162312744e-06, 3.3965918193923447e-06, 3.5707963514442707, 4.71238570405983, -1.8555043815847056e-05, 3.1415800420008986, 3.5707924413510694, 3.1415949280247775, 3.1415942053778605, -4.178727506225807e-06, 4.712386310330673, 4.712388770265054, 4.712397492701063, -5.092347232938814e-06, 3.141601238592794, 8.83259840894931e-07, 9.240999432379256e-06, -1.1376736381854683e-05, 1.5707960078019945, -1.618122795637524e-07, 1.5708070135294387, 4.430186520565096e-06, -1.1879091511240054e-06, 3.1415907361764495]",0.0
621,1.6785600392152575,"[5.141594290994645, -3.0012307049600677e-05, 4.7124289737822, 1.5708000830261517, 6.712401650133429, 0.000283629171171474, 3.1415730357643743, 4.7123944108604, 1.99999643635922, 2.4738891475090307e-06, 3.141584906449975, 1.5707758984408424, 3.141594179371371, 3.141577782218389, 4.212393278534163, 4.712389135570104, -4.418692967376453e-06, 3.396577268487348e-06, 3.570796351439486, 4.712385704208705, -1.855510067763576e-05, 3.141580042043665, 3.5707924412150303, 3.1415949279554387, 3.141594205381818, -4.178678381947143e-06, 4.7123863105193955, 4.712388770327956, 4.712397492656193, -5.092239909198121e-06, 3.1416012386647503, 8.832217415499944e-07, 9.24098400764204e-06, -1.1376555789505689e-05, 1.5707960077246688, -1.6175847448786198e-07, 1.5708070136037686, 4.430117191882848e-06, -1.1878612796907506e-06, 3.141590736087304]",0.0
622,1.6757944444443262,"[5.141594291213626, -3.0012394871252023e-05, 4.712428973710457, 1.5708000829959567, 6.712401650073586, 0.0002836291538181324, 3.141573035774273, 4.712394410821855, 1.9999964363072877, 2.4738180713897397e-06, 3.141584906543011, 1.5707758985379778, 3.1415941795737865, 3.1415777822312485, 4.212393278481048, 4.712389135383296, -4.418686658884459e-06, 3.3965806380648205e-06, 3.5707963515009484, 4.7123857041111075, -1.8555031557986267e-05, 3.141580041992231, 3.57079244131081, 3.1415949279383795, 3.141594205383585, -4.178652377056921e-06, 4.712386310377451, 4.712388770273242, 4.712397492643223, -5.092267717783667e-06, 3.141601238652537, 8.832288624433368e-07, 9.240958857829153e-06, -1.1376651763588343e-05, 1.5707960078072798, -1.6176281477541968e-07, 1.570807013494139, 4.4302204419975264e-06, -1.1879060410601115e-06, 3.1415907361381996]",0.0
623,1.6764202160589075,"[5.141594291214249, -3.0012339623013547e-05, 4.712428973670256, 1.5708000829644795, 6.7124016501981165, 0.000283629188629889, 3.1415730357199045, 4.712394410863484, 1.9999964363842366, 2.4739547422454556e-06, 3.1415849065439962, 1.570775898606203, 3.1415941794055944, 3.1415777821583735, 4.212393278566839, 4.7123891352448695, -4.418683799177967e-06, 3.396737363070029e-06, 3.570796351452446, 4.712385704217691, -1.8555084936568325e-05, 3.1415800419465443, 3.570792441221234, 3.141594927944534, 3.141594205360399, -4.178773245038075e-06, 4.712386310234952, 4.712388770203684, 4.712397492728979, -5.092198935585053e-06, 3.141601238635892, 8.83032411057448e-07, 9.240967435874488e-06, -1.1376649112012353e-05, 1.5707960078330725, -1.6180032769677327e-07, 1.5708070136072403, 4.430153451125332e-06, -1.1880180399171565e-06, 3.141590736105806]",0.0
624,1.6764363613158115,"[5.141594291127053, -3.0012358635621478e-05, 4.712428973700323, 1.5708000830397508, 6.7124016500786405, 0.0002836291500415053, 3.141573035717519, 4.712394410796284, 1.9999964363392106, 2.473872137139842e-06, 3.141584906529319, 1.5707758985741715, 3.1415941794653666, 3.1415777822730067, 4.2123932784916445, 4.712389135375764, -4.418803047558443e-06, 3.396547711472545e-06, 3.570796351557215, 4.7123857041139985, -1.855508570150086e-05, 3.1415800420734574, 3.5707924412878076, 3.1415949279898525, 3.141594205357431, -4.178738815149232e-06, 4.71238631034116, 4.712388770248637, 4.712397492685088, -5.092324084748965e-06, 3.1416012386444003, 8.83211616164819e-07, 9.240981351689369e-06, -1.1376748760522301e-05, 1.5707960078453589, -1.618412388693345e-07, 1.5708070135598529, 4.4301397257473255e-06, -1.1879028458314475e-06, 3.141590736120117]",0.0
625,1.6759148197961973,"[5.14159429130081, -3.0012535365697622e-05, 4.712428973787382, 1.5708000829573099, 6.712401650020402, 0.00028362914440846834, 3.1415730356426774, 4.712394410807799, 1.9999964364476868, 2.473952001881619e-06, 3.141584906586269, 1.5707758985527567, 3.1415941795025555, 3.1415777823475968, 4.212393278490294, 4.712389135501597, -4.418702373827639e-06, 3.396675403554151e-06, 3.570796351644801, 4.712385704151094, -1.8555084471413745e-05, 3.1415800419500997, 3.570792441299862, 3.1415949280697895, 3.141594205395303, -4.1785652379931835e-06, 4.7123863104330255, 4.712388770258988, 4.7123974926223955, -5.092231068198365e-06, 3.1416012386377643, 8.830913865291709e-07, 9.240968352571643e-06, -1.1376748659547438e-05, 1.570796007812411, -1.6174605832014952e-07, 1.5708070136785774, 4.430045229382833e-06, -1.187871583740203e-06, 3.1415907361627613]",0.0
626,1.6755657210637518,"[5.141594291256629, -3.0012377891490882e-05, 4.712428973755366, 1.5708000829995645, 6.712401650129661, 0.00028362920668014357, 3.1415730357743326, 4.7123944108064855, 1.999996436389981, 2.473895577572255e-06, 3.1415849065203436, 1.5707758985325646, 3.1415941795149167, 3.141577782232573, 4.212393278439159, 4.712389135455332, -4.418731108202531e-06, 3.3966199593303813e-06, 3.570796351548202, 4.712385704173668, -1.855497762560522e-05, 3.1415800421158218, 3.570792441307005, 3.1415949280210533, 3.14159420537393, -4.17871024157416e-06, 4.7123863103471315, 4.71238877020738, 4.712397492691541, -5.09228789917193e-06, 3.14160123870518, 8.832215340648999e-07, 9.240973999549923e-06, -1.1376631604947216e-05, 1.5707960078044252, -1.618331190106367e-07, 1.5708070135288492, 4.430110148992308e-06, -1.187966019647779e-06, 3.1415907360856856]",0.0
627,1.665951516703516,"[5.141594291227372, -3.0012383113551906e-05, 4.712428973656877, 1.5708000829512867, 6.712401650105736, 0.00028362913004511983, 3.14157303575151, 4.7123944107955795, 1.9999964363944704, 2.473800146222346e-06, 3.141584906404865, 1.5707758985956093, 3.1415941794542857, 3.1415777821284014, 4.21239327850855, 4.712389135531037, -4.418606257731449e-06, 3.396530184015264e-06, 3.570796351479377, 4.712385704105542, -1.8555043797721534e-05, 3.1415800420638664, 3.5707924413886127, 3.141594927971469, 3.141594205234816, -4.178525832996318e-06, 4.712386310295313, 4.7123887702443925, 4.7123974927661525, -5.092427452687574e-06, 3.1416012386925454, 8.831260376955088e-07, 9.240986220018634e-06, -1.1376763954588122e-05, 1.5707960078231709, -1.6180853907694666e-07, 1.5708070137128147, 4.430237866926782e-06, -1.187956848674838e-06, 3.1415907360267696]",0.0
628,1.6736851067295404,"[5.141594291242083, -3.001241395082836e-05, 4.712428973771476, 1.5708000830205435, 6.712401650132772, 0.0002836291908916293, 3.1415730357154077, 4.712394410854124, 1.9999964363775702, 2.473899635592427e-06, 3.1415849065305133, 1.570775898563887, 3.141594179481217, 3.141577782200523, 4.212393278529115, 4.712389135439023, -4.4186999539731204e-06, 3.3964943084119736e-06, 3.57079635151211, 4.7123857042169535, -1.855511260238583e-05, 3.1415800420273725, 3.570792441367455, 3.14159492799285, 3.141594205349772, -4.1786954640914185e-06, 4.7123863103875525, 4.712388770262129, 4.712397492767953, -5.09226308927652e-06, 3.1416012386440713, 8.832075385634249e-07, 9.240953166922123e-06, -1.1376721780151281e-05, 1.5707960078486893, -1.6177072101043785e-07, 1.5708070134741432, 4.430143656231048e-06, -1.18793621895599e-06, 3.141590736138278]",0.0
629,1.6706404317335506,"[5.1415942911803265, -3.0012350166352498e-05, 4.712428973728237, 1.570800082931869, 6.712401650167472, 0.000283629134707541, 3.1415730356791176, 4.712394410825724, 1.9999964364193519, 2.473835553096974e-06, 3.141584906577764, 1.5707758986456284, 3.1415941794494673, 3.1415777822851005, 4.212393278625518, 4.712389135392782, -4.41865158453494e-06, 3.396661740423222e-06, 3.570796351573327, 4.712385704009097, -1.855498542599439e-05, 3.14158004199689, 3.5707924412497167, 3.1415949281189923, 3.141594205200476, -4.178696894209e-06, 4.71238631038375, 4.7123887702928995, 4.712397492820295, -5.092391454148784e-06, 3.1416012387557357, 8.832418414870422e-07, 9.240931253122474e-06, -1.1376629505189359e-05, 1.5707960077446133, -1.6170279055428368e-07, 1.5708070134013996, 4.430099145061641e-06, -1.1878281089166622e-06, 3.1415907361125206]",0.0
630,1.6731427363562288,"[5.141594291249803, -3.001241476913906e-05, 4.712428973783958, 1.5708000829199213, 6.712401650110692, 0.00028362912186954736, 3.1415730356787184, 4.712394410832232, 1.9999964363571074, 2.4738507652299205e-06, 3.1415849065195873, 1.5707758985304083, 3.1415941794755193, 3.1415777822467867, 4.212393278482285, 4.71238913541365, -4.4187157755517885e-06, 3.3965545480067666e-06, 3.570796351507455, 4.7123857041150465, -1.8555023021345173e-05, 3.1415800421134468, 3.5707924413099876, 3.1415949279325566, 3.1415942053690387, -4.178781472326734e-06, 4.71238631035952, 4.712388770300797, 4.712397492709479, -5.0923246302764226e-06, 3.14160123861104, 8.8313840132038e-07, 9.24100439398718e-06, -1.1376684271699887e-05, 1.570796007758272, -1.6172018791990606e-07, 1.5708070135515322, 4.4301490585845375e-06, -1.1879198490406415e-06, 3.1415907361048907]",0.0
631,1.6796892558372805,"[5.1415942912433135, -3.0012413928611798e-05, 4.7124289736284695, 1.5708000830749829, 6.712401650083539, 0.00028362921487904856, 3.1415730357429665, 4.712394410849516, 1.9999964364422025, 2.4738299965520113e-06, 3.1415849065369215, 1.5707758984821543, 3.141594179537541, 3.1415777821558186, 4.212393278535718, 4.712389135409309, -4.418658042556508e-06, 3.3965816820918824e-06, 3.5707963514414955, 4.712385704020353, -1.8555142365173454e-05, 3.141580042091123, 3.570792441242102, 3.1415949281208695, 3.141594205575607, -4.178728979646914e-06, 4.712386310447065, 4.7123887702372595, 4.712397492724327, -5.092444108086976e-06, 3.141601238666136, 8.830869837531267e-07, 9.241014887811624e-06, -1.1376664425257737e-05, 1.5707960079379728, -1.6169434491448194e-07, 1.5708070135054129, 4.430103704242767e-06, -1.187921132296909e-06, 3.1415907360292104]",0.0
632,1.678095173537573,"[5.141594291249985, -3.001229510740549e-05, 4.712428973702293, 1.5708000829678572, 6.712401650081863, 0.00028362918407126255, 3.141573035667922, 4.712394410870958, 1.9999964364316178, 2.4738442308381332e-06, 3.141584906468629, 1.5707758985902756, 3.141594179465899, 3.1415777822171203, 4.212393278408218, 4.712389135441403, -4.418760349011748e-06, 3.3965543776213573e-06, 3.570796351524563, 4.712385704151777, -1.8555026530659716e-05, 3.141580041977918, 3.5707924412740435, 3.1415949279679305, 3.141594205393734, -4.178699466649857e-06, 4.712386310357968, 4.712388770295415, 4.712397492681417, -5.092316710382323e-06, 3.141601238690974, 8.831907743447544e-07, 9.240914847124012e-06, -1.1376686013462532e-05, 1.5707960078490961, -1.6173237579372444e-07, 1.5708070135261767, 4.430126834862884e-06, -1.1879097895958287e-06, 3.141590736120864]",0.0
633,1.67598006022536,"[5.1415942912170465, -3.001229816380903e-05, 4.712428973640558, 1.570800082984738, 6.7124016500487045, 0.00028362927995601744, 3.1415730356107714, 4.712394410907363, 1.9999964361872535, 2.473775079188315e-06, 3.141584906602698, 1.5707758985252627, 3.141594179577213, 3.1415777822523885, 4.212393278374162, 4.712389135494969, -4.418589895383649e-06, 3.396611843383901e-06, 3.5707963515879326, 4.712385704150872, -1.855519049478535e-05, 3.141580042060023, 3.5707924412493597, 3.1415949280119744, 3.1415942053064656, -4.1787362966883005e-06, 4.712386310354745, 4.712388770246348, 4.712397492845041, -5.092310538088945e-06, 3.1416012386699212, 8.832051428181739e-07, 9.24101379659312e-06, -1.137667380438004e-05, 1.5707960077315053, -1.6176789523866155e-07, 1.570807013612215, 4.430074292385052e-06, -1.1880199981923989e-06, 3.1415907362038307]",0.0
634,1.6739325981395887,"[5.141594291265723, -3.0012449518288058e-05, 4.712428973708014, 1.5708000830667601, 6.712401650125098, 0.0002836291734375527, 3.1415730357159855, 4.712394410784402, 1.9999964363606395, 2.4738170034831225e-06, 3.14158490651086, 1.5707758985932088, 3.1415941794349207, 3.141577782193942, 4.212393278452774, 4.712389135414145, -4.418729164753799e-06, 3.3965886841294764e-06, 3.5707963514408583, 4.712385704094848, -1.8555063321723767e-05, 3.141580042017504, 3.570792441312712, 3.1415949279725197, 3.1415942053747816, -4.178709324132752e-06, 4.712386310367198, 4.71238877030325, 4.712397492719658, -5.09228182669828e-06, 3.1416012387401495, 8.832109093712869e-07, 9.241023860659969e-06, -1.1376687546409323e-05, 1.5707960077536678, -1.6179387961710173e-07, 1.5708070135629648, 4.430073096690529e-06, -1.1879111962536354e-06, 3.1415907361869304]",0.0
635,1.6696932397789879,"[5.141594291224095, -3.001237470150915e-05, 4.712428973731568, 1.5708000829920714, 6.712401650101146, 0.000283629175321144, 3.141573035728819, 4.712394410809687, 1.9999964363671086, 2.4738807473444077e-06, 3.1415849065279895, 1.5707758985530815, 3.141594179481641, 3.1415777822303053, 4.212393278461844, 4.712389135411028, -4.41869293243988e-06, 3.3965778086762645e-06, 3.5707963514815515, 4.712385704143493, -1.8555077570499097e-05, 3.1415800420652036, 3.5707924413030248, 3.1415949280231734, 3.141594205360494, -4.178720660300714e-06, 4.712386310368667, 4.712388770242902, 4.712397492694619, -5.092325583344282e-06, 3.141601238690918, 8.831842271170924e-07, 9.240918558685731e-06, -1.1376686245627738e-05, 1.5707960077952199, -1.6175505923302126e-07, 1.5708070135700316, 4.430165395383917e-06, -1.1878983930699788e-06, 3.1415907361837885]",0.0
636,1.6784129354922765,"[5.1415942912589, -3.0012326895322582e-05, 4.712428973750602, 1.570800083033942, 6.712401650122806, 0.00028362921177994816, 3.1415730357438005, 4.7123944108021005, 1.9999964363160538, 2.4739767362776873e-06, 3.1415849065082946, 1.5707758986032774, 3.1415941794815834, 3.1415777822648834, 4.212393278502114, 4.712389135396589, -4.418688338393175e-06, 3.3965428357746926e-06, 3.5707963515479255, 4.712385704088149, -1.8555070989716836e-05, 3.141580042068403, 3.570792441316465, 3.1415949279401425, 3.141594205382569, -4.178644627799798e-06, 4.712386310371129, 4.712388770333829, 4.712397492710976, -5.092378011697798e-06, 3.141601238683694, 8.831452924905473e-07, 9.2409682721384e-06, -1.1376609225401295e-05, 1.5707960078146346, -1.6176793968650891e-07, 1.5708070135648098, 4.430125315283403e-06, -1.1879419333748206e-06, 3.141590736188079]",0.0
637,1.6739096491019732,"[5.141594291253637, -3.0012359130362008e-05, 4.712428973750743, 1.5708000830250304, 6.712401650106893, 0.00028362914761173894, 3.141573035695467, 4.71239441079966, 1.999996436345629, 2.473886502553474e-06, 3.1415849065074832, 1.5707758985623077, 3.1415941794998368, 3.14157778222996, 4.212393278469332, 4.712389135420449, -4.4186907955920365e-06, 3.3965872348376867e-06, 3.570796351500443, 4.71238570413253, -1.8555055280407484e-05, 3.141580042024404, 3.570792441275103, 3.141594927983492, 3.141594205390046, -4.178702334378036e-06, 4.712386310383012, 4.712388770250258, 4.712397492756349, -5.092324942439983e-06, 3.1416012386479646, 8.831914568476272e-07, 9.240949001231036e-06, -1.1376672766851137e-05, 1.570796007799568, -1.6181361632189344e-07, 1.570807013559404, 4.430148360046521e-06, -1.1878786411716726e-06, 3.141590736125198]",0.0
638,1.6723332851283574,"[5.1415942912307, -3.001232439947528e-05, 4.712428973766251, 1.5708000830400626, 6.712401650116536, 0.0002836292613277285, 3.141573035728701, 4.712394410798998, 1.9999964363784348, 2.473853090255553e-06, 3.141584906570892, 1.5707758986406972, 3.1415941794759403, 3.1415777823277526, 4.212393278453987, 4.712389135416226, -4.418679456335806e-06, 3.396579236521199e-06, 3.5707963514367536, 4.712385704136967, -1.855504760201665e-05, 3.1415800420794358, 3.5707924412805387, 3.1415949279665694, 3.141594205376604, -4.1786633501605845e-06, 4.712386310395235, 4.712388770232329, 4.712397492721232, -5.092283459296564e-06, 3.141601238671911, 8.831595172371471e-07, 9.240991254218522e-06, -1.1376752661740388e-05, 1.5707960077727723, -1.6172946432789656e-07, 1.5708070135464582, 4.4301772382454856e-06, -1.1878981356776389e-06, 3.1415907360798796]",0.0
639,1.6752832317728226,"[5.141594291244818, -3.0012328957763315e-05, 4.712428973755055, 1.5708000829881121, 6.71240165007977, 0.000283629194848099, 3.1415730357288436, 4.712394410790026, 1.9999964363630678, 2.4738671089480965e-06, 3.141584906545041, 1.5707758985545608, 3.1415941794483184, 3.1415777822037563, 4.212393278482759, 4.712389135409046, -4.418703395488251e-06, 3.396578482279695e-06, 3.570796351522742, 4.712385704124348, -1.8555084974058146e-05, 3.1415800420364883, 3.5707924413192025, 3.1415949280041358, 3.1415942053954535, -4.178678471748581e-06, 4.712386310339679, 4.712388770249671, 4.712397492709098, -5.092313349528898e-06, 3.141601238648112, 8.83205274043219e-07, 9.24099064262654e-06, -1.137667499074005e-05, 1.5707960077754624, -1.617616649451447e-07, 1.5708070135481518, 4.430136786500818e-06, -1.1878931412797456e-06, 3.1415907361312705]",0.0
640,1.6793230974373468,"[5.14159429118183, -3.001243025829264e-05, 4.712428973752491, 1.570800082955704, 6.71240165012594, 0.0002836292100461891, 3.1415730357450644, 4.712394410813268, 1.9999964362960925, 2.473904652817768e-06, 3.1415849064664365, 1.5707758985844964, 3.1415941794226794, 3.1415777822035795, 4.212393278357334, 4.712389135363793, -4.4186845569587185e-06, 3.3965584788916806e-06, 3.5707963515274015, 4.712385704108809, -1.8555038083131027e-05, 3.1415800420259696, 3.570792441265679, 3.14159492804417, 3.1415942053644743, -4.17865443835014e-06, 4.7123863104119685, 4.712388770227984, 4.71239749273669, -5.092315607217962e-06, 3.141601238630813, 8.831584321324327e-07, 9.240991410392564e-06, -1.1376695446850495e-05, 1.5707960078086258, -1.6175544003020643e-07, 1.5708070135084096, 4.43014218115045e-06, -1.187910862073417e-06, 3.141590736137252]",0.0
641,1.684501559293592,"[5.141594291235279, -3.001238811452557e-05, 4.712428973756692, 1.5708000830226718, 6.712401650070529, 0.0002836292056857322, 3.1415730357365534, 4.712394410824397, 1.9999964363497043, 2.4739048947767e-06, 3.141584906498379, 1.570775898532849, 3.1415941794762574, 3.1415777822539575, 4.212393278468421, 4.712389135397969, -4.418685677436263e-06, 3.3965728707273526e-06, 3.5707963515086423, 4.712385704124325, -1.855506697732455e-05, 3.1415800420087905, 3.570792441288841, 3.1415949279973834, 3.1415942053625847, -4.178720240354479e-06, 4.712386310342166, 4.712388770281175, 4.712397492721778, -5.092324490171637e-06, 3.141601238696671, 8.832071643767753e-07, 9.240964131052851e-06, -1.1376698522624816e-05, 1.5707960077873495, -1.617530401547372e-07, 1.5708070135617958, 4.43014936643459e-06, -1.1879176565246393e-06, 3.141590736092552]",0.0
642,1.6758598209092292,"[5.141594291208996, -3.001236032423438e-05, 4.712428973662825, 1.5708000829417617, 6.7124016501231125, 0.0002836292311136285, 3.141573035717083, 4.7123944108163895, 1.99999643632196, 2.473906692739775e-06, 3.141584906430857, 1.5707758985876283, 3.1415941795473357, 3.141577782252213, 4.212393278516254, 4.71238913542957, -4.418710935755139e-06, 3.3965707134375935e-06, 3.570796351500224, 4.712385704134153, -1.855505093740536e-05, 3.1415800420634605, 3.5707924413607715, 3.1415949280276996, 3.1415942054334645, -4.178706565000037e-06, 4.712386310334973, 4.712388770266919, 4.7123974927385825, -5.092253755701058e-06, 3.141601238691626, 8.831504411324396e-07, 9.240974170943902e-06, -1.1376705522462605e-05, 1.5707960077459546, -1.617787164313758e-07, 1.5708070135454437, 4.430125131221272e-06, -1.1878127695437383e-06, 3.1415907361389386]",0.0
643,1.677644193925365,"[5.1415942912625585, -3.0012354048036856e-05, 4.712428973709564, 1.5708000829816529, 6.712401650107334, 0.00028362917239480907, 3.141573035745399, 4.712394410825941, 1.9999964363318599, 2.473888256011641e-06, 3.141584906523221, 1.5707758985413542, 3.141594179456068, 3.1415777822567525, 4.21239327846586, 4.71238913540828, -4.418704200638742e-06, 3.396576366097437e-06, 3.5707963514936005, 4.71238570409952, -1.855507035608479e-05, 3.1415800420603506, 3.570792441309177, 3.141594927987968, 3.1415942053580284, -4.178691721200231e-06, 4.712386310379508, 4.7123887702601035, 4.712397492736363, -5.092268512166864e-06, 3.14160123867437, 8.832025324818877e-07, 9.240958801987696e-06, -1.1376679674950613e-05, 1.5707960078431036, -1.617569808306658e-07, 1.5708070135694072, 4.430121852937836e-06, -1.1878832016149032e-06, 3.1415907361154405]",0.0
644,1.6802163946213295,"[5.141594291263134, -3.0012377112269326e-05, 4.712428973684034, 1.5708000830123963, 6.712401650078094, 0.0002836291420616094, 3.141573035707523, 4.712394410848466, 1.9999964363269447, 2.4739005455040324e-06, 3.141584906562577, 1.5707758985862013, 3.141594179450821, 3.1415777822740925, 4.212393278426589, 4.712389135443227, -4.418691761615004e-06, 3.3965435833449345e-06, 3.5707963514639136, 4.712385704181613, -1.855510421709928e-05, 3.141580042033945, 3.5707924413268057, 3.1415949280267346, 3.14159420532331, -4.178702644632827e-06, 4.712386310337056, 4.712388770252005, 4.71239749265562, -5.0923430199033215e-06, 3.1416012386853547, 8.831136181727042e-07, 9.241010926292379e-06, -1.137661109336166e-05, 1.5707960077807386, -1.6182111903460573e-07, 1.5708070134888312, 4.430152969468417e-06, -1.1878386726076352e-06, 3.141590736084638]",0.0
645,1.6741114573774025,"[5.141594291226952, -3.0012352093866798e-05, 4.712428973708822, 1.570800082991657, 6.712401650080965, 0.0002836291851291935, 3.1415730357384426, 4.712394410813435, 1.99999643634857, 2.4738971471674974e-06, 3.1415849065298005, 1.5707758985666986, 3.1415941794808107, 3.141577782230215, 4.2123932784751785, 4.712389135404127, -4.418652231819775e-06, 3.3965769678389715e-06, 3.5707963514896983, 4.712385704158541, -1.8555023813573656e-05, 3.141580042034268, 3.5707924413145955, 3.1415949279877435, 3.141594205365124, -4.178714836695203e-06, 4.712386310387154, 4.712388770275174, 4.712397492694756, -5.092334350067964e-06, 3.1416012386532, 8.831922266170976e-07, 9.240983037857223e-06, -1.1376713623011043e-05, 1.5707960078071497, -1.6178205410194785e-07, 1.5708070135470784, 4.430090560515937e-06, -1.1878924967380206e-06, 3.141590736135804]",0.0
646,1.6724773871497463,"[5.141594291264736, -3.0012382171767282e-05, 4.712428973700955, 1.5708000828990702, 6.712401650153604, 0.00028362920455451415, 3.1415730357778298, 4.712394410789426, 1.9999964363479292, 2.47384881996694e-06, 3.1415849065328785, 1.5707758985892255, 3.1415941794657978, 3.1415777822894517, 4.212393278481772, 4.712389135401421, -4.418734583727218e-06, 3.396570860491816e-06, 3.57079635151562, 4.712385704168191, -1.855512220764528e-05, 3.1415800419810602, 3.5707924413215397, 3.141594927982825, 3.1415942054098496, -4.178729213687968e-06, 4.712386310453858, 4.712388770261672, 4.71239749271891, -5.092378835479337e-06, 3.1416012386914502, 8.83209824365753e-07, 9.24096030722317e-06, -1.1376677085534239e-05, 1.5707960077662204, -1.6181833002775481e-07, 1.5708070135764705, 4.430155065562074e-06, -1.1879336818675542e-06, 3.1415907360970516]",0.0
647,1.6690023531411136,"[5.1415942912158155, -3.001236631377684e-05, 4.712428973724698, 1.5708000829922812, 6.712401650101258, 0.0002836291848724206, 3.1415730357439164, 4.712394410798916, 1.9999964363427472, 2.4738915239663507e-06, 3.1415849065450474, 1.5707758985244797, 3.141594179485411, 3.1415777822408355, 4.212393278452418, 4.712389135431023, -4.4187406095420706e-06, 3.396610506751289e-06, 3.5707963514893946, 4.712385704151188, -1.8555058372155912e-05, 3.1415800420285014, 3.5707924413150933, 3.141594927977987, 3.141594205371731, -4.178678524807117e-06, 4.712386310357054, 4.712388770283102, 4.7123974927553505, -5.092338667606462e-06, 3.1416012386835845, 8.831512838387219e-07, 9.240970669313959e-06, -1.1376700780416327e-05, 1.5707960078025356, -1.6176063692092063e-07, 1.5708070135255099, 4.430137673375874e-06, -1.187891477395588e-06, 3.1415907361366284]",0.0
648,1.6794069105005487,"[5.141594291232602, -3.0012350059609707e-05, 4.712428973726175, 1.5708000829993207, 6.712401650141496, 0.0002836290927458753, 3.1415730357192455, 4.712394410861606, 1.9999964363770524, 2.4738756495291553e-06, 3.141584906454682, 1.5707758985307272, 3.1415941794908493, 3.141577782306087, 4.2123932784646625, 4.712389135353125, -4.418680170386602e-06, 3.3966030839405133e-06, 3.570796351496511, 4.712385704189599, -1.855510919096848e-05, 3.141580042072031, 3.5707924413016228, 3.1415949279705346, 3.1415942054026424, -4.178623636161978e-06, 4.712386310347117, 4.712388770205542, 4.712397492716318, -5.092356657532717e-06, 3.1416012387016834, 8.832259856396699e-07, 9.241024517367542e-06, -1.137670777206145e-05, 1.5707960077746717, -1.617372741836858e-07, 1.5708070135213896, 4.430103302365958e-06, -1.1879105891033408e-06, 3.1415907361614166]",0.0
649,1.6767952524115084,"[5.141594291246623, -3.0012352192955128e-05, 4.712428973717048, 1.5708000830011242, 6.712401650115736, 0.0002836291382865288, 3.14157303574685, 4.712394410834907, 1.9999964363182936, 2.473914589106606e-06, 3.1415849065366963, 1.5707758985801432, 3.1415941794724542, 3.141577782221056, 4.212393278476208, 4.712389135448886, -4.418704499912195e-06, 3.3965679211961214e-06, 3.5707963515170995, 4.712385704124543, -1.8555059290533706e-05, 3.1415800420348052, 3.570792441278894, 3.1415949280037867, 3.14159420539822, -4.178701645028885e-06, 4.712386310370407, 4.712388770253615, 4.712397492704961, -5.092308041973204e-06, 3.1416012386973904, 8.831819308368792e-07, 9.240976017244626e-06, -1.1376723956200903e-05, 1.570796007769856, -1.6175536880213914e-07, 1.5708070135383365, 4.430149273832656e-06, -1.1879191105028625e-06, 3.1415907361236974]",0.0
650,1.6787277496758082,"[5.141594291216056, -3.0012350867920164e-05, 4.712428973663009, 1.5708000830479494, 6.712401650159284, 0.0002836291519732446, 3.1415730356584426, 4.712394410722312, 1.9999964363416014, 2.473878436263749e-06, 3.1415849065117922, 1.5707758985301925, 3.141594179423561, 3.1415777822839193, 4.21239327844146, 4.712389135422816, -4.418644436391525e-06, 3.396606376342298e-06, 3.5707963515498786, 4.712385704153702, -1.8555040415138817e-05, 3.1415800420305184, 3.5707924413872925, 3.1415949280212883, 3.1415942054097186, -4.17871998027198e-06, 4.7123863103803005, 4.7123887702925495, 4.712397492707675, -5.09229332011626e-06, 3.141601238668927, 8.831858855080582e-07, 9.240962085891853e-06, -1.1376681132162344e-05, 1.5707960078063676, -1.6173362669139102e-07, 1.5708070135303014, 4.430191745939303e-06, -1.1879431179940973e-06, 3.141590736113104]",0.0
651,1.6752188369966554,"[5.141594291232175, -3.0012404245323698e-05, 4.712428973706242, 1.5708000829921467, 6.712401650108924, 0.00028362920543388294, 3.141573035720574, 4.712394410827715, 1.9999964363439968, 2.4738873605088403e-06, 3.1415849065302512, 1.5707758985773954, 3.1415941794472073, 3.141577782247501, 4.2123932784816684, 4.712389135444518, -4.418688206244599e-06, 3.3965911876308398e-06, 3.5707963515218357, 4.712385704157004, -1.8555047861764513e-05, 3.1415800420481013, 3.5707924412838588, 3.141594927963252, 3.141594205398344, -4.178704402246009e-06, 4.712386310345124, 4.712388770245139, 4.71239749272482, -5.092338180533919e-06, 3.1416012386765355, 8.832150772253493e-07, 9.24099479981011e-06, -1.1376674772997087e-05, 1.5707960078277592, -1.6175663704283738e-07, 1.5708070135525722, 4.430171332105052e-06, -1.18786557508241e-06, 3.1415907361520152]",0.0
652,1.6788809718002036,"[5.141594291233752, -3.0012376698712052e-05, 4.7124289737064515, 1.5708000830122815, 6.712401650094082, 0.0002836291839163447, 3.141573035730398, 4.712394410836385, 1.9999964363657394, 2.4738896021783817e-06, 3.1415849065207966, 1.570775898558181, 3.1415941794678544, 3.1415777822519426, 4.21239327846986, 4.712389135415049, -4.41870365532954e-06, 3.3965777944061624e-06, 3.5707963515181143, 4.712385704128297, -1.8555054448826755e-05, 3.141580042033948, 3.5707924413167555, 3.141594927986937, 3.141594205377076, -4.178694275458086e-06, 4.712386310377969, 4.7123887702441465, 4.712397492724721, -5.092315820900957e-06, 3.141601238660006, 8.831781920476444e-07, 9.240969967753557e-06, -1.1376678836543388e-05, 1.5707960077768055, -1.617674597048314e-07, 1.5708070135519998, 4.430143366913626e-06, -1.187900528455459e-06, 3.1415907361356807]",0.0
653,1.677385924005676,"[5.1415942912406924, -3.0012401760672975e-05, 4.712428973751172, 1.5708000829877025, 6.712401650111205, 0.00028362917695812803, 3.141573035703109, 4.7123944108198925, 1.999996436356499, 2.4738813932873427e-06, 3.14158490653358, 1.5707758985619653, 3.141594179490608, 3.1415777822753466, 4.212393278483262, 4.712389135440911, -4.4187021429977126e-06, 3.3966032882252763e-06, 3.570796351529082, 4.712385704139994, -1.855506671951293e-05, 3.1415800420126527, 3.570792441298574, 3.1415949280295603, 3.141594205379491, -4.178661730825636e-06, 4.712386310369977, 4.712388770274043, 4.712397492680495, -5.092301019638923e-06, 3.1416012386600394, 8.831614294099369e-07, 9.240985484090216e-06, -1.1376699289557984e-05, 1.5707960078188177, -1.617704178493361e-07, 1.5708070135833896, 4.430122538214091e-06, -1.187895502974848e-06, 3.1415907361440985]",0.0
654,1.6769309239129324,"[5.141594291246578, -3.00123641828566e-05, 4.712428973722925, 1.570800082997596, 6.712401650103902, 0.0002836291767843636, 3.1415730357301532, 4.712394410810193, 1.999996436353046, 2.4738789688735663e-06, 3.141584906523869, 1.5707758985636653, 3.141594179486958, 3.141577782256188, 4.212393278467676, 4.712389135406328, -4.418701564643401e-06, 3.3965563375213608e-06, 3.5707963515105736, 4.7123857041372785, -1.8555045791802466e-05, 3.1415800420239326, 3.5707924413062955, 3.141594928007963, 3.141594205376922, -4.17870516810109e-06, 4.712386310356284, 4.712388770249248, 4.712397492729971, -5.092317149917485e-06, 3.141601238679325, 8.831769810672264e-07, 9.24099761842945e-06, -1.1376682727084632e-05, 1.5707960078096381, -1.617639273633711e-07, 1.5708070135550196, 4.430149337247235e-06, -1.1879025364221339e-06, 3.1415907361451807]",0.0
655,1.6757515802206544,"[5.141594291179828, -3.0012337105964298e-05, 4.712428973741288, 1.5708000830096895, 6.712401650137114, 0.00028362918394104147, 3.1415730357424607, 4.712394410836867, 1.999996436344045, 2.47386781777325e-06, 3.1415849065016466, 1.5707758985324443, 3.1415941794567455, 3.14157778224723, 4.21239327848924, 4.712389135449864, -4.41870141842947e-06, 3.39656244292842e-06, 3.5707963514777026, 4.712385704152662, -1.8555053240337412e-05, 3.141580042027017, 3.5707924412866885, 3.141594928006111, 3.1415942053751236, -4.178701437379196e-06, 4.7123863103887516, 4.71238877027496, 4.712397492711628, -5.092308490992806e-06, 3.1416012386668326, 8.831868447773536e-07, 9.241000114023178e-06, -1.1376647181888412e-05, 1.5707960077911565, -1.6176717978219674e-07, 1.570807013568666, 4.4301466312981e-06, -1.1878955508413109e-06, 3.1415907361376316]",0.0
656,1.6735868684045894,"[5.141594291223285, -3.0012365984361025e-05, 4.712428973727999, 1.570800082989923, 6.712401650116564, 0.0002836291863112002, 3.1415730357228, 4.712394410819584, 1.9999964363529443, 2.473884977267177e-06, 3.141584906516519, 1.5707758985569598, 3.141594179466853, 3.1415777822502426, 4.2123932784785, 4.712389135418915, -4.418683976105406e-06, 3.3965842478823215e-06, 3.5707963515005363, 4.712385704123035, -1.8555067739332197e-05, 3.1415800420212467, 3.570792441301781, 3.1415949279789626, 3.1415942053803825, -4.178705684485738e-06, 4.712386310350967, 4.71238877024046, 4.712397492710364, -5.092307580695091e-06, 3.1416012386779673, 8.831654831810287e-07, 9.24097430599147e-06, -1.1376682413805583e-05, 1.57079600780589, -1.6178228708058547e-07, 1.5708070135401337, 4.430137187207017e-06, -1.187911853103154e-06, 3.141590736136157]",0.0
657,1.6661059453441875,"[5.141594291244146, -3.001236231986485e-05, 4.712428973704669, 1.5708000830069286, 6.712401650141694, 0.0002836291889469972, 3.1415730357269123, 4.71239441084774, 1.9999964363391527, 2.473884588319472e-06, 3.141584906525775, 1.5707758985841094, 3.14159417947201, 3.141577782219453, 4.212393278488224, 4.712389135365759, -4.418712662475765e-06, 3.396620470733085e-06, 3.570796351490196, 4.712385704167246, -1.8555058002601763e-05, 3.1415800420338504, 3.5707924412932996, 3.14159492800979, 3.1415942053692723, -4.1787019337998045e-06, 4.712386310336708, 4.712388770277832, 4.712397492718632, -5.092308369575019e-06, 3.141601238644385, 8.831700457877971e-07, 9.240974742623752e-06, -1.1376675750050564e-05, 1.570796007800974, -1.6176648952021367e-07, 1.5708070135684433, 4.430158512567085e-06, -1.1879191834067574e-06, 3.1415907361209445]",0.0
658,1.6705692274870416,"[5.1415942912372135, -3.0012375803068657e-05, 4.712428973706338, 1.5708000829984268, 6.7124016500942725, 0.0002836291844273325, 3.141573035726541, 4.712394410808727, 1.9999964363551266, 2.4738844759300467e-06, 3.1415849065081147, 1.5707758985611466, 3.141594179476798, 3.141577782253034, 4.2123932784830025, 4.712389135427191, -4.4187016967218245e-06, 3.3965777852832275e-06, 3.5707963514879224, 4.712385704132359, -1.8555069187427632e-05, 3.1415800420435005, 3.570792441285425, 3.141594928010714, 3.141594205386672, -4.178693651347449e-06, 4.712386310364624, 4.7123887702635185, 4.712397492717734, -5.092321017421368e-06, 3.14160123865417, 8.831852335975671e-07, 9.24098009965619e-06, -1.1376676110499507e-05, 1.5707960078040262, -1.617629527913214e-07, 1.5708070135363648, 4.430140035807784e-06, -1.187918797699594e-06, 3.1415907361303614]",0.0
659,1.6786178176876907,"[5.1415942912312955, -3.001237441306199e-05, 4.712428973722158, 1.5708000830257496, 6.712401650131102, 0.000283629197643402, 3.141573035725263, 4.71239441084991, 1.9999964363559821, 2.473854014365748e-06, 3.1415849065322554, 1.570775898544972, 3.141594179496554, 3.141577782218992, 4.212393278473094, 4.712389135407328, -4.418688108230307e-06, 3.3965777925831954e-06, 3.5707963515070573, 4.712385704105109, -1.8555075250764622e-05, 3.1415800420562845, 3.5707924413165517, 3.141594928018477, 3.1415942054209456, -4.17870675666554e-06, 4.712386310383295, 4.712388770259194, 4.712397492709743, -5.092356719571152e-06, 3.1416012386837484, 8.831630416403612e-07, 9.240983625272299e-06, -1.1376686586504245e-05, 1.5707960078319418, -1.617617858126073e-07, 1.5708070135418706, 4.43013576761249e-06, -1.1878865040029543e-06, 3.141590736105675]",0.0
660,1.6746155296364236,"[5.141594291223071, -3.0012366893243983e-05, 4.712428973717227, 1.5708000829874025, 6.712401650102296, 0.0002836291866109168, 3.1415730357084604, 4.712394410836607, 1.9999964363518987, 2.473881747084175e-06, 3.1415849065366137, 1.5707758985549112, 3.1415941794763937, 3.1415777822485476, 4.212393278461759, 4.7123891354120016, -4.418686021333709e-06, 3.396571510228017e-06, 3.570796351506697, 4.71238570413563, -1.855506331022139e-05, 3.1415800420466606, 3.570792441297673, 3.1415949280020476, 3.1415942053872694, -4.178687197956933e-06, 4.712386310363322, 4.712388770278409, 4.712397492729058, -5.092309404632232e-06, 3.1416012386818446, 8.831900787486236e-07, 9.240981766076558e-06, -1.1376682306514976e-05, 1.5707960077926995, -1.617888060584428e-07, 1.5708070135530998, 4.430148960314692e-06, -1.1879115535067455e-06, 3.1415907361354978]",0.0
661,1.6674190285738915,"[5.141594291239985, -3.001234997953545e-05, 4.712428973715999, 1.5708000830085698, 6.712401650111764, 0.00028362920951334876, 3.1415730357079514, 4.71239441083517, 1.9999964362948655, 2.4738434118651395e-06, 3.141584906515493, 1.5707758985664582, 3.141594179504329, 3.1415777822519346, 4.21239327845042, 4.712389135447947, -4.418693173379798e-06, 3.396590415288733e-06, 3.5707963515271297, 4.712385704140223, -1.8555087653901452e-05, 3.1415800420404953, 3.5707924413056427, 3.1415949279938182, 3.14159420534277, -4.178714413561551e-06, 4.712386310356113, 4.7123887702481735, 4.712397492726864, -5.092328692986164e-06, 3.1416012386537164, 8.831943638777812e-07, 9.240976646083091e-06, -1.1376683703638076e-05, 1.5707960077877312, -1.617556684833794e-07, 1.5708070135501873, 4.43012038773162e-06, -1.1879219499395766e-06, 3.1415907361490243]",0.0
662,1.6799819730623162,"[5.141594291212254, -3.0012371283754677e-05, 4.71242897372686, 1.5708000829928128, 6.712401650116533, 0.000283629172505956, 3.141573035718834, 4.712394410821654, 1.9999964363580822, 2.473890080392223e-06, 3.1415849065294927, 1.57077589858374, 3.14159417948644, 3.141577782247335, 4.21239327847394, 4.712389135419246, -4.418697276369255e-06, 3.3965869401629097e-06, 3.5707963515039913, 4.712385704122258, -1.8555061145264956e-05, 3.1415800420294455, 3.5707924413126135, 3.141594928004745, 3.1415942053659314, -4.1786993606926024e-06, 4.712386310363087, 4.712388770259607, 4.7123974927256445, -5.09232315999883e-06, 3.141601238675558, 8.83200433536713e-07, 9.240978006512074e-06, -1.1376667673380877e-05, 1.570796007798206, -1.6175440985868636e-07, 1.5708070135448906, 4.430134031780101e-06, -1.1878978938068946e-06, 3.1415907361218265]",0.0
663,1.6755887094268498,"[5.141594291252132, -3.001236027031399e-05, 4.712428973727717, 1.5708000829955837, 6.712401650126547, 0.00028362918882003933, 3.14157303572548, 4.712394410825925, 1.999996436347941, 2.4738497006962236e-06, 3.1415849065132875, 1.570775898554094, 3.1415941794489957, 3.1415777822640263, 4.212393278514236, 4.712389135408, -4.418694795663184e-06, 3.3965864003900443e-06, 3.5707963515274153, 4.712385704119082, -1.8555031941982185e-05, 3.141580042041729, 3.5707924412845276, 3.141594928023961, 3.1415942053403554, -4.178687545320124e-06, 4.712386310366671, 4.7123887702771405, 4.71239749272189, -5.092334784725023e-06, 3.1416012386839984, 8.831853779579572e-07, 9.240958086251935e-06, -1.137669534834846e-05, 1.570796007784951, -1.617836588307701e-07, 1.5708070135009742, 4.4301483141997065e-06, -1.187880393122854e-06, 3.141590736143717]",0.0
664,1.672044455319886,"[5.1415942912358235, -3.001236854353213e-05, 4.712428973711557, 1.5708000829949906, 6.712401650117757, 0.0002836291882966091, 3.141573035711483, 4.712394410813932, 1.999996436352826, 2.4738850954169566e-06, 3.1415849065088497, 1.5707758985529934, 3.141594179480684, 3.1415777822287376, 4.212393278477615, 4.712389135423542, -4.418698817059302e-06, 3.396571106351264e-06, 3.5707963515025507, 4.7123857041310115, -1.8555059475764426e-05, 3.1415800420391142, 3.5707924413069816, 3.1415949279904867, 3.14159420535334, -4.178677655215722e-06, 4.712386310367696, 4.712388770252449, 4.712397492709139, -5.09232857138189e-06, 3.141601238676667, 8.83184156667996e-07, 9.240987919969294e-06, -1.137669203546152e-05, 1.5707960077986542, -1.6177195982287717e-07, 1.5708070135632852, 4.430155705219515e-06, -1.187903299149424e-06, 3.14159073611971]",0.0
665,1.6762112517944365,"[5.141594291225681, -3.0012374331314908e-05, 4.712428973730731, 1.570800082998318, 6.71240165009881, 0.0002836291568813006, 3.1415730357669656, 4.712394410831206, 1.999996436347908, 2.4738444157203454e-06, 3.1415849064940136, 1.5707758985903746, 3.1415941794591884, 3.1415777822490476, 4.2123932784651315, 4.712389135445411, -4.418675911824163e-06, 3.3965742420868604e-06, 3.570796351499421, 4.712385704133621, -1.8555052368892447e-05, 3.1415800420457773, 3.5707924413379986, 3.141594928001692, 3.1415942053808625, -4.178673222610918e-06, 4.712386310326656, 4.712388770273757, 4.712397492733619, -5.092336726062685e-06, 3.1416012386597814, 8.831741412738832e-07, 9.240957490320393e-06, -1.137669541028039e-05, 1.5707960078095544, -1.6178825715105657e-07, 1.5708070135742358, 4.430154334486983e-06, -1.1879137969184244e-06, 3.1415907361206146]",0.0
666,1.6827238117251764,"[5.1415942912348, -3.001236199742634e-05, 4.712428973736736, 1.5708000829975661, 6.71240165008625, 0.00028362918271343117, 3.141573035714043, 4.712394410832716, 1.9999964363350722, 2.4738826170093712e-06, 3.1415849065067443, 1.5707758985688953, 3.1415941794676776, 3.1415777822464737, 4.212393278479922, 4.7123891354165774, -4.418707051370913e-06, 3.39659786589997e-06, 3.5707963514976533, 4.712385704135098, -1.855505645332294e-05, 3.141580042038705, 3.570792441322557, 3.1415949280029833, 3.141594205379378, -4.178700372591635e-06, 4.71238631038203, 4.7123887702551706, 4.712397492715913, -5.0923195118797315e-06, 3.141601238682708, 8.831841141653408e-07, 9.240988753414232e-06, -1.1376682273457336e-05, 1.5707960078081131, -1.6177335415690265e-07, 1.5708070135459464, 4.430155213638891e-06, -1.1879089285421486e-06, 3.1415907361360924]",0.0
667,1.6774838551374103,"[5.1415942912317245, -3.001238073223483e-05, 4.712428973727531, 1.5708000829996775, 6.712401650116271, 0.0002836291910012213, 3.1415730356936975, 4.712394410826112, 1.999996436305245, 2.4738784106796656e-06, 3.141584906538337, 1.5707758985492726, 3.141594179460695, 3.141577782259277, 4.212393278485881, 4.712389135409228, -4.418719988059529e-06, 3.3965460531155227e-06, 3.570796351473951, 4.7123857041418376, -1.8555023968376804e-05, 3.1415800420274103, 3.570792441317753, 3.1415949280027076, 3.141594205402034, -4.178673350006137e-06, 4.712386310345564, 4.712388770233489, 4.7123974927088375, -5.092336736240215e-06, 3.1416012386701717, 8.831967299991271e-07, 9.240940243330097e-06, -1.1376675700310021e-05, 1.570796007791446, -1.6176226343716206e-07, 1.5708070135580123, 4.430117028671978e-06, -1.187911834433028e-06, 3.141590736122295]",0.0
668,1.6784714080054064,"[5.141594291230566, -3.0012359213377186e-05, 4.71242897369986, 1.5708000830273339, 6.712401650141798, 0.0002836291700743634, 3.1415730356993277, 4.712394410769503, 1.999996436339829, 2.4738820946057385e-06, 3.141584906511455, 1.570775898543503, 3.1415941794494713, 3.1415777822643802, 4.212393278448336, 4.712389135419424, -4.418674425166506e-06, 3.396590438319452e-06, 3.570796351528385, 4.712385704152699, -1.855505705564178e-05, 3.1415800420372757, 3.5707924413402417, 3.141594928004681, 3.141594205396192, -4.178710598004383e-06, 4.7123863103687516, 4.712388770285182, 4.712397492702158, -5.092303434795808e-06, 3.141601238665085, 8.831897971601571e-07, 9.240965756627004e-06, -1.1376686552913729e-05, 1.570796007801052, -1.617517001481173e-07, 1.5708070135386711, 4.430164351942363e-06, -1.1879110813516016e-06, 3.141590736121562]",0.0
669,1.6755897583872894,"[5.141594291241057, -3.001236109423168e-05, 4.712428973734818, 1.5708000830089648, 6.712401650119698, 0.0002836291935954283, 3.141573035732485, 4.7123944108188915, 1.9999964363417817, 2.4739017733517136e-06, 3.141584906512452, 1.5707758985738471, 3.141594179480087, 3.141577782252106, 4.2123932784716, 4.712389135412305, -4.4187036524055795e-06, 3.3965659835020053e-06, 3.570796351512721, 4.712385704128684, -1.8555065580608124e-05, 3.1415800420492817, 3.570792441306458, 3.1415949279806417, 3.1415942053795196, -4.178686259367674e-06, 4.712386310363184, 4.712388770281854, 4.712397492704889, -5.092329938019485e-06, 3.141601238670002, 8.831780911226561e-07, 9.240972874256151e-06, -1.1376667875291503e-05, 1.5707960078015983, -1.6177207505867218e-07, 1.5708070135488974, 4.430139235317071e-06, -1.1879046501463855e-06, 3.141590736148876]",0.0
670,1.6780481448791682,"[5.141594291221639, -3.0012368875033207e-05, 4.712428973721493, 1.5708000830055557, 6.712401650106514, 0.00028362918575081233, 3.141573035724434, 4.712394410817975, 1.9999964363443816, 2.4738800448887355e-06, 3.141584906522279, 1.570775898565754, 3.1415941794725017, 3.1415777822482696, 4.212393278473142, 4.712389135416933, -4.418711662642116e-06, 3.396573056891413e-06, 3.5707963515114196, 4.71238570413058, -1.85550608143979e-05, 3.141580042038878, 3.5707924413040346, 3.1415949279990714, 3.1415942053751067, -4.1787049922517355e-06, 4.712386310362492, 4.7123887702628195, 4.712397492711244, -5.092316763072167e-06, 3.141601238666006, 8.831846441104574e-07, 9.240975907420418e-06, -1.1376688754265612e-05, 1.5707960078044731, -1.6177938757938653e-07, 1.5708070135515029, 4.43014494797867e-06, -1.187898767913662e-06, 3.141590736129192]",0.0
671,1.6735759293673427,"[5.141594291227724, -3.0012365541415188e-05, 4.712428973726492, 1.5708000830029782, 6.712401650117045, 0.0002836291631015271, 3.141573035726888, 4.712394410829376, 1.9999964363525728, 2.47387644151689e-06, 3.1415849065023536, 1.5707758985528897, 3.1415941794779663, 3.1415777822620017, 4.212393278465828, 4.712389135399022, -4.4187042484091e-06, 3.3965816338258342e-06, 3.5707963515048298, 4.712385704152029, -1.8555077103659294e-05, 3.1415800420478517, 3.570792441299549, 3.141594927990474, 3.1415942053822357, -4.1786856155617645e-06, 4.71238631035624, 4.712388770249194, 4.712397492709477, -5.0923246492321415e-06, 3.1416012386722674, 8.83199462718446e-07, 9.240987105471878e-06, -1.137669706675536e-05, 1.5707960077955414, -1.617687199307641e-07, 1.5708070135431529, 4.430131568872772e-06, -1.1878935939122814e-06, 3.1415907361348894]",0.0
672,1.6755021783667048,"[5.141594291231987, -3.0012362592909128e-05, 4.712428973717942, 1.5708000829959898, 6.712401650107719, 0.00028362918476172705, 3.141573035726096, 4.712394410818965, 1.9999964363431657, 2.4738805910625053e-06, 3.1415849065121844, 1.5707758985609872, 3.1415941794772833, 3.141577782253131, 4.212393278465429, 4.712389135415271, -4.418699458830055e-06, 3.396587337012469e-06, 3.5707963515048537, 4.712385704125972, -1.8555054283485406e-05, 3.141580042038252, 3.5707924413005414, 3.14159492799993, 3.1415942053839903, -4.178697791868928e-06, 4.712386310359274, 4.712388770261497, 4.712397492709527, -5.092322416598206e-06, 3.1416012386740166, 8.831819131220997e-07, 9.24097916281852e-06, -1.1376679432281203e-05, 1.5707960077904763, -1.617698944287739e-07, 1.570807013557549, 4.430142399349685e-06, -1.1878917236788804e-06, 3.1415907361310103]",0.0
673,1.6706269945866619,"[5.14159429123751, -3.0012375645822567e-05, 4.712428973725033, 1.5708000829898843, 6.712401650117426, 0.00028362920016237114, 3.141573035724799, 4.712394410825222, 1.9999964363464469, 2.473885939702876e-06, 3.1415849064991184, 1.5707758985649465, 3.1415941794911846, 3.141577782239124, 4.212393278479341, 4.712389135424573, -4.418698527441007e-06, 3.3965677262303653e-06, 3.570796351500626, 4.712385704149087, -1.8555066006805983e-05, 3.141580042037564, 3.570792441320058, 3.141594928004458, 3.1415942053875288, -4.178700397153523e-06, 4.712386310358618, 4.712388770264612, 4.712397492723076, -5.092296189449369e-06, 3.1416012386695416, 8.831824900464062e-07, 9.24097138197365e-06, -1.1376690670410794e-05, 1.5707960077878316, -1.617698203320327e-07, 1.5708070135385286, 4.430141219672473e-06, -1.1878792671277808e-06, 3.1415907361309374]",0.0
674,1.6797088974659713,"[5.141594291240721, -3.0012362235423518e-05, 4.712428973722905, 1.570800083003622, 6.71240165011435, 0.00028362918321363294, 3.1415730357242304, 4.712394410828555, 1.9999964363538025, 2.4738849710029104e-06, 3.1415849065227794, 1.5707758985559208, 3.1415941794790916, 3.1415777822548034, 4.212393278475273, 4.71238913542472, -4.418702053665568e-06, 3.396580692616404e-06, 3.570796351497469, 4.712385704130693, -1.855506103300394e-05, 3.1415800420339433, 3.5707924413132406, 3.14159492799714, 3.1415942053791786, -4.178702640663182e-06, 4.712386310357181, 4.7123887702644565, 4.712397492711965, -5.092321446481706e-06, 3.1416012386664804, 8.831938160355786e-07, 9.240979161921653e-06, -1.1376687814217077e-05, 1.5707960077982084, -1.6177450717492532e-07, 1.5708070135502592, 4.430146766066555e-06, -1.1878994505080555e-06, 3.141590736135616]",0.0
675,1.665258882124265,"[5.141594291234073, -3.001238039509349e-05, 4.712428973736363, 1.570800082991261, 6.712401650123296, 0.0002836291912023113, 3.1415730357307803, 4.712394410827853, 1.9999964363423903, 2.4738886619808087e-06, 3.141584906512757, 1.5707758985604423, 3.141594179462864, 3.141577782239379, 4.2123932784374984, 4.712389135413645, -4.418696960164145e-06, 3.3965762086230252e-06, 3.5707963514988537, 4.712385704126145, -1.8555055966428687e-05, 3.1415800420283686, 3.5707924413004686, 3.141594928009871, 3.141594205374691, -4.178691309396935e-06, 4.7123863103707535, 4.712388770255477, 4.712397492714713, -5.092321456087731e-06, 3.1416012386492778, 8.83189979891657e-07, 9.240982685501952e-06, -1.1376689850658615e-05, 1.5707960078005863, -1.617713649032152e-07, 1.5708070135365624, 4.430149371981227e-06, -1.187900866191018e-06, 3.141590736138584]",0.0
676,1.6738582210340105,"[5.141594291229851, -3.0012369889932424e-05, 4.71242897372091, 1.570800083000602, 6.712401650105853, 0.0002836291790502336, 3.1415730357252203, 4.7123944108244284, 1.9999964363399458, 2.4738744681433013e-06, 3.1415849065195838, 1.570775898561696, 3.1415941794796898, 3.14157778224812, 4.21239327847429, 4.712389135411153, -4.4186950956591e-06, 3.3965744157926355e-06, 3.570796351501358, 4.712385704130352, -1.855506564598673e-05, 3.141580042025607, 3.5707924413060153, 3.1415949279907953, 3.1415942053792447, -4.17869154294019e-06, 4.712386310366517, 4.712388770267122, 4.71239749271057, -5.09231681907261e-06, 3.141601238665643, 8.831856476238461e-07, 9.2409759929464e-06, -1.1376684898101018e-05, 1.5707960077989391, -1.6176333161225418e-07, 1.570807013545922, 4.430152517413958e-06, -1.1878940134325368e-06, 3.1415907361365445]",0.0
677,1.673253381415957,"[5.141594291237297, -3.0012377244087568e-05, 4.712428973729819, 1.5708000830020474, 6.712401650110429, 0.00028362918433438123, 3.1415730357434253, 4.712394410819883, 1.9999964363478617, 2.473869255711641e-06, 3.14158490652448, 1.5707758985540705, 3.141594179496164, 3.1415777822423117, 4.212393278465037, 4.712389135419861, -4.41870071311693e-06, 3.396585905275686e-06, 3.5707963515110226, 4.712385704143994, -1.8555042659076285e-05, 3.141580042043501, 3.5707924413041368, 3.1415949279909916, 3.1415942053775874, -4.1786902401260585e-06, 4.7123863103650585, 4.712388770254188, 4.7123974926974554, -5.092303539733172e-06, 3.1416012386746495, 8.831969468783769e-07, 9.240974218490464e-06, -1.1376666540812259e-05, 1.5707960078006622, -1.6177803833760373e-07, 1.5708070135357493, 4.4301490226496255e-06, -1.1879110813054527e-06, 3.14159073612318]",0.0
678,1.6721442137869036,"[5.141594291231855, -3.0012363215750513e-05, 4.712428973731348, 1.570800083004908, 6.712401650113814, 0.0002836291934981897, 3.1415730357252944, 4.71239441081905, 1.9999964363523843, 2.4738763717944374e-06, 3.1415849065212624, 1.5707758985699534, 3.141594179476527, 3.1415777822556126, 4.212393278470347, 4.712389135416727, -4.418697540523013e-06, 3.396579788308469e-06, 3.5707963514991827, 4.712385704134433, -1.855505656696448e-05, 3.1415800420417708, 3.5707924413013807, 3.141594927992754, 3.141594205381175, -4.178692972193042e-06, 4.712386310369384, 4.712388770258326, 4.712397492718245, -5.092313901760984e-06, 3.1416012386695478, 8.831848277380043e-07, 9.240976724969053e-06, -1.1376694258523903e-05, 1.5707960077964118, -1.6176323230198925e-07, 1.5708070135513459, 4.430146413075552e-06, -1.1879019497488547e-06, 3.141590736129422]",0.0
679,1.6679750522666814,"[5.1415942912475785, -3.0012368690115255e-05, 4.712428973726759, 1.5708000830078925, 6.712401650103937, 0.0002836291814107324, 3.1415730357214446, 4.712394410825778, 1.9999964363469396, 2.4738804683531145e-06, 3.14158490653178, 1.5707758985707272, 3.1415941794628712, 3.1415777822556064, 4.212393278456833, 4.71238913542384, -4.418693063520637e-06, 3.3965698936860477e-06, 3.5707963514914067, 4.712385704152544, -1.8555074250342187e-05, 3.1415800420391515, 3.570792441301656, 3.141594928000889, 3.141594205364065, -4.178697469579267e-06, 4.712386310361929, 4.712388770258855, 4.712397492705122, -5.092320409466103e-06, 3.1416012386751775, 8.831670748652683e-07, 9.240980787621532e-06, -1.1376669729755268e-05, 1.5707960077937728, -1.6177319108307393e-07, 1.570807013539881, 4.430143931267367e-06, -1.1878834846110143e-06, 3.1415907361133697]",0.0
680,1.6704035004317264,"[5.141594291234186, -3.0012363855244274e-05, 4.712428973717496, 1.5708000830027733, 6.7124016501127555, 0.0002836291916496396, 3.1415730357337535, 4.712394410819728, 1.9999964363464178, 2.4738828023799093e-06, 3.141584906518372, 1.5707758985658187, 3.1415941794739357, 3.141577782250753, 4.212393278470008, 4.712389135416587, -4.418699229885065e-06, 3.396579875369132e-06, 3.5707963515060634, 4.712385704140037, -1.8555068809160644e-05, 3.1415800420246827, 3.5707924413060192, 3.1415949280039808, 3.141594205381207, -4.178689983570341e-06, 4.71238631037009, 4.712388770257119, 4.712397492715747, -5.092321720744888e-06, 3.1416012386778496, 8.83192038176609e-07, 9.240972685082535e-06, -1.1376682718057437e-05, 1.5707960078011582, -1.6177782444915505e-07, 1.5708070135507173, 4.430142812445993e-06, -1.1878992954809946e-06, 3.1415907361320263]",0.0
681,1.6775471450542472,"[5.141594291244554, -3.0012379136788906e-05, 4.71242897373017, 1.5708000829693007, 6.712401650120564, 0.00028362918013843437, 3.1415730357306755, 4.712394410817316, 1.999996436348607, 2.4738696219918573e-06, 3.1415849065200083, 1.5707758985607783, 3.141594179470053, 3.14157778225318, 4.212393278474491, 4.712389135413869, -4.418706699478565e-06, 3.3965737098156805e-06, 3.570796351509733, 4.712385704143054, -1.855506949369736e-05, 3.1415800420348905, 3.570792441307267, 3.141594927986112, 3.1415942053833965, -4.178715489828706e-06, 4.712386310382538, 4.712388770268237, 4.712397492716228, -5.092331911854486e-06, 3.1416012386668877, 8.831847025271928e-07, 9.240976079067227e-06, -1.1376680998633938e-05, 1.5707960077878398, -1.6177092493044345e-07, 1.5708070135572345, 4.430142667380043e-06, -1.1879088982637538e-06, 3.1415907361212336]",0.0
682,1.677844680425932,"[5.141594291235612, -3.0012381704813966e-05, 4.7124289737248795, 1.5708000830097801, 6.712401650114304, 0.00028362918268318925, 3.1415730357285585, 4.71239441081578, 1.999996436342432, 2.4738776725616697e-06, 3.1415849065205026, 1.5707758985622045, 3.1415941794713302, 3.141577782245151, 4.212393278473363, 4.712389135415455, -4.418697533622064e-06, 3.396580692799021e-06, 3.570796351497833, 4.712385704130709, -1.855506353683746e-05, 3.1415800420389535, 3.570792441308675, 3.1415949279977613, 3.1415942053769217, -4.17869767343649e-06, 4.712386310364591, 4.712388770262904, 4.7123974927176775, -5.092315074322857e-06, 3.141601238675656, 8.831871791416458e-07, 9.240986425765194e-06, -1.1376683280657085e-05, 1.5707960077906136, -1.617746775369074e-07, 1.5708070135519667, 4.4301371261999865e-06, -1.1878997708510656e-06, 3.1415907361380753]",0.0
683,1.6711594649962382,"[5.141594291242108, -3.001236646881261e-05, 4.712428973718935, 1.570800083004891, 6.712401650109331, 0.0002836291825805815, 3.141573035711792, 4.7123944108289955, 1.9999964363660028, 2.473863762596616e-06, 3.1415849065054027, 1.5707758985706153, 3.1415941794651765, 3.1415777822319533, 4.212393278455216, 4.712389135423396, -4.41871455244737e-06, 3.3965751092873594e-06, 3.570796351502411, 4.712385704136806, -1.8555054037405102e-05, 3.1415800420223707, 3.570792441298471, 3.1415949279889515, 3.141594205381136, -4.178698173831272e-06, 4.712386310362479, 4.7123887702751315, 4.712397492709108, -5.092312831870638e-06, 3.141601238684049, 8.831887735123682e-07, 9.240971317321738e-06, -1.137668293302694e-05, 1.570796007804183, -1.617630257355541e-07, 1.5708070135467744, 4.430127466086596e-06, -1.187902659953748e-06, 3.1415907361388347]",0.0
684,1.6804714761053905,"[5.141594291236865, -3.0012364688538726e-05, 4.712428973723929, 1.570800083001256, 6.7124016501136134, 0.0002836291727499595, 3.141573035730541, 4.712394410827486, 1.9999964363394767, 2.473889768091379e-06, 3.141584906521645, 1.5707758985647127, 3.141594179473122, 3.1415777822406197, 4.212393278472239, 4.712389135426319, -4.418699016109968e-06, 3.3965757003073317e-06, 3.57079635151063, 4.712385704135967, -1.8555060383897926e-05, 3.1415800420368125, 3.5707924412978045, 3.1415949280003104, 3.141594205383401, -4.178697135706449e-06, 4.712386310364993, 4.712388770259473, 4.712397492712675, -5.092316275324383e-06, 3.141601238675903, 8.831831890320421e-07, 9.240976703660479e-06, -1.13766921771897e-05, 1.5707960077930672, -1.617641743556604e-07, 1.5708070135465448, 4.430143704938299e-06, -1.1879037421458357e-06, 3.1415907361302216]",0.0
685,1.667626126177597,"[5.141594291233641, -3.0012365653176635e-05, 4.712428973725725, 1.5708000830036113, 6.712401650112583, 0.00028362918261906845, 3.141573035725693, 4.712394410824723, 1.999996436348608, 2.473878541200135e-06, 3.141584906517383, 1.5707758985587426, 3.1415941794789806, 3.1415777822465523, 4.212393278469679, 4.712389135414251, -4.418699341638801e-06, 3.3965761906205144e-06, 3.5707963515043177, 4.712385704131265, -1.855506298662162e-05, 3.1415800420368654, 3.5707924413088343, 3.1415949280028412, 3.1415942053799784, -4.178696701750256e-06, 4.7123863103670995, 4.712388770261896, 4.712397492713557, -5.092319606535224e-06, 3.141601238670745, 8.831799075645437e-07, 9.240976498961938e-06, -1.1376683924893479e-05, 1.5707960077982355, -1.6177030985894425e-07, 1.5708070135474879, 4.4301397171257515e-06, -1.187902075212536e-06, 3.1415907361283537]",0.0
686,1.6749978325503188,"[5.1415942912336305, -3.0012375048145958e-05, 4.712428973724063, 1.5708000830042779, 6.712401650113147, 0.00028362919123756965, 3.141573035724479, 4.712394410828531, 1.9999964363494263, 2.4738779002882246e-06, 3.141584906520123, 1.5707758985565246, 3.141594179472839, 3.141577782242322, 4.212393278472537, 4.712389135418961, -4.418692302606655e-06, 3.3965799906072975e-06, 3.570796351511094, 4.712385704137679, -1.8555061383850166e-05, 3.141580042042031, 3.5707924413032135, 3.1415949279968283, 3.1415942053869363, -4.1786989820399505e-06, 4.712386310363178, 4.712388770258075, 4.712397492718041, -5.092328207590268e-06, 3.1416012386706273, 8.831843206211519e-07, 9.240979102549123e-06, -1.137667966859719e-05, 1.5707960078120173, -1.6176365825430255e-07, 1.5708070135491585, 4.430143373797867e-06, -1.187891202747655e-06, 3.1415907361309436]",0.0
687,1.6772725708359328,"[5.141594291234714, -3.0012367399460403e-05, 4.712428973723241, 1.5708000830026037, 6.712401650112423, 0.0002836291842314019, 3.1415730357239515, 4.712394410822963, 1.9999964363448175, 2.473881603246572e-06, 3.1415849065162083, 1.570775898561721, 3.141594179472983, 3.1415777822507964, 4.212393278470988, 4.712389135418231, -4.418698969075797e-06, 3.396578233251843e-06, 3.5707963515090446, 4.7123857041351425, -1.855505855133822e-05, 3.1415800420331204, 3.5707924413072427, 3.1415949279951128, 3.1415942053810886, -4.178694161384885e-06, 4.7123863103634545, 4.712388770263951, 4.71239749271713, -5.092317319799036e-06, 3.1416012386679393, 8.831854192882927e-07, 9.240984114003692e-06, -1.1376682766605649e-05, 1.5707960077992253, -1.6177086110015264e-07, 1.5708070135459038, 4.430140799318549e-06, -1.187899995853446e-06, 3.1415907361251714]",0.0
688,1.6767709845707992,"[5.141594291231423, -3.0012366644085494e-05, 4.7124289737219405, 1.5708000830039224, 6.712401650115111, 0.00028362917967918145, 3.141573035718196, 4.712394410810126, 1.9999964363485077, 2.473883057038268e-06, 3.141584906514866, 1.5707758985556344, 3.1415941794686972, 3.1415777822506796, 4.212393278464828, 4.712389135416494, -4.418691789237126e-06, 3.396580371843298e-06, 3.570796351509261, 4.712385704143317, -1.8555060742205852e-05, 3.141580042039462, 3.5707924413137517, 3.1415949280026747, 3.1415942053771904, -4.178699906704351e-06, 4.712386310364742, 4.7123887702640985, 4.712397492712299, -5.0923149001230576e-06, 3.141601238669939, 8.83185261714271e-07, 9.240968157792581e-06, -1.1376681361986632e-05, 1.570796007799373, -1.6176346601665027e-07, 1.5708070135485357, 4.430148633810789e-06, -1.1879033556458653e-06, 3.1415907361355417]",0.0
689,1.678424546789767,"[5.141594291231542, -3.001237059385637e-05, 4.712428973723895, 1.5708000829995252, 6.7124016501088715, 0.000283629188990946, 3.1415730357292517, 4.71239441082572, 1.9999964363475797, 2.4738820872564207e-06, 3.141584906517594, 1.5707758985593971, 3.1415941794718982, 3.141577782250565, 4.212393278470584, 4.712389135416056, -4.418699167724337e-06, 3.3965766001003167e-06, 3.570796351506308, 4.712385704135585, -1.85550617671243e-05, 3.1415800420362743, 3.5707924413080763, 3.1415949279996456, 3.14159420537618, -4.17869738613245e-06, 4.712386310360449, 4.712388770263651, 4.712397492710589, -5.092318183707176e-06, 3.141601238674319, 8.831856456992006e-07, 9.240979671503534e-06, -1.1376685096725865e-05, 1.5707960077979373, -1.6176375567334514e-07, 1.5708070135485306, 4.4301425724442095e-06, -1.1879027283320632e-06, 3.1415907361303104]",0.0
690,1.6795924359974497,"[5.141594291236345, -3.0012371123264725e-05, 4.712428973737778, 1.570800083007262, 6.71240165010275, 0.0002836291838053863, 3.141573035724093, 4.71239441082257, 1.9999964363476408, 2.4738863541537123e-06, 3.1415849065108454, 1.5707758985550568, 3.141594179478832, 3.1415777822467237, 4.2123932784704845, 4.7123891354141385, -4.418695634900233e-06, 3.3965780540049916e-06, 3.570796351505523, 4.7123857041367, -1.8555061748407397e-05, 3.1415800420297195, 3.5707924412959198, 3.1415949279973288, 3.14159420537363, -4.178700504532606e-06, 4.712386310361327, 4.712388770263624, 4.7123974927218, -5.09232013358906e-06, 3.1416012386704084, 8.831889273131815e-07, 9.240969262667418e-06, -1.1376682787964078e-05, 1.5707960077965157, -1.6177205139610927e-07, 1.5708070135546592, 4.430143211259089e-06, -1.1878996747070586e-06, 3.141590736125706]",0.0
691,1.6696157380551302,"[5.1415942912303185, -3.0012370323591592e-05, 4.71242897372649, 1.5708000830022324, 6.712401650109721, 0.000283629182368331, 3.141573035726869, 4.712394410823191, 1.9999964363491507, 2.4738778831144524e-06, 3.141584906515258, 1.5707758985655744, 3.141594179475067, 3.1415777822473974, 4.212393278470418, 4.712389135420533, -4.418696443514088e-06, 3.39657745281906e-06, 3.5707963515060945, 4.712385704138593, -1.8555059160521077e-05, 3.141580042035232, 3.570792441308263, 3.141594927999049, 3.141594205380523, -4.178695137152408e-06, 4.71238631035921, 4.712388770262123, 4.7123974927147145, -5.092324788200114e-06, 3.141601238669365, 8.831827050648196e-07, 9.240977344572715e-06, -1.1376684421701655e-05, 1.5707960077955052, -1.6177235412053042e-07, 1.5708070135488534, 4.430145760700662e-06, -1.1879021536698431e-06, 3.1415907361322786]",0.0
692,1.674088099489624,"[5.141594291237076, -3.0012366391660237e-05, 4.712428973724054, 1.5708000829950264, 6.71240165010921, 0.0002836291764907152, 3.1415730357355445, 4.712394410826112, 1.9999964363455465, 2.4738758913393045e-06, 3.1415849065143058, 1.5707758985633993, 3.1415941794693905, 3.141577782249206, 4.2123932784690545, 4.712389135421045, -4.418696415456737e-06, 3.396576551130492e-06, 3.570796351502252, 4.712385704131542, -1.8555061062851493e-05, 3.1415800420435946, 3.5707924413107275, 3.1415949279974527, 3.1415942053734596, -4.178689799106582e-06, 4.712386310360412, 4.712388770261707, 4.712397492722338, -5.092312629273777e-06, 3.141601238667131, 8.831847235722921e-07, 9.240969814352873e-06, -1.1376682426446232e-05, 1.570796007808544, -1.6177127138207163e-07, 1.5708070135570738, 4.43013972220926e-06, -1.1878979939958009e-06, 3.1415907361302167]",0.0
693,1.6784209673093617,"[5.141594291233162, -3.0012367562523017e-05, 4.712428973725834, 1.5708000830008202, 6.712401650107867, 0.0002836291853958057, 3.141573035723477, 4.712394410821807, 1.999996436343677, 2.473877875378851e-06, 3.1415849065167123, 1.5707758985594789, 3.141594179477333, 3.141577782251224, 4.212393278467191, 4.712389135424858, -4.4186971662138655e-06, 3.3965749222939265e-06, 3.570796351508589, 4.712385704133287, -1.855506344764108e-05, 3.141580042037484, 3.570792441306558, 3.1415949279967945, 3.1415942053765105, -4.178697469176862e-06, 4.7123863103656936, 4.712388770259006, 4.712397492715547, -5.0923203222166416e-06, 3.1416012386714405, 8.831874467837711e-07, 9.240977463515255e-06, -1.1376683766110404e-05, 1.570796007797603, -1.6176891241022493e-07, 1.5708070135470598, 4.43013961399309e-06, -1.1878996264712514e-06, 3.1415907361342055]",0.0
694,1.6738194440799914,"[5.141594291236223, -3.0012363268382806e-05, 4.712428973719828, 1.5708000830014703, 6.7124016501154, 0.00028362918905912884, 3.1415730357221765, 4.712394410829769, 1.9999964363395915, 2.473876182779376e-06, 3.1415849065200603, 1.5707758985649871, 3.141594179479579, 3.1415777822437083, 4.212393278471029, 4.712389135413147, -4.41870074632211e-06, 3.3965863443453783e-06, 3.5707963515071905, 4.712385704143933, -1.8555063992155902e-05, 3.141580042035966, 3.5707924413021743, 3.1415949279992934, 3.141594205369867, -4.178699639220534e-06, 4.712386310358862, 4.7123887702588485, 4.7123974927184245, -5.092317252608062e-06, 3.141601238661049, 8.831811103912437e-07, 9.240977515078056e-06, -1.137667985205856e-05, 1.570796007796368, -1.61767400744589e-07, 1.5708070135524732, 4.430139943267577e-06, -1.1879063501012508e-06, 3.141590736137309]",0.0
695,1.6756010360247777,"[5.141594291235134, -3.0012366620005337e-05, 4.71242897372477, 1.5708000830005089, 6.7124016501115635, 0.00028362918339183387, 3.1415730357283396, 4.712394410822948, 1.9999964363515523, 2.4738789854667855e-06, 3.1415849065156447, 1.5707758985616551, 3.1415941794738145, 3.1415777822486306, 4.2123932784728, 4.712389135417529, -4.418696623194097e-06, 3.3965814370249795e-06, 3.5707963515103853, 4.712385704133862, -1.8555061759837432e-05, 3.1415800420376216, 3.570792441302679, 3.14159492799985, 3.1415942053730914, -4.1786980310295365e-06, 4.712386310365684, 4.712388770265124, 4.712397492716089, -5.092318075674184e-06, 3.141601238671327, 8.831839354267603e-07, 9.240979187827465e-06, -1.137668459194385e-05, 1.5707960077980971, -1.617713734169144e-07, 1.570807013544148, 4.430145405331476e-06, -1.1878966739691537e-06, 3.141590736133861]",0.0
696,1.6784576342267463,"[5.14159429123588, -3.001236944618753e-05, 4.712428973726674, 1.5708000829975317, 6.712401650114635, 0.00028362918469477063, 3.1415730357188645, 4.7123944108242215, 1.9999964363430833, 2.4738779484876693e-06, 3.1415849065209622, 1.5707758985584535, 3.141594179468077, 3.1415777822519075, 4.2123932784811515, 4.7123891354128675, -4.418702866906877e-06, 3.3965728968337508e-06, 3.5707963515028034, 4.7123857041357, -1.8555048885311676e-05, 3.141580042036757, 3.5707924413031966, 3.1415949280033924, 3.141594205376251, -4.178689622445445e-06, 4.712386310362305, 4.712388770257427, 4.712397492715088, -5.0923239128469e-06, 3.1416012386721133, 8.831860499353148e-07, 9.240967431585157e-06, -1.1376681519204385e-05, 1.5707960077953682, -1.6177139267401603e-07, 1.5708070135412966, 4.430138779151439e-06, -1.1878966806203755e-06, 3.1415907361344995]",0.0
697,1.6777823665082008,"[5.141594291234415, -3.0012362066426303e-05, 4.712428973726734, 1.5708000830002717, 6.7124016501079975, 0.000283629185298067, 3.141573035726919, 4.712394410819659, 1.9999964363479457, 2.4738795680145767e-06, 3.1415849065192547, 1.5707758985605547, 3.141594179470915, 3.141577782241851, 4.21239327847105, 4.712389135415199, -4.418699279703223e-06, 3.3965762821144002e-06, 3.570796351505668, 4.712385704134465, -1.8555063177720137e-05, 3.1415800420381697, 3.5707924413072814, 3.1415949279969597, 3.141594205380176, -4.178697026605711e-06, 4.71238631036059, 4.71238877025948, 4.712397492716194, -5.092319094475108e-06, 3.1416012386689025, 8.831888604325417e-07, 9.240978305284421e-06, -1.1376681108636753e-05, 1.5707960077953727, -1.6176872767426982e-07, 1.5708070135466194, 4.4301436697300095e-06, -1.1878989900338303e-06, 3.141590736130923]",0.0
698,1.6709240859864474,"[5.141594291235156, -3.0012370899680767e-05, 4.712428973734435, 1.5708000829963702, 6.7124016501069725, 0.00028362918289625644, 3.141573035721717, 4.71239441081936, 1.999996436353688, 2.473882252561299e-06, 3.1415849065241797, 1.5707758985598406, 3.141594179474772, 3.141577782247461, 4.212393278473988, 4.712389135421167, -4.418701475791044e-06, 3.396582471949424e-06, 3.5707963515116714, 4.712385704138034, -1.855506464664464e-05, 3.141580042032074, 3.570792441305796, 3.141594928004236, 3.1415942053815833, -4.178686086378927e-06, 4.712386310364653, 4.712388770261178, 4.712397492706186, -5.09231333717247e-06, 3.1416012386634953, 8.831810933232865e-07, 9.240980641604054e-06, -1.1376683473661626e-05, 1.5707960077994578, -1.6176892131299043e-07, 1.570807013557203, 4.4301369557553455e-06, -1.1878959053532483e-06, 3.1415907361362145]",0.0
699,1.666606270680038,"[5.1415942912315336, -3.001236851471701e-05, 4.7124289737272065, 1.5708000830025541, 6.7124016501151065, 0.0002836291834721437, 3.1415730357250298, 4.712394410824873, 1.9999964363473453, 2.4738789249635465e-06, 3.1415849065155794, 1.5707758985588798, 3.1415941794730027, 3.1415777822503004, 4.212393278471026, 4.712389135420607, -4.418704480654664e-06, 3.3965768761613943e-06, 3.5707963515060013, 4.712385704134276, -1.8555064053895286e-05, 3.1415800420360096, 3.5707924413038676, 3.1415949279995745, 3.1415942053795978, -4.178694976848726e-06, 4.71238631036281, 4.712388770260067, 4.712397492717272, -5.092316219214066e-06, 3.1416012386719636, 8.831840647801457e-07, 9.240978148709089e-06, -1.1376677655307364e-05, 1.5707960077971403, -1.6176794754215492e-07, 1.5708070135503533, 4.430148823309852e-06, -1.1878999603137454e-06, 3.1415907361320548]",0.0
700,1.67909935347397,"[5.141594291221503, -3.001236081808222e-05, 4.7124289737254434, 1.5708000830017028, 6.712401650112744, 0.00028362918271734926, 3.1415730357312595, 4.7123944108256355, 1.9999964363489464, 2.4738830288923445e-06, 3.141584906515259, 1.5707758985557987, 3.1415941794728077, 3.141577782246046, 4.212393278473474, 4.712389135421354, -4.4186953709447455e-06, 3.396572437007493e-06, 3.5707963514970404, 4.712385704144417, -1.8555053401624188e-05, 3.1415800420345854, 3.5707924413027863, 3.1415949279973403, 3.1415942053765873, -4.178700100953743e-06, 4.712386310373602, 4.712388770263674, 4.712397492712759, -5.0923178449041665e-06, 3.1416012386670555, 8.831843606570071e-07, 9.24098311910629e-06, -1.1376677560370902e-05, 1.5707960077983778, -1.6177047626508577e-07, 1.5708070135534458, 4.430137686006304e-06, -1.1878965026936242e-06, 3.1415907361356785]",0.0
701,1.6802870947933026,"[5.141594291235939, -3.0012368674294056e-05, 4.712428973723815, 1.5708000830014475, 6.712401650112495, 0.0002836291839580634, 3.141573035721963, 4.712394410825155, 1.9999964363482474, 2.4738803876457706e-06, 3.141584906513641, 1.5707758985648368, 3.141594179473814, 3.14157778224748, 4.212393278473295, 4.712389135416426, -4.41869411418482e-06, 3.396573517283164e-06, 3.570796351507223, 4.712385704133683, -1.855506097357979e-05, 3.1415800420377176, 3.57079244130468, 3.1415949279998214, 3.1415942053771153, -4.178697209361118e-06, 4.712386310364953, 4.7123887702579665, 4.712397492709519, -5.092316993190299e-06, 3.141601238669265, 8.831889711886748e-07, 9.24097897275963e-06, -1.137668170271746e-05, 1.5707960077982408, -1.617708390860597e-07, 1.570807013552881, 4.430144470102e-06, -1.1879006237763638e-06, 3.141590736130311]",0.0
702,1.6712409565365487,"[5.1415942912336385, -3.0012369512051155e-05, 4.712428973718889, 1.5708000829968571, 6.7124016501140265, 0.0002836291853531004, 3.141573035720168, 4.712394410816983, 1.9999964363497855, 2.4738857535473523e-06, 3.1415849065154493, 1.5707758985548244, 3.141594179479366, 3.1415777822382687, 4.212393278470805, 4.712389135420542, -4.418703496225082e-06, 3.396577522282621e-06, 3.5707963515019503, 4.712385704136521, -1.855506045012328e-05, 3.141580042038245, 3.570792441306846, 3.141594927991962, 3.141594205366918, -4.1786860022888375e-06, 4.712386310365184, 4.7123887702587295, 4.712397492715399, -5.092324927587222e-06, 3.141601238674366, 8.831809541218365e-07, 9.240980720474596e-06, -1.1376688423741066e-05, 1.5707960077999996, -1.6177019671317701e-07, 1.5708070135530117, 4.430148409995388e-06, -1.1878994769531044e-06, 3.14159073612723]",0.0
703,1.669959913269269,"[5.141594291234529, -3.0012371145559422e-05, 4.712428973725667, 1.5708000830008537, 6.7124016501104045, 0.00028362918311346366, 3.141573035729312, 4.712394410822536, 1.9999964363476574, 2.4738793493706753e-06, 3.1415849065199133, 1.570775898559878, 3.141594179480552, 3.1415777822471314, 4.212393278468472, 4.712389135417605, -4.418700398187882e-06, 3.3965804124189682e-06, 3.5707963515059933, 4.7123857041381525, -1.8555056383475042e-05, 3.141580042038433, 3.570792441305257, 3.1415949279959, 3.1415942053790045, -4.17869577602572e-06, 4.712386310364094, 4.712388770259439, 4.712397492710489, -5.092314857667573e-06, 3.1416012386712704, 8.831873844375173e-07, 9.240975821593385e-06, -1.1376678779256571e-05, 1.57079600779998, -1.6177198170098762e-07, 1.5708070135456003, 4.430144801730482e-06, -1.1879014323016157e-06, 3.1415907361302473]",0.0
704,1.673392463208781,"[5.141594291232136, -3.0012369283764222e-05, 4.712428973724817, 1.5708000830004003, 6.712401650111524, 0.00028362918554129395, 3.1415730357245994, 4.712394410824473, 1.999996436346625, 2.4738818790957085e-06, 3.1415849065157944, 1.5707758985613645, 3.141594179474406, 3.1415777822468787, 4.212393278471523, 4.712389135419114, -4.418698963738554e-06, 3.396579699061534e-06, 3.570796351504757, 4.712385704136191, -1.855506254704988e-05, 3.1415800420379214, 3.570792441306573, 3.141594927997578, 3.1415942053791768, -4.178696246433318e-06, 4.712386310364293, 4.712388770262589, 4.712397492713803, -5.0923171336297e-06, 3.141601238669394, 8.83185647797848e-07, 9.240974898264406e-06, -1.1376683542929524e-05, 1.5707960077967797, -1.6177041054404177e-07, 1.5708070135477425, 4.430142108260826e-06, -1.1878977395697606e-06, 3.1415907361303614]",0.0
705,1.679457752128299,"[5.141594291235688, -3.0012369825718267e-05, 4.712428973724299, 1.570800082997747, 6.712401650110538, 0.00028362918461256593, 3.1415730357250666, 4.7123944108216484, 1.9999964363483183, 2.473884035096915e-06, 3.1415849065152295, 1.5707758985635816, 3.14159417947959, 3.1415777822484547, 4.21239327847009, 4.712389135415607, -4.4187009536832965e-06, 3.396573182847592e-06, 3.570796351504704, 4.712385704138851, -1.8555059960201142e-05, 3.141580042035723, 3.57079244130787, 3.1415949280003415, 3.1415942053809336, -4.178699357987076e-06, 4.712386310361864, 4.712388770259593, 4.712397492719145, -5.092314825990326e-06, 3.141601238671554, 8.831819209656031e-07, 9.240978700994628e-06, -1.1376684124330042e-05, 1.5707960077995287, -1.6176920913928654e-07, 1.570807013547966, 4.430143367872258e-06, -1.1878951772249953e-06, 3.1415907361348183]",0.0
706,1.682664102031687,"[5.14159429123245, -3.0012368670483393e-05, 4.712428973723303, 1.5708000829996913, 6.7124016501114845, 0.0002836291840915247, 3.141573035724232, 4.712394410823876, 1.9999964363485445, 2.4738812452769516e-06, 3.1415849065203365, 1.5707758985600084, 3.1415941794752316, 3.1415777822483615, 4.2123932784690234, 4.712389135416996, -4.418697128147825e-06, 3.396575942848514e-06, 3.570796351506198, 4.712385704135914, -1.8555061346976792e-05, 3.141580042037495, 3.5707924413037313, 3.14159492799818, 3.141594205379276, -4.178695384204551e-06, 4.7123863103625965, 4.712388770263496, 4.712397492716223, -5.092317504114427e-06, 3.141601238670734, 8.831856564705777e-07, 9.240977046614004e-06, -1.1376683026210827e-05, 1.5707960077974448, -1.6177139417234794e-07, 1.5708070135495737, 4.430142652739397e-06, -1.187900047983336e-06, 3.1415907361319864]",0.0
707,1.6799423309101242,"[5.141594291233425, -3.001236716414671e-05, 4.71242897372744, 1.5708000829993942, 6.71240165010506, 0.0002836291822303242, 3.141573035721074, 4.712394410826684, 1.9999964363450824, 2.4738828805478002e-06, 3.1415849065175028, 1.5707758985626101, 3.1415941794723894, 3.14157778224846, 4.212393278470177, 4.712389135415603, -4.418700274590696e-06, 3.3965822089657324e-06, 3.5707963515034584, 4.712385704136436, -1.8555060628920183e-05, 3.1415800420386257, 3.5707924413077414, 3.1415949279986117, 3.1415942053796764, -4.1786962849881046e-06, 4.7123863103682355, 4.712388770261387, 4.712397492716032, -5.092319617919756e-06, 3.14160123867393, 8.83184651894855e-07, 9.240979796804001e-06, -1.1376682399859065e-05, 1.570796007801723, -1.61771878412635e-07, 1.5708070135487409, 4.430145854085691e-06, -1.1879027417112273e-06, 3.1415907361340634]",0.0
708,1.673843442820989,"[5.141594291233739, -3.001236751703553e-05, 4.712428973726345, 1.5708000830014728, 6.712401650112404, 0.0002836291836298618, 3.1415730357243032, 4.712394410824884, 1.9999964363476048, 2.4738797009686743e-06, 3.141584906517983, 1.570775898561796, 3.1415941794738007, 3.141577782246678, 4.2123932784684275, 4.7123891354169345, -4.41869975106434e-06, 3.3965778751804342e-06, 3.5707963515071612, 4.712385704136133, -1.8555059391872955e-05, 3.141580042034764, 3.5707924413074656, 3.1415949279961723, 3.141594205377717, -4.178697181815139e-06, 4.7123863103636845, 4.712388770261903, 4.712397492714149, -5.092317825288411e-06, 3.1416012386729553, 8.83185341287734e-07, 9.240976637574421e-06, -1.137668388036923e-05, 1.5707960077984016, -1.6176993284671665e-07, 1.570807013550285, 4.430142206767531e-06, -1.1878974818331198e-06, 3.141590736132462]",0.0
709,1.6718016868321137,"[5.141594291236235, -3.001236940667916e-05, 4.712428973721139, 1.5708000830022353, 6.71240165010883, 0.00028362918278059164, 3.141573035723319, 4.712394410821592, 1.999996436352136, 2.47387854986818e-06, 3.141584906514129, 1.5707758985634008, 3.141594179472676, 3.1415777822460456, 4.212393278468926, 4.712389135419736, -4.41870327122117e-06, 3.3965779665467163e-06, 3.570796351501982, 4.7123857041354364, -1.855506067170123e-05, 3.141580042034266, 3.570792441301167, 3.141594927997367, 3.141594205380057, -4.178697016601103e-06, 4.712386310363805, 4.71238877026378, 4.712397492713562, -5.092318766113939e-06, 3.141601238670341, 8.831854826644385e-07, 9.240975961430524e-06, -1.1376682134025874e-05, 1.570796007801285, -1.6176666943591215e-07, 1.570807013547154, 4.43013911938408e-06, -1.187902252051608e-06, 3.141590736133394]",0.0
710,1.6772578512396636,"[5.141594291233273, -3.001236707534417e-05, 4.712428973725443, 1.5708000830041884, 6.712401650110864, 0.00028362918466877667, 3.1415730357254925, 4.712394410823318, 1.99999643634692, 2.4738843528774445e-06, 3.1415849065168984, 1.570775898562467, 3.141594179475335, 3.141577782248158, 4.212393278470153, 4.71238913541722, -4.418698733238755e-06, 3.3965771949145337e-06, 3.5707963515059595, 4.712385704134664, -1.8555060656143046e-05, 3.1415800420378717, 3.570792441305667, 3.1415949279973305, 3.1415942053778867, -4.1786940553765075e-06, 4.7123863103622545, 4.712388770262217, 4.71239749271387, -5.092318514823716e-06, 3.1416012386705328, 8.831843778075021e-07, 9.240977049379577e-06, -1.1376681605988782e-05, 1.5707960077997176, -1.6176959505339993e-07, 1.5708070135479908, 4.430142218990428e-06, -1.187899120528951e-06, 3.141590736134266]",0.0
711,1.6799025594086725,"[5.14159429123663, -3.0012369925471203e-05, 4.712428973727262, 1.570800082996648, 6.71240165011446, 0.000283629183117015, 3.1415730357282845, 4.712394410820635, 1.999996436346793, 2.473883129267766e-06, 3.1415849065180868, 1.5707758985629947, 3.1415941794743345, 3.141577782250784, 4.2123932784715485, 4.712389135415638, -4.418701484064369e-06, 3.396576519500401e-06, 3.5707963515069934, 4.712385704136065, -1.8555063353314427e-05, 3.1415800420376567, 3.570792441305928, 3.1415949279929194, 3.141594205379248, -4.17869940469597e-06, 4.712386310367553, 4.712388770263597, 4.712397492713504, -5.0923241479562155e-06, 3.141601238668333, 8.831833516393678e-07, 9.240975686329594e-06, -1.1376680418508946e-05, 1.570796007797918, -1.617691121087617e-07, 1.5708070135507535, 4.430142379161226e-06, -1.1879013679995144e-06, 3.141590736132061]",0.0
712,1.6666197308329083,"[5.1415942912346715, -3.0012369377403152e-05, 4.712428973723141, 1.570800083001782, 6.712401650108819, 0.0002836291853797479, 3.141573035725724, 4.712394410823943, 1.9999964363484948, 2.473882373656501e-06, 3.1415849065188843, 1.5707758985612843, 3.141594179473712, 3.141577782247461, 4.212393278470747, 4.7123891354187535, -4.418698794274947e-06, 3.39657765221633e-06, 3.570796351506645, 4.712385704134234, -1.8555058891823944e-05, 3.1415800420354927, 3.570792441307191, 3.141594927997673, 3.1415942053781425, -4.178696996523119e-06, 4.712386310365831, 4.71238877026073, 4.712397492716134, -5.092317878916901e-06, 3.1416012386692516, 8.831832850123573e-07, 9.24097591858912e-06, -1.1376681529303615e-05, 1.5707960077967567, -1.6176924834343763e-07, 1.5708070135496754, 4.4301437764076606e-06, -1.187899896826278e-06, 3.141590736132112]",0.0
713,1.6759914100812408,"[5.141594291231607, -3.0012369983287012e-05, 4.712428973722173, 1.5708000830037032, 6.712401650109334, 0.00028362917868002166, 3.1415730357266627, 4.712394410825598, 1.999996436350888, 2.4738819727693778e-06, 3.1415849065162327, 1.5707758985590605, 3.141594179473484, 3.1415777822516247, 4.212393278469271, 4.71238913541367, -4.418701225927448e-06, 3.3965794497460845e-06, 3.5707963515070005, 4.712385704137829, -1.855506277367211e-05, 3.141580042037785, 3.5707924413058008, 3.1415949279958073, 3.141594205378175, -4.178695347424638e-06, 4.712386310364483, 4.712388770254236, 4.712397492715325, -5.092319728099001e-06, 3.141601238667861, 8.831861442011331e-07, 9.2409776237108e-06, -1.1376685595405627e-05, 1.570796007796059, -1.6176866423347004e-07, 1.5708070135482577, 4.4301410394483824e-06, -1.1878977117579682e-06, 3.1415907361320574]",0.0
714,1.6758349213592876,"[5.141594291231898, -3.001236831836135e-05, 4.712428973725253, 1.5708000829992501, 6.71240165011189, 0.00028362918411933217, 3.1415730357253127, 4.712394410822581, 1.9999964363478597, 2.4738817855835117e-06, 3.141584906516445, 1.5707758985599989, 3.141594179474277, 3.1415777822477615, 4.21239327847213, 4.712389135417276, -4.418697621815883e-06, 3.396578996933481e-06, 3.5707963515060244, 4.712385704133855, -1.8555060774651558e-05, 3.1415800420348194, 3.570792441305479, 3.1415949279959325, 3.1415942053794574, -4.178697413514334e-06, 4.712386310362667, 4.712388770259073, 4.712397492715001, -5.092317230047634e-06, 3.141601238670917, 8.83183903763863e-07, 9.24097677306687e-06, -1.13766836442538e-05, 1.5707960077998144, -1.6177070563631046e-07, 1.5708070135483991, 4.430141960881531e-06, -1.1879018089527447e-06, 3.14159073613347]",0.0
715,1.6809849034422433,"[5.141594291235211, -3.001236804654219e-05, 4.71242897372551, 1.5708000830015234, 6.712401650110101, 0.0002836291831229295, 3.141573035724289, 4.7123944108224025, 1.9999964363471834, 2.4738813916276604e-06, 3.1415849065216324, 1.570775898562787, 3.141594179471469, 3.1415777822505633, 4.2123932784686415, 4.712389135419478, -4.418696272637735e-06, 3.3965779371386793e-06, 3.5707963515007477, 4.712385704137229, -1.8555063871028727e-05, 3.141580042034717, 3.5707924413040724, 3.1415949279973185, 3.141594205375433, -4.178698879766294e-06, 4.7123863103616195, 4.712388770257905, 4.7123974927118235, -5.092318187967921e-06, 3.1416012386712393, 8.83178968743073e-07, 9.240977478781955e-06, -1.137668087761474e-05, 1.5707960077995011, -1.6177116392718377e-07, 1.5708070135465337, 4.430143479439051e-06, -1.1878964472250008e-06, 3.141590736127822]",0.0
716,1.674258053311136,"[5.141594291232175, -3.0012367673341937e-05, 4.712428973724137, 1.5708000830012105, 6.712401650110037, 0.0002836291821117536, 3.141573035724314, 4.712394410822531, 1.9999964363485065, 2.473881143913772e-06, 3.141584906518823, 1.5707758985629212, 3.1415941794765043, 3.141577782248784, 4.212393278474021, 4.712389135417919, -4.4186987753590895e-06, 3.3965786216261467e-06, 3.5707963515061896, 4.7123857041362704, -1.8555061408814348e-05, 3.141580042036832, 3.5707924413066543, 3.14159492799736, 3.141594205377805, -4.178697026236771e-06, 4.712386310363357, 4.7123887702616125, 4.712397492715798, -5.092318491686592e-06, 3.1416012386728864, 8.83185551115145e-07, 9.240976787796456e-06, -1.1376681098838649e-05, 1.5707960077985097, -1.6176798393902005e-07, 1.5708070135496301, 4.4301413847898366e-06, -1.1878992586023306e-06, 3.1415907361304636]",0.0
717,1.6657790818348046,"[5.141594291229748, -3.001237090441525e-05, 4.712428973726879, 1.5708000829981836, 6.7124016501139945, 0.0002836291823233014, 3.141573035725176, 4.7123944108229185, 1.9999964363479332, 2.4738841806006115e-06, 3.141584906519479, 1.5707758985648577, 3.1415941794752817, 3.1415777822466353, 4.212393278466235, 4.712389135417639, -4.41869894403319e-06, 3.3965802079062144e-06, 3.5707963515039616, 4.712385704131623, -1.8555059254811928e-05, 3.1415800420338744, 3.5707924413061267, 3.1415949280024202, 3.1415942053755734, -4.178697102928698e-06, 4.7123863103646295, 4.7123887702599125, 4.712397492716871, -5.092320527345046e-06, 3.1416012386672487, 8.831892070818471e-07, 9.240978071427815e-06, -1.137668171999103e-05, 1.5707960077998282, -1.6176644581914144e-07, 1.570807013546999, 4.430142688062989e-06, -1.1878988209927112e-06, 3.1415907361307736]",0.0
718,1.6767258841616814,"[5.1415942912347665, -3.0012369251484552e-05, 4.712428973727731, 1.570800083002782, 6.7124016501088954, 0.0002836291837226992, 3.1415730357256755, 4.712394410822463, 1.9999964363464224, 2.4738821610138974e-06, 3.1415849065160506, 1.5707758985591138, 3.1415941794755455, 3.141577782248087, 4.212393278470866, 4.712389135416733, -4.418698697482903e-06, 3.396578350131909e-06, 3.5707963515052827, 4.712385704136355, -1.855506036941998e-05, 3.141580042034672, 3.570792441303563, 3.1415949279987903, 3.1415942053774066, -4.178697604853049e-06, 4.712386310363318, 4.712388770261954, 4.712397492716343, -5.092319027862444e-06, 3.141601238669865, 8.831859973331864e-07, 9.24097576290458e-06, -1.1376683740205497e-05, 1.5707960077987482, -1.6176952719378375e-07, 1.570807013550707, 4.430143142383544e-06, -1.187899490382575e-06, 3.141590736129963]",0.0
719,1.675191397782762,"[5.141594291234541, -3.0012367832614414e-05, 4.712428973725166, 1.570800083001137, 6.712401650111556, 0.0002836291841669704, 3.141573035725232, 4.712394410823297, 1.9999964363484712, 2.473882246732183e-06, 3.1415849065177555, 1.5707758985607598, 3.141594179474373, 3.141577782248681, 4.212393278470514, 4.712389135418685, -4.41869965809982e-06, 3.3965784811888388e-06, 3.570796351505436, 4.712385704136104, -1.8555060309031445e-05, 3.1415800420375115, 3.5707924413061747, 3.1415949279987663, 3.1415942053783583, -4.178697581315636e-06, 4.712386310363093, 4.712388770260883, 4.712397492715012, -5.092318923708325e-06, 3.1416012386705265, 8.831856072683649e-07, 9.240977580978742e-06, -1.1376683195027202e-05, 1.5707960077986383, -1.617705792956007e-07, 1.5708070135493397, 4.430142069194868e-06, -1.187899930602178e-06, 3.141590736131649]",0.0
720,1.6799589817274492,"[5.141594291234707, -3.0012367658346123e-05, 4.71242897372346, 1.5708000830013655, 6.712401650111072, 0.0002836291825542453, 3.1415730357253473, 4.712394410823917, 1.9999964363467304, 2.473880526019851e-06, 3.1415849065191517, 1.5707758985599534, 3.1415941794760243, 3.141577782249118, 4.212393278472171, 4.7123891354181415, -4.418699063890456e-06, 3.396578213633916e-06, 3.570796351503409, 4.712385704134675, -1.8555061126685403e-05, 3.1415800420347537, 3.5707924413073115, 3.141594927997474, 3.1415942053791057, -4.178696932421843e-06, 4.712386310363365, 4.712388770262445, 4.7123974927135, -5.092319052095119e-06, 3.1416012386684686, 8.831865246915658e-07, 9.24097743346208e-06, -1.1376684512090782e-05, 1.5707960077994978, -1.6176878179336994e-07, 1.5708070135488292, 4.430145391240164e-06, -1.1878982874277276e-06, 3.1415907361335416]",0.0
721,1.6752322964065836,"[5.141594291233642, -3.0012368178949493e-05, 4.712428973724535, 1.5708000830008764, 6.7124016501109125, 0.0002836291851124087, 3.141573035724622, 4.712394410823447, 1.99999643634709, 2.4738801136724174e-06, 3.141584906517445, 1.5707758985612637, 3.1415941794752382, 3.141577782248503, 4.212393278470448, 4.712389135416525, -4.4186992284488825e-06, 3.396578772858803e-06, 3.5707963515053653, 4.7123857041366035, -1.855506115241949e-05, 3.1415800420363564, 3.5707924413060588, 3.1415949279979833, 3.1415942053771038, -4.178696819019982e-06, 4.712386310363222, 4.712388770261239, 4.712397492715239, -5.092318603143417e-06, 3.1416012386690104, 8.831848491636023e-07, 9.240977520196767e-06, -1.137668208717074e-05, 1.5707960077987715, -1.6176978550198999e-07, 1.5708070135493253, 4.430142369043678e-06, -1.1878998400187365e-06, 3.1415907361324313]",0.0
722,1.6791233930263345,"[5.141594291234306, -3.001236759512e-05, 4.712428973723646, 1.5708000830010602, 6.712401650111952, 0.000283629182320469, 3.1415730357263674, 4.712394410823764, 1.9999964363437697, 2.473881462327955e-06, 3.141584906518674, 1.5707758985624458, 3.1415941794745352, 3.1415777822459483, 4.212393278470808, 4.712389135418548, -4.418699407571392e-06, 3.396578726975259e-06, 3.5707963515070262, 4.712385704137387, -1.8555060612099843e-05, 3.141580042036971, 3.570792441303653, 3.1415949279994018, 3.1415942053786257, -4.1786967763356195e-06, 4.712386310364109, 4.712388770260213, 4.7123974927147785, -5.09231802807334e-06, 3.1416012386701433, 8.831836214989306e-07, 9.240977413022702e-06, -1.1376684620961907e-05, 1.5707960077979448, -1.617676015314068e-07, 1.5708070135491041, 4.4301426227131416e-06, -1.187900830560872e-06, 3.141590736132208]",0.0
723,1.6712539727175195,"[5.141594291232425, -3.001236727396368e-05, 4.7124289737245935, 1.570800083000535, 6.712401650110108, 0.0002836291839879114, 3.141573035724932, 4.712394410823258, 1.9999964363474334, 2.473881494861648e-06, 3.1415849065177537, 1.57077589856149, 3.141594179474696, 3.1415777822484903, 4.21239327847055, 4.712389135417656, -4.418700281406644e-06, 3.3965772505072674e-06, 3.5707963515067647, 4.712385704135885, -1.8555060554023294e-05, 3.141580042036547, 3.5707924413052727, 3.1415949279981907, 3.1415942053782344, -4.178697276283696e-06, 4.712386310363649, 4.712388770261261, 4.712397492714203, -5.092318694907445e-06, 3.141601238669455, 8.831848341231565e-07, 9.2409763811645e-06, -1.1376683535769184e-05, 1.5707960077999237, -1.6176999527435726e-07, 1.5708070135488905, 4.430143495664593e-06, -1.1878992802322084e-06, 3.1415907361310866]",0.0
724,1.6824601758011664,"[5.141594291231912, -3.0012371528729565e-05, 4.712428973724372, 1.5708000830031157, 6.712401650110649, 0.00028362918367722, 3.1415730357258873, 4.712394410820116, 1.9999964363459306, 2.473880072995504e-06, 3.141584906518683, 1.5707758985617246, 3.1415941794731963, 3.141577782247587, 4.212393278471382, 4.712389135416915, -4.4187006363512035e-06, 3.3965774896796315e-06, 3.5707963515051664, 4.712385704134424, -1.8555060839531337e-05, 3.1415800420377735, 3.570792441306197, 3.1415949279985735, 3.141594205378106, -4.178697830595754e-06, 4.712386310364392, 4.712388770261624, 4.712397492714688, -5.092317831430576e-06, 3.141601238670625, 8.831851303220794e-07, 9.240978578245725e-06, -1.1376683858006028e-05, 1.5707960077991348, -1.617716325908396e-07, 1.5708070135498469, 4.430142365821289e-06, -1.1878986909183474e-06, 3.141590736132449]",0.0
725,1.67748185095502,"[5.141594291233956, -3.0012369015433007e-05, 4.712428973724248, 1.5708000830002677, 6.712401650110578, 0.0002836291826829573, 3.141573035725047, 4.712394410823596, 1.9999964363464415, 2.4738816495889305e-06, 3.1415849065173034, 1.5707758985600893, 3.1415941794740894, 3.1415777822476403, 4.212393278471114, 4.712389135417438, -4.418699436843049e-06, 3.3965774361705735e-06, 3.570796351506197, 4.712385704135964, -1.8555060711490015e-05, 3.1415800420358924, 3.570792441306053, 3.1415949279989426, 3.1415942053778836, -4.178696689800879e-06, 4.712386310363115, 4.712388770261474, 4.712397492714358, -5.092319326851945e-06, 3.141601238670527, 8.831851439201835e-07, 9.240977014380877e-06, -1.1376681767531504e-05, 1.5707960077986525, -1.6177044851904322e-07, 1.570807013548205, 4.430142151505736e-06, -1.1878990054966243e-06, 3.1415907361322506]",0.0
726,1.6773983522605502,"[5.141594291234059, -3.0012368258286427e-05, 4.71242897372619, 1.5708000830001883, 6.712401650111685, 0.0002836291849899248, 3.1415730357243854, 4.712394410822397, 1.9999964363470837, 2.4738796417484585e-06, 3.1415849065181516, 1.5707758985613294, 3.1415941794733304, 3.141577782250173, 4.212393278472447, 4.712389135416611, -4.418699232699762e-06, 3.3965769952872885e-06, 3.5707963515043706, 4.712385704135889, -1.855505748071786e-05, 3.1415800420371816, 3.5707924413049184, 3.1415949279988644, 3.1415942053785555, -4.178694083203159e-06, 4.712386310364791, 4.7123887702601195, 4.7123974927151595, -5.092319336413931e-06, 3.141601238670882, 8.831850239116001e-07, 9.240975511651343e-06, -1.1376684007152289e-05, 1.5707960077980032, -1.617685622030462e-07, 1.5708070135471772, 4.430142480486435e-06, -1.1878987780612537e-06, 3.1415907361318873]",0.0
727,1.6743202119018565,"[5.141594291234875, -3.0012368878136665e-05, 4.71242897372469, 1.570800083000311, 6.71240165011054, 0.0002836291831269653, 3.1415730357258402, 4.712394410823176, 1.999996436346954, 2.473880676201831e-06, 3.1415849065174384, 1.570775898561801, 3.141594179474191, 3.1415777822485444, 4.212393278470185, 4.712389135417509, -4.418699030942927e-06, 3.3965782574880752e-06, 3.5707963515059005, 4.712385704134869, -1.8555061315988068e-05, 3.1415800420373263, 3.570792441306481, 3.1415949279981215, 3.141594205378153, -4.178695653425278e-06, 4.712386310362709, 4.712388770261193, 4.712397492715581, -5.092318043442167e-06, 3.14160123867026, 8.831850068402481e-07, 9.240976175005009e-06, -1.1376683429721064e-05, 1.5707960077997387, -1.6176963371973056e-07, 1.5708070135494518, 4.4301428685400295e-06, -1.187899505867703e-06, 3.141590736131307]",0.0
728,1.6756347836062462,"[5.141594291231756, -3.001236670104131e-05, 4.712428973725025, 1.5708000830000044, 6.712401650110576, 0.0002836291825735949, 3.1415730357285057, 4.712394410823484, 1.9999964363476104, 2.4738807255503148e-06, 3.1415849065161003, 1.5707758985603395, 3.1415941794735986, 3.141577782247996, 4.212393278470291, 4.712389135418847, -4.4186976042745004e-06, 3.3965767095570105e-06, 3.5707963515035193, 4.712385704137153, -1.8555059502254108e-05, 3.1415800420370132, 3.570792441306149, 3.1415949279978603, 3.1415942053778867, -4.178696021078918e-06, 4.712386310365773, 4.712388770261896, 4.712397492715293, -5.0923175902724736e-06, 3.1416012386694563, 8.831847083426464e-07, 9.24097822270313e-06, -1.1376681923814462e-05, 1.5707960078000907, -1.6176925325165448e-07, 1.5708070135507468, 4.430141746442791e-06, -1.1878985603428954e-06, 3.141590736131885]",0.0
729,1.678473834639599,"[5.141594291233698, -3.001236879705313e-05, 4.712428973725344, 1.570800083001668, 6.712401650111446, 0.00028362918333294906, 3.1415730357247376, 4.712394410822574, 1.9999964363476967, 2.4738814771910095e-06, 3.1415849065179207, 1.570775898560851, 3.141594179473922, 3.1415777822479622, 4.212393278470696, 4.712389135417663, -4.418698536870275e-06, 3.396577129107347e-06, 3.5707963515059324, 4.712385704137345, -1.8555061436640024e-05, 3.141580042036446, 3.570792441306821, 3.1415949279981903, 3.1415942053777917, -4.178696652664403e-06, 4.712386310364395, 4.712388770261507, 4.7123974927151675, -5.092317852816143e-06, 3.141601238669878, 8.83185382185725e-07, 9.240976639227228e-06, -1.1376683320646673e-05, 1.5707960077995318, -1.6176922744654468e-07, 1.5708070135479604, 4.4301431642004025e-06, -1.1879004812758973e-06, 3.1415907361320308]",0.0
730,1.6730666071055282,"[5.141594291233208, -3.0012367444513547e-05, 4.712428973723275, 1.5708000830008773, 6.712401650111182, 0.0002836291832580982, 3.1415730357239524, 4.712394410819576, 1.999996436347029, 2.473881595947938e-06, 3.1415849065160475, 1.5707758985599714, 3.141594179474179, 3.141577782249372, 4.212393278468307, 4.712389135416829, -4.41869751631215e-06, 3.3965801029739056e-06, 3.5707963515064236, 4.712385704136004, -1.8555059853288288e-05, 3.1415800420370776, 3.5707924413064913, 3.1415949279991975, 3.141594205379944, -4.178697192666122e-06, 4.712386310363927, 4.712388770261771, 4.712397492713459, -5.092318632394513e-06, 3.1416012386708645, 8.8318439740895e-07, 9.240976563261968e-06, -1.1376682122102643e-05, 1.5707960077979173, -1.6176804636854743e-07, 1.5708070135498946, 4.430144072548982e-06, -1.1878987028882591e-06, 3.141590736131856]",0.0
731,1.6745031331745153,"[5.141594291233546, -3.0012368330681032e-05, 4.712428973723533, 1.5708000830009314, 6.712401650111454, 0.0002836291839034193, 3.1415730357250764, 4.7123944108228395, 1.9999964363469536, 2.4738816251277985e-06, 3.1415849065168167, 1.570775898560748, 3.1415941794750135, 3.141577782247365, 4.212393278470334, 4.712389135417474, -4.418699227819867e-06, 3.396577469622708e-06, 3.5707963515046934, 4.712385704135763, -1.8555060429592063e-05, 3.1415800420371016, 3.570792441305748, 3.1415949279970143, 3.141594205377066, -4.178696554558928e-06, 4.712386310363909, 4.712388770261, 4.712397492715504, -5.092319524529897e-06, 3.141601238671237, 8.831850400250922e-07, 9.24097732794245e-06, -1.137668347861201e-05, 1.5707960077987555, -1.6176971782871054e-07, 1.5708070135486887, 4.430143844351352e-06, -1.1878996769446566e-06, 3.141590736131089]",0.0
732,1.6672262409733498,"[5.141594291234111, -3.0012369086835066e-05, 4.712428973725995, 1.570800082999277, 6.712401650110117, 0.00028362918417105734, 3.1415730357241975, 4.712394410821348, 1.999996436349031, 2.473881936109834e-06, 3.1415849065182115, 1.570775898560095, 3.1415941794756588, 3.1415777822464204, 4.212393278471026, 4.712389135418739, -4.418700101611312e-06, 3.3965785980676465e-06, 3.5707963515063694, 4.712385704136172, -1.855506174270261e-05, 3.1415800420358213, 3.570792441305764, 3.141594927998163, 3.1415942053775074, -4.1786929322714805e-06, 4.712386310364477, 4.712388770260724, 4.712397492713119, -5.092318799460123e-06, 3.141601238669933, 8.831837938360503e-07, 9.240979365128925e-06, -1.1376684104011728e-05, 1.570796007798747, -1.6176922600155544e-07, 1.5708070135506387, 4.430142819416167e-06, -1.187898647421345e-06, 3.1415907361316413]",0.0
733,1.6817396093062986,"[5.141594291233711, -3.0012367549558036e-05, 4.712428973724164, 1.5708000830008704, 6.712401650110834, 0.0002836291840814559, 3.1415730357262275, 4.7123944108223474, 1.9999964363470186, 2.4738816821826482e-06, 3.1415849065175245, 1.5707758985619815, 3.141594179474587, 3.141577782248866, 4.212393278470398, 4.712389135417368, -4.418699480701323e-06, 3.3965780149792123e-06, 3.5707963515052783, 4.712385704136257, -1.8555061572756277e-05, 3.141580042034969, 3.5707924413058425, 3.1415949279987214, 3.1415942053781305, -4.178695792127076e-06, 4.712386310364495, 4.712388770261032, 4.712397492714679, -5.0923182536447636e-06, 3.1416012386710706, 8.831858859882934e-07, 9.240976727723884e-06, -1.1376683224981543e-05, 1.5707960077981185, -1.617708133222819e-07, 1.5708070135491212, 4.430142798631046e-06, -1.1878998488658953e-06, 3.1415907361319837]",0.0
734,1.6756181966062695,"[5.141594291233826, -3.0012369358203206e-05, 4.712428973723976, 1.5708000830019144, 6.712401650111419, 0.0002836291863023426, 3.1415730357263727, 4.712394410823927, 1.999996436347712, 2.4738806850529225e-06, 3.1415849065182093, 1.570775898560855, 3.141594179474501, 3.141577782247233, 4.212393278470753, 4.712389135417486, -4.4186976591795615e-06, 3.396578619063436e-06, 3.570796351506648, 4.7123857041367, -1.8555062040629762e-05, 3.141580042036161, 3.570792441305083, 3.1415949279986823, 3.1415942053810286, -4.178696410023068e-06, 4.712386310364839, 4.712388770259952, 4.712397492715521, -5.0923210801907355e-06, 3.1416012386714223, 8.831856081368577e-07, 9.24097726688521e-06, -1.1376682283033328e-05, 1.570796007801862, -1.6176923947601268e-07, 1.5708070135490602, 4.43014292339376e-06, -1.1878975329590126e-06, 3.1415907361315836]",0.0
735,1.6792548333039083,"[5.141594291234962, -3.001236941525378e-05, 4.7124289737268334, 1.5708000829989839, 6.712401650112052, 0.00028362918330865827, 3.141573035726569, 4.712394410822561, 1.9999964363472484, 2.4738822291588953e-06, 3.1415849065177563, 1.5707758985624134, 3.1415941794748, 3.141577782249362, 4.212393278470408, 4.71238913541643, -4.418699845165114e-06, 3.39657705115058e-06, 3.5707963515061665, 4.712385704135488, -1.855506203272232e-05, 3.141580042037377, 3.570792441305056, 3.141594927995146, 3.1415942053795467, -4.178698073999021e-06, 4.712386310365701, 4.712388770262776, 4.712397492713876, -5.092320910492308e-06, 3.1416012386693732, 8.83184213740107e-07, 9.24097728830771e-06, -1.1376681917950032e-05, 1.5707960077975331, -1.6176880567473438e-07, 1.5708070135494774, 4.43014269240629e-06, -1.1878998580611348e-06, 3.141590736131985]",0.0
736,1.6705066793374272,"[5.1415942912340515, -3.0012368102247197e-05, 4.712428973725006, 1.570800083000811, 6.712401650110749, 0.00028362918352902616, 3.1415730357260427, 4.712394410823106, 1.999996436348361, 2.473880700157176e-06, 3.141584906517069, 1.570775898561357, 3.1415941794745748, 3.141577782248289, 4.21239327847102, 4.712389135417483, -4.418698462937848e-06, 3.396578851737677e-06, 3.570796351506607, 4.712385704135398, -1.8555060912666496e-05, 3.141580042036834, 3.5707924413047922, 3.141594927998539, 3.141594205377263, -4.178697076196067e-06, 4.71238631036434, 4.7123887702621285, 4.712397492715081, -5.092318265122402e-06, 3.141601238670571, 8.831847435533277e-07, 9.240977970735693e-06, -1.1376683476960174e-05, 1.5707960077985077, -1.6176988451334027e-07, 1.570807013547625, 4.430143535296323e-06, -1.1878985867047003e-06, 3.141590736132378]",0.0
737,1.6757226923401447,"[5.1415942912336074, -3.001236813571667e-05, 4.712428973725061, 1.570800083001159, 6.712401650110936, 0.00028362918356629685, 3.1415730357254024, 4.712394410823257, 1.9999964363475207, 2.473880947104167e-06, 3.1415849065176356, 1.57077589856087, 3.141594179475174, 3.1415777822479063, 4.21239327847045, 4.712389135417109, -4.418699077381148e-06, 3.396577707564506e-06, 3.570796351505266, 4.7123857041353805, -1.8555061150229365e-05, 3.1415800420367415, 3.5707924413059855, 3.1415949279987623, 3.1415942053784613, -4.178696749601589e-06, 4.712386310364234, 4.712388770261227, 4.712397492714527, -5.0923187203711915e-06, 3.141601238670462, 8.831844394431915e-07, 9.240976925210014e-06, -1.1376683169782265e-05, 1.5707960077986203, -1.6176961695543104e-07, 1.5708070135488963, 4.430142527231105e-06, -1.187899659005348e-06, 3.141590736131751]",0.0
738,1.6779446716389477,"[5.141594291233925, -3.0012368164656866e-05, 4.712428973724718, 1.570800083001494, 6.712401650111021, 0.00028362918364934994, 3.1415730357249574, 4.71239441082323, 1.9999964363467586, 2.4738811923045173e-06, 3.1415849065172217, 1.5707758985612144, 3.1415941794747013, 3.1415777822486874, 4.212393278470469, 4.712389135417434, -4.4186990947167525e-06, 3.3965779121777072e-06, 3.5707963515060883, 4.712385704135446, -1.85550602499748e-05, 3.1415800420357582, 3.570792441306126, 3.1415949279976827, 3.1415942053794104, -4.17869614138126e-06, 4.712386310363989, 4.712388770261798, 4.7123974927152235, -5.092318138611072e-06, 3.1416012386697703, 8.831847817226178e-07, 9.240979087423959e-06, -1.1376683072296867e-05, 1.5707960077987535, -1.617697520836077e-07, 1.5708070135480279, 4.430142195330688e-06, -1.1878995929225109e-06, 3.141590736130034]",0.0
739,1.6671793468648008,"[5.141594291233413, -3.0012368341918588e-05, 4.712428973724723, 1.5708000830008164, 6.712401650110718, 0.00028362918413473624, 3.141573035725208, 4.712394410823309, 1.9999964363472464, 2.47388158716388e-06, 3.1415849065174095, 1.5707758985611584, 3.1415941794738225, 3.141577782248513, 4.212393278470779, 4.712389135417369, -4.418698960765924e-06, 3.396577653057102e-06, 3.5707963515055368, 4.712385704135684, -1.8555061263927214e-05, 3.1415800420363307, 3.570792441305883, 3.1415949279983986, 3.1415942053781754, -4.178696768242254e-06, 4.712386310363584, 4.712388770261672, 4.712397492714915, -5.092318860570543e-06, 3.1416012386705097, 8.831848102291321e-07, 9.240977608811277e-06, -1.1376683646677875e-05, 1.5707960077985628, -1.6176892984798007e-07, 1.5708070135492298, 4.430142571386178e-06, -1.1878993867959732e-06, 3.1415907361319224]",0.0
740,1.6771024458569443,"[5.14159429123338, -3.0012369462788183e-05, 4.712428973725018, 1.5708000830005409, 6.712401650109943, 0.00028362918458198097, 3.141573035726561, 4.712394410823537, 1.9999964363473526, 2.4738811768843927e-06, 3.1415849065178616, 1.5707758985608182, 3.1415941794750135, 3.1415777822484627, 4.212393278470137, 4.712389135417348, -4.418699241069155e-06, 3.396577999517094e-06, 3.5707963515055634, 4.712385704136287, -1.8555060200301268e-05, 3.1415800420368325, 3.5707924413058416, 3.1415949279979745, 3.1415942053782686, -4.178696800190237e-06, 4.712386310363127, 4.712388770261175, 4.712397492713288, -5.09231775536927e-06, 3.1416012386712304, 8.831857141455305e-07, 9.240977764286231e-06, -1.137668282277421e-05, 1.570796007798627, -1.617685457474281e-07, 1.5708070135483705, 4.430143267183785e-06, -1.1879001394189612e-06, 3.141590736131516]",0.0
741,1.6784580967469735,"[5.1415942912331944, -3.001236860654414e-05, 4.712428973725094, 1.570800083001188, 6.71240165011068, 0.00028362918349703937, 3.141573035725513, 4.712394410823115, 1.9999964363474558, 2.4738807993100493e-06, 3.1415849065174384, 1.5707758985616103, 3.1415941794744784, 3.1415777822481314, 4.212393278470561, 4.712389135417917, -4.418698683165683e-06, 3.396578052156044e-06, 3.570796351505646, 4.712385704136127, -1.8555060594683562e-05, 3.1415800420364035, 3.570792441305901, 3.1415949279981152, 3.141594205378552, -4.178696359926945e-06, 4.712386310363352, 4.712388770261445, 4.712397492714629, -5.092319428075244e-06, 3.141601238670164, 8.831848508435814e-07, 9.240977281735646e-06, -1.1376683189237705e-05, 1.5707960077983252, -1.6176992300696162e-07, 1.5708070135489682, 4.430143135705864e-06, -1.1878998573928879e-06, 3.1415907361318327]",0.0
742,1.6732866800788377,"[5.141594291233928, -3.0012368895916957e-05, 4.712428973725067, 1.5708000830002062, 6.712401650110343, 0.0002836291837809063, 3.141573035724937, 4.712394410822807, 1.9999964363474665, 2.473881755463846e-06, 3.1415849065167216, 1.570775898562159, 3.1415941794756574, 3.1415777822480377, 4.212393278470436, 4.712389135417509, -4.418699230766385e-06, 3.3965768519626553e-06, 3.570796351505152, 4.712385704136678, -1.8555060637743176e-05, 3.1415800420364515, 3.570792441306008, 3.141594927998492, 3.1415942053793295, -4.178697295395812e-06, 4.71238631036324, 4.712388770260635, 4.7123974927158, -5.092317840689436e-06, 3.141601238670344, 8.831845421110621e-07, 9.240977690008811e-06, -1.1376683378552649e-05, 1.5707960077984648, -1.6176949830358794e-07, 1.5708070135487566, 4.4301431982127064e-06, -1.1878981723438096e-06, 3.141590736132706]",0.0
743,1.6753227764718144,"[5.141594291233183, -3.0012369156644282e-05, 4.712428973724909, 1.570800083000731, 6.71240165011135, 0.0002836291834826461, 3.141573035725109, 4.712394410823361, 1.9999964363472877, 2.4738817077500824e-06, 3.1415849065176515, 1.5707758985615812, 3.1415941794749744, 3.141577782248588, 4.2123932784701354, 4.712389135417749, -4.418698950056441e-06, 3.3965782409626047e-06, 3.570796351505444, 4.712385704135577, -1.8555060480731583e-05, 3.1415800420361824, 3.570792441305591, 3.1415949279985176, 3.141594205377981, -4.178696622110794e-06, 4.712386310364139, 4.712388770261299, 4.7123974927148415, -5.092318633762511e-06, 3.141601238670186, 8.831851270851731e-07, 9.24097726598808e-06, -1.137668306643689e-05, 1.5707960077990493, -1.6176940108869856e-07, 1.5708070135489551, 4.430142687504623e-06, -1.1878993471344692e-06, 3.1415907361318656]",0.0
744,1.6767715301996446,"[5.1415942912332, -3.0012367554006355e-05, 4.712428973725629, 1.570800083000433, 6.712401650110567, 0.0002836291836702576, 3.1415730357253286, 4.712394410822462, 1.9999964363474345, 2.4738815188661698e-06, 3.1415849065183514, 1.570775898561573, 3.1415941794738433, 3.141577782246727, 4.212393278469979, 4.712389135417121, -4.418699015188867e-06, 3.396578128381692e-06, 3.5707963515051935, 4.712385704134871, -1.8555061020338448e-05, 3.1415800420365145, 3.5707924413056733, 3.141594927998259, 3.141594205378365, -4.178696789604771e-06, 4.7123863103634624, 4.712388770260616, 4.712397492715374, -5.092318760250973e-06, 3.141601238669561, 8.831865679972782e-07, 9.240977630989487e-06, -1.1376682430804804e-05, 1.5707960077982295, -1.6176881602722154e-07, 1.5708070135483103, 4.430142913680124e-06, -1.187899029251065e-06, 3.141590736131645]",0.0
745,1.6719003941098647,"[5.1415942912332415, -3.0012368497611633e-05, 4.712428973724784, 1.5708000830011006, 6.712401650110555, 0.0002836291833619978, 3.141573035725702, 4.712394410823084, 1.999996436347439, 2.4738814395487116e-06, 3.141584906517909, 1.5707758985606572, 3.141594179474602, 3.1415777822485267, 4.212393278470163, 4.712389135417367, -4.418699645712123e-06, 3.3965784233225616e-06, 3.570796351505553, 4.712385704136225, -1.855506094056533e-05, 3.141580042036558, 3.5707924413057914, 3.141594927997702, 3.1415942053784978, -4.178696436657714e-06, 4.712386310363743, 4.712388770261112, 4.712397492715329, -5.092318746403667e-06, 3.1416012386702454, 8.831847692293429e-07, 9.24097713623979e-06, -1.1376683365864817e-05, 1.5707960077984973, -1.6176942827523694e-07, 1.5708070135485017, 4.430142484498537e-06, -1.1878990920604277e-06, 3.141590736132064]",0.0
746,1.6765450652675555,"[5.141594291233849, -3.001236866181701e-05, 4.712428973724279, 1.5708000830016844, 6.712401650110515, 0.0002836291828104453, 3.141573035724703, 4.712394410823969, 1.9999964363478906, 2.4738813133383164e-06, 3.141584906516837, 1.5707758985611895, 3.141594179474095, 3.1415777822487305, 4.212393278470814, 4.712389135416734, -4.41869859544159e-06, 3.3965775686063254e-06, 3.5707963515059684, 4.71238570413594, -1.8555061177345458e-05, 3.1415800420371505, 3.5707924413050383, 3.141594927997545, 3.141594205378314, -4.178696453885885e-06, 4.712386310364302, 4.712388770259551, 4.712397492713947, -5.092318206659712e-06, 3.1416012386697645, 8.831859154337136e-07, 9.240977617933424e-06, -1.1376683308590495e-05, 1.570796007798112, -1.617695937062338e-07, 1.5708070135496879, 4.4301427550845935e-06, -1.1878990258841377e-06, 3.1415907361318642]",0.0
747,1.6717651638689264,"[5.141594291233538, -3.001236835618669e-05, 4.712428973724952, 1.5708000830008566, 6.712401650110484, 0.00028362918389747123, 3.14157303572517, 4.712394410822952, 1.999996436346875, 2.4738808957141445e-06, 3.141584906517228, 1.5707758985609115, 3.141594179475068, 3.1415777822483877, 4.212393278470355, 4.712389135418159, -4.418699064172558e-06, 3.396577634624394e-06, 3.570796351506159, 4.712385704135557, -1.8555060868589104e-05, 3.141580042036777, 3.57079244130588, 3.1415949279980264, 3.141594205378387, -4.178696598736488e-06, 4.712386310364218, 4.71238877026124, 4.712397492715045, -5.092318790244331e-06, 3.1416012386703596, 8.831857182136116e-07, 9.24097735399978e-06, -1.137668327525985e-05, 1.5707960077985594, -1.617693854429904e-07, 1.5708070135488932, 4.430142441293097e-06, -1.1878996035642423e-06, 3.1415907361323674]",0.0
748,1.6796599670250647,"[5.1415942912341155, -3.0012368123590374e-05, 4.712428973725286, 1.5708000830010487, 6.712401650110152, 0.0002836291839240005, 3.1415730357246505, 4.712394410822722, 1.999996436346539, 2.4738809426630344e-06, 3.141584906518473, 1.5707758985611406, 3.1415941794741724, 3.141577782248954, 4.21239327846992, 4.712389135418964, -4.418698143592303e-06, 3.3965776469379618e-06, 3.5707963515047854, 4.7123857041358255, -1.855506164595105e-05, 3.141580042036343, 3.5707924413050196, 3.1415949279974504, 3.1415942053777393, -4.178697236522453e-06, 4.712386310363678, 4.712388770260562, 4.712397492714207, -5.092318368061478e-06, 3.141601238670752, 8.831840247113605e-07, 9.240977326537163e-06, -1.1376682657760237e-05, 1.5707960077988163, -1.6176982534993774e-07, 1.5708070135484316, 4.430142608870941e-06, -1.1878986658716585e-06, 3.1415907361315107]",0.0
749,1.680919187634156,"[5.141594291233982, -3.001236843836951e-05, 4.712428973724482, 1.5708000830007554, 6.712401650110227, 0.00028362918372468274, 3.141573035725251, 4.7123944108228075, 1.9999964363474165, 2.473881470367647e-06, 3.1415849065177412, 1.5707758985615248, 3.141594179474717, 3.1415777822478796, 4.212393278470447, 4.712389135417227, -4.418698515472902e-06, 3.396578044355743e-06, 3.570796351505398, 4.7123857041360715, -1.855506040539282e-05, 3.14158004203655, 3.570792441305748, 3.141594927997863, 3.141594205378309, -4.178696838867601e-06, 4.712386310363949, 4.71238877026152, 4.712397492714435, -5.092318814171118e-06, 3.14160123867012, 8.831852001392173e-07, 9.240977156230555e-06, -1.1376683678407082e-05, 1.5707960077989538, -1.6176970368868936e-07, 1.57080701354871, 4.430141949891685e-06, -1.1878993847560813e-06, 3.1415907361318998]",0.0
750,1.6770359630468261,"[5.141594291234129, -3.0012368628575473e-05, 4.712428973724251, 1.570800083001282, 6.712401650110681, 0.00028362918353420403, 3.1415730357246554, 4.712394410822964, 1.9999964363483203, 2.4738804688010768e-06, 3.141584906516751, 1.5707758985614135, 3.1415941794739544, 3.141577782247727, 4.212393278470289, 4.712389135418229, -4.418700446566053e-06, 3.3965779232547527e-06, 3.5707963515047143, 4.712385704135724, -1.8555060938979195e-05, 3.1415800420360616, 3.5707924413042775, 3.141594927997909, 3.1415942053790564, -4.178696557932698e-06, 4.712386310363807, 4.712388770262069, 4.712397492714722, -5.092318190805319e-06, 3.1416012386705363, 8.831851447966173e-07, 9.24097701712527e-06, -1.1376682442826143e-05, 1.5707960077991414, -1.617688442793623e-07, 1.5708070135488348, 4.4301425025103394e-06, -1.1879000024076523e-06, 3.141590736132297]",0.0
751,1.6785991649168022,"[5.141594291233555, -3.001236811597634e-05, 4.712428973725581, 1.5708000830004278, 6.712401650109537, 0.0002836291834880554, 3.141573035724195, 4.7123944108240154, 1.9999964363465332, 2.473881761170509e-06, 3.141584906517798, 1.570775898561254, 3.141594179474067, 3.141577782248201, 4.212393278470692, 4.712389135417022, -4.418699224451902e-06, 3.396578975179282e-06, 3.5707963515050465, 4.71238570413609, -1.8555060748080144e-05, 3.14158004203727, 3.5707924413058674, 3.1415949279981414, 3.1415942053789414, -4.178696447730948e-06, 4.712386310364901, 4.712388770261643, 4.7123974927151915, -5.092318469701814e-06, 3.1416012386711625, 8.831850309545734e-07, 9.240977867561415e-06, -1.1376682876977288e-05, 1.5707960077992502, -1.6177025113683712e-07, 1.5708070135491714, 4.430143779917564e-06, -1.1879000294934798e-06, 3.1415907361323816]",0.0
752,1.6751897049973343,"[5.141594291233335, -3.0012368618034124e-05, 4.712428973724935, 1.5708000830008089, 6.712401650111042, 0.00028362918418616115, 3.141573035725184, 4.712394410823349, 1.9999964363470093, 2.473881441313536e-06, 3.141584906517178, 1.5707758985611433, 3.1415941794745494, 3.141577782247872, 4.212393278470933, 4.71238913541791, -4.418699033542732e-06, 3.3965783658651594e-06, 3.570796351505373, 4.71238570413598, -1.8555061175464188e-05, 3.141580042036899, 3.5707924413058136, 3.141594927997928, 3.1415942053786217, -4.178696553509766e-06, 4.712386310363943, 4.712388770261626, 4.712397492714532, -5.092318116697309e-06, 3.1416012386700416, 8.831852039010703e-07, 9.24097673006816e-06, -1.1376683166221287e-05, 1.5707960077982048, -1.617697327844352e-07, 1.5708070135487524, 4.4301427142206376e-06, -1.1878988795876208e-06, 3.1415907361314948]",0.0
753,1.6752838590244017,"[5.14159429123364, -3.0012368372772807e-05, 4.712428973725135, 1.570800083000975, 6.712401650110899, 0.0002836291837491187, 3.14157303572515, 4.712394410823215, 1.9999964363474405, 2.4738810891467134e-06, 3.1415849065175747, 1.5707758985611817, 3.1415941794744935, 3.141577782248142, 4.2123932784703175, 4.7123891354174035, -4.41869910388851e-06, 3.396577869354875e-06, 3.570796351505664, 4.712385704135844, -1.8555060645525837e-05, 3.1415800420363134, 3.5707924413059713, 3.141594927997801, 3.1415942053783144, -4.178696689160876e-06, 4.712386310363833, 4.712388770261395, 4.712397492714689, -5.0923184931340036e-06, 3.1416012386706162, 8.831851654482639e-07, 9.24097722848858e-06, -1.1376683094574558e-05, 1.5707960077987029, -1.617697019709318e-07, 1.5708070135490744, 4.430142769134128e-06, -1.1878990612021255e-06, 3.141590736131903]",0.0
754,1.6836875963693463,"[5.141594291233931, -3.001236805589185e-05, 4.712428973724774, 1.570800083001028, 6.7124016501113495, 0.0002836291835142178, 3.141573035725538, 4.712394410823204, 1.9999964363464826, 2.473881254067552e-06, 3.14158490651803, 1.5707758985613223, 3.141594179474587, 3.141577782247699, 4.212393278470736, 4.7123891354176495, -4.418699179364541e-06, 3.396578081903569e-06, 3.5707963515060435, 4.712385704136245, -1.855506050477126e-05, 3.1415800420365882, 3.5707924413052, 3.1415949279981765, 3.1415942053784094, -4.17869674385853e-06, 4.712386310363737, 4.712388770261103, 4.712397492714815, -5.092318241386154e-06, 3.1416012386703747, 8.831847374597996e-07, 9.240977421112656e-06, -1.1376683300116109e-05, 1.5707960077985341, -1.6176913331549582e-07, 1.5708070135493528, 4.430142822620726e-06, -1.187899522803252e-06, 3.1415907361321063]",0.0
755,1.6779330818615539,"[5.141594291233516, -3.0012368267117915e-05, 4.712428973725043, 1.570800083000803, 6.712401650111055, 0.00028362918350285156, 3.141573035725197, 4.712394410822847, 1.9999964363471059, 2.4738811617531985e-06, 3.141584906517401, 1.5707758985611326, 3.141594179474677, 3.141577782248339, 4.212393278470478, 4.712389135417355, -4.4186990240156155e-06, 3.3965780217167563e-06, 3.570796351505471, 4.712385704136099, -1.8555061003264087e-05, 3.14158004203671, 3.5707924413055387, 3.1415949279981614, 3.141594205378463, -4.178696606222078e-06, 4.712386310363586, 4.712388770261349, 4.712397492714568, -5.0923186226379026e-06, 3.141601238670453, 8.831852501752969e-07, 9.240977455841259e-06, -1.1376683201082802e-05, 1.5707960077989156, -1.617695890263468e-07, 1.5708070135488672, 4.43014271589616e-06, -1.1878992941614122e-06, 3.1415907361318482]",0.0
756,1.6702142915686475,"[5.1415942912336945, -3.0012368310003142e-05, 4.712428973724385, 1.5708000830009385, 6.712401650110714, 0.0002836291837863926, 3.1415730357250573, 4.712394410822208, 1.9999964363473606, 2.4738815032729247e-06, 3.1415849065173798, 1.5707758985607871, 3.1415941794744073, 3.141577782248535, 4.212393278470241, 4.712389135417435, -4.418698676976395e-06, 3.396578310639766e-06, 3.5707963515058565, 4.712385704135761, -1.8555060432518498e-05, 3.1415800420366615, 3.5707924413059793, 3.141594927998315, 3.1415942053787136, -4.1786967747514265e-06, 4.712386310363961, 4.71238877026135, 4.7123974927146355, -5.092318469357075e-06, 3.141601238670225, 8.831847683346912e-07, 9.240977055872222e-06, -1.1376682560122202e-05, 1.5707960077984575, -1.617692414198115e-07, 1.5708070135492411, 4.430143255053395e-06, -1.187899268167325e-06, 3.1415907361318904]",0.0
757,1.6738552279938175,"[5.141594291233855, -3.0012368538285982e-05, 4.712428973725139, 1.570800083001003, 6.712401650110769, 0.00028362918389604334, 3.141573035725416, 4.71239441082308, 1.999996436347087, 2.4738813738024454e-06, 3.141584906517389, 1.5707758985608604, 3.141594179474459, 3.141577782248144, 4.212393278470225, 4.712389135417425, -4.418699018464369e-06, 3.3965778629991556e-06, 3.5707963515054906, 4.712385704135861, -1.855506070953964e-05, 3.141580042036416, 3.5707924413054317, 3.1415949279981783, 3.141594205378402, -4.178696632174021e-06, 4.712386310363825, 4.712388770261289, 4.712397492714771, -5.092318561761609e-06, 3.1416012386700216, 8.83185060916684e-07, 9.2409772657588e-06, -1.1376683295451906e-05, 1.5707960077987222, -1.6176977213919953e-07, 1.5708070135489698, 4.430142961133146e-06, -1.1878994060576445e-06, 3.141590736131926]",0.0
758,1.6758794232124379,"[5.141594291233663, -3.0012368529965496e-05, 4.712428973725344, 1.5708000830013158, 6.712401650110275, 0.0002836291835813828, 3.14157303572534, 4.712394410822829, 1.9999964363473692, 2.473881531304796e-06, 3.1415849065176213, 1.5707758985609364, 3.1415941794750974, 3.1415777822483633, 4.212393278471399, 4.712389135417421, -4.418698889260742e-06, 3.3965779245911458e-06, 3.570796351505527, 4.712385704135877, -1.8555060775922805e-05, 3.1415800420362627, 3.5707924413052985, 3.1415949279980016, 3.141594205378166, -4.1786967874893544e-06, 4.712386310363654, 4.712388770261476, 4.712397492715315, -5.0923185436628e-06, 3.141601238670486, 8.831852991276837e-07, 9.240977022796681e-06, -1.1376682777547448e-05, 1.57079600779871, -1.617693933530183e-07, 1.5708070135494139, 4.430142761277005e-06, -1.1878993706560312e-06, 3.141590736131376]",0.0
759,1.6774283242232362,"[5.141594291233753, -3.001236844351998e-05, 4.712428973724743, 1.570800083001004, 6.71240165011073, 0.0002836291837016169, 3.1415730357252225, 4.712394410823164, 1.9999964363472835, 2.4738812276097535e-06, 3.1415849065179113, 1.5707758985612204, 3.1415941794746667, 3.14157778224827, 4.212393278470302, 4.712389135417513, -4.418699053111589e-06, 3.39657767500172e-06, 3.570796351505559, 4.7123857041361035, -1.8555060836755248e-05, 3.141580042036802, 3.570792441305569, 3.1415949279983053, 3.1415942053783428, -4.178696466820017e-06, 4.71238631036387, 4.7123887702616525, 4.712397492714849, -5.0923186067704665e-06, 3.1416012386702747, 8.83185220691096e-07, 9.240977352803948e-06, -1.1376682992123011e-05, 1.5707960077984942, -1.617695969012945e-07, 1.5708070135490348, 4.430142879320388e-06, -1.1878991625840714e-06, 3.1415907361317155]",0.0
760,1.6750442196125626,"[5.141594291233203, -3.0012368495387328e-05, 4.712428973724573, 1.5708000830003424, 6.712401650111096, 0.00028362918390496946, 3.1415730357252167, 4.712394410823111, 1.9999964363476612, 2.473881330996601e-06, 3.14158490651808, 1.5707758985607958, 3.141594179474623, 3.141577782248261, 4.212393278470757, 4.712389135417437, -4.41869852508365e-06, 3.3965775849810135e-06, 3.570796351505661, 4.712385704135482, -1.8555060874400743e-05, 3.141580042036546, 3.570792441305325, 3.141594927997695, 3.1415942053787766, -4.17869647294438e-06, 4.712386310363528, 4.712388770261297, 4.712397492715064, -5.092318104111953e-06, 3.141601238670359, 8.831849592028174e-07, 9.240977347825087e-06, -1.137668303075158e-05, 1.5707960077986534, -1.6177008180656261e-07, 1.5708070135489385, 4.43014275935627e-06, -1.1878998029495013e-06, 3.1415907361322115]",0.0
761,1.675492238334545,"[5.141594291233737, -3.001236859065383e-05, 4.712428973724932, 1.570800083000488, 6.712401650110738, 0.00028362918368176596, 3.1415730357251666, 4.712394410822882, 1.9999964363474494, 2.473881090787832e-06, 3.141584906517705, 1.5707758985609614, 3.141594179474614, 3.1415777822480457, 4.212393278470645, 4.71238913541766, -4.41869917636644e-06, 3.396578038988961e-06, 3.5707963515056194, 4.712385704136037, -1.8555060898950306e-05, 3.141580042036393, 3.570792441305717, 3.1415949279981543, 3.1415942053783135, -4.1786965155214924e-06, 4.712386310364004, 4.7123887702611365, 4.712397492714714, -5.092318576256354e-06, 3.14160123867025, 8.831850014585628e-07, 9.24097750356888e-06, -1.1376683260278287e-05, 1.5707960077986407, -1.6176957489752833e-07, 1.5708070135491607, 4.430142846870429e-06, -1.187899346431557e-06, 3.1415907361316413]",0.0
762,1.6776192236429157,"[5.141594291233723, -3.001236828812412e-05, 4.7124289737251255, 1.5708000830012554, 6.712401650110713, 0.00028362918400528294, 3.1415730357252634, 4.7123944108228155, 1.9999964363474803, 2.4738819654585725e-06, 3.141584906517571, 1.570775898561288, 3.141594179474827, 3.1415777822479853, 4.212393278470776, 4.712389135417697, -4.418699254538741e-06, 3.396577827645406e-06, 3.570796351505701, 4.7123857041356425, -1.8555060886209856e-05, 3.1415800420367526, 3.5707924413058127, 3.141594927997896, 3.1415942053781203, -4.178695594449786e-06, 4.712386310363699, 4.712388770261258, 4.712397492714333, -5.09231857944023e-06, 3.141601238670185, 8.831846960673748e-07, 9.240977664395824e-06, -1.1376682832913834e-05, 1.5707960077989918, -1.6176951347262893e-07, 1.570807013548948, 4.430142770259537e-06, -1.1878991900319271e-06, 3.1415907361323376]",0.0
763,1.6763456220377975,"[5.141594291233717, -3.001236849678204e-05, 4.712428973724869, 1.5708000830008695, 6.7124016501108015, 0.00028362918355910767, 3.1415730357254885, 4.712394410823071, 1.9999964363472724, 2.473881525525931e-06, 3.141584906517546, 1.5707758985612665, 3.1415941794747275, 3.1415777822480826, 4.212393278470351, 4.71238913541754, -4.418699057913914e-06, 3.3965779534497234e-06, 3.5707963515057264, 4.712385704135879, -1.8555061253774562e-05, 3.1415800420365283, 3.5707924413057373, 3.1415949279977937, 3.141594205378437, -4.178696955620504e-06, 4.712386310363877, 4.7123887702614775, 4.712397492714697, -5.092318605814051e-06, 3.1416012386702197, 8.831850219287438e-07, 9.240977465285439e-06, -1.1376682903297881e-05, 1.5707960077987013, -1.6176964254085732e-07, 1.5708070135491385, 4.430142852311314e-06, -1.1878994915205715e-06, 3.141590736131862]",0.0
764,1.682145792730837,"[5.141594291234035, -3.001236853661178e-05, 4.712428973725221, 1.5708000830004618, 6.712401650111168, 0.00028362918390921894, 3.14157303572559, 4.712394410822923, 1.9999964363471814, 2.4738811980909158e-06, 3.141584906517666, 1.5707758985615132, 3.1415941794742808, 3.1415777822488553, 4.212393278471093, 4.7123891354172205, -4.418699381862464e-06, 3.396577552424982e-06, 3.570796351505432, 4.712385704135793, -1.8555060515105233e-05, 3.141580042036828, 3.5707924413056644, 3.141594927997687, 3.1415942053785373, -4.178696757628658e-06, 4.712386310364343, 4.7123887702611675, 4.712397492714754, -5.092319060023444e-06, 3.14160123867011, 8.831849425910927e-07, 9.240977063517255e-06, -1.1376682727862645e-05, 1.570796007798534, -1.6176941178210491e-07, 1.5708070135486027, 4.43014281545691e-06, -1.1878994247044e-06, 3.1415907361319295]",0.0
765,1.6795955457821128,"[5.141594291233814, -3.0012368633167306e-05, 4.712428973724797, 1.570800083001089, 6.712401650110881, 0.000283629184057907, 3.1415730357251537, 4.712394410823094, 1.9999964363472769, 2.4738812823371477e-06, 3.14158490651777, 1.570775898561224, 3.1415941794746605, 3.1415777822481297, 4.212393278470603, 4.712389135417413, -4.418698999902865e-06, 3.3965780756276815e-06, 3.5707963515058214, 4.712385704135888, -1.855506102575371e-05, 3.141580042036467, 3.5707924413055796, 3.1415949279981388, 3.1415942053786874, -4.178696643256892e-06, 4.71238631036381, 4.712388770261089, 4.712397492714808, -5.0923188539387234e-06, 3.1416012386705057, 8.831851418505576e-07, 9.24097723519881e-06, -1.1376683079887491e-05, 1.5707960077988765, -1.6176956556828926e-07, 1.5708070135487908, 4.430142909171258e-06, -1.1878992692254997e-06, 3.141590736131838]",0.0
766,1.6821931686508829,"[5.141594291233324, -3.0012368182645528e-05, 4.712428973724629, 1.5708000830009328, 6.712401650110766, 0.000283629183881093, 3.1415730357261173, 4.712394410823337, 1.9999964363473604, 2.4738810442618234e-06, 3.1415849065173687, 1.5707758985609792, 3.141594179474311, 3.141577782248062, 4.212393278470674, 4.712389135417834, -4.418698630899988e-06, 3.3965778102881424e-06, 3.570796351505292, 4.712385704136194, -1.8555060675770405e-05, 3.141580042036612, 3.570792441305809, 3.1415949279982254, 3.141594205378599, -4.1786965887894155e-06, 4.71238631036424, 4.7123887702610645, 4.71239749271504, -5.092318595618397e-06, 3.141601238670244, 8.831850919344219e-07, 9.240977520614746e-06, -1.1376682622517472e-05, 1.570796007799522, -1.6176954895112136e-07, 1.5708070135492276, 4.430142645436219e-06, -1.1878989479229862e-06, 3.1415907361318482]",0.0
767,1.6727751194027505,"[5.1415942912334, -3.0012368720503687e-05, 4.712428973724975, 1.5708000830010374, 6.7124016501107455, 0.00028362918383982057, 3.1415730357253273, 4.712394410822753, 1.9999964363471903, 2.473881236902106e-06, 3.1415849065175356, 1.5707758985613456, 3.141594179474358, 3.1415777822480804, 4.212393278470483, 4.712389135417394, -4.41869916705355e-06, 3.396577862288655e-06, 3.570796351505745, 4.712385704135898, -1.8555060775967874e-05, 3.1415800420368076, 3.5707924413055654, 3.141594927998163, 3.1415942053782846, -4.178696697097313e-06, 4.71238631036392, 4.71238877026119, 4.712397492714883, -5.0923184377372916e-06, 3.14160123867048, 8.831849156514929e-07, 9.240977392948305e-06, -1.1376682970090144e-05, 1.5707960077986682, -1.617698171339913e-07, 1.5708070135490155, 4.430142532655283e-06, -1.1878994178123442e-06, 3.141590736131763]",0.0
768,1.6819203552390904,"[5.141594291233531, -3.0012368757217927e-05, 4.712428973724515, 1.570800083001454, 6.7124016501107615, 0.00028362918355921837, 3.1415730357253717, 4.712394410822717, 1.9999964363469862, 2.4738809690498848e-06, 3.1415849065180383, 1.570775898561117, 3.1415941794745486, 3.1415777822483286, 4.212393278471077, 4.712389135417602, -4.418699423986215e-06, 3.3965779501304986e-06, 3.570796351505087, 4.712385704135369, -1.8555060753002504e-05, 3.1415800420365585, 3.570792441306103, 3.1415949279981326, 3.1415942053783943, -4.1786970668922015e-06, 4.71238631036374, 4.712388770261393, 4.712397492714575, -5.092318328753539e-06, 3.1416012386700074, 8.831853173805643e-07, 9.240977655676899e-06, -1.1376683405880317e-05, 1.5707960077988494, -1.6176986890729632e-07, 1.570807013549008, 4.430143166125879e-06, -1.1878991401555802e-06, 3.1415907361322546]",0.0
769,1.675230545747346,"[5.141594291233658, -3.001236831368862e-05, 4.712428973724786, 1.5708000830009023, 6.712401650110789, 0.00028362918408447865, 3.1415730357251053, 4.712394410823198, 1.999996436347213, 2.473880975089583e-06, 3.1415849065175303, 1.5707758985612266, 3.1415941794747635, 3.1415777822483055, 4.212393278470564, 4.712389135417265, -4.418699075324307e-06, 3.3965781600161163e-06, 3.5707963515054972, 4.712385704136068, -1.8555060862689936e-05, 3.1415800420365, 3.5707924413057803, 3.1415949279980517, 3.141594205378035, -4.178696698372271e-06, 4.712386310363649, 4.712388770261212, 4.712397492714908, -5.092318483850583e-06, 3.141601238669955, 8.831849844262213e-07, 9.240977391361628e-06, -1.137668276616038e-05, 1.5707960077986751, -1.6176960208696928e-07, 1.5708070135489849, 4.430142706521471e-06, -1.187899515071638e-06, 3.1415907361320206]",0.0
770,1.6804693007655234,"[5.141594291233703, -3.0012368438767393e-05, 4.712428973724947, 1.5708000830009052, 6.7124016501107935, 0.0002836291836645494, 3.141573035725317, 4.712394410823112, 1.9999964363474028, 2.4738811942518207e-06, 3.141584906517542, 1.570775898561138, 3.1415941794745814, 3.1415777822481736, 4.212393278470636, 4.712389135417535, -4.418698948351992e-06, 3.3965780189774907e-06, 3.5707963515057095, 4.712385704135813, -1.8555060757731143e-05, 3.141580042036702, 3.5707924413055814, 3.1415949279980895, 3.141594205378266, -4.178696745396073e-06, 4.71238631036384, 4.712388770261385, 4.712397492714819, -5.092318534427683e-06, 3.141601238670288, 8.831849698142426e-07, 9.240977419950537e-06, -1.1376683092992036e-05, 1.5707960077987269, -1.6176954719025678e-07, 1.5708070135487635, 4.4301428898896e-06, -1.187899253336525e-06, 3.1415907361319184]",0.0
771,1.6779125035592402,"[5.141594291233724, -3.0012368111552006e-05, 4.712428973724707, 1.5708000830008892, 6.71240165011074, 0.00028362918373731896, 3.1415730357256, 4.712394410822932, 1.9999964363473093, 2.4738813747538044e-06, 3.1415849065174863, 1.5707758985614304, 3.1415941794745645, 3.141577782248399, 4.212393278470615, 4.712389135417527, -4.418699072491415e-06, 3.3965780203981577e-06, 3.5707963515055807, 4.712385704135898, -1.8555060947699816e-05, 3.141580042036187, 3.5707924413056324, 3.1415949279982907, 3.1415942053782238, -4.178696483672979e-06, 4.712386310364025, 4.712388770261212, 4.712397492714788, -5.092318323840466e-06, 3.141601238670553, 8.831852168532089e-07, 9.240977248681395e-06, -1.1376683117144481e-05, 1.5707960077984726, -1.617698653055017e-07, 1.5708070135487529, 4.430142917790765e-06, -1.1878994415075814e-06, 3.1415907361319255]",0.0
772,1.677364181484337,"[5.141594291233691, -3.00123684858657e-05, 4.712428973724848, 1.5708000830009028, 6.712401650110875, 0.00028362918374210706, 3.14157303572537, 4.712394410822953, 1.9999964363473508, 2.47388127397727e-06, 3.1415849065174895, 1.5707758985612614, 3.1415941794747324, 3.141577782248192, 4.212393278470552, 4.712389135417569, -4.418699041533021e-06, 3.3965777044725654e-06, 3.5707963515055736, 4.712385704135946, -1.855506079419825e-05, 3.1415800420364826, 3.5707924413057137, 3.1415949279981215, 3.141594205378432, -4.1786967158603775e-06, 4.712386310363657, 4.712388770261165, 4.712397492714824, -5.092318484891033e-06, 3.1416012386702357, 8.831850021724279e-07, 9.240977304060785e-06, -1.1376683095756816e-05, 1.5707960077986167, -1.617695210347922e-07, 1.57080701354889, 4.430142767259618e-06, -1.1878992062841977e-06, 3.1415907361318833]",0.0
773,1.6808218436855766,"[5.141594291233625, -3.001236839386976e-05, 4.712428973725037, 1.5708000830007356, 6.712401650110411, 0.0002836291836018387, 3.141573035724959, 4.7123944108232845, 1.9999964363470895, 2.473881518381745e-06, 3.141584906517503, 1.5707758985613534, 3.141594179474622, 3.1415777822481736, 4.212393278470582, 4.71238913541749, -4.418699100088841e-06, 3.396577910610244e-06, 3.570796351505309, 4.7123857041360235, -1.855506068759998e-05, 3.141580042036683, 3.570792441305869, 3.141594927998159, 3.1415942053787114, -4.178696676143267e-06, 4.712386310363901, 4.712388770261144, 4.712397492714993, -5.09231841897103e-06, 3.141601238670488, 8.831849345309395e-07, 9.240977401237051e-06, -1.1376683058591411e-05, 1.570796007798731, -1.6176963378888275e-07, 1.5708070135489396, 4.430143019329439e-06, -1.1878994751748572e-06, 3.141590736132043]",0.0
774,1.6735071396392713,"[5.141594291233783, -3.0012368522342687e-05, 4.7124289737249665, 1.5708000830009423, 6.71240165011088, 0.00028362918367322396, 3.141573035725344, 4.712394410823006, 1.9999964363472478, 2.4738812672303295e-06, 3.141584906517617, 1.5707758985611615, 3.141594179474539, 3.141577782248101, 4.212393278470543, 4.7123891354174905, -4.4186988769298206e-06, 3.396578019243228e-06, 3.5707963515053898, 4.712385704135837, -1.855506083990545e-05, 3.1415800420365545, 3.5707924413057435, 3.141594927998081, 3.1415942053784036, -4.178696560027265e-06, 4.712386310363837, 4.7123887702612395, 4.712397492714876, -5.092318547876404e-06, 3.141601238670379, 8.831851583339101e-07, 9.240977441324886e-06, -1.137668296636077e-05, 1.5707960077985197, -1.617695010394335e-07, 1.5708070135489094, 4.430142719502341e-06, -1.1878993709147805e-06, 3.141590736131962]",0.0
775,1.6783682268708784,"[5.14159429123336, -3.001236806042795e-05, 4.712428973725008, 1.5708000830008135, 6.712401650110687, 0.00028362918368729045, 3.141573035725248, 4.712394410822995, 1.9999964363472815, 2.473881385548829e-06, 3.14158490651783, 1.5707758985612776, 3.1415941794743696, 3.1415777822479165, 4.212393278470439, 4.712389135417498, -4.418699157654654e-06, 3.3965778940158203e-06, 3.5707963515055794, 4.7123857041355866, -1.8555060783712852e-05, 3.1415800420365305, 3.5707924413056573, 3.14159492799812, 3.141594205378352, -4.178696702865746e-06, 4.71238631036371, 4.712388770261058, 4.712397492714778, -5.092318618593125e-06, 3.141601238670023, 8.831853882044721e-07, 9.240977220894879e-06, -1.1376682923901958e-05, 1.570796007798705, -1.6176939489330008e-07, 1.570807013548792, 4.430142870911482e-06, -1.18789940422537e-06, 3.1415907361316435]",0.0
776,1.6842595706665475,"[5.141594291233776, -3.0012368488780427e-05, 4.712428973724881, 1.5708000830008018, 6.712401650110744, 0.0002836291836578997, 3.1415730357253873, 4.712394410823056, 1.9999964363472507, 2.473881216099588e-06, 3.141584906517609, 1.5707758985612605, 3.1415941794745317, 3.1415777822482265, 4.212393278470534, 4.71238913541753, -4.418699031793008e-06, 3.3965779708077367e-06, 3.5707963515055687, 4.7123857041358015, -1.855506089040453e-05, 3.141580042036697, 3.570792441305736, 3.1415949279980966, 3.1415942053783015, -4.178696549539354e-06, 4.71238631036369, 4.712388770261225, 4.712397492714835, -5.092318505824167e-06, 3.1416012386703356, 8.831850764775171e-07, 9.240977068173864e-06, -1.1376683098387513e-05, 1.5707960077988132, -1.617695762953514e-07, 1.570807013549063, 4.430142855045386e-06, -1.1878993606954972e-06, 3.1415907361319353]",0.0
777,1.6819323553525314,"[5.141594291233864, -3.001236839158346e-05, 4.712428973724776, 1.5708000830010438, 6.712401650110834, 0.0002836291836099289, 3.1415730357252687, 4.712394410823167, 1.9999964363470644, 2.47388120854832e-06, 3.1415849065175063, 1.570775898561177, 3.1415941794745565, 3.1415777822484134, 4.212393278470542, 4.712389135417537, -4.418699060215626e-06, 3.396577932367999e-06, 3.570796351505708, 4.71238570413566, -1.8555060697323023e-05, 3.1415800420364683, 3.5707924413058953, 3.14159492799796, 3.1415942053785963, -4.1786963853482544e-06, 4.7123863103637555, 4.712388770261346, 4.712397492714877, -5.092318348156761e-06, 3.1416012386702077, 8.831849466241859e-07, 9.240977538396361e-06, -1.1376683074462506e-05, 1.5707960077988306, -1.6176960696637144e-07, 1.5708070135487937, 4.430142626880125e-06, -1.1878995461140423e-06, 3.14159073613131]",0.0
778,1.6813480895791386,"[5.14159429123368, -3.0012368372010104e-05, 4.712428973724933, 1.5708000830010247, 6.712401650110929, 0.0002836291836065741, 3.141573035725134, 4.7123944108229585, 1.9999964363472902, 2.473881308379393e-06, 3.1415849065176165, 1.5707758985611895, 3.1415941794744806, 3.1415777822481727, 4.212393278470621, 4.712389135417556, -4.418698964231694e-06, 3.396577842288636e-06, 3.570796351505607, 4.712385704136017, -1.8555060908033714e-05, 3.1415800420365168, 3.570792441305778, 3.1415949279980793, 3.1415942053783477, -4.178696616005775e-06, 4.712386310363954, 4.7123887702613025, 4.712397492714939, -5.092318523266729e-06, 3.1416012386701766, 8.831850469631024e-07, 9.240977211892092e-06, -1.1376683100803652e-05, 1.5707960077987926, -1.617696329122458e-07, 1.5708070135488825, 4.430142808939713e-06, -1.187899412780786e-06, 3.141590736131924]",0.0
779,1.6753122141347636,"[5.141594291233555, -3.0012368656681635e-05, 4.712428973724945, 1.5708000830010138, 6.712401650110732, 0.00028362918384702493, 3.1415730357254508, 4.712394410823133, 1.9999964363473242, 2.473881333558161e-06, 3.1415849065177244, 1.5707758985609586, 3.1415941794745668, 3.141577782248258, 4.2123932784705564, 4.712389135417541, -4.418699013353883e-06, 3.396577782872954e-06, 3.5707963515055776, 4.71238570413622, -1.85550607384495e-05, 3.141580042036592, 3.5707924413058607, 3.1415949279980553, 3.141594205378257, -4.1786967002142805e-06, 4.712386310363818, 4.712388770261247, 4.712397492714402, -5.092318272569094e-06, 3.14160123867048, 8.831852067661987e-07, 9.240977261602647e-06, -1.1376683015612995e-05, 1.570796007798763, -1.6176928265480926e-07, 1.5708070135486933, 4.430142920083867e-06, -1.1878997797296052e-06, 3.1415907361318216]",0.0
780,1.6724463239293692,"[5.141594291233692, -3.0012368476573662e-05, 4.712428973724981, 1.5708000830008584, 6.712401650110706, 0.00028362918360810835, 3.1415730357253002, 4.712394410823127, 1.9999964363472187, 2.47388127752062e-06, 3.141584906517659, 1.5707758985611313, 3.141594179474501, 3.141577782248254, 4.212393278470644, 4.712389135417522, -4.418699053023664e-06, 3.3965779306888855e-06, 3.5707963515057104, 4.71238570413591, -1.8555060828083707e-05, 3.141580042036441, 3.5707924413057084, 3.1415949279982636, 3.1415942053784898, -4.178696648018402e-06, 4.712386310363764, 4.712388770261316, 4.712397492714658, -5.09231850544126e-06, 3.141601238670228, 8.831850685120421e-07, 9.240977287840532e-06, -1.1376682898836669e-05, 1.5707960077986873, -1.6176964778290624e-07, 1.570807013548898, 4.4301426347212244e-06, -1.1878993044440832e-06, 3.14159073613199]",0.0
781,1.6724096018560355,"[5.1415942912336625, -3.001236848295163e-05, 4.712428973724485, 1.570800083000812, 6.712401650110864, 0.0002836291835428151, 3.1415730357251856, 4.712394410823154, 1.9999964363470004, 2.473881439640032e-06, 3.1415849065174104, 1.5707758985608522, 3.1415941794745588, 3.1415777822479822, 4.2123932784706835, 4.712389135417526, -4.4186991600261946e-06, 3.3965777506121712e-06, 3.5707963515055123, 4.712385704135875, -1.855506067561419e-05, 3.1415800420365025, 3.5707924413057, 3.141594927998022, 3.1415942053780714, -4.178696635826086e-06, 4.71238631036373, 4.712388770261232, 4.712397492714748, -5.092318881355591e-06, 3.141601238670528, 8.831850462038801e-07, 9.24097724423811e-06, -1.1376682836576102e-05, 1.5707960077986507, -1.6176978183274826e-07, 1.5708070135487944, 4.430142828251885e-06, -1.1878993512428418e-06, 3.1415907361318203]",0.0
782,1.6768098676394179,"[5.141594291233629, -3.0012368469410765e-05, 4.712428973724795, 1.570800083000984, 6.712401650110831, 0.00028362918360338513, 3.1415730357252993, 4.712394410823182, 1.9999964363473923, 2.47388131986719e-06, 3.14158490651745, 1.5707758985611868, 3.1415941794745743, 3.141577782248198, 4.212393278470654, 4.712389135417309, -4.418699074799548e-06, 3.396577918804844e-06, 3.5707963515056655, 4.712385704135904, -1.8555060757299116e-05, 3.141580042036632, 3.570792441305679, 3.1415949279980833, 3.1415942053784423, -4.178696562466384e-06, 4.7123863103638906, 4.712388770261161, 4.712397492714737, -5.092318528546558e-06, 3.1416012386702135, 8.831852276747964e-07, 9.240977342533567e-06, -1.1376683117175283e-05, 1.5707960077986278, -1.617695691533612e-07, 1.5708070135490557, 4.430142816815502e-06, -1.1878993981263289e-06, 3.1415907361318998]",0.0
783,1.6706002125454882,"[5.141594291233637, -3.0012368345721024e-05, 4.712428973724862, 1.5708000830011393, 6.712401650110651, 0.00028362918362558477, 3.141573035725079, 4.712394410823191, 1.9999964363472171, 2.473881236041293e-06, 3.1415849065176777, 1.5707758985611555, 3.1415941794744824, 3.1415777822485316, 4.212393278470486, 4.712389135417772, -4.418698807548165e-06, 3.3965778717948016e-06, 3.5707963515054066, 4.712385704135845, -1.8555060955644508e-05, 3.1415800420365856, 3.570792441305386, 3.141594927997854, 3.141594205378288, -4.178696724134726e-06, 4.712386310363932, 4.712388770260836, 4.712397492714459, -5.092318549731452e-06, 3.141601238670324, 8.831848964076137e-07, 9.240977325764576e-06, -1.1376683045501149e-05, 1.5707960077985343, -1.617696085486725e-07, 1.5708070135490428, 4.430142697069622e-06, -1.1878992460844582e-06, 3.1415907361318136]",0.0
784,1.669790660403613,"[5.141594291233731, -3.001236832868583e-05, 4.712428973724969, 1.570800083000915, 6.712401650110897, 0.00028362918378616026, 3.141573035725334, 4.71239441082309, 1.9999964363473208, 2.473881454024221e-06, 3.1415849065176786, 1.5707758985611109, 3.1415941794746027, 3.141577782248302, 4.212393278470591, 4.7123891354176095, -4.418699016829426e-06, 3.3965779869556965e-06, 3.570796351505608, 4.7123857041359285, -1.855506073136613e-05, 3.1415800420367046, 3.570792441305835, 3.141594927998164, 3.1415942053783428, -4.178696751246383e-06, 4.7123863103637476, 4.712388770261165, 4.712397492714804, -5.0923186001196596e-06, 3.14160123867032, 8.831851197553089e-07, 9.240977371013257e-06, -1.1376683104971869e-05, 1.57079600779866, -1.6176975614686129e-07, 1.570807013548992, 4.430142747142599e-06, -1.1878993853722736e-06, 3.1415907361318154]",0.0
785,1.6746907229564432,"[5.141594291233825, -3.0012368340282564e-05, 4.712428973724766, 1.570800083001034, 6.712401650110878, 0.00028362918377944574, 3.1415730357251586, 4.712394410823056, 1.9999964363476381, 2.4738812449472987e-06, 3.1415849065174517, 1.570775898561173, 3.1415941794744566, 3.1415777822481727, 4.212393278470524, 4.712389135417874, -4.418699464747879e-06, 3.396578035066649e-06, 3.5707963515053156, 4.71238570413587, -1.8555060689754777e-05, 3.1415800420365483, 3.570792441305398, 3.14159492799811, 3.141594205378577, -4.178696745768678e-06, 4.712386310363759, 4.712388770261449, 4.712397492714768, -5.092318544824661e-06, 3.141601238670403, 8.831851148426774e-07, 9.240977256895148e-06, -1.137668294534504e-05, 1.5707960077987657, -1.6176952920148877e-07, 1.5708070135490027, 4.430142596247659e-06, -1.1878996312846278e-06, 3.141590736131956]",0.0
