iteration,energy,paramter,std
1,1.5546049371285715,"[1.5707963267948966, 4.71238898038469, 1.5707963267948966, 4.71238898038469, 3.141592653589793, 4.71238898038469, 1.5707963267948966, 1.5707963267948966, 3.141592653589793, 4.71238898038469, 3.141592653589793, 1.5707963267948966, 4.71238898038469, 4.71238898038469, 0.0, 0.0, 0.0, 0.0, 3.141592653589793, 1.5707963267948966, 3.141592653589793, 0.0, 3.141592653589793, 0.0, 0.0, 3.141592653589793, 0.0, 1.5707963267948966, 0.0, 4.71238898038469, 1.5707963267948966, 4.71238898038469, 1.5707963267948966, 1.5707963267948966, 3.141592653589793, 0.0, 4.71238898038469, 3.141592653589793, 0.0, 4.71238898038469]",0.0
2,4.084143267390345,"[3.5707963267948966, 4.71238898038469, 1.5707963267948966, 4.71238898038469, 3.141592653589793, 4.71238898038469, 1.5707963267948966, 1.5707963267948966, 3.141592653589793, 4.71238898038469, 3.141592653589793, 1.5707963267948966, 4.71238898038469, 4.71238898038469, 0.0, 0.0, 0.0, 0.0, 3.141592653589793, 1.5707963267948966, 3.141592653589793, 0.0, 3.141592653589793, 0.0, 0.0, 3.141592653589793, 0.0, 1.5707963267948966, 0.0, 4.71238898038469, 1.5707963267948966, 4.71238898038469, 1.5707963267948966, 1.5707963267948966, 3.141592653589793, 0.0, 4.71238898038469, 3.141592653589793, 0.0, 4.71238898038469]",0.0
3,4.0636419117254565,"[1.5707963267948966, 6.71238898038469, 1.5707963267948966, 4.71238898038469, 3.141592653589793, 4.71238898038469, 1.5707963267948966, 1.5707963267948966, 3.141592653589793, 4.71238898038469, 3.141592653589793, 1.5707963267948966, 4.71238898038469, 4.71238898038469, 0.0, 0.0, 0.0, 0.0, 3.141592653589793, 1.5707963267948966, 3.141592653589793, 0.0, 3.141592653589793, 0.0, 0.0, 3.141592653589793, 0.0, 1.5707963267948966, 0.0, 4.71238898038469, 1.5707963267948966, 4.71238898038469, 1.5707963267948966, 1.5707963267948966, 3.141592653589793, 0.0, 4.71238898038469, 3.141592653589793, 0.0, 4.71238898038469]",0.0
4,3.0662009544259625,"[1.5707963267948966, 4.71238898038469, 3.5707963267948966, 4.71238898038469, 3.141592653589793, 4.71238898038469, 1.5707963267948966, 1.5707963267948966, 3.141592653589793, 4.71238898038469, 3.141592653589793, 1.5707963267948966, 4.71238898038469, 4.71238898038469, 0.0, 0.0, 0.0, 0.0, 3.141592653589793, 1.5707963267948966, 3.141592653589793, 0.0, 3.141592653589793, 0.0, 0.0, 3.141592653589793, 0.0, 1.5707963267948966, 0.0, 4.71238898038469, 1.5707963267948966, 4.71238898038469, 1.5707963267948966, 1.5707963267948966, 3.141592653589793, 0.0, 4.71238898038469, 3.141592653589793, 0.0, 4.71238898038469]",0.0
5,3.0481476604313977,"[1.5707963267948966, 4.71238898038469, 1.5707963267948966, 6.71238898038469, 3.141592653589793, 4.71238898038469, 1.5707963267948966, 1.5707963267948966, 3.141592653589793, 4.71238898038469, 3.141592653589793, 1.5707963267948966, 4.71238898038469, 4.71238898038469, 0.0, 0.0, 0.0, 0.0, 3.141592653589793, 1.5707963267948966, 3.141592653589793, 0.0, 3.141592653589793, 0.0, 0.0, 3.141592653589793, 0.0, 1.5707963267948966, 0.0, 4.71238898038469, 1.5707963267948966, 4.71238898038469, 1.5707963267948966, 1.5707963267948966, 3.141592653589793, 0.0, 4.71238898038469, 3.141592653589793, 0.0, 4.71238898038469]",0.0
6,7.230800013324682,"[1.5707963267948966, 4.71238898038469, 1.5707963267948966, 4.71238898038469, 5.141592653589793, 4.71238898038469, 1.5707963267948966, 1.5707963267948966, 3.141592653589793, 4.71238898038469, 3.141592653589793, 1.5707963267948966, 4.71238898038469, 4.71238898038469, 0.0, 0.0, 0.0, 0.0, 3.141592653589793, 1.5707963267948966, 3.141592653589793, 0.0, 3.141592653589793, 0.0, 0.0, 3.141592653589793, 0.0, 1.5707963267948966, 0.0, 4.71238898038469, 1.5707963267948966, 4.71238898038469, 1.5707963267948966, 1.5707963267948966, 3.141592653589793, 0.0, 4.71238898038469, 3.141592653589793, 0.0, 4.71238898038469]",0.0
7,2.918452728052664,"[1.5707963267948966, 4.71238898038469, 1.5707963267948966, 4.71238898038469, 3.141592653589793, 6.71238898038469, 1.5707963267948966, 1.5707963267948966, 3.141592653589793, 4.71238898038469, 3.141592653589793, 1.5707963267948966, 4.71238898038469, 4.71238898038469, 0.0, 0.0, 0.0, 0.0, 3.141592653589793, 1.5707963267948966, 3.141592653589793, 0.0, 3.141592653589793, 0.0, 0.0, 3.141592653589793, 0.0, 1.5707963267948966, 0.0, 4.71238898038469, 1.5707963267948966, 4.71238898038469, 1.5707963267948966, 1.5707963267948966, 3.141592653589793, 0.0, 4.71238898038469, 3.141592653589793, 0.0, 4.71238898038469]",0.0
8,3.008037846436771,"[1.5707963267948966, 4.71238898038469, 1.5707963267948966, 4.71238898038469, 3.141592653589793, 4.71238898038469, 3.5707963267948966, 1.5707963267948966, 3.141592653589793, 4.71238898038469, 3.141592653589793, 1.5707963267948966, 4.71238898038469, 4.71238898038469, 0.0, 0.0, 0.0, 0.0, 3.141592653589793, 1.5707963267948966, 3.141592653589793, 0.0, 3.141592653589793, 0.0, 0.0, 3.141592653589793, 0.0, 1.5707963267948966, 0.0, 4.71238898038469, 1.5707963267948966, 4.71238898038469, 1.5707963267948966, 1.5707963267948966, 3.141592653589793, 0.0, 4.71238898038469, 3.141592653589793, 0.0, 4.71238898038469]",0.0
9,1.9142916772199265,"[1.5707963267948966, 4.71238898038469, 1.5707963267948966, 4.71238898038469, 3.141592653589793, 4.71238898038469, 1.5707963267948966, 3.5707963267948966, 3.141592653589793, 4.71238898038469, 3.141592653589793, 1.5707963267948966, 4.71238898038469, 4.71238898038469, 0.0, 0.0, 0.0, 0.0, 3.141592653589793, 1.5707963267948966, 3.141592653589793, 0.0, 3.141592653589793, 0.0, 0.0, 3.141592653589793, 0.0, 1.5707963267948966, 0.0, 4.71238898038469, 1.5707963267948966, 4.71238898038469, 1.5707963267948966, 1.5707963267948966, 3.141592653589793, 0.0, 4.71238898038469, 3.141592653589793, 0.0, 4.71238898038469]",0.0
10,3.328847398966843,"[1.5707963267948966, 4.71238898038469, 1.5707963267948966, 4.71238898038469, 3.141592653589793, 4.71238898038469, 1.5707963267948966, 1.5707963267948966, 5.141592653589793, 4.71238898038469, 3.141592653589793, 1.5707963267948966, 4.71238898038469, 4.71238898038469, 0.0, 0.0, 0.0, 0.0, 3.141592653589793, 1.5707963267948966, 3.141592653589793, 0.0, 3.141592653589793, 0.0, 0.0, 3.141592653589793, 0.0, 1.5707963267948966, 0.0, 4.71238898038469, 1.5707963267948966, 4.71238898038469, 1.5707963267948966, 1.5707963267948966, 3.141592653589793, 0.0, 4.71238898038469, 3.141592653589793, 0.0, 4.71238898038469]",0.0
11,1.9527038508291494,"[1.5707963267948966, 4.71238898038469, 1.5707963267948966, 4.71238898038469, 3.141592653589793, 4.71238898038469, 1.5707963267948966, 1.5707963267948966, 3.141592653589793, 6.71238898038469, 3.141592653589793, 1.5707963267948966, 4.71238898038469, 4.71238898038469, 0.0, 0.0, 0.0, 0.0, 3.141592653589793, 1.5707963267948966, 3.141592653589793, 0.0, 3.141592653589793, 0.0, 0.0, 3.141592653589793, 0.0, 1.5707963267948966, 0.0, 4.71238898038469, 1.5707963267948966, 4.71238898038469, 1.5707963267948966, 1.5707963267948966, 3.141592653589793, 0.0, 4.71238898038469, 3.141592653589793, 0.0, 4.71238898038469]",0.0
12,3.3660821716188423,"[1.5707963267948966, 4.71238898038469, 1.5707963267948966, 4.71238898038469, 3.141592653589793, 4.71238898038469, 1.5707963267948966, 1.5707963267948966, 3.141592653589793, 4.71238898038469, 5.141592653589793, 1.5707963267948966, 4.71238898038469, 4.71238898038469, 0.0, 0.0, 0.0, 0.0, 3.141592653589793, 1.5707963267948966, 3.141592653589793, 0.0, 3.141592653589793, 0.0, 0.0, 3.141592653589793, 0.0, 1.5707963267948966, 0.0, 4.71238898038469, 1.5707963267948966, 4.71238898038469, 1.5707963267948966, 1.5707963267948966, 3.141592653589793, 0.0, 4.71238898038469, 3.141592653589793, 0.0, 4.71238898038469]",0.0
13,2.706378831680283,"[1.5707963267948966, 4.71238898038469, 1.5707963267948966, 4.71238898038469, 3.141592653589793, 4.71238898038469, 1.5707963267948966, 1.5707963267948966, 3.141592653589793, 4.71238898038469, 3.141592653589793, 3.5707963267948966, 4.71238898038469, 4.71238898038469, 0.0, 0.0, 0.0, 0.0, 3.141592653589793, 1.5707963267948966, 3.141592653589793, 0.0, 3.141592653589793, 0.0, 0.0, 3.141592653589793, 0.0, 1.5707963267948966, 0.0, 4.71238898038469, 1.5707963267948966, 4.71238898038469, 1.5707963267948966, 1.5707963267948966, 3.141592653589793, 0.0, 4.71238898038469, 3.141592653589793, 0.0, 4.71238898038469]",0.0
14,4.429548690000826,"[1.5707963267948966, 4.71238898038469, 1.5707963267948966, 4.71238898038469, 3.141592653589793, 4.71238898038469, 1.5707963267948966, 1.5707963267948966, 3.141592653589793, 4.71238898038469, 3.141592653589793, 1.5707963267948966, 6.71238898038469, 4.71238898038469, 0.0, 0.0, 0.0, 0.0, 3.141592653589793, 1.5707963267948966, 3.141592653589793, 0.0, 3.141592653589793, 0.0, 0.0, 3.141592653589793, 0.0, 1.5707963267948966, 0.0, 4.71238898038469, 1.5707963267948966, 4.71238898038469, 1.5707963267948966, 1.5707963267948966, 3.141592653589793, 0.0, 4.71238898038469, 3.141592653589793, 0.0, 4.71238898038469]",0.0
15,4.388620055306128,"[1.5707963267948966, 4.71238898038469, 1.5707963267948966, 4.71238898038469, 3.141592653589793, 4.71238898038469, 1.5707963267948966, 1.5707963267948966, 3.141592653589793, 4.71238898038469, 3.141592653589793, 1.5707963267948966, 4.71238898038469, 6.71238898038469, 0.0, 0.0, 0.0, 0.0, 3.141592653589793, 1.5707963267948966, 3.141592653589793, 0.0, 3.141592653589793, 0.0, 0.0, 3.141592653589793, 0.0, 1.5707963267948966, 0.0, 4.71238898038469, 1.5707963267948966, 4.71238898038469, 1.5707963267948966, 1.5707963267948966, 3.141592653589793, 0.0, 4.71238898038469, 3.141592653589793, 0.0, 4.71238898038469]",0.0
16,2.705413404274622,"[1.5707963267948966, 4.71238898038469, 1.5707963267948966, 4.71238898038469, 3.141592653589793, 4.71238898038469, 1.5707963267948966, 1.5707963267948966, 3.141592653589793, 4.71238898038469, 3.141592653589793, 1.5707963267948966, 4.71238898038469, 4.71238898038469, 2.0, 0.0, 0.0, 0.0, 3.141592653589793, 1.5707963267948966, 3.141592653589793, 0.0, 3.141592653589793, 0.0, 0.0, 3.141592653589793, 0.0, 1.5707963267948966, 0.0, 4.71238898038469, 1.5707963267948966, 4.71238898038469, 1.5707963267948966, 1.5707963267948966, 3.141592653589793, 0.0, 4.71238898038469, 3.141592653589793, 0.0, 4.71238898038469]",0.0
17,2.7217371432483333,"[1.5707963267948966, 4.71238898038469, 1.5707963267948966, 4.71238898038469, 3.141592653589793, 4.71238898038469, 1.5707963267948966, 1.5707963267948966, 3.141592653589793, 4.71238898038469, 3.141592653589793, 1.5707963267948966, 4.71238898038469, 4.71238898038469, 0.0, 2.0, 0.0, 0.0, 3.141592653589793, 1.5707963267948966, 3.141592653589793, 0.0, 3.141592653589793, 0.0, 0.0, 3.141592653589793, 0.0, 1.5707963267948966, 0.0, 4.71238898038469, 1.5707963267948966, 4.71238898038469, 1.5707963267948966, 1.5707963267948966, 3.141592653589793, 0.0, 4.71238898038469, 3.141592653589793, 0.0, 4.71238898038469]",0.0
18,3.026556982903916,"[1.5707963267948966, 4.71238898038469, 1.5707963267948966, 4.71238898038469, 3.141592653589793, 4.71238898038469, 1.5707963267948966, 1.5707963267948966, 3.141592653589793, 4.71238898038469, 3.141592653589793, 1.5707963267948966, 4.71238898038469, 4.71238898038469, 0.0, 0.0, 2.0, 0.0, 3.141592653589793, 1.5707963267948966, 3.141592653589793, 0.0, 3.141592653589793, 0.0, 0.0, 3.141592653589793, 0.0, 1.5707963267948966, 0.0, 4.71238898038469, 1.5707963267948966, 4.71238898038469, 1.5707963267948966, 1.5707963267948966, 3.141592653589793, 0.0, 4.71238898038469, 3.141592653589793, 0.0, 4.71238898038469]",0.0
19,3.001069270401868,"[1.5707963267948966, 4.71238898038469, 1.5707963267948966, 4.71238898038469, 3.141592653589793, 4.71238898038469, 1.5707963267948966, 1.5707963267948966, 3.141592653589793, 4.71238898038469, 3.141592653589793, 1.5707963267948966, 4.71238898038469, 4.71238898038469, 0.0, 0.0, 0.0, 2.0, 3.141592653589793, 1.5707963267948966, 3.141592653589793, 0.0, 3.141592653589793, 0.0, 0.0, 3.141592653589793, 0.0, 1.5707963267948966, 0.0, 4.71238898038469, 1.5707963267948966, 4.71238898038469, 1.5707963267948966, 1.5707963267948966, 3.141592653589793, 0.0, 4.71238898038469, 3.141592653589793, 0.0, 4.71238898038469]",0.0
20,2.899858517414835,"[1.5707963267948966, 4.71238898038469, 1.5707963267948966, 4.71238898038469, 3.141592653589793, 4.71238898038469, 1.5707963267948966, 1.5707963267948966, 3.141592653589793, 4.71238898038469, 3.141592653589793, 1.5707963267948966, 4.71238898038469, 4.71238898038469, 0.0, 0.0, 0.0, 0.0, 5.141592653589793, 1.5707963267948966, 3.141592653589793, 0.0, 3.141592653589793, 0.0, 0.0, 3.141592653589793, 0.0, 1.5707963267948966, 0.0, 4.71238898038469, 1.5707963267948966, 4.71238898038469, 1.5707963267948966, 1.5707963267948966, 3.141592653589793, 0.0, 4.71238898038469, 3.141592653589793, 0.0, 4.71238898038469]",0.0
21,1.9059164946945903,"[1.5707963267948966, 4.71238898038469, 1.5707963267948966, 4.71238898038469, 3.141592653589793, 4.71238898038469, 1.5707963267948966, 1.5707963267948966, 3.141592653589793, 4.71238898038469, 3.141592653589793, 1.5707963267948966, 4.71238898038469, 4.71238898038469, 0.0, 0.0, 0.0, 0.0, 3.141592653589793, 3.5707963267948966, 3.141592653589793, 0.0, 3.141592653589793, 0.0, 0.0, 3.141592653589793, 0.0, 1.5707963267948966, 0.0, 4.71238898038469, 1.5707963267948966, 4.71238898038469, 1.5707963267948966, 1.5707963267948966, 3.141592653589793, 0.0, 4.71238898038469, 3.141592653589793, 0.0, 4.71238898038469]",0.0
22,7.129339861287015,"[1.5707963267948966, 4.71238898038469, 1.5707963267948966, 4.71238898038469, 3.141592653589793, 4.71238898038469, 1.5707963267948966, 1.5707963267948966, 3.141592653589793, 4.71238898038469, 3.141592653589793, 1.5707963267948966, 4.71238898038469, 4.71238898038469, 0.0, 0.0, 0.0, 0.0, 3.141592653589793, 1.5707963267948966, 5.141592653589793, 0.0, 3.141592653589793, 0.0, 0.0, 3.141592653589793, 0.0, 1.5707963267948966, 0.0, 4.71238898038469, 1.5707963267948966, 4.71238898038469, 1.5707963267948966, 1.5707963267948966, 3.141592653589793, 0.0, 4.71238898038469, 3.141592653589793, 0.0, 4.71238898038469]",0.0
23,1.8925530397896013,"[1.5707963267948966, 4.71238898038469, 1.5707963267948966, 4.71238898038469, 3.141592653589793, 4.71238898038469, 1.5707963267948966, 1.5707963267948966, 3.141592653589793, 4.71238898038469, 3.141592653589793, 1.5707963267948966, 4.71238898038469, 4.71238898038469, 0.0, 0.0, 0.0, 0.0, 3.141592653589793, 1.5707963267948966, 3.141592653589793, 2.0, 3.141592653589793, 0.0, 0.0, 3.141592653589793, 0.0, 1.5707963267948966, 0.0, 4.71238898038469, 1.5707963267948966, 4.71238898038469, 1.5707963267948966, 1.5707963267948966, 3.141592653589793, 0.0, 4.71238898038469, 3.141592653589793, 0.0, 4.71238898038469]",0.0
24,3.218517534142867,"[1.5707963267948966, 4.71238898038469, 1.5707963267948966, 4.71238898038469, 3.141592653589793, 4.71238898038469, 1.5707963267948966, 1.5707963267948966, 3.141592653589793, 4.71238898038469, 3.141592653589793, 1.5707963267948966, 4.71238898038469, 4.71238898038469, 0.0, 0.0, 0.0, 0.0, 3.141592653589793, 1.5707963267948966, 3.141592653589793, 0.0, 5.141592653589793, 0.0, 0.0, 3.141592653589793, 0.0, 1.5707963267948966, 0.0, 4.71238898038469, 1.5707963267948966, 4.71238898038469, 1.5707963267948966, 1.5707963267948966, 3.141592653589793, 0.0, 4.71238898038469, 3.141592653589793, 0.0, 4.71238898038469]",0.0
25,7.662399194814183,"[1.5707963267948966, 4.71238898038469, 1.5707963267948966, 4.71238898038469, 3.141592653589793, 4.71238898038469, 1.5707963267948966, 1.5707963267948966, 3.141592653589793, 4.71238898038469, 3.141592653589793, 1.5707963267948966, 4.71238898038469, 4.71238898038469, 0.0, 0.0, 0.0, 0.0, 3.141592653589793, 1.5707963267948966, 3.141592653589793, 0.0, 3.141592653589793, 2.0, 0.0, 3.141592653589793, 0.0, 1.5707963267948966, 0.0, 4.71238898038469, 1.5707963267948966, 4.71238898038469, 1.5707963267948966, 1.5707963267948966, 3.141592653589793, 0.0, 4.71238898038469, 3.141592653589793, 0.0, 4.71238898038469]",0.0
26,2.2532534459170592,"[1.5707963267948966, 4.71238898038469, 1.5707963267948966, 4.71238898038469, 3.141592653589793, 4.71238898038469, 1.5707963267948966, 1.5707963267948966, 3.141592653589793, 4.71238898038469, 3.141592653589793, 1.5707963267948966, 4.71238898038469, 4.71238898038469, 0.0, 0.0, 0.0, 0.0, 3.141592653589793, 1.5707963267948966, 3.141592653589793, 0.0, 3.141592653589793, 0.0, 2.0, 3.141592653589793, 0.0, 1.5707963267948966, 0.0, 4.71238898038469, 1.5707963267948966, 4.71238898038469, 1.5707963267948966, 1.5707963267948966, 3.141592653589793, 0.0, 4.71238898038469, 3.141592653589793, 0.0, 4.71238898038469]",0.0
27,2.7188119681963396,"[1.5707963267948966, 4.71238898038469, 1.5707963267948966, 4.71238898038469, 3.141592653589793, 4.71238898038469, 1.5707963267948966, 1.5707963267948966, 3.141592653589793, 4.71238898038469, 3.141592653589793, 1.5707963267948966, 4.71238898038469, 4.71238898038469, 0.0, 0.0, 0.0, 0.0, 3.141592653589793, 1.5707963267948966, 3.141592653589793, 0.0, 3.141592653589793, 0.0, 0.0, 5.141592653589793, 0.0, 1.5707963267948966, 0.0, 4.71238898038469, 1.5707963267948966, 4.71238898038469, 1.5707963267948966, 1.5707963267948966, 3.141592653589793, 0.0, 4.71238898038469, 3.141592653589793, 0.0, 4.71238898038469]",0.0
28,3.342631577192263,"[1.5707963267948966, 4.71238898038469, 1.5707963267948966, 4.71238898038469, 3.141592653589793, 4.71238898038469, 1.5707963267948966, 1.5707963267948966, 3.141592653589793, 4.71238898038469, 3.141592653589793, 1.5707963267948966, 4.71238898038469, 4.71238898038469, 0.0, 0.0, 0.0, 0.0, 3.141592653589793, 1.5707963267948966, 3.141592653589793, 0.0, 3.141592653589793, 0.0, 0.0, 3.141592653589793, 2.0, 1.5707963267948966, 0.0, 4.71238898038469, 1.5707963267948966, 4.71238898038469, 1.5707963267948966, 1.5707963267948966, 3.141592653589793, 0.0, 4.71238898038469, 3.141592653589793, 0.0, 4.71238898038469]",0.0
29,4.030601570255466,"[1.5707963267948966, 4.71238898038469, 1.5707963267948966, 4.71238898038469, 3.141592653589793, 4.71238898038469, 1.5707963267948966, 1.5707963267948966, 3.141592653589793, 4.71238898038469, 3.141592653589793, 1.5707963267948966, 4.71238898038469, 4.71238898038469, 0.0, 0.0, 0.0, 0.0, 3.141592653589793, 1.5707963267948966, 3.141592653589793, 0.0, 3.141592653589793, 0.0, 0.0, 3.141592653589793, 0.0, 3.5707963267948966, 0.0, 4.71238898038469, 1.5707963267948966, 4.71238898038469, 1.5707963267948966, 1.5707963267948966, 3.141592653589793, 0.0, 4.71238898038469, 3.141592653589793, 0.0, 4.71238898038469]",0.0
30,1.953327660335292,"[1.5707963267948966, 4.71238898038469, 1.5707963267948966, 4.71238898038469, 3.141592653589793, 4.71238898038469, 1.5707963267948966, 1.5707963267948966, 3.141592653589793, 4.71238898038469, 3.141592653589793, 1.5707963267948966, 4.71238898038469, 4.71238898038469, 0.0, 0.0, 0.0, 0.0, 3.141592653589793, 1.5707963267948966, 3.141592653589793, 0.0, 3.141592653589793, 0.0, 0.0, 3.141592653589793, 0.0, 1.5707963267948966, 2.0, 4.71238898038469, 1.5707963267948966, 4.71238898038469, 1.5707963267948966, 1.5707963267948966, 3.141592653589793, 0.0, 4.71238898038469, 3.141592653589793, 0.0, 4.71238898038469]",0.0
31,2.7033984439419605,"[1.5707963267948966, 4.71238898038469, 1.5707963267948966, 4.71238898038469, 3.141592653589793, 4.71238898038469, 1.5707963267948966, 1.5707963267948966, 3.141592653589793, 4.71238898038469, 3.141592653589793, 1.5707963267948966, 4.71238898038469, 4.71238898038469, 0.0, 0.0, 0.0, 0.0, 3.141592653589793, 1.5707963267948966, 3.141592653589793, 0.0, 3.141592653589793, 0.0, 0.0, 3.141592653589793, 0.0, 1.5707963267948966, 0.0, 6.71238898038469, 1.5707963267948966, 4.71238898038469, 1.5707963267948966, 1.5707963267948966, 3.141592653589793, 0.0, 4.71238898038469, 3.141592653589793, 0.0, 4.71238898038469]",0.0
32,3.006100421127839,"[1.5707963267948966, 4.71238898038469, 1.5707963267948966, 4.71238898038469, 3.141592653589793, 4.71238898038469, 1.5707963267948966, 1.5707963267948966, 3.141592653589793, 4.71238898038469, 3.141592653589793, 1.5707963267948966, 4.71238898038469, 4.71238898038469, 0.0, 0.0, 0.0, 0.0, 3.141592653589793, 1.5707963267948966, 3.141592653589793, 0.0, 3.141592653589793, 0.0, 0.0, 3.141592653589793, 0.0, 1.5707963267948966, 0.0, 4.71238898038469, 3.5707963267948966, 4.71238898038469, 1.5707963267948966, 1.5707963267948966, 3.141592653589793, 0.0, 4.71238898038469, 3.141592653589793, 0.0, 4.71238898038469]",0.0
33,4.070924758169829,"[1.5707963267948966, 4.71238898038469, 1.5707963267948966, 4.71238898038469, 3.141592653589793, 4.71238898038469, 1.5707963267948966, 1.5707963267948966, 3.141592653589793, 4.71238898038469, 3.141592653589793, 1.5707963267948966, 4.71238898038469, 4.71238898038469, 0.0, 0.0, 0.0, 0.0, 3.141592653589793, 1.5707963267948966, 3.141592653589793, 0.0, 3.141592653589793, 0.0, 0.0, 3.141592653589793, 0.0, 1.5707963267948966, 0.0, 4.71238898038469, 1.5707963267948966, 6.71238898038469, 1.5707963267948966, 1.5707963267948966, 3.141592653589793, 0.0, 4.71238898038469, 3.141592653589793, 0.0, 4.71238898038469]",0.0
34,2.8824535560884175,"[1.5707963267948966, 4.71238898038469, 1.5707963267948966, 4.71238898038469, 3.141592653589793, 4.71238898038469, 1.5707963267948966, 1.5707963267948966, 3.141592653589793, 4.71238898038469, 3.141592653589793, 1.5707963267948966, 4.71238898038469, 4.71238898038469, 0.0, 0.0, 0.0, 0.0, 3.141592653589793, 1.5707963267948966, 3.141592653589793, 0.0, 3.141592653589793, 0.0, 0.0, 3.141592653589793, 0.0, 1.5707963267948966, 0.0, 4.71238898038469, 1.5707963267948966, 4.71238898038469, 3.5707963267948966, 1.5707963267948966, 3.141592653589793, 0.0, 4.71238898038469, 3.141592653589793, 0.0, 4.71238898038469]",0.0
35,1.8946408813953517,"[1.5707963267948966, 4.71238898038469, 1.5707963267948966, 4.71238898038469, 3.141592653589793, 4.71238898038469, 1.5707963267948966, 1.5707963267948966, 3.141592653589793, 4.71238898038469, 3.141592653589793, 1.5707963267948966, 4.71238898038469, 4.71238898038469, 0.0, 0.0, 0.0, 0.0, 3.141592653589793, 1.5707963267948966, 3.141592653589793, 0.0, 3.141592653589793, 0.0, 0.0, 3.141592653589793, 0.0, 1.5707963267948966, 0.0, 4.71238898038469, 1.5707963267948966, 4.71238898038469, 1.5707963267948966, 3.5707963267948966, 3.141592653589793, 0.0, 4.71238898038469, 3.141592653589793, 0.0, 4.71238898038469]",0.0
36,7.231347448492457,"[1.5707963267948966, 4.71238898038469, 1.5707963267948966, 4.71238898038469, 3.141592653589793, 4.71238898038469, 1.5707963267948966, 1.5707963267948966, 3.141592653589793, 4.71238898038469, 3.141592653589793, 1.5707963267948966, 4.71238898038469, 4.71238898038469, 0.0, 0.0, 0.0, 0.0, 3.141592653589793, 1.5707963267948966, 3.141592653589793, 0.0, 3.141592653589793, 0.0, 0.0, 3.141592653589793, 0.0, 1.5707963267948966, 0.0, 4.71238898038469, 1.5707963267948966, 4.71238898038469, 1.5707963267948966, 1.5707963267948966, 5.141592653589793, 0.0, 4.71238898038469, 3.141592653589793, 0.0, 4.71238898038469]",0.0
37,7.199120061580414,"[1.5707963267948966, 4.71238898038469, 1.5707963267948966, 4.71238898038469, 3.141592653589793, 4.71238898038469, 1.5707963267948966, 1.5707963267948966, 3.141592653589793, 4.71238898038469, 3.141592653589793, 1.5707963267948966, 4.71238898038469, 4.71238898038469, 0.0, 0.0, 0.0, 0.0, 3.141592653589793, 1.5707963267948966, 3.141592653589793, 0.0, 3.141592653589793, 0.0, 0.0, 3.141592653589793, 0.0, 1.5707963267948966, 0.0, 4.71238898038469, 1.5707963267948966, 4.71238898038469, 1.5707963267948966, 1.5707963267948966, 3.141592653589793, 2.0, 4.71238898038469, 3.141592653589793, 0.0, 4.71238898038469]",0.0
38,1.9531521734381072,"[1.5707963267948966, 4.71238898038469, 1.5707963267948966, 4.71238898038469, 3.141592653589793, 4.71238898038469, 1.5707963267948966, 1.5707963267948966, 3.141592653589793, 4.71238898038469, 3.141592653589793, 1.5707963267948966, 4.71238898038469, 4.71238898038469, 0.0, 0.0, 0.0, 0.0, 3.141592653589793, 1.5707963267948966, 3.141592653589793, 0.0, 3.141592653589793, 0.0, 0.0, 3.141592653589793, 0.0, 1.5707963267948966, 0.0, 4.71238898038469, 1.5707963267948966, 4.71238898038469, 1.5707963267948966, 1.5707963267948966, 3.141592653589793, 0.0, 6.71238898038469, 3.141592653589793, 0.0, 4.71238898038469]",0.0
39,1.9599388648076403,"[1.5707963267948966, 4.71238898038469, 1.5707963267948966, 4.71238898038469, 3.141592653589793, 4.71238898038469, 1.5707963267948966, 1.5707963267948966, 3.141592653589793, 4.71238898038469, 3.141592653589793, 1.5707963267948966, 4.71238898038469, 4.71238898038469, 0.0, 0.0, 0.0, 0.0, 3.141592653589793, 1.5707963267948966, 3.141592653589793, 0.0, 3.141592653589793, 0.0, 0.0, 3.141592653589793, 0.0, 1.5707963267948966, 0.0, 4.71238898038469, 1.5707963267948966, 4.71238898038469, 1.5707963267948966, 1.5707963267948966, 3.141592653589793, 0.0, 4.71238898038469, 5.141592653589793, 0.0, 4.71238898038469]",0.0
40,1.9180059437589196,"[1.5707963267948966, 4.71238898038469, 1.5707963267948966, 4.71238898038469, 3.141592653589793, 4.71238898038469, 1.5707963267948966, 1.5707963267948966, 3.141592653589793, 4.71238898038469, 3.141592653589793, 1.5707963267948966, 4.71238898038469, 4.71238898038469, 0.0, 0.0, 0.0, 0.0, 3.141592653589793, 1.5707963267948966, 3.141592653589793, 0.0, 3.141592653589793, 0.0, 0.0, 3.141592653589793, 0.0, 1.5707963267948966, 0.0, 4.71238898038469, 1.5707963267948966, 4.71238898038469, 1.5707963267948966, 1.5707963267948966, 3.141592653589793, 0.0, 4.71238898038469, 3.141592653589793, 2.0, 4.71238898038469]",0.0
41,1.9159965047348553,"[1.5707963267948966, 4.71238898038469, 1.5707963267948966, 4.71238898038469, 3.141592653589793, 4.71238898038469, 1.5707963267948966, 1.5707963267948966, 3.141592653589793, 4.71238898038469, 3.141592653589793, 1.5707963267948966, 4.71238898038469, 4.71238898038469, 0.0, 0.0, 0.0, 0.0, 3.141592653589793, 1.5707963267948966, 3.141592653589793, 0.0, 3.141592653589793, 0.0, 0.0, 3.141592653589793, 0.0, 1.5707963267948966, 0.0, 4.71238898038469, 1.5707963267948966, 4.71238898038469, 1.5707963267948966, 1.5707963267948966, 3.141592653589793, 0.0, 4.71238898038469, 3.141592653589793, 0.0, 6.71238898038469]",0.0
42,4.0486347873928406,"[1.2479296579425543, 4.392139075362842, 1.3778583645918212, 4.5217553149080585, 2.417091200465796, 4.538309391311328, 1.3852822208354332, 1.5248864237053332, 2.915130873376002, 4.6615762021782645, 2.910378280039976, 1.4237855477305144, 4.345435255460641, 4.35065932808546, -0.1468875532856875, -0.1489710920732227, -0.1878778621554606, -0.18462464684191746, 2.969886403072623, 1.5259554200714431, 2.4300414297300676, -0.04313521437718019, 2.9292132201443786, -0.779590157785963, -0.0891745003555063, 2.992994926692954, -0.22822117308531456, 1.2547636438884606, -0.05089240036309946, 4.565758613765317, 1.3855295110417771, 4.391209503217947, 1.4013116207460337, 1.5273946232895321, 2.4170213266208664, -0.7204578692151434, 4.661518978919145, 3.0898564085062747, -0.046383986779194725, 4.666261475539846]",0.0
43,2.54194838957489,"[1.4093629923687254, 4.552264027873766, 1.474327345693359, 4.6170721476463745, 2.7793419270277946, 4.625349185848009, 1.4780392738151649, 1.5478413752501148, 3.0283617634828977, 4.6869825912814775, 3.0259854668148845, 1.4972909372627055, 4.5289121179226655, 4.531524154235075, -0.07344377664284375, -0.07448554603661135, -0.0939389310777303, -0.09231232342095873, 3.055739528331208, 1.5483758734331698, 2.7858170416599304, -0.021567607188590094, 3.035402936867086, -0.3897950788929815, -0.04458725017775315, 3.0672937901413735, -0.11411058654265728, 1.4127799853416785, -0.02544620018154973, 4.639073797075003, 1.4781629189183367, 4.5517992418013185, 1.486053973770465, 1.5490954750422143, 2.7793069901053298, -0.3602289346075717, 4.686953979651918, 3.1157245310480337, -0.023191993389597362, 4.689325227962268]",0.0
44,2.088792357920209,"[1.5429632497913093, 4.684781484390914, 1.554163897135924, 4.69595519516447, 3.615063708195893, 4.6973822575642314, 1.5548038788448644, 1.566838613004058, 3.1220702662542874, 4.708008608841189, 3.1216605637081605, 1.5581231005724412, 4.680755330126306, 4.681205677064118, -0.012662603408401968, -0.012842217165745087, -0.01619621815788539, -0.01591577114657588, 3.126790527035109, 1.5669307670138857, 3.0802525961720306, -0.0037185186925422944, 3.1232842504769036, -0.06720542869917243, -0.007687386077893107, 3.128782622780545, -0.019674057736934092, 1.5435523810811695, -0.004387235459264287, 4.69974854803629, 1.5548251967696283, 4.684701349599729, 1.5561857109293558, 1.5670548351133748, 3.0791301838346987, -0.06210786459619387, 4.708003675847074, 3.137132673566446, -0.003998582697767166, 4.708412507994729]",0.0
45,1.6836639953664507,"[1.7468522816577352, 4.53489447129403, 1.5707963267948966, 4.71238898038469, 3.141592653589793, 4.71238898038469, 1.5707963267948966, 1.5707963267948966, 3.141592653589793, 4.71238898038469, 3.141592653589793, 1.5707963267948966, 4.71238898038469, 4.71238898038469, 0.0, 0.0, 0.0, 0.0, 3.141592653589793, 1.5707963267948966, 3.141592653589793, 0.0, 3.141592653589793, 0.0, 0.0, 3.141592653589793, 0.0, 1.5707963267948966, 0.0, 4.71238898038469, 1.5707963267948966, 4.71238898038469, 1.5707963267948966, 1.5707963267948966, 3.141592653589793, 0.0, 4.71238898038469, 3.141592653589793, 0.0, 4.71238898038469]",0.0
46,1.5751461201051713,"[1.9127412133681885, 5.06215351149938, 1.559787513613945, 4.701511647664531, 3.131700764884092, 4.702456203792448, 1.56021111011893, 1.5681767617259101, 3.128671010785381, 4.709489663028519, 3.1283998333998424, 1.5624080646622092, 4.6914510324680885, 4.69174911190727, -0.00838123101469892, -0.008500115287163138, -0.010720089824153305, -0.01053446518494149, 3.13179529690394, 1.5682377574011586, 3.100992377715083, -0.0024612445947721825, 3.129474532927691, -0.04448249741407051, -0.005088192099205412, 3.133113842080425, -0.013022031692184135, 1.5527638736401879, -0.0029038605027758005, 4.704022424138656, 1.56022522020723, 4.69406285720338, 1.5611257288233238, 1.5683198766439268, 3.100249465946506, -0.041108478582291295, 4.7094863979366615, 3.1386406442998385, -0.0026466157266781232, 4.7097569992155]",0.0
47,1.5628831474939906,"[1.5707963267948966, 4.71238898038469, 1.7465078699593484, 4.534553512609651, 3.141592653589793, 4.71238898038469, 1.5707963267948966, 1.5707963267948966, 3.141592653589793, 4.71238898038469, 3.141592653589793, 1.5707963267948966, 4.71238898038469, 4.71238898038469, 0.0, 0.0, 0.0, 0.0, 3.141592653589793, 1.5707963267948966, 3.141592653589793, 0.0, 3.141592653589793, 0.0, 0.0, 3.141592653589793, 0.0, 1.5707963267948966, 0.0, 4.71238898038469, 1.5707963267948966, 4.71238898038469, 1.5707963267948966, 1.5707963267948966, 3.141592653589793, 0.0, 4.71238898038469, 3.141592653589793, 0.0, 4.71238898038469]",0.0
48,1.8195286985123358,"[1.5688764659638392, 4.717055389589468, 1.9233523468001554, 5.0611550089564155, 3.135455695004919, 4.706226654827563, 1.5642292253762475, 1.56917114046122, 3.13357602611869, 4.7105902348600885, 3.1334077868234735, 1.5655922228225476, 4.699399012236102, 4.699583941649248, -0.0051997418448336994, -0.0052734980180188405, -0.0066507771401679095, -0.006535615035430661, 3.1355143429646777, 1.5692089823682607, 3.116404115890823, -0.0015269638180075173, 3.1340745337602636, -0.027597080042418815, -0.0031567302376452897, 3.13633237250192, -0.008078909049977167, 1.5596089366526729, -0.001801564106914856, 4.707198342812076, 1.5642379793190082, 4.701019396442628, 1.5647966576712127, 1.56925992940243, 3.1159432111140286, -0.025503828242761862, 4.710588209186924, 3.1397612178252383, -0.0016419686460220483, 4.710756091063748]",0.0
49,1.590400448307185,"[1.5707963267948966, 4.71238898038469, 1.5707963267948966, 4.71238898038469, 3.141592653589793, 4.894694752921593, 1.3997273193747248, 1.5707963267948966, 3.141592653589793, 4.71238898038469, 3.141592653589793, 1.5707963267948966, 4.71238898038469, 4.71238898038469, 0.0, 0.0, 0.0, 0.0, 3.141592653589793, 1.5707963267948966, 3.141592653589793, 0.0, 3.141592653589793, 0.0, 0.0, 3.141592653589793, 0.0, 1.5707963267948966, 0.0, 4.71238898038469, 1.5707963267948966, 4.71238898038469, 1.5707963267948966, 1.5707963267948966, 3.141592653589793, 0.0, 4.71238898038469, 3.141592653589793, 0.0, 4.71238898038469]",0.0
50,1.6722917264722257,"[1.5689752123627794, 4.716815376825261, 1.568328885478697, 4.7103500278743695, 3.1357713442180795, 5.051161227637416, 1.933614654363896, 1.5692547305295528, 3.1339883544925025, 4.710682751796885, 3.1338287684414663, 1.565859891456996, 4.700067140131765, 4.7002425578587985, -0.004932297572681322, -0.005002260160214928, -0.006308700109311629, -0.00619946126888251, 3.1358269756702155, 1.5692906260704875, 3.117699666772484, -0.001448425740715125, 3.1344612218201258, -0.026177647846413007, -0.0029943665192181407, 3.136602930558232, -0.007663377276452072, 1.5601843504911204, -0.0017089021987494709, 4.707465318813777, 1.5645753023091782, 4.701604181263259, 1.5651052455184216, 1.569338952687552, 3.1172624682384686, -0.02419206066178827, 4.710680830312485, 3.139855416156552, -0.0015575153938151716, 4.710840077328639]",0.0
51,1.5617829559828864,"[1.5707963267948966, 4.71238898038469, 1.5707963267948966, 4.71238898038469, 3.141592653589793, 4.71238898038469, 1.5707963267948966, 1.3257804886917302, 3.1912639640074065, 4.71238898038469, 3.141592653589793, 1.5707963267948966, 4.71238898038469, 4.71238898038469, 0.0, 0.0, 0.0, 0.0, 3.141592653589793, 1.5707963267948966, 3.141592653589793, 0.0, 3.141592653589793, 0.0, 0.0, 3.141592653589793, 0.0, 1.5707963267948966, 0.0, 4.71238898038469, 1.5707963267948966, 4.71238898038469, 1.5707963267948966, 1.5707963267948966, 3.141592653589793, 0.0, 4.71238898038469, 3.141592653589793, 0.0, 4.71238898038469]",0.0
52,1.715386459867449,"[1.5691188644514393, 4.716466216397607, 1.5685235207484345, 4.710510863339523, 3.136230537355663, 4.711107495992196, 1.5710828155428131, 1.6697628862877907, 3.6286283022375194, 4.7108173415272425, 3.1344411947107904, 1.5662492844760825, 4.701039104362705, 4.701200684890696, -0.004543230946382361, -0.00460767478580766, -0.005811060899249241, -0.005710438973448705, 3.136281780519972, 1.5694093978786416, 3.1195843794517644, -0.0013341718644879741, 3.135023759270152, -0.02411271786561515, -0.002758166642311396, 3.136996526986154, -0.007058879210577171, 1.5610214382292453, -0.0015741015701692112, 4.707853704220011, 1.5650660255417317, 4.702454901510295, 1.5655541660791952, 1.5694539124236273, 3.1191816677580393, -0.0222837566135828, 4.710815571612257, 3.139992451908607, -0.0014346563710674947, 4.710962256997972]",0.0
53,1.5672625549985373,"[1.5707963267948966, 4.71238898038469, 1.5707963267948966, 4.71238898038469, 3.141592653589793, 4.71238898038469, 1.5707963267948966, 1.5707963267948966, 3.141592653589793, 4.468215818114954, 3.195253317275566, 1.5707963267948966, 4.71238898038469, 4.71238898038469, 0.0, 0.0, 0.0, 0.0, 3.141592653589793, 1.5707963267948966, 3.141592653589793, 0.0, 3.141592653589793, 0.0, 0.0, 3.141592653589793, 0.0, 1.5707963267948966, 0.0, 4.71238898038469, 1.5707963267948966, 4.71238898038469, 1.5707963267948966, 1.5707963267948966, 3.141592653589793, 0.0, 4.71238898038469, 3.141592653589793, 0.0, 4.71238898038469]",0.0
54,1.7341242061853617,"[1.569057083503088, 4.716616381024857, 1.5684398132878663, 4.710441692277282, 3.1360330505820206, 4.711060298914196, 1.5710933669251481, 1.5707326946043993, 3.140095735397599, 4.819432142626933, 3.6267421801920516, 1.566081816879718, 4.700621088359517, 4.700788619899341, -0.0047105581698769754, -0.004777375476301779, -0.006025082307648861, -0.0059207544757067295, 3.136086181032384, 1.569358317278188, 3.118773814580886, -0.0013833094224030454, 3.1347818268522523, -0.02500078941182944, -0.002859749936588108, 3.1368272516152795, -0.007318857775001733, 1.5606614290236904, -0.0016320757406094474, 4.707686669971175, 1.5648549785115904, 4.702089029324697, 1.5653610972680292, 1.569404471294137, 3.118356271013022, -0.02310446750571774, 4.710757622957562, 3.1399335164709186, -0.0014874947739734123, 4.710909710766928]",0.0
55,1.5934952365687762,"[1.5707963267948966, 4.71238898038469, 1.5707963267948966, 4.71238898038469, 3.141592653589793, 4.71238898038469, 1.5707963267948966, 1.5707963267948966, 3.141592653589793, 4.71238898038469, 3.141592653589793, 1.802865463382172, 4.619416318576841, 4.71238898038469, 0.0, 0.0, 0.0, 0.0, 3.141592653589793, 1.5707963267948966, 3.141592653589793, 0.0, 3.141592653589793, 0.0, 0.0, 3.141592653589793, 0.0, 1.5707963267948966, 0.0, 4.71238898038469, 1.5707963267948966, 4.71238898038469, 1.5707963267948966, 1.5707963267948966, 3.141592653589793, 0.0, 4.71238898038469, 3.141592653589793, 0.0, 4.71238898038469]",0.0
56,1.7623785462224235,"[1.5678090150891766, 4.719649933166062, 1.5667487962295101, 4.709044332407569, 3.132043519651778, 4.710106846695474, 1.571306520775433, 1.5706870326044702, 3.1390215577235, 4.712448601182528, 3.1385471764581023, 1.751372543426348, 5.169007157483484, 4.692464285069396, -0.008090820661849686, -0.008205585584369486, -0.010348637818720228, -0.010169445088720374, 3.1321347761292633, 1.5683264120437905, 3.1023991806563065, -0.0023759622645318523, 3.1298944268181206, -0.04294117517310381, -0.004911885819101284, 3.1334076336055436, -0.01257081720926286, 1.5533886996441737, -0.0028032414944514764, 4.704312326009549, 1.5605915099311078, 4.694697858898252, 1.561460815848638, 1.568405685847956, 3.101682010842398, -0.03968406637491495, 4.709586972660283, 3.1387429316676494, -0.002554910271275098, 4.709848197582267]",0.0
57,1.5783559298273575,"[1.5707963267948966, 4.71238898038469, 1.5707963267948966, 4.71238898038469, 3.141592653589793, 4.71238898038469, 1.5707963267948966, 1.5707963267948966, 3.141592653589793, 4.71238898038469, 3.141592653589793, 1.5707963267948966, 4.71238898038469, 4.806447450050997, -0.23163118158838705, 0.0, 0.0, 0.0, 3.141592653589793, 1.5707963267948966, 3.141592653589793, 0.0, 3.141592653589793, 0.0, 0.0, 3.141592653589793, 0.0, 1.5707963267948966, 0.0, 4.71238898038469, 1.5707963267948966, 4.71238898038469, 1.5707963267948966, 1.5707963267948966, 3.141592653589793, 0.0, 4.71238898038469, 3.141592653589793, 0.0, 4.71238898038469]",0.0
58,1.7748962822268324,"[1.567727035893052, 4.719849191606678, 1.5666377220147218, 4.7089525470234195, 3.1317814678804727, 4.710044219322197, 1.5713205217557498, 1.570684033302504, 3.138951000515869, 4.71245023732417, 3.138463601059327, 1.5678705420751105, 4.7111290723349475, 5.166804106853567, 0.18600570605272743, -0.008430767077365488, -0.010632629947074023, -0.010448519726901098, 3.131875228660623, 1.5682586314953448, 3.101323615157645, -0.0024411645251783782, 3.129573398642524, -0.04411958685829805, -0.005046680072454513, 3.133183016483304, -0.012915791417167513, 1.55291099145004, -0.0028801693502953493, 4.704090682706714, 1.5603114646042373, 4.694212370920809, 1.5612046264187498, 1.5683400807680852, 3.1005867644364122, -0.04077309496678998, 4.70951007866213, 3.138664728274308, -0.002625023306285353, 4.709778472239822]",0.0
59,1.592280230339625,"[1.5707963267948966, 4.71238898038469, 1.5707963267948966, 4.71238898038469, 3.141592653589793, 4.71238898038469, 1.5707963267948966, 1.5707963267948966, 3.141592653589793, 4.71238898038469, 3.141592653589793, 1.5707963267948966, 4.71238898038469, 4.71238898038469, -4.311161490576562e-18, 0.19589243336080747, -0.1553259622599571, 0.0, 3.141592653589793, 1.5707963267948966, 3.141592653589793, 0.0, 3.141592653589793, 0.0, 0.0, 3.141592653589793, 0.0, 1.5707963267948966, 0.0, 4.71238898038469, 1.5707963267948966, 4.71238898038469, 1.5707963267948966, 1.5707963267948966, 3.141592653589793, 0.0, 4.71238898038469, 3.141592653589793, 0.0, 4.71238898038469]",0.0
60,1.6855959633874036,"[1.5688669026496902, 4.717078634158267, 1.5681821358531332, 4.710228762369303, 3.135425125256363, 4.710915011721115, 1.5711258473410454, 1.5707257366219542, 3.139932052041395, 4.7124274878516825, 3.139625661963072, 1.5689571138096958, 4.7115969743189074, 4.710651811241879, 0.0002258059120425566, 0.30742692978284664, 0.38992042168365476, -0.0065681705929639695, 3.135484065356497, 1.56920107540273, 3.1162786453905267, -0.001534570012399159, 3.1340370840969456, -0.02773454810352733, -0.003172454712283356, 3.1363061697065184, -0.008119152146756433, 1.5595532094224966, -0.0018105381550518188, 4.707172486928702, 1.5642053105254186, 4.700962761658885, 1.5647667717963136, 1.5692522762170094, 3.1158154447300404, -0.025630869285292027, 4.710579239088469, 3.139752094978792, -0.0016501477086555835, 4.710747957227537]",0.0
61,1.5863341993594582,"[1.5707963267948966, 4.71238898038469, 1.5707963267948966, 4.71238898038469, 3.141592653589793, 4.71238898038469, 1.5707963267948966, 1.5707963267948966, 3.141592653589793, 4.71238898038469, 3.141592653589793, 1.5707963267948966, 4.71238898038469, 4.71238898038469, 4.3700240161778436e-18, 2.032432882932758e-17, 0.0, 0.17025599386574977, 2.958527374105163, 1.5707963267948966, 3.141592653589793, 0.0, 3.141592653589793, 0.0, 0.0, 3.141592653589793, 0.0, 1.5707963267948966, 0.0, 4.71238898038469, 1.5707963267948966, 4.71238898038469, 1.5707963267948966, 1.5707963267948966, 3.141592653589793, 0.0, 4.71238898038469, 3.141592653589793, 0.0, 4.71238898038469]",0.0
62,1.682494836496387,"[1.5687332849672606, 4.7174034049818205, 1.568001096274078, 4.710079161606052, 3.1349980077434623, 4.710812935525329, 1.5711486675031123, 1.5707208480673385, 3.139817051028846, 4.712430154594767, 3.1394894426340176, 1.568829743486697, 4.7115421258216275, 4.7105315077226, 0.0002414435636812649, -0.0016817010852426383, 0.00023446166937737717, 0.36245543848882295, 3.4803697386495918, 1.569090600059896, 3.1145255839307167, -0.001640843010532863, 3.133513841093287, -0.029655238300149406, -0.0033921555216264595, 3.1359400668325392, -0.008681424727328064, 1.558774594056707, -0.0019359226708563504, 4.706811231075379, 1.5637488653622484, 4.700171466044146, 1.5643492092987188, 1.5691453466648506, 3.1140303054096377, -0.027405874206352956, 4.710453909757228, 3.1396246314676772, -0.0017644247653850597, 4.7106343120699306]",0.0
63,1.5717539568762233,"[1.5707963267948966, 4.71238898038469, 1.5707963267948966, 4.71238898038469, 3.141592653589793, 4.71238898038469, 1.5707963267948966, 1.5707963267948966, 3.141592653589793, 4.71238898038469, 3.141592653589793, 1.5707963267948966, 4.71238898038469, 4.71238898038469, 1.4363394394670263e-20, -3.548758603433135e-18, -6.982610051708911e-18, 0.0, 3.141592653589793, 1.3212912698638943, 3.157316093603268, 0.0, 3.141592653589793, 0.0, 0.0, 3.141592653589793, 0.0, 1.5707963267948966, 0.0, 4.71238898038469, 1.5707963267948966, 4.71238898038469, 1.5707963267948966, 1.5707963267948966, 3.141592653589793, 0.0, 4.71238898038469, 3.141592653589793, 0.0, 4.71238898038469]",0.0
64,2.032022718788698,"[1.5642977155013775, 4.7281844896569165, 1.5619913106351437, 4.70511301816242, 3.1208194247586385, 4.707424416513549, 1.5719062050702202, 1.5705585677224632, 3.1359994801015962, 4.712518679735921, 3.1349675089675353, 1.564601561218594, 4.709721376386669, 4.706537914905766, 0.0007605506823312916, -0.0052973824953442845, 0.0007385576153144031, -0.004200356414731262, 3.1429878811587257, 1.602323871123672, 3.608520838584869, -0.005168678975045248, 3.116144278561847, -0.09341442521802357, -0.010685338458443081, 3.123786924376644, -0.027346612182603917, 1.5329276965550571, -0.006098184129704864, 4.6948189902040065, 1.5485967223839046, 4.673903635294438, 1.5504878143788805, 1.5655957157482525, 3.054770862213553, -0.08632889611853233, 4.706293480203877, 3.1353933557290543, -0.005557963272143426, 4.706861750071701]",0.0
65,1.5701858202238266,"[1.5707963267948966, 4.71238898038469, 1.5707963267948966, 4.71238898038469, 3.141592653589793, 4.71238898038469, 1.5707963267948966, 1.5707963267948966, 3.141592653589793, 4.71238898038469, 3.141592653589793, 1.5707963267948966, 4.71238898038469, 4.71238898038469, -3.1889212779579964e-19, 1.275568511183199e-18, 6.800055256904375e-18, 0.0, 3.141592653589793, 1.5707963267948966, 3.141592653589793, -0.24499781056874664, 3.1913528064886796, 0.0, 0.0, 3.141592653589793, 0.0, 1.5707963267948966, 0.0, 4.71238898038469, 1.5707963267948966, 4.71238898038469, 1.5707963267948966, 1.5707963267948966, 3.141592653589793, 0.0, 4.71238898038469, 3.141592653589793, 0.0, 4.71238898038469]",0.0
66,1.708491168278361,"[1.568709156157653, 4.7174620524095054, 1.567968403972767, 4.710052146556336, 3.1349208784521774, 4.710794502507716, 1.571152788389927, 1.570719965287444, 3.139796284035391, 4.712430636157798, 3.1394648440165605, 1.568806742831264, 4.711532221227235, 4.71050978319738, 0.0002442674258545908, -0.0017013698310525574, 0.00023720387310049385, -0.0013490359984337113, 3.1420407613289116, 1.5712640723848574, 3.138300091032919, 0.099493786521028, 3.6283815565726014, -0.030002078383191286, -0.0034318293050877103, 3.1358739556234356, -0.008782960450726152, 1.558633990945074, -0.0019585647273162067, 4.706745995145927, 1.5636664400556703, 4.700028573120961, 1.5642738054612881, 1.569126037223476, 3.1137079432341976, -0.02772640630221269, 4.71043127766605, 3.1396016139842446, -0.0017850610262018956, 4.710613789918065]",0.0
67,1.5757578294234627,"[1.5707963267948966, 4.71238898038469, 1.5707963267948966, 4.71238898038469, 3.141592653589793, 4.71238898038469, 1.5707963267948966, 1.5707963267948966, 3.141592653589793, 4.71238898038469, 3.141592653589793, 1.5707963267948966, 4.71238898038469, 4.71238898038469, -3.739648201490438e-18, 1.495859280596176e-17, -9.567262922805217e-35, 0.0, 3.141592653589793, 1.5707963267948966, 3.141592653589793, 3.446969738728091e-18, 3.141592653589793, 0.028411330030114652, -0.2483803460942913, 3.141592653589793, 0.0, 1.5707963267948966, 0.0, 4.71238898038469, 1.5707963267948966, 4.71238898038469, 1.5707963267948966, 1.5707963267948966, 3.141592653589793, 0.0, 4.71238898038469, 3.141592653589793, 0.0, 4.71238898038469]",0.0
68,1.9942578719117758,"[1.5618938493585728, 4.734027321030095, 1.5587342947470895, 4.702421606343423, 3.1131353120754026, 4.705588001552782, 1.5723167541380416, 1.5704706195503764, 3.133930539558481, 4.712566656121196, 3.1325168375657064, 1.562310089001085, 4.708734617424851, 4.704373578931687, 0.0010418818702677861, -0.007256908592672697, 0.001011753466824615, -0.005754087530047391, 3.1435039822398614, 1.5727914174148305, 3.127548778428265, 0.001709155945164074, 3.1368870126097224, 0.4543119595108818, 0.05553574011538087, 3.1172005034214276, -0.03746224953603868, 1.5189199164315212, -0.008353930426857042, 4.688319770198822, 1.5403849868273463, 4.659667729517325, 1.542975602430417, 1.56367198585393, 3.022655083115464, -0.11826235099865566, 4.7040387267117385, 3.1331002069987317, -0.007613879394743697, 4.70481720221174]",0.0
69,1.5815176613961186,"[1.5707963267948966, 4.71238898038469, 1.5707963267948966, 4.71238898038469, 3.141592653589793, 4.71238898038469, 1.5707963267948966, 1.5707963267948966, 3.141592653589793, 4.71238898038469, 3.141592653589793, 1.5707963267948966, 4.71238898038469, 4.71238898038469, 3.786164102693614e-18, 8.114994488464811e-18, -1.1629825449619636e-17, 0.0, 3.141592653589793, 1.5707963267948966, 3.141592653589793, -1.3387240930197053e-17, 3.141592653589793, 0.0, 0.0, 2.9320883433446294, 0.13641093793643616, 1.5707963267948966, 0.0, 4.71238898038469, 1.5707963267948966, 4.71238898038469, 1.5707963267948966, 1.5707963267948966, 3.141592653589793, 0.0, 4.71238898038469, 3.141592653589793, 0.0, 4.71238898038469]",0.0
70,1.7095341385833591,"[1.5673432115899213, 4.720782114051978, 1.5661176756480557, 4.708522810422254, 3.130554548817343, 4.709750999712326, 1.5713860739539574, 1.5706699906545953, 3.138620653643371, 4.712457897693571, 3.1380723033800346, 1.5675046636630947, 4.7109715169436, 4.709279946429893, 0.00040412774463546446, -0.0028148278478334825, 0.00039244146418430107, -0.0022319098568779933, 3.142334024525071, 1.571570187532458, 3.136145280181221, 0.0006629516810499075, 3.1397674178019286, -0.00015712373555707822, 0.0013662390862137694, 3.4126974620319377, 0.41316479168956405, 1.5506743750475773, -0.003240343419527657, 4.70305295496266, 1.5590003002172674, 4.691939329790508, 1.5600051546741527, 1.5680329196192375, 3.0954588513998584, -0.04587189637160256, 4.709150063113659, 3.1382985821741913, -0.0029532905749990804, 4.709452020136856]",0.0
71,1.5754492456215066,"[1.5707963267948966, 4.71238898038469, 1.5707963267948966, 4.71238898038469, 3.141592653589793, 4.71238898038469, 1.5707963267948966, 1.5707963267948966, 3.141592653589793, 4.71238898038469, 3.141592653589793, 1.5707963267948966, 4.71238898038469, 4.71238898038469, -1.2189302925699572e-18, -1.9749147122919032e-18, 6.8506358825717315e-18, 6.8506358825717315e-18, 3.141592653589793, 1.5707963267948966, 3.141592653589793, 1.7126589706429327e-18, 3.141592653589793, 0.0, 4.898808274198551e-19, 3.141592653589793, 0.0, 1.610543073165264, -0.246820169664008, 4.71238898038469, 1.5707963267948966, 4.71238898038469, 1.5707963267948966, 1.5707963267948966, 3.141592653589793, 0.0, 4.71238898038469, 3.141592653589793, 0.0, 4.71238898038469]",0.0
72,1.7528511563299234,"[1.566546937082335, 4.722717536990777, 1.565038797470823, 4.707631287145346, 3.1280092061569813, 4.709142691956511, 1.571522067281954, 1.5706408580476776, 3.1379353223835067, 4.712473789748407, 3.1372605247501855, 1.5667456193556129, 4.710644655562911, 4.708563015677667, 0.0004973179806281447, -0.003463915852555736, 0.0004829368908064511, -0.002746579312360275, 3.1425049816873387, 1.5717486367127385, 3.134889137735611, 0.0008158256780196298, 3.139346525754621, -0.00019335583837847993, 0.0016812883362510647, 3.1437257988290557, -0.0006700006880259692, 2.0560509283547, 0.07983225963352605, 4.7009001049694055, 1.5562801838304636, 4.687223722435813, 1.5575167536922387, 1.567395689015148, 3.0848205817675742, -0.05644977157330832, 4.708403181789982, 3.137538982526131, -0.0036343075289014533, 4.708774768890859]",0.0
73,1.5958466685067874,"[1.5707963267948966, 4.71238898038469, 1.5707963267948966, 4.71238898038469, 3.141592653589793, 4.71238898038469, 1.5707963267948966, 1.5707963267948966, 3.141592653589793, 4.71238898038469, 3.141592653589793, 1.5707963267948966, 4.71238898038469, 4.71238898038469, 1.1346867294020798e-18, 6.343194976478864e-18, -1.722513687056607e-17, -1.1952339722513852e-34, 3.141592653589793, 1.5707963267948966, 3.141592653589793, 2.136480725399351e-33, 3.141592653589793, 3.171597488239437e-18, 5.382855272051897e-19, 3.141592653589793, 0.0, 1.5707963267948966, 4.306284217641517e-18, 4.908420618221804, 1.4156460868115224, 4.71238898038469, 1.5707963267948966, 1.5707963267948966, 3.141592653589793, 0.0, 4.71238898038469, 3.141592653589793, 0.0, 4.71238898038469]",0.0
74,1.6853388034178527,"[1.567543654080772, 4.720294919006794, 1.5663892566507234, 4.708747229444303, 3.131195276126896, 4.709904126204028, 1.5713518409838658, 1.5706773240706975, 3.138793168904724, 4.7124538972602705, 3.138276648651717, 1.5676957343682447, 4.711053796243871, 4.709460416084986, 0.0003806693984905609, -0.002651435933100224, 0.0003696614699110943, -0.0021023545004791974, 3.1422909902710447, 1.5715252673474653, 3.1364614830965, 0.0006244694184043586, 3.1398733670060506, -0.00014800319625931, 0.0012869331988389166, 3.143225458247484, -0.0005128484567900911, 1.5709024625468824, 0.0013100548833050233, 5.017850243216975, 1.9608149861707973, 4.693126367771812, 1.5606315483189297, 1.5681933267254717, 3.0981367737031853, -0.043209176878341034, 4.709338072087275, 3.1384897926726514, -0.0027818613338878788, 4.709622501453772]",0.0
75,1.5847970097481283,"[1.5707963267948966, 4.71238898038469, 1.5707963267948966, 4.71238898038469, 3.141592653589793, 4.71238898038469, 1.5707963267948966, 1.5707963267948966, 3.141592653589793, 4.71238898038469, 3.141592653589793, 1.5707963267948966, 4.71238898038469, 4.71238898038469, -5.796945370180736e-18, -2.0395023541155358e-18, 2.4547449716799995e-17, -1.295355897643851e-17, 3.141592653589793, 1.5707963267948966, 3.141592653589793, -3.399170590192594e-19, 3.141592653589793, -6.476779488219255e-18, -1.5767052396774065e-18, 3.141592653589793, 0.0, 1.5707963267948966, -1.6995852950963021e-19, 4.71238898038469, 1.5707963267948966, 4.82906426714351, 1.3496925559999438, 1.5707963267948966, 3.141592653589793, 0.0, 4.71238898038469, 3.141592653589793, 0.0, 4.71238898038469]",0.0
76,1.765059371753864,"[1.565494610492546, 4.725275319516253, 1.563612992447268, 4.706453083346569, 3.1246453765528623, 4.708338775191476, 1.571701790974879, 1.570602357484621, 3.1370296142380134, 4.7124947920933415, 3.136187708492633, 1.5657424948049945, 4.710212687794514, 4.707615546825636, 0.0006204747090045293, -0.0043217262684048545, 0.0006025322599681486, -0.0034267472039561475, 3.142730912275164, 1.5719844684711914, 3.1332290668888314, 0.0010178582313236902, 3.1387902905761833, -0.00024123882953256038, 0.0020976456348319674, 3.1442540547921465, -0.0008359208758361503, 1.5709693234951552, 0.0021353329837433587, 4.710020658582615, 1.5744374195112747, 5.14341296224008, 1.801653023694047, 1.5665535488962283, 3.0707614427436, -0.07042909557800558, 4.707416131383577, 3.1365351240581862, -0.00453431404909164, 4.707879738989309]",0.0
77,1.5653400720687534,"[1.5707963267948966, 4.71238898038469, 1.5707963267948966, 4.71238898038469, 3.141592653589793, 4.71238898038469, 1.5707963267948966, 1.5707963267948966, 3.141592653589793, 4.71238898038469, 3.141592653589793, 1.5707963267948966, 4.71238898038469, 4.71238898038469, -7.203993070791245e-20, 2.881597228316563e-19, 9.612420526705693e-34, 6.638319237520396e-18, 3.141592653589793, 1.5707963267948966, 3.141592653589793, 7.203993070791345e-20, 3.141592653589793, 0.0, -2.1645246751100127e-19, 3.141592653589793, -6.6383192375203936e-18, 1.5707963267948966, 7.203993070791245e-20, 4.71238898038469, 1.5707963267948966, 4.71238898038469, 1.5707963267948966, 1.3212436222762483, 3.1565408196120246, 0.0, 4.71238898038469, 3.141592653589793, 0.0, 4.71238898038469]",0.0
78,2.4162936193985076,"[1.5567615412782327, 4.746501896937072, 1.5517804928433983, 4.6966753818011355, 3.0967295593123145, 4.701667214461447, 1.573193285597358, 1.5702828482322424, 3.1295133051384374, 4.7126690867788055, 3.127284599208545, 1.5574177444697577, 4.7066278649302316, 4.6997526731289305, 0.001642530260536908, -0.011440540719219527, 0.0015950327315278298, -0.009071338277007759, 3.144605869612797, 1.5739415938441375, 3.119452437327, 0.0026944900761032664, 3.1341741948128856, -0.0006386111662140219, 0.0055529200160671826, 3.1486379560765108, -0.0022128626905332425, 1.571254286339458, 0.005652686549864611, 4.706119522226053, 1.580435083832499, 4.713903765355567, 1.580616397782164, 1.6009387584418913, 3.5973644320821174, -0.1864409927275175, 4.699224777481863, 3.1282042830749797, -0.012003306385138076, 4.70045204671682]",0.0
79,1.567213616441797,"[1.5707963267948966, 4.71238898038469, 1.5707963267948966, 4.71238898038469, 3.141592653589793, 4.71238898038469, 1.5707963267948966, 1.5707963267948966, 3.141592653589793, 4.71238898038469, 3.141592653589793, 1.5707963267948966, 4.71238898038469, 4.71238898038469, -3.4608307394021434e-18, -3.9097906441563854e-18, -2.1703697973032177e-34, -8.979198095084695e-19, 3.141592653589793, 1.5707963267948966, 3.141592653589793, -1.95489532207819e-18, 3.141592653589793, -1.3022218783819303e-33, 2.8059994047139503e-20, 3.141592653589793, 6.921661478804289e-18, 1.5707963267948966, -1.1223997618855926e-19, 4.71238898038469, 1.5707963267948966, 4.71238898038469, 1.5707963267948966, 1.5707963267948966, 3.141592653589793, 0.01760813168811932, 4.463009843930868, 3.141592653589793, 0.0, 4.71238898038469]",0.0
80,1.9325165567383995,"[1.5476444412373465, 4.76866189877858, 1.5394276670527334, 4.686467712427172, 3.0675861628431744, 4.694702276349561, 1.5747503676895622, 1.5699492887760604, 3.1216664714173965, 4.7128510459554676, 3.11798998170054, 1.5487269188551658, 4.702885401899143, 4.691544034866427, 0.002709530015375788, -0.018872400232506026, 0.002631177741692821, -0.014964146434140797, 3.1465632769343346, 1.5759847824849034, 3.10506998977516, 0.004444850675047984, 3.1293551093528373, -0.0010534576832973983, 0.009160137756973427, 3.153214636462074, -0.003650354592520408, 1.5715517802325778, 0.009324713365928005, 4.702046836030274, 1.586696491395677, 4.714887780829371, 1.586995588222461, 1.573555093949314, 3.1093880737648747, 0.4794875712589879, 4.751754367668601, 3.119507098980283, -0.01980074261989749, 4.692697726688047]",0.0
81,1.5729940623518124,"[1.562787169542502, 4.704444735602465, 1.5660102320123852, 4.707660046890781, 3.123620386312144, 4.708070693804422, 1.5661943911028409, 1.5696574677277977, 3.135974953825873, 4.71112849867398, 3.135857059131075, 1.5671495197351621, 4.703286182323448, 4.703415772718452, -0.0036437502727251015, -0.0036954353532883902, -0.0046605719555863475, -0.004579871420239396, 3.1373332409768424, 1.5696839856710367, 3.123941634779819, -0.0010700290503526367, 3.1363242860444993, -0.01933881929751767, -0.002212097640148801, 3.137906480079546, -0.005661343953724127, 1.5629566960789387, -0.0012624568491654987, 4.708751609985307, 1.5662005254807145, 4.7044216762711555, 1.5665920226855676, 1.569719687110683, 3.1236186529941343, -0.017871960548854864, 4.711127079171364, 2.8965562237687363, 0.0, 4.71238898038469]",0.0
82,1.7971127273734633,"[1.483690074657729, 4.663551620871899, 1.5104316367802073, 4.655150009366757, 2.9356742133547633, 4.662957059413541, 1.5289271249302607, 1.5595693721345842, 3.078747537124719, 4.7006265326670835, 3.0758840256569817, 1.5256694953933885, 4.621357211999335, 4.617212579768961, -0.03335115125576864, -0.04407350380869588, -0.04305368039553294, -0.05062776544719998, 3.1034612183611388, 1.562682604910526, 2.9564972994587646, -0.008064036011728792, 3.0857129611861955, -0.18432430227024196, -0.016684640743056124, 3.11206325761502, -0.05554430911360031, 1.4966349435031028, -0.007579823967800091, 4.672911238021588, 1.5346485762914102, 4.637840444712352, 1.538511736928964, 1.5618701541373254, 2.955474217212977, -0.11700881038875527, 4.706739188641679, 3.243103538592, -0.009386676572848895, 4.70305420777982]",0.0
83,1.5625267361377069,"[1.5708951253061378, 4.712486978155577, 1.5708553665944998, 4.712447315060141, 3.141814353975328, 4.712442249445566, 1.5708530948643544, 1.5708103754115983, 3.141661951813787, 4.712404529301079, 3.1416634061266393, 1.570841312690033, 4.712501269714046, 4.712499671126618, 4.4948187547815295e-05, 4.5585758874253284e-05, 5.749138844883588e-05, 5.649589135751163e-05, 3.141645196399437, 1.570810048294371, 3.141810391152606, 1.3199550692834155e-05, 3.141657642558513, 0.00023855775277597903, 2.7287759083756445e-05, 3.141638125097408, 6.983660535396207e-05, 1.5708930340786982, 1.5573281092306534e-05, 4.712433849872074, 1.5708530191925476, 4.712487262608427, 1.5708481898029156, 1.5708096078923444, 3.141814375357008, 0.016510672662952634, 4.713554763948795, 3.1402748900616744, -0.2494473433008338, 4.71238898038469]",0.0
84,1.9537996617405695,"[1.5501233368987828, 4.770345155729728, 1.5410806134190178, 4.688051266886493, 3.073364579627172, 4.696089753618225, 1.5760057986144207, 1.5702778431816709, 3.1234412820186184, 4.713200989348176, 3.11983393031474, 1.5499684627283503, 4.705538260164914, 4.694271456056395, 0.0037076860201125, -0.017648472650670804, 0.0039160458017386485, -0.013529755188387293, 3.1477124353651424, 1.5762468061896302, 3.11039118716714, 0.004702253770336739, 3.130956428702331, 0.004395212803612584, 0.009692555578122044, 3.154137490288443, -0.0020225731575603647, 1.573749005220398, 0.00958846745754117, 4.703170943501486, 1.587833272436529, 4.717103846130482, 1.5880193470448514, 1.5738308588936347, 3.1147578343576012, 0.4808485765197078, 4.7517965373410815, 3.124926083162489, 0.03539863553622522, 4.692890458330086]",0.0
85,1.5604908046211072,"[1.570894148404191, 4.712486009171207, 1.5708547828195578, 4.71244673825734, 3.141812161841706, 4.712441722730652, 1.5708525335518724, 1.5708102365013978, 3.1416612666053854, 4.712404375556185, 3.1416627065382534, 1.5708408678775758, 4.712500159417311, 4.712498576636428, 4.450374793659948e-05, 4.513501507219756e-05, 5.692292391835655e-05, 5.59372701235938e-05, 3.1416446768655657, 1.570809912618647, 3.141808238202664, 1.3069035904621957e-05, 3.1416569999592543, 0.00023619893653263388, 2.7017942619515496e-05, 3.1416376754833015, 6.914607353442432e-05, 1.5708920778544329, 1.541929528394257e-05, 4.712433406210636, 1.5708524586282948, 4.712486290811438, 1.5708476769908009, 1.5708094765712364, 3.141812183011968, 0.01634741809497998, 4.713543236890147, 3.1402879198709295, 0.0010955965753950186, 4.462933156055626]",0.0
86,1.9808190480737529,"[1.549993238077683, 4.770629659561749, 1.540911359259965, 4.687910509450634, 3.0729575375115146, 4.695992448462859, 1.5760211109213973, 1.5702721047622192, 3.123330785375852, 4.713201942583081, 3.119704109231698, 1.5498490605993402, 4.705478128180288, 4.694152282053068, 0.0037176116685447252, -0.01775124547560176, 0.003924386087254369, -0.01361315363603747, 3.147733449626723, 1.5762725984141963, 3.110180149302535, 0.004724213985227134, 3.130886464147723, 0.004367340232103536, 0.009737804100209467, 3.1541938820118456, -0.0020481748046003935, 1.5737438777981676, 0.009635673626112066, 4.703112758281687, 1.5879109400892188, 4.717107669730394, 1.5880990286705003, 1.5738440115886594, 3.1145689594092896, 0.47985059804785685, 4.751754828437422, 3.125120168646546, 0.03534847216342538, 4.74669072156208]",0.0
87,1.652281142341387,"[1.5603947824362898, 4.741509319973219, 1.5558538430274307, 4.7001497449176615, 3.1072750955506536, 4.704190714423775, 1.573408718858147, 1.5705342157785578, 3.1324617194828224, 4.712795461483885, 3.1306483814107455, 1.5603226936971184, 4.708933554282488, 4.703270631218879, 0.0018588058342723626, -0.00887562273780088, 0.0019621930436271844, -0.006806576818018735, 3.144663051608258, 1.5735344626045464, 3.125886401446164, 0.002362106992613567, 3.136239558868758, 0.002183670116051768, 0.004868902050104733, 3.147893267800819, -0.0010240874023001968, 1.572270102296532, 0.004817836813056033, 4.707750869333188, 1.5793536334420577, 4.714748325057542, 1.5794476777326985, 1.5723201691917779, 3.128080806499541, 0.23992529902392842, 4.732071904411056, 3.1333564111181693, 0.01767423608171269, 4.729539850973385]",0.0
88,1.5786287606032237,"[1.5668824024675334, 4.719284508117126, 1.5660725552502572, 4.708411614253577, 3.1298101256740773, 4.70957088320987, 1.5708946870093954, 1.5705723582051063, 3.1383458578680568, 4.7123314598897394, 3.1378345283801403, 1.567446223335804, 4.710227042614752, 4.708696780647083, 2.0585707160602784e-05, -0.002919894613667616, -8.717330759022144e-05, -0.002472758723722882, 3.141861997287727, 1.5713958301441122, 3.1349393022617282, 0.0005023998141344025, 3.139425015455693, 0.11361448848972099, 0.01425829050660083, 3.1366202373437506, -0.01056116628234715, 1.556961907856757, -0.0009760415712708726, 4.7045157950057765, 1.5647887006846326, 4.698564713323743, 1.5655253811240182, 1.5692575370907937, 3.105258329391129, -0.013340559664334554, 4.712196465502261, 3.1408139130308066, -0.00037433943832380933, 4.711900390828839]",0.0
89,1.563552471299325,"[1.5708422102358877, 4.712434491950414, 1.5708237457218337, 4.712416071841891, 3.141695614418145, 4.747383108197179, 1.6080890638097418, 1.5706578259157717, 3.1409094642659867, 4.70469308970979, 3.106573892480607, 1.5706096548501653, 4.711923028391959, 4.711929661836136, -0.00018651547460104878, -0.00018916111895357957, -0.00023856431564899265, -0.0002344334346818123, 3.1413746237289177, 1.5707393885260508, 3.140689137183859, -5.477240788353241e-05, 3.141322977569337, -0.0009899111600759505, -0.00011323235961163626, 3.141403966563991, -0.00028979160902234435, 1.5703950335299248, -6.462235904255451e-05, 4.712202791481619, 1.570561077944364, 4.711981151802377, 1.5705811178157882, 1.5707412160033645, 3.140672604464398, -0.0009148259222846899, 4.712324386467411, 3.1415269597301707, -5.889764731245772e-05, 4.712330408414051]",0.0
90,1.5665902782383827,"[1.5686990513825918, 4.715334475756562, 1.568430938066133, 4.710373591082504, 3.1354875929634543, 4.759070286251739, 1.6219902145840601, 1.57045353124604, 3.1389028856715138, 4.734553735204687, 3.2408189648267416, 1.5677062628884828, 4.707567117101769, 4.706907832800602, -0.0015169942581638213, -0.0029098262653405077, -0.001993253297112648, -0.0030718672153841227, 3.1399337186418355, 1.5706098528441617, 3.1310950140873763, -0.00021402722485096612, 3.138374613574603, -0.00477835783668331, 4.206368887806541e-05, 3.1403932097893774, -0.003205809584789371, 1.5667255660414956, -7.181386161080097e-05, 4.709822058142266, 1.569390347392441, 4.70836171955658, 1.5696149975891773, 1.570405676942437, 3.130107082704, -0.0007943115649278334, 4.71268236481864, 3.1416191992274913, 0.00017480870934554927, 4.7125085811843785]",0.0
91,1.560296206754797,"[1.5273344666025785, 4.669279369076289, 1.5720743681215776, 4.713651757807825, 3.145525766313489, 4.713542101866989, 1.5720251917180625, 1.5711004388150631, 3.1430927602081185, 4.712725569564599, 3.1431242418855603, 1.5717701416365508, 4.714819720401208, 4.714785115595436, 0.0009729985811532452, 0.0009868001609243126, 0.0012445226924831698, 0.0012229730525480053, 3.142730053828215, 1.571093357670853, 3.146306043633719, 0.0002857321906990122, 3.142999477263999, 0.005164087088655249, 0.000590701256710304, 3.142576980540573, 0.0015117610215022673, 1.572889760480649, 0.00033711660543809906, 4.7133602753343515, 1.572023553641762, 4.714516506976211, 1.5719190112894226, 1.571083824237571, 3.146392290164268, 0.0047723885982606925, 4.712725948617478, 3.1419353599112916, 0.0003072524003215529, 4.712694533821739]",0.0
92,1.60705898006425,"[1.5649726467408582, 4.719837288739138, 1.5608625372644718, 4.7034204808025635, 3.2561129832363727, 4.706311913967923, 1.5681258536653282, 1.5695323627261721, 3.1327294871538878, 4.7129987094770724, 3.1400768804166495, 1.5634577520168333, 4.701679170055885, 4.699916167944699, -0.003199873016707127, -0.006853729593733503, -0.004232101087834132, -0.007087898886760906, 3.1381530874103074, 1.5705473977828537, 3.117805519065513, -0.0003306286861009319, 3.1342697549654095, -0.008370622327039072, 0.0005914658568207772, 3.1392376012737855, -0.007205305620911355, 1.561788425030279, 8.541318088388357e-05, 4.706424946499199, 1.5680954974225574, 4.703523292740645, 1.5686015521857435, 1.570002371138203, 3.1152760795064696, 0.0017941646815576987, 4.713435253428368, 3.1419414389180584, 0.0007100674697811506, 4.712952391279881]",0.0
93,1.5618941813244704,"[1.5668655555882718, 4.7084900672201355, 1.5684882471044848, 4.71010846655231, 3.130820839883195, 4.709991113182867, 1.5682409543211702, 1.5702484234376517, 3.138889986816032, 4.711633798974298, 3.1381563369213614, 1.5485836201049272, 4.656943825189914, 4.710082987879019, -0.0009363943345536997, -0.0009496766983267311, -0.0011977036976595608, -0.0011769647560641516, 3.140498042395072, 1.5705104702326973, 3.137056581472974, -0.0002749829339453402, 3.1402387546800115, -0.00607546294592939, -0.0006949502468967685, 3.1407046658200013, -0.0013638002056919243, 1.5689077840618695, -0.00030412194076929344, 4.711512749132993, 1.5696892125074, 4.710469681526033, 1.5697835229702284, 1.5705369676330458, 3.137262772573936, -0.0038202934633388987, 4.7121192375692065, 3.1471958770114794, -0.00034822659698312123, 4.712042679319283]",0.0
94,1.5757441894854813,"[1.5506480377883864, 4.705345432247329, 1.5550697522395998, 4.697678740447695, 3.095691161617874, 4.699845521606405, 1.5611531728155366, 1.5681352819022978, 3.12589435904484, 4.710605096091063, 3.129277094519908, 1.5814636232141706, 4.746460635648927, 4.686843753482762, -0.00854814552412003, -0.012200552534945258, -0.011069873725587478, -0.013744515018103096, 3.1318947014212224, 1.568899115186393, 3.0920750081492905, -0.0019142593445207645, 3.126594649456802, -0.04142685997944356, -0.003222904464824432, 3.134048814970692, -0.015097529326637618, 1.5508387729406108, -0.0017107760771446978, 4.701382848786112, 1.561621244371409, 4.692389128501073, 1.5626729008217586, 1.5684891288952862, 3.0902930559225625, -0.021678127904674042, 4.711758222121395, 3.1641001881224935, -0.0012288268208643818, 4.711027276216666]",0.0
95,1.5601655627945181,"[1.57071812615603, 4.712311413544921, 1.570738560687201, 4.712331904189188, 3.1419441397631385, 4.712422033376679, 1.570831550891477, 1.57078222802589, 3.1415231079773402, 4.712413551382214, 3.1417044594780106, 1.5708303488745046, 4.7124739029252085, 4.7122666628713334, -4.9669470408957015e-05, -5.037401116709851e-05, -6.353018827047478e-05, -6.24301258204186e-05, 3.1415345917708146, 1.5707811640119391, 3.141352045235529, 0.009092559512624887, 3.1863605460354973, -0.0025977638303217167, -0.00029714881504974835, 3.118399375922223, -0.03562098255150942, 1.5714370697454036, 0.00010318219769913266, 4.712686267275646, 1.5711719474587627, 4.713040158243731, 1.571139949896219, 1.5708843219202908, 3.1430616914298835, 0.0014606979777898592, 4.7124921171695675, 3.1416975466471126, 9.404157909193326e-05, 4.712482501957465]",0.0
96,1.5632322405577366,"[1.56835912705384, 4.716686787136537, 1.5673648343657254, 4.709428380336849, 3.138737060953243, 4.710627191446857, 1.5708512985060359, 1.5705387936044441, 3.1389876878038288, 4.712933077149911, 3.141889981633191, 1.5698972468092716, 4.714007965409525, 4.70894402518013, -0.00045190683357393093, -0.002290616570806996, -0.0006487359795617786, -0.002124823945562307, 3.141217216642219, 1.57102798704354, 3.1351959111334464, 0.01707798869497912, 3.2227855936782226, -0.002844891623721224, 0.00046110603414611765, 3.1911760052029923, 0.0743296282947353, 1.5630829122355334, -0.0004621835263145578, 4.707903981325784, 1.5675845040038294, 4.70469665181642, 1.5679982435247906, 1.569962030348624, 3.121031943017226, -0.00619673266844215, 4.712418390031535, 3.1418544635127335, -0.00010740588929488938, 4.71220969316422]",0.0
97,1.56961735094976,"[1.5708810072731123, 4.712472974546126, 1.5708588795015652, 4.712450786011853, 3.1412120426679837, 4.712353188564972, 1.5707581839691296, 1.570811593812136, 3.14166796187123, 4.712362373392077, 3.141471583273504, 1.5707594855872944, 4.7122970210164965, 4.712521433337445, 5.378516809981516e-05, 5.4548088316151606e-05, 6.879440886738386e-05, 6.760319335190143e-05, 3.14165552651089, 1.570812745992112, 3.1418531991658534, -1.9263319869083933e-05, 3.141497809202924, -0.0001621344305853432, -1.8545971487036188e-05, 3.1415700927939283, -3.4649596635955546e-05, 1.628983739163853, 0.009370224177891151, 4.711076106829248, 1.5691375168995727, 4.709513259264675, 1.5692788240173103, 1.5695786465681205, 3.121264046496528, -0.001581733922903263, 4.712277297508543, 3.1414790689134517, -0.0001018340259758348, 4.712287709453648]",0.0
98,1.6119095226310238,"[1.5579475166509584, 4.734148386097614, 1.5529238836646093, 4.696938936652257, 3.128385753922867, 4.703474440903474, 1.5712256558143878, 1.5694142906336142, 3.1279179230707923, 4.715287093875729, 3.143586575505658, 1.5663185689006742, 4.721061697079845, 4.694178200744439, -0.002529080528239368, -0.01197961187168487, -0.003598216695645309, -0.01117801290429195, 3.1394214940275904, 1.571923410466423, 3.1077218626848695, 0.003037738187099718, 3.14169060579364, 0.011676732442275071, 0.005376943495543565, 3.150850400056311, 0.00485620062446173, 1.5915414311291793, 0.007348194660033515, 4.701212551397396, 1.569288914406764, 4.698860737123886, 1.5701373751520928, 1.578914905809056, 3.243049597487125, -0.025749103291867775, 4.712970145531058, 3.143375252845792, -0.00015974026089724444, 4.71185773370949]",0.0
99,1.5561204748635222,"[1.5707573936908026, 4.712350362824901, 1.570767567261514, 4.712360564332174, 3.141767645098466, 4.712405436203931, 1.5708138635239906, 1.5808001782387693, 3.190939087681673, 4.712278420564258, 3.141089571087254, 1.570399985040819, 4.7113996714107, 4.678133839414458, -0.013909984466552386, 0.0001503704744612905, 0.00018964272114757298, 0.0001863589462660404, 3.141765972788833, 1.5708415889214302, 3.142310888877232, 4.354041150949071e-05, 3.1418070280414305, 0.0007869133553375038, 9.001217445405544e-05, 3.141742647191816, 0.00023036500304423328, 1.5711153281784036, 5.1370465790179164e-05, 4.71253698814574, 1.5709833339423842, 4.712713176909644, 1.5709674035810557, 1.57084013619884, 3.1423240312866407, 0.000727225598708818, 4.712440328241175, 3.1416448758270863, 4.681970174432213e-05, 4.712435541195198]",0.0
100,1.5784552282380404,"[1.5652461236619748, 4.7213119389948, 1.5631917945055285, 4.705798960067023, 3.136867259439771, 4.708736254267716, 1.571055744118282, 1.5854262779931385, 3.2108909285535647, 4.713469648585409, 3.141829413793142, 1.5683719289630405, 4.714637742270816, 4.800639865137483, 0.03787069906969629, -0.007289459482827987, -0.004380195419081368, -0.007499960465272886, 3.138056709500637, 1.5705813127711559, 3.1165386221466584, 0.0006673746364414988, 3.138665279738454, -0.00798893450367688, 0.0007760725696126608, 3.142921773680307, -0.0018735561076344714, 1.5632962376378488, 0.00046799274932742723, 4.70580432224479, 1.5677512751032439, 4.702545868089642, 1.5683117657506638, 1.5714624317144523, 3.1384625508079966, -0.007454287287112428, 4.712865918041338, 3.142575964589823, 0.00014649336623620508, 4.712378945740747]",0.0
101,1.562316718856257,"[1.5707854927710685, 4.712378234168258, 1.5707883237990605, 4.712381072970236, 3.141641348966614, 4.71239355959156, 1.570801206789577, 1.57079900064652, 3.141605843014251, 4.71239232772848, 3.1416078850733875, 1.5708008492387437, 4.7124002688604465, 4.712400998938368, 4.880373872253435e-06, 0.02698990480146303, 0.03403885642045142, -0.032902435220124204, 3.1109924391483865, 1.5708089220135102, 3.1417925189331646, 1.2116112155822716e-05, 3.1416523081683634, 0.00021897658151689072, 2.5047939678693966e-05, 3.1416343927291757, 6.410431405896511e-05, 1.5708850962025902, 1.42950032724241e-05, 4.712430166918548, 1.5708483657971555, 4.712479195458932, 1.5708439328109285, 1.5708085177603297, 3.141796176108209, 0.00020236710244738126, 4.7124032690964075, 3.141607185617905, 1.3028649426357588e-05, 4.712401936991728]",0.0
102,1.576101120782481,"[1.5669034220537994, 4.718872881445615, 1.5654077801858934, 4.707727091698019, 3.1378148328916673, 4.7097332722582514, 1.570943286750779, 1.571155493883474, 3.141308268911438, 4.713261055768739, 3.1422047855042328, 1.5694391518717885, 4.714952796595702, 4.712288096791825, 0.0014179235719194922, 0.05201685659973379, 0.06905313721496799, 0.06158459523466852, 3.2013340964014767, 1.5705413786693527, 3.1220292760129986, 0.00038157339246150656, 3.1390163557630966, -0.00748032322253004, 0.00035603902196356757, 3.1422116843878554, -0.0018562962955723193, 1.5647083533753667, 0.00022117894462841454, 4.707338116336686, 1.56819658715656, 4.704609451323474, 1.5686339387666275, 1.571176390847559, 3.13771985119805, -0.0069640728566444056, 4.712616623324471, 3.142181428142122, 7.909011366306853e-07, 4.7122781144231745]",0.0
103,1.5611098643879477,"[1.570975686506932, 4.712566886425435, 1.549645191269362, 4.691490457107132, 3.1407864906255334, 4.712651112617732, 1.5710756773328594, 1.5708300054886353, 3.1417587819504758, 4.71241687501733, 3.14171958307956, 1.571001852970536, 4.712901994438491, 4.712873151205426, 0.00019660723631095638, 0.00021478062227275817, 0.00027087486292435913, 0.000296063028308405, 3.1418680007516, 1.570894499421245, 3.1431504912325203, 4.856853920947945e-05, 3.141831784401811, 0.0014921484337736806, 0.00017068146603583937, 3.1419046291196926, 0.0004791420629001174, 1.5714350830732131, 0.00010286227345718034, 4.7463194030475035, 1.6136672648470043, 4.710895449449721, 1.5700081984446015, 1.5705945026080357, 3.13822329231875, -0.0033502330986605574, 4.712152427534175, 3.1413520725814017, -0.0002156922346129371, 4.712174480828097]",0.0
104,1.5717226796284292,"[1.563748992327423, 4.7234579867403585, 1.6462572426396094, 4.788104799805633, 3.136129082098639, 4.706508931012181, 1.5697270433342059, 1.5711739388984018, 3.1398661434973647, 4.713656154983467, 3.1415001351758534, 1.5674117107779193, 4.714329823819072, 4.709762105210358, 0.0014800192952736332, -0.00551440370868852, -0.0009302792625597043, -0.002076142277575875, 3.143966546859826, 1.5709877147479543, 3.117541022242292, 0.0012268962603253282, 3.139856480013017, -0.002233778698494722, 0.0018596695748753775, 3.144767377335414, -2.424614492203178e-05, 1.5645947823202941, 0.0010988346277537792, 4.743335097920234, 1.6164986758858952, 4.700904316436213, 1.5681274341976967, 1.5717429824674243, 3.1395599068658266, -0.007455872229694941, 4.713118292283689, 3.142958028165206, 0.00030403577256605667, 4.712496428489515]",0.0
105,1.5695256342649888,"[1.5706087615751168, 4.7122029353400485, 1.5711247714980452, 4.712713502406964, 3.142435697614863, 4.712460843404602, 1.5708729101781727, 1.570840907904595, 3.141812560772924, 4.71244510366765, 3.141848032456473, 1.5708684697469573, 4.712569056465873, 4.712582063687279, 7.840533314686137e-05, 6.839615482869748e-05, 8.625917397820579e-05, 6.316674611273592e-05, 3.1416514004869054, 1.5723467194979686, 3.166194828388302, -0.00020538711378940017, 3.1405814148723463, -0.004735667044055044, -0.0005416958363135064, 3.140644071290602, -0.001456863234789967, 1.5688201410914584, -0.00031823554793850045, 4.711402047570384, 1.5695493415756383, 4.662054550930054, 1.544235115426378, 1.5710073842142906, 3.145116159399146, 0.0035035025443156693, 4.712636355265553, 3.141844240912284, 0.00022555991493776605, 4.7126132930579105]",0.0
106,1.575893427263009,"[1.5533165359057926, 4.741409883278644, 1.5743850160335817, 4.7189027059564, 3.1248206451972926, 4.700062230030731, 1.5710008734034788, 1.572312780336354, 3.139859322922647, 4.7161990461713765, 3.1438904036153854, 1.5643634244571911, 4.723001422005633, 4.71108461537171, 0.00600789305705424, -0.011836519663039752, 0.0005369014796555133, -0.0023011744230546365, 3.1505030655912902, 1.5808261829418915, 3.2312118861038917, 0.0024399011036711927, 3.133641986065068, -0.018623693665197526, 0.003299495631212071, 3.1472825875651984, -0.0038400153072417537, 1.5496478911550218, 0.0019787595193195375, 4.69980827659249, 1.5718485346036042, 4.757611702296554, 1.603366294208971, 1.5725387986901909, 3.1248945583120973, -0.030554385161650946, 4.713455193021687, 3.1442779496771673, 4.5580617242160054e-05, 4.711933973243945]",0.0
107,1.5654136519073147,"[1.61480483492888, 4.6713862078156785, 1.5728167382270066, 4.715471707666821, 3.137266969617562, 4.708031204124226, 1.571035988799248, 1.571447374006166, 3.141431314447997, 4.713904476294193, 3.14298328035263, 1.5685966900940338, 4.716661303857669, 4.7123269540356425, 0.0023679899783859352, -0.00418577913676266, 0.0003821452116888077, -0.0007064657875099195, 3.1449808579471585, 1.5726486674206313, 3.14553073328954, 0.0012309299523750893, 3.1403451966434783, -0.0009930738287966332, 0.0018740682175166395, 3.14477317707329, 0.00028007998891371505, 1.5654002908862172, 0.0011020947889682782, 4.7088527848665125, 1.572532398466077, 4.718106059886784, 1.57700023449925, 1.5718883186775383, 3.1430615757741442, -0.003646435124596931, 4.713311561036058, 3.1431169895153257, 0.0005020227365909935, 4.712705071285059]",0.0
108,1.5649468787057776,"[1.5707963267948966, 4.71238898038469, 1.5707963267948966, 4.71238898038469, 3.141592653589793, 4.716869471285075, 1.566591999524191, 1.6008254956368997, 3.1355049321645927, 4.71238898038469, 3.141592653589793, 1.5707963267948966, 4.71238898038469, 4.71238898038469, -7.265872326367807e-20, -7.699512137684663e-20, 1.5986068894346002e-18, -5.353575356380689e-21, 3.141592653589793, 1.5707963267948966, 3.141592653589793, -1.0583968628648537e-19, 3.141592653589793, 1.3785807206872528e-19, 3.7258076773830364e-19, 3.141592653589793, 1.0236281673109466e-18, 1.5707963267948966, -7.563056637949285e-20, 4.71238898038469, 1.5707963267948966, 4.71238898038469, 1.5707963267948966, 1.5707963267948966, 3.141592653589793, -6.295527867950236e-19, 4.71238898038469, 3.141592653589793, -3.353735842591781e-19, 4.71238898038469]",0.0
109,1.560163819304605,"[1.5718586550544882, 4.7123633349272644, 1.5714239216985273, 4.713346559569207, 3.1402489781519374, 4.755942648650017, 1.5287314080363548, 1.5564974700995378, 3.1444822987556376, 4.712859734753905, 3.142024620195871, 1.5701130596338813, 4.713716080595909, 4.7123697133087195, 0.0007355622813575923, -0.0013002171796329869, 0.00011870472691413614, -0.00021944754458635933, 3.142645122286687, 1.571371714321429, 3.1428159285675394, 0.0003823604205358864, 3.141205159434116, -0.0003084758203090345, 0.000582136709225391, 3.142580610942141, 8.700048458329348e-05, 1.5691201708485014, 0.0003423407044139513, 4.711290541596343, 1.5713355980125578, 4.714164861228632, 1.5727234297581687, 1.5711355292610183, 3.142048940889537, -0.0011326822172191857, 4.712675559101175, 3.142066153909125, 0.00015594195616991106, 4.712487166840678]",0.0
110,1.569491044889347,"[1.5707963267948966, 4.71238898038469, 1.5707963267948966, 4.71238898038469, 3.141592653589793, 4.71238898038469, 1.5707963267948966, 1.5707963267948966, 3.141592653589793, 4.683365866526042, 3.1479709121068464, 1.5618184393259684, 4.715985745157775, 4.71238898038469, -5.442360003408944e-19, -6.176742183720756e-20, -7.995581268723681e-19, -1.740556552533565e-18, 3.141592653589793, 1.5707963267948966, 3.141592653589793, -5.806159895083487e-19, 3.141592653589793, -6.470278900367124e-18, -6.52927085987947e-19, 3.141592653589793, -1.6342339204740488e-18, 1.5707963267948966, 1.0565028306999227e-19, 4.71238898038469, 1.5707963267948966, 4.71238898038469, 1.5707963267948966, 1.5707963267948966, 3.141592653589793, -9.27966376845806e-18, 4.71238898038469, 3.141592653589793, -5.944467398069839e-19, 4.71238898038469]",0.0
111,1.561940589654447,"[1.5720061387136814, 4.712359774553276, 1.5715110510693624, 4.7134795008524915, 3.1400624348979536, 4.711214831307496, 1.5705363321283483, 1.5681963982881577, 3.1421093449827358, 4.697416085368438, 3.1454929234872813, 1.627103625471042, 4.691030483487774, 4.712367038449193, 0.0008376808269574237, -0.0014807270979813997, 0.00013518457420310222, -0.0002499135767043152, 3.1427912371369726, 1.571451595711292, 3.142985756554594, 0.0004354437433620684, 3.1411513633918107, -0.00035130170048399914, 0.0006629550921047448, 3.142717769644393, 9.907881319978583e-05, 1.56888746912931, 0.0003898680664339992, 4.711138044691132, 1.571410465353947, 4.714411407814201, 1.572990970599805, 1.5711826209395643, 3.1421122875246303, -0.0012899331578678662, 4.712715344993504, 3.1421318902378856, 0.00017759146997134765, 4.712500798124305]",0.0
112,1.5583239017343995,"[1.5707963267948966, 4.71238898038469, 1.5707963267948966, 4.71238898038469, 3.141592653589793, 4.71238898038469, 1.5707963267948966, 1.5707963267948966, 3.141592653589793, 4.71238898038469, 3.141592653589793, 1.5707963267948966, 4.71238898038469, 4.71238898038469, -6.416449241999942e-19, 0.015773450011127985, -0.012506998147422897, -0.01627826483557717, 3.1590956209390635, 1.5707963267948966, 3.141592653589793, -1.9210665854300345e-18, 3.141592653589793, -7.84778287290984e-18, 3.6287043304649375e-19, 3.141592653589793, -4.280995711476872e-19, 1.5707963267948966, -1.3007146000686454e-18, 4.71238898038469, 1.5707963267948966, 4.71238898038469, 1.5707963267948966, 1.5707963267948966, 3.141592653589793, -7.136512434031772e-18, 4.71238898038469, 3.141592653589793, -7.226450759903236e-19, 4.71238898038469]",0.0
113,1.5629020730408603,"[1.5722823384440923, 4.712353106869946, 1.5716742224258853, 4.713728466377246, 3.139713086388823, 4.710946773394073, 1.5704769754170331, 1.5676028353206426, 3.1422273054865304, 4.7172316512125105, 3.141277366672032, 1.5721116069571102, 4.713335522062494, 4.712362029111316, 0.0010289231308094218, 0.03582232291026637, -0.02968012868530576, 0.028319420049607347, 3.1122847654771495, 1.571601193425817, 3.143303801580716, 0.0005348554309626644, 3.141050616960218, -0.00043150378269201457, 0.0008143075584433074, 3.142974633332158, 0.00012169847917454387, 1.568451677445957, 0.0004788748394479833, 4.71085245641418, 1.571550673019131, 4.714873127443619, 1.5734920071806586, 1.5712708117872158, 3.142230919809935, -0.0015844245452639567, 4.7127898539445, 3.1422549978172687, 0.00021813555402916385, 4.712526326083699]",0.0
114,1.5611969349248556,"[1.5707963267948966, 4.71238898038469, 1.5707963267948966, 4.71238898038469, 3.141592653589793, 4.71238898038469, 1.5707963267948966, 1.5707963267948966, 3.141592653589793, 4.71238898038469, 3.141592653589793, 1.5707963267948966, 4.71238898038469, 4.71238898038469, 3.479226234332552e-19, -2.0576053655460086e-18, 2.0576053655460086e-18, 1.5432040241595065e-18, 3.141592653589793, 1.5707963267948966, 3.141592653589793, -0.024657653057910903, 3.1466007333903474, -0.00210621843775938, 0.018413191637503278, 3.141592653589793, -5.892982696050255e-19, 1.5707963267948966, 2.9858617257562325e-19, 4.71238898038469, 1.5707963267948966, 4.71238898038469, 1.5707963267948966, 1.5707963267948966, 3.141592653589793, -7.743723155646851e-19, 4.71238898038469, 3.141592653589793, 1.5169931437131996e-20, 4.71238898038469]",0.0
115,1.5557294213299357,"[1.5715932733798499, 4.712369741454039, 1.5712671413577841, 4.713107345404196, 3.140584643549755, 4.711615526195021, 1.5706250589652493, 1.5690836604602407, 3.1419330167773984, 4.714986099983566, 3.1414235655260985, 1.5715017102514126, 4.712896609754924, 4.712374526443305, 0.0005518104624023525, -0.0008856915805392086, 1.7913363810594883e-05, 0.0004773290839479817, 3.1416919496491658, 1.5712279759769214, 3.142510340573239, -0.03534687424812141, 3.1485393273748827, 0.005598498726057252, -0.05053013788449673, 3.1423338079654997, 6.526677460748675e-05, 1.569538893656629, 0.00025682010509450395, 4.7115649440915295, 1.5712008819325372, 4.713721226007533, 1.5722420175327325, 1.5710507926292963, 3.141934955135483, -0.0008497253242581415, 4.712603968480282, 3.141947868147119, 0.00011698588294009265, 4.712462638747895]",0.0
116,1.5604137965968534,"[1.5707963267948966, 4.71238898038469, 1.5707963267948966, 4.71238898038469, 3.141592653589793, 4.71238898038469, 1.5707963267948966, 1.5707963267948966, 3.141592653589793, 4.71238898038469, 3.141592653589793, 1.5707963267948966, 4.71238898038469, 4.71238898038469, -9.618010375406221e-19, 1.452765747212639e-18, -2.967010423148439e-18, 1.8960350438014128e-18, 3.141592653589793, 1.5707963267948966, 3.141592653589793, 0.0, 3.141592653589793, -4.2660788485531786e-18, 3.7920700876028256e-18, 3.119661154850044, 0.014279879540139264, 1.5707963267948966, -5.483511090493913e-19, 4.6989976942452785, 1.581394928536632, 4.71238898038469, 1.5707963267948966, 1.5707963267948966, 3.141592653589793, -4.182771789885898e-18, 4.71238898038469, 3.141592653589793, -1.4014013431143423e-19, 4.71238898038469]",0.0
117,1.5598874485358443,"[1.5723280656324627, 4.712352002978892, 1.571701236816324, 4.713769684713815, 3.1396552488049116, 4.710902394151983, 1.5704671484142503, 1.5675045659791595, 3.14224683484005, 4.717380668699204, 3.141267664739825, 1.5721520804377656, 4.713364648812358, 4.712361199773299, 0.0010605849026715337, -0.0017023075543976366, 3.4429653854086195e-05, 0.0009174309922237985, 3.1417835015505347, 1.5716259605856606, 3.1433564566097347, 0.0015792908190950955, 3.1408251508179053, -0.0001840791457563806, -0.001439776336516271, 3.1151581380534434, 0.018264808652754143, 1.5683795284675153, 0.0004936106593193632, 4.753539658176764, 1.537751460721304, 4.7149495690116, 1.573574958000629, 1.571285412523781, 3.142250560382534, -0.001633180071291854, 4.712802189528, 3.1422753793124425, 0.00022484796814434794, 4.7125305524520815]",0.0
118,1.5485455562713373,"[1.5707846114434088, 4.7123773599835665, 1.5707893259606185, 4.712382063162778, 3.1415663647529586, 4.712382663834331, 1.5707895953383328, 1.5707946609349508, 3.1415844363298224, 4.712387136621879, 3.1415842638799947, 1.570790992447578, 4.712375665316019, 4.71609587152833, -0.009166353400052903, -5.405478092170595e-06, -6.817226441395463e-06, -6.699182169436203e-06, 3.1415864231570123, 1.570794699723929, 3.1415668346574184, -1.56517921075633e-06, 3.1415849473136377, -2.828775341669231e-05, -3.235733868518544e-06, 3.141587261659412, -8.281100273301799e-06, 1.5707848594174336, -1.8466519335536862e-06, 4.712383659840795, 1.570789604311361, 4.712377326253654, 1.5707901769717816, 1.5707947519460168, 3.141566362217557, -0.001957806156364643, 4.712250743846095, 3.141748911641821, 0.02957902166511978, 4.71238898038469]",0.0
119,1.5671938441584337,"[1.5715802506558065, 4.712365738106503, 1.571259418965958, 4.713096928195629, 3.1405862042658153, 4.711621749483636, 1.5706245026160996, 1.569101909988531, 3.1419262892111215, 4.714956840932172, 3.141422383672902, 1.571492010115348, 4.712886191688888, 4.738639979035416, -0.06414961424463783, -0.0008779022538656537, 1.5243311786944884e-05, 0.0004696443974565701, 3.1416885965512997, 1.5712226339927136, 3.142490872807911, 0.000812074100947352, 3.1411949310649483, -0.00010498098178515116, -0.0007420268194876059, 3.142618748665209, -0.00013056998085926697, 1.5695485764109884, 0.00025332306749795705, 4.712583620942003, 1.5703934050335284, 4.713702332679531, 1.5722238719611028, 1.5710474201013258, 3.141921650099003, -0.0015505380187885425, 4.712551458420876, 3.1420006382135224, 0.01084507520668197, 4.712461827883744]",0.0
120,1.5673389561078834,"[1.5705153190114693, 4.713118929560225, 1.5704374875102538, 4.712034426789496, 3.140681331236447, 4.712171224361153, 1.5708545404743415, 1.5707874940052324, 3.1413486140764215, 4.712397020561195, 3.141302014663051, 1.5705216298075375, 4.7122835863718935, 4.715859006924309, -0.009120292877151067, -0.00023391620879398056, 4.147418659474049e-05, -0.0001826503228871393, 3.141663221788214, 1.570769309309595, 3.1411639306638572, 5.841446256071917e-05, 3.1414458913923524, 1.9700635643767972e-05, 0.00012039489044299421, 3.141746911313193, -3.6775481297628806e-05, 1.5659743388315912, 0.03020761585643745, 4.712263553880144, 1.5710066026739002, 4.712512619288642, 1.570861570388533, 1.5707738269563156, 3.141217029211474, 0.004178437279865487, 4.712684010975142, 3.1414380719498918, 0.03003121175138241, 4.712795052227144]",0.0
121,1.5588738345343165,"[1.5714548387362461, 4.718911733139691, 1.56946706934107, 4.712051743428911, 3.1297860254481016, 4.707514621975371, 1.5707070477480787, 1.5641270735854123, 3.140793194999939, 4.722488481749453, 3.13841487459711, 1.5711086368334106, 4.713509840290963, 4.713117077291027, -0.004635858883997119, -0.005458217031517168, 0.000491579675410221, 0.0002641105736484812, 3.142652820744947, 1.5722323716752002, 3.141509169834203, 0.0037009698538656554, 3.1388044270465936, 2.5445477112473476e-05, -0.001789966919916368, 3.1470174147613665, -0.0007610073765444436, 1.5705248532795195, -0.02451184467377665, 4.712078451670308, 1.5711615349060064, 4.7187180453939535, 1.576999613180409, 1.5715890839238287, 3.13976768410065, 0.04913530967220062, 4.716918564042128, 3.1403739723080157, 0.03905373670912236, 4.7162927932044365]",0.0
122,1.5572882446302994,"[1.5707846114434088, 4.7123773599835665, 1.5707893259606185, 4.712382063162778, 3.1415663647529586, 4.712382663834331, 1.5707895953383328, 1.5707946609349508, 3.1415844363298224, 4.712387136621879, 3.1415842638799947, 1.570790992447578, 4.712375665316019, 4.71609587152833, -0.0091663534000529, -5.405478092166093e-06, -6.817226441393459e-06, -6.699182169436077e-06, 3.1415864231570123, 1.570794699723929, 3.1415668346574184, -1.565179210756061e-06, 3.1415849473136377, -2.8287753416691297e-05, -3.2357338685222706e-06, 3.141587261659412, -8.281100273302934e-06, 1.5707848594174336, -1.8466519335537862e-06, 4.712383659840795, 1.570789604311361, 4.717997594325947, 1.5601395713621198, 1.5707947519460168, 3.141566362217557, -0.003988828773769088, 4.741015559751478, 3.141748911641821, 0.02957902166511978, 4.71238898038469]",0.0
123,1.5552592826186171,"[1.5718346435186195, 4.712205980888946, 1.5714477729505372, 4.713349504237049, 3.140478391927999, 4.711456122387883, 1.5705620325669016, 1.568652507883955, 3.1420566057691164, 4.715635493201349, 3.141428004734442, 1.571726792638918, 4.71302846776956, 4.715861180395669, -0.007838137216240175, -0.001068990896742923, 5.677797115005777e-06, 0.0006251314176974922, 3.141695166429293, 1.5713398606018, 3.14279363109168, 0.0010148653863504124, 3.141112255992388, -0.00015919444914472218, -0.0009653959485561646, 3.1428563653335893, -0.00016453122656699876, 1.5698812139675342, -0.00391220797062134, 4.7126558775718195, 1.5702395171083146, 4.740750758013572, 1.521924216235511, 1.5711172795786175, 3.1420624169127205, -0.0025119189441686453, 4.686505610587889, 3.1422635165136055, 0.031256653115779916, 4.712400856240872]",0.0
124,1.5534220004947867,"[1.5704677777678664, 4.712063094175762, 1.5705999931814445, 4.712194991622908, 3.140855401124706, 4.7122118370461745, 1.5706075476953691, 1.5707496088910486, 3.1413622061490174, 4.712337273316568, 3.14135736991144, 1.5706467286694652, 4.7120155683824, 4.715740901051823, -0.00931049625494824, -0.00015159293937111384, -0.00019118445713553668, -0.00018787398619164833, 3.141417925359893, 1.5707506967014357, 3.140868579274187, -4.389438143224217e-05, 3.141376536340937, -0.0007933107147088263, -9.074394526957325e-05, 3.1414414405867155, -0.00023223779844293993, 1.57047473202995, -5.178809160438685e-05, 4.7122397693668505, 1.5706077993378103, 4.7120621482434215, 1.5706238592079922, 1.570752161234206, 3.140855330021102, -0.004584983114146461, 4.712065244455495, 3.132567157395236, 0.029448590360340088, 4.742086817510916]",0.0
125,1.5645990653390662,"[1.5695049489596653, 4.710394957726228, 1.5700428371406, 4.711830782861674, 3.136669864632392, 4.710815102422851, 1.5695658064289009, 1.5692654610513068, 3.140531457148571, 4.71399841796333, 3.1401338832606447, 1.57047741736981, 4.710603420868991, 4.713832529672242, -0.009248487980141535, -0.0015060142823791626, -0.0011033552598993589, -0.0007199915666426351, 3.1406414901661885, 1.5708517561585018, 3.1381073661791663, 0.0003425907275811404, 3.14005918951656, -0.004685767844880791, -0.0010928753453254426, 3.1414603243601507, -0.001441069740707696, 1.5683967080272376, -0.0025999191683827093, 4.711682174200217, 1.5693776438277462, 4.711256558863722, 1.5712246086570019, 1.5707293698184637, 3.13760076235236, -0.0062497020906133295, 4.711111180716319, 3.0836747272867835, 0.03065163520903842, 4.6927533304641225]",0.0
126,1.558314020528937,"[1.5707846114434088, 4.7123773599835665, 1.590569273696143, 4.692363024033284, 3.1415663647529586, 4.712382663834331, 1.5707895953383328, 1.5707946609349508, 3.1415844363298224, 4.712387136621879, 3.1415842638799947, 1.570790992447578, 4.712375665316019, 4.71609587152833, -0.009166353400052901, -5.405478092169817e-06, -6.817226441395934e-06, -6.699182169436179e-06, 3.1415864231570123, 1.5843528785299694, 3.1407124182629333, -1.5651792107555818e-06, 3.1415849473136377, -2.828775341668986e-05, -3.2357338685202292e-06, 3.141587261659412, -8.281100273301799e-06, 1.5707848594174336, -1.8466519335544522e-06, 4.712383659840795, 1.570789604311361, 4.712377326253654, 1.5707901769717816, 1.5707947519460168, 3.141566362217557, -0.001957806156364653, 4.712250743846095, 3.141748911641821, 0.02957902166511978, 4.71238898038469]",0.0
127,1.5588973374313047,"[1.5714149164568425, 4.712308106256594, 1.5895404085850633, 4.69437457844396, 3.141008754880593, 4.711867862529549, 1.5706760272935683, 1.5695723030929047, 3.1418751935391644, 4.714251574172312, 3.1415156407445943, 1.5713400405602012, 4.712782509612065, 4.715994107612991, -0.008392637373307255, -0.0006009352274694882, 1.7273669780258893e-05, 0.00037170099394833757, 3.141664163453764, 1.5143162083885413, 3.1459125018459835, 0.0005842839262689389, 3.1413334519972302, -3.296023250559126e-05, -0.0005460847092711945, 3.1423272867999295, -7.71689029791134e-05, 1.57029596408875, -0.0022361485903486097, 4.71255273741496, 1.5704913515862893, 4.713152562494648, 1.5721982748462666, 1.570983328747079, 3.1419156986312506, -0.0031644145926747504, 4.711350916659901, 3.1429280276317546, 0.03054108486907849, 4.712047417483729]",0.0
128,1.5584563594874767,"[1.5709623794134089, 4.712741877261086, 1.5709005113627819, 4.712490450580677, 3.1415973646341455, 4.711830123710766, 1.5708398242846324, 1.570116038316935, 3.141415764421682, 4.713170626425699, 3.1415396218212153, 1.570818024586758, 4.712717157863977, 4.716177532901978, -0.008895600891541552, -0.0007527992542709757, 0.00020035406088017487, 0.00035723704069648947, 3.1414873453272807, 1.570791415940965, 3.1415491703979357, 0.000699619668472854, 3.141121463659462, 5.694649882919889e-06, -0.00013119645701747682, 3.1423531754399465, -0.00028673156147682524, 1.570509444851449, -4.886513564012052e-05, 4.7122584951884265, 1.5705121417647492, 4.7127392321890555, 1.570976840422914, 1.539691862702704, 3.1436758606942523, -0.0019804559695403307, 4.712247547863291, 3.141703664444788, 0.028906800774342895, 4.712384554889618]",0.0
129,1.5600652335099765,"[1.5706861420480978, 4.700282986624178, 1.5628224512400704, 4.721955651290865, 3.1357193748260226, 4.725302662698029, 1.568214539428935, 1.5815093333849122, 3.1494402809214472, 4.703974654095951, 3.1423920579243423, 1.5747340450778493, 4.705165023498584, 4.712633159920753, -0.010943208091690096, 0.018351319874466938, -0.006326437411801861, -0.008173179585878711, 3.1453882897795897, 1.572491739524989, 3.1488918646064694, -0.01698633561248284, 3.153997474054271, -0.0011402166267786905, -0.0007108897263390351, 3.123908735854623, 0.008166818241780779, 1.5751961386724989, -0.018033068981583862, 4.717805473071621, 1.5769304098215955, 4.707740601700707, 1.5772041643870771, 1.5779096493249103, 3.136521976216857, -0.011781781776754176, 4.704492854616519, 3.153472889192655, 0.05916951845290297, 4.70954543742392]",0.0
130,1.57265538567119,"[1.5689993134806195, 4.716663328150616, 1.5651705011279073, 4.713153671614006, 3.1389788402335976, 4.709378590528239, 1.571541846580257, 1.5664728572933395, 3.1390721152962464, 4.718805859400734, 3.1410390796762373, 1.5708212908521042, 4.71439070378961, 4.711544841411366, -0.0073667437965589996, -0.005007659517534846, -0.0006918653616021026, -0.0013114330889619664, 3.1412045839617813, 1.5715732830255422, 3.1358020587972146, 0.0029116181397699304, 3.1409495436687704, 0.0026579509644322993, -0.0004260143912519994, 3.1457744370161134, -0.00014739149368402687, 1.576021137712987, -0.0045255961119418575, 4.710131418662567, 1.5692901132609622, 4.711544108762867, 1.5747598233452702, 1.5765385177299267, 3.1638642181716543, -0.011281977119198885, 4.709768066781101, 3.145653288001469, 0.03194760260188624, 4.711275680184023]",0.0
131,1.5619990009897737,"[1.570975350065978, 4.711888783197094, 1.571045882439252, 4.712598599456915, 3.141627456004474, 4.712732032433888, 1.570688449154276, 1.571160823242638, 3.1419943993462085, 4.711977437628388, 3.141629082164973, 1.5708950726714677, 4.7121666499815555, 4.716487726993834, -0.00920327422528775, 0.0019232320867919974, 0.0016820186009948394, 0.0015652955981569074, 3.1431164922464148, 1.5707638238590484, 3.141942769270235, -0.002424250706947126, 3.1317739148025256, 0.00010537361288703119, 5.921732227320483e-06, 3.135207501219248, -0.008954452038567935, 1.5718502568615818, 0.00010267361059932117, 4.712883476033511, 1.571262885663078, 4.712982645071015, 1.5710011916871502, 1.5709075577319096, 3.144019750275649, -0.0013609702413342893, 4.712252745170593, 3.1417345894827085, 0.029911474788413415, 4.7124098393423655]",0.0
132,1.5619794136269491,"[1.5704143595368016, 4.713966600545878, 1.569421213390195, 4.712540953313174, 3.140913009477227, 4.7110232740381335, 1.5710608691310228, 1.5692039443450112, 3.141563194009106, 4.714767874300489, 3.1413725798054877, 1.5707522760217594, 4.713220217900059, 4.716065706071906, -0.008014457819018942, 0.01130741761250745, 0.016944115332338132, 0.015214398518714523, 3.1555403423477992, 1.5708485401840069, 3.1376995136031756, 0.0024574559943986813, 3.145765329401687, -0.0022086660109405525, -0.000530221455766122, 3.1461650473518037, 0.0038044395679509477, 1.5682459835155647, -0.0016420115878437189, 4.711067955320013, 1.5694333376370253, 4.711256237924816, 1.5712947051968718, 1.5716049197160629, 3.1374380619261655, -0.004310396835022237, 4.711675057483947, 3.142628375086751, 0.02941345102128225, 4.712124100010329]",0.0
133,1.565768878362752,"[1.5711477988560538, 4.712253752182612, 1.5705363593076667, 4.712097075738312, 3.1408622272219935, 4.718200087063944, 1.5770258254800316, 1.570498332000304, 3.1411862457989876, 4.715259893549784, 3.153745815744616, 1.5706521710734607, 4.711800656286386, 4.715466786450672, -0.009426558585210314, -0.00032895878944016647, -0.0002493390817844601, -5.740657435896936e-05, 3.1412788309723654, 1.5705415331028114, 3.1383705346953903, 0.00011446747582889023, 3.1412111895564854, -0.00024058786051283049, -0.0001304775512220053, 3.1416259017474464, -0.0002398531971568715, 1.5704312544641434, -0.00012236324160680553, 4.712282158616973, 1.5704278910847194, 4.711382392391228, 1.5701623616852165, 1.570720999967659, 3.1408757250398325, -0.0013265106676823178, 4.712257257269456, 3.141634028917501, 0.02939602036361303, 4.712412563793272]",0.0
134,1.5613251616709065,"[1.5668094711649827, 4.718274828625165, 1.5711487799588395, 4.715588607813959, 3.1408004203118787, 4.709364801168901, 1.5723105758769944, 1.5685887879562421, 3.142196154099631, 4.716818014526419, 3.1415546430984795, 1.5693827682659909, 4.7142398379698305, 4.716571306039864, -0.0061428691546725036, -0.005618754161086142, -0.00045400780857919707, -0.002050451806044822, 3.1409182452456377, 1.573256104444451, 3.163024719907688, 0.003080474228785685, 3.1408341655895913, -0.004143798215289399, -0.00014732618962549698, 3.1454438853736595, -0.0011842139627888345, 1.566047160291761, -0.0019638147346484, 4.710229920017878, 1.5709936112362786, 4.720610659362423, 1.5781485457342663, 1.5722985990462408, 3.1317499266275286, -0.009745349443810974, 4.711508589718198, 3.1439199619255804, 0.02928274413706987, 4.711917316596056]",0.0
135,1.5585312656725778,"[1.5708552548592307, 4.711767276851672, 1.5708630854687067, 4.712415550177189, 3.1479314661118774, 4.712657209248452, 1.5707068005517213, 1.5709748339114016, 3.1416205687781, 4.712162968569947, 3.1418747936544036, 1.5708416543697277, 4.712059932462084, 4.715948128284928, -0.009387083814686625, 0.0002430168690721331, -0.00025425024242828684, -0.0001609737935583196, 3.1414289773014734, 1.5707232935701967, 3.141356684152153, -0.00028931390731842094, 3.1416388666933592, -0.013559963575746613, -0.0015834740480924051, 3.141820043437784, 0.0009649010409144591, 1.572089469933529, 0.00013677684346033198, 4.7130631539367265, 1.571457268276226, 4.713497337729872, 1.571265647884112, 1.57093909442818, 3.1445838148433554, -0.00035572988188249644, 4.712321077742222, 3.141872558613084, 0.029860100284434834, 4.712471263299695]",0.0
136,1.5717362971127895,"[1.5721581219058227, 4.711608934736537, 1.5684084386338164, 4.712923536601681, 3.163698767712229, 4.708550922778113, 1.566836699703083, 1.5688531919900592, 3.140518847108861, 4.713393253117922, 3.135023626198925, 1.5708366722680716, 4.710369254921988, 4.7140025444657825, -0.00903252732076651, -0.0029357660155899545, -0.0032882813431268196, -0.0022721894891390045, 3.138974651852359, 1.5704547080961304, 3.134562242230722, 0.0008012755837831327, 3.142660108852459, 0.01150069423154697, 0.0004335992672073719, 3.1425386389893815, 0.0004390076644434506, 1.5663213615798726, -0.0040422881376893415, 4.711929156990396, 1.5691172246546559, 4.709330645804606, 1.5704737237920146, 1.5720905551024618, 3.1307508843245238, -0.0017205740311731295, 4.710985839983282, 3.1431313457419563, 0.03133012515116836, 4.7119862905638]",0.0
137,1.5601893771990147,"[1.5699422906605442, 4.710768220799179, 1.5623948751128962, 4.704041302088232, 3.1385751062646703, 4.712015257385779, 1.5700472659559788, 1.5706739744448928, 3.1404382059274965, 4.711972420329607, 3.1407256774468415, 1.571969887810731, 4.714836924067956, 4.7142713080935055, -0.010062595468486762, -0.0003787944795332717, -0.0009739613825999805, -0.0007899637057749877, 3.140779247226102, 1.5706367750472092, 3.1401518949068037, -0.00045224521599507826, 3.1405393510465758, -0.002990162689286916, -0.00039892961345751364, 3.140608892169755, -0.000993423212000293, 1.5693851381990491, -0.0003117333534482489, 4.708469773299233, 1.565602814235585, 4.711926132194588, 1.5704154827761099, 1.5705382185036065, 3.1380020749840565, -0.0028875240960770055, 4.7121345196814035, 3.1433469514550656, 0.029604188634158923, 4.712276412660451]",0.0
138,1.5563219301943192,"[1.5669407488046359, 4.711717891155109, 1.5801223323715319, 4.722754553758447, 3.1298718592682966, 4.70832117924837, 1.5683803676838768, 1.5690028270840874, 3.138957416792533, 4.713476931791338, 3.1370475553376127, 1.57273964108778, 4.718987652257154, 4.711786737087483, -0.009782269964358725, -0.004088048889368609, -0.002305917242618056, -0.002608446457315442, 3.1392807496423902, 1.5703302465868019, 3.128352702281561, 0.0010886340199239744, 3.139307247057578, -0.00742344282459331, -0.0008853176189604209, 3.1422820171164445, -0.00216305027834042, 1.5664036817933154, -0.0013545642776039428, 4.71596502345086, 1.5761165364559047, 4.707451030535173, 1.569270009219909, 1.5710316517523149, 3.131657231939784, -0.0067226648264935105, 4.711752438692159, 3.1465378183364456, 0.029017670636583545, 4.711986967794855]",0.0
139,1.5563019099839803,"[1.5710996541611444, 4.712760166380856, 1.5655484052620428, 4.707192845808576, 3.14144972521561, 4.711888824490072, 1.5709495341447244, 1.5700455701631828, 3.141537389346662, 4.713298838762919, 3.1416693776248117, 1.5708994905893054, 4.712875670094659, 4.716443640624112, -0.008774910728077921, -0.0007435151308127667, 0.0003234095431453555, 0.000538854586553635, 3.141561290728543, 1.5707868517762427, 3.141697454673701, 0.0008097602471266833, 3.141182967935156, 0.0004197126128896102, -0.00011897502744738241, 3.142554940195348, -0.0001394398801932473, 1.5705765711695834, -5.5145241435584756e-05, 4.720857219927266, 1.5813074254837627, 4.7123237491772585, 1.5707299592991983, 1.5707403987444275, 3.1408269688147534, -0.0027319413336986966, 4.712184255563677, 3.141627466732153, 0.028759212336110132, 4.712331384537994]",0.0
140,1.5684415976966908,"[1.5706459340871486, 4.7135685278977135, 1.5697026373291219, 4.712262142302455, 3.1389271345675187, 4.711049245879495, 1.5703483099335545, 1.5734971587315423, 3.1590935180889437, 4.713376639817016, 3.1399124495770843, 1.570588213821232, 4.712483076798854, 4.738366176922699, 0.0005740864620222205, -0.0022703512023042236, -0.0013844102008344072, -0.0013820102562140527, 3.1403099398383527, 1.5706507043477955, 3.1361039663212926, 0.0009456422473309124, 3.1420730508585604, -0.0009038893163324849, -0.0002313857182839653, 3.1429679279513616, 0.00037394851026932303, 1.5699440909024882, -0.0008891779143677227, 4.7107544969154045, 1.5690016486863265, 4.710700048730409, 1.570618541389136, 1.5714514214868112, 3.1413468730202037, -0.0030233239336278145, 4.711930069103053, 3.142069682466375, 0.02965701327091583, 4.712259629234405]",0.0
141,1.557916221274739,"[1.5709352428945489, 4.712465423553503, 1.5708777724440972, 4.712514117659614, 3.1413630227040286, 4.712181735291556, 1.5708032905841351, 1.5689079243898136, 3.1336396302140788, 4.712729411965771, 3.141672285358772, 1.57090349798526, 4.712690763186239, 4.721609976204297, -0.00672778352211764, -0.00031357694785882716, 4.02517442468603e-05, 0.00014065218987698928, 3.141506381974341, 1.5708654583163015, 3.141643167847046, -0.0066696711708675496, 3.1428133708380614, 0.0009103025537697555, -0.00966175752047076, 3.141995674160994, -0.00018348546029146035, 1.5705841015246491, 4.685498363257031e-05, 4.712233265241993, 1.5708080800169995, 4.7124892528513795, 1.5709802606768697, 1.5708310116224946, 3.141482632031715, -0.002208409725574624, 4.712281561619375, 3.141798141993724, 0.02931189401630389, 4.712394399418937]",0.0
142,1.5627622057257193,"[1.5707555057742175, 4.7105078713098605, 1.5711417658980653, 4.713217518456186, 3.140504844746602, 4.714154002976614, 1.569755472219006, 1.5694428039828863, 3.122976629346512, 4.709194630230223, 3.140615370146739, 1.5710999487440174, 4.711175560845532, 4.728414634400494, -0.005284429869660224, 0.002979174091030296, -0.001356816460782689, -0.0017050036885136852, 3.141671935450531, 1.5706892958422018, 3.142522368316414, 0.00951497755725732, 3.141579072390743, -0.0016266049777616232, 0.017424118081901138, 3.138451691134661, 0.001867333246106348, 1.572202082844711, -0.0007082758617599169, 4.712566574059084, 1.5705475639839654, 4.711450079474685, 1.570203032205096, 1.5710902740632673, 3.1415711702759452, -0.0015980098715312157, 4.711866574402657, 3.141861025394146, 0.03280740429493034, 4.712272002229172]",0.0
143,1.5584161452838745,"[1.5601677199312887, 4.701910113989012, 1.571096227409276, 4.712672586484755, 3.142646412720027, 4.711985801067753, 1.5712076204121026, 1.5699965150769313, 3.14215824167638, 4.713586572065907, 3.142030273944827, 1.571109159933442, 4.713439559683376, 4.716589629751334, -0.008655134971377394, -0.0007201883177116735, 0.0006417472627444254, 0.0008998568158111998, 3.1417662136319593, 1.5708349804167603, 3.142503883272955, 0.0007707002849540399, 3.1414299940437713, 0.0014277666160132734, -0.0004437588892546724, 3.142939692174018, 6.7856733828664e-05, 1.5729384693638946, 0.0003218968057562547, 4.71271818526904, 1.5709836711083711, 4.713218753972261, 1.571196901722951, 1.5708196936471654, 3.142178880867837, -0.000736016916599881, 4.712323203797199, 3.1417566916363984, 0.028707073831736388, 4.712457655549477]",0.0
144,1.5645927314094217,"[1.5755459885412233, 4.715034049959275, 1.5712344136210068, 4.713442902135522, 3.1399827714038113, 4.7111374166596995, 1.5699434237185665, 1.56951412464477, 3.1426108199544545, 4.713802471253254, 3.1403051536438187, 1.5713014798043545, 4.712484392067595, 4.714591861715546, -0.009417936324252226, -0.0010200504877041162, -4.260675898960904e-05, 0.0008454437274101808, 3.1411565659549754, 1.5706842357810655, 3.142130344794094, 0.001047630988599511, 3.141926688588478, 0.0007696401529762813, -0.0008369322483758926, 3.143318990636286, 0.0006733255764170974, 1.599367600176937, 0.00354343244302583, 4.712267445366656, 1.5695304245192707, 4.711867039283867, 1.5705085823469718, 1.5706104993623111, 3.132017109906017, -0.0022704957818929466, 4.711775677750128, 3.1416284070953298, 0.02891119137787335, 4.712203559808182]",0.0
145,1.5585312656725778,"[1.5708331925085977, 4.712590161114058, 1.5709237689360975, 4.712577586206533, 3.1413963056358054, 4.72457760411473, 1.5628501291720038, 1.5667301164133547, 3.142389999129815, 4.71341164033641, 3.1395513994905686, 1.5706529072860826, 4.713076630525773, 4.71593746838706, -0.008667074325005584, -0.001435288069060271, 0.0005469406534226881, 0.0005758666600077393, 3.141587776576918, 1.5708933252801691, 3.141663127860156, 0.0009870324447031472, 3.140951966359867, 3.3713946287433646e-05, -0.000614884018004925, 3.143139064955363, -0.00047206730775544044, 1.5704706635099868, 6.128216098326311e-05, 4.712274015190862, 1.5708130411554984, 4.712937450012245, 1.571269636818572, 1.570855037802833, 3.1416057090086826, -0.0021399401550812845, 4.712305970126399, 3.1417832345350893, 0.028426107772916577, 4.712404787522037]",0.0
146,1.5547065023248376,"[1.5712265326339316, 4.712248518433847, 1.5708757336489876, 4.712596302678466, 3.1415736929945406, 4.7237130986634135, 1.5937630084357717, 1.5709306136855012, 3.141475427114033, 4.709973222181911, 3.124093376062557, 1.5710461719637605, 4.7126027336987795, 4.715393366311434, -0.009149670155726342, -0.0011349702650065995, 0.0001264030936774915, 0.000753911043192259, 3.1412184424082366, 1.5706445880959015, 3.1409475455127205, 0.0008591809091094119, 3.1411430850701474, 7.650887544741689e-05, -0.0008640101406727378, 3.1429323196590375, -0.0001481060998555649, 1.570706786356116, -0.0003998727346270947, 4.712705207122662, 1.570470895014944, 4.712804683366061, 1.570873721378959, 1.5708470206105398, 3.141332109837089, -0.001971505535596077, 4.712070082986488, 3.141581064714968, 0.02851690363763601, 4.712314679502793]",0.0
147,1.5667001770288613,"[1.5707192737932303, 4.71215002120964, 1.5706296730667797, 4.712145763697108, 3.1418188468866495, 4.712680813015783, 1.5707599319698713, 1.5718832566508745, 3.141348991828858, 4.709951791882102, 3.141974639608331, 1.5741818705361093, 4.710389222153279, 4.716221444817798, -0.009677242813882155, 0.001097144465522638, -0.0003607331759934212, -0.0006913101163546845, 3.1417362145378935, 1.570663107474646, 3.1413191932344944, -0.0007632633974428784, 3.142113281895533, -0.000125530807770044, 0.0007544312314053159, 3.1472478511266577, -0.004221151832243964, 1.5711628815420575, -8.348441636468337e-05, 4.702319184117345, 1.5788200728058372, 4.711822917815421, 1.5702671862842068, 1.5707154171645068, 3.1414538030724506, -0.001767967626054401, 4.712178826919369, 3.1416792463070373, 0.03061974131380893, 4.712365361565952]",0.0
148,1.5671986374397846,"[1.571038483384843, 4.713217321794457, 1.5713485260671347, 4.713315376615693, 3.140571068495537, 4.711263943486191, 1.5707728094636202, 1.567802183755886, 3.1424575581050473, 4.706683563478546, 3.142938081361603, 1.597884363360446, 4.703224502455329, 4.7153956682595926, -0.007940867079284033, -0.0034797813799241325, 0.0012575397919345002, 0.0015503945324078121, 3.14150442148585, 1.5711179316066741, 3.142470277785425, 0.002501679913141694, 3.1403643823645724, 0.0004800724028085513, -0.001614627112300565, 3.1412647107380733, 0.0020505476983773583, 1.5696295493654309, -0.00010518955570288536, 4.7185030687576885, 1.5658093416985044, 4.714053349305598, 1.5722809790312466, 1.5711295830739078, 3.1421468816309477, -0.0022446163254158068, 4.71233016424285, 3.1419342132106403, 0.026872910882075426, 4.712419958131182]",0.0
149,1.555382254077006,"[1.5708036183587084, 4.7122855083326565, 1.570728404103468, 4.712283964001298, 3.1417835011313655, 4.712391118283097, 1.57094482722403, 1.570281433224167, 3.1417078972040278, 4.712863826437694, 3.1414415449665234, 1.5710748422015075, 4.712518996766996, 4.716049780938239, -0.009085217499325901, 0.0028107997169659954, 0.010729322412067883, -0.009757293662478302, 3.1366932348534573, 1.5707232855829567, 3.141321724788175, 0.00033549045153710743, 3.14132757308771, 0.00017837596213888951, -0.00036943689543421983, 3.1420015622854125, -3.5377214027557305e-05, 1.5710160237324664, -3.338870189483221e-05, 4.712757531595135, 1.5705727477790627, 4.7125793454385345, 1.5707855892736597, 1.5707589726630429, 3.141553829640053, -0.0017617219061696293, 4.712223418373418, 3.1416613979977144, 0.0290561769125884, 4.712380799153192]",0.0
150,1.556415677498053,"[1.5713049873271492, 4.713099533388714, 1.5714040580107038, 4.713459512965158, 3.140447813839342, 4.711079768587346, 1.5707590801950024, 1.5677078402732652, 3.142617553575703, 4.715793401162753, 3.140749783520767, 1.571726546362587, 4.713739673827275, 4.715176443900958, -0.008036264610971034, 0.019378696344077566, -0.007113725376323514, 0.00908094044848709, 3.1217580682400725, 1.5710791330996445, 3.1425716567701985, 0.0026735993014873286, 3.140489235294864, 0.0007172978849205069, -0.0015896355331251903, 3.1448815459393136, -7.913624175123925e-06, 1.5696267318574184, -0.000307386909130856, 4.713696298796556, 1.569667154370953, 4.714192393357206, 1.5723108144604276, 1.5711920613395183, 3.1423302933001964, -0.0020333188771234157, 4.712254298368159, 3.1419122743361694, 0.026866546345983636, 4.712399178617753]",0.0
151,1.5675851409543364,"[1.5707383027268438, 4.712457960791746, 1.5707997085227787, 4.712390697800591, 3.141779312713557, 4.712240744606644, 1.5709959609454178, 1.5695760362083802, 3.141845482988163, 4.713578780396994, 3.141388617487445, 1.5713955945877411, 4.712813331649203, 4.715941133538094, -0.008799076570708393, -0.0006418002485784459, 0.0004988372332539776, 0.0006536407880233248, 3.1408679499001915, 1.5708083964433441, 3.141822227644898, 0.003222154134459888, 3.1523307835055205, -0.0005655068091080216, -0.0008257502180738487, 3.1368024432364825, -0.00929926583554466, 1.5709474432066175, 2.138892214514587e-05, 4.713004075877075, 1.5704458900019684, 4.711990207561639, 1.570581132793895, 1.5708196873124147, 3.142007700025268, -0.0014377977518250462, 4.71228569670536, 3.14171142215062, 0.0284052472738373, 4.712417398454621]",0.0
152,1.5714022575192366,"[1.5723122424704261, 4.71186231365709, 1.571461163709348, 4.713659865100825, 3.1408784027916195, 4.711055254908074, 1.5706997401028022, 1.5695052210035991, 3.1427891323283244, 4.714290190590279, 3.140323140740838, 1.5705645889491535, 4.71321514797055, 4.714799199778596, -0.009272100823282036, -0.0009840951239382125, 0.00023483904930571888, 0.0009116306423916202, 3.1410952728063646, 1.571479162616592, 3.154647506237897, 0.000602153574830004, 3.139158806164275, -0.0010158750020615279, -0.0011557455660863444, 3.143490209860981, 0.002367845925864531, 1.5692251229750889, -0.0012893706577609173, 4.713653735105771, 1.5688809717956729, 4.688258497421735, 1.5580582988303702, 1.57133989413143, 3.144254787856852, 0.0005283595184000594, 4.711983182443397, 3.141825627923274, 0.028932157193298988, 4.712386063479287]",0.0
153,1.5616004313860845,"[1.5746697225329027, 4.7105369629195195, 1.5714683744944438, 4.713126077990591, 3.143810482347564, 4.712779425668887, 1.5712892645736638, 1.5718089529645973, 3.1420389846315553, 4.711853427421563, 3.142665263139166, 1.5756204108228966, 4.725815876205204, 4.716738441789847, -0.009043526696735544, 0.00037851460541884314, -4.9859196478957736e-05, -0.00023353144717441288, 3.1425623486595913, 1.5709865397644571, 3.1428988364039, -0.0005451094337158776, 3.1419598994723987, 0.0012753300814585026, 0.0008023544215467522, 3.1413954519229725, 0.0007315722585192248, 1.570866175462745, 0.00014382423361562852, 4.711976644811423, 1.571463839610871, 4.71321336546308, 1.5714457161240858, 1.5709292132414272, 3.142683731032243, -0.001358598723348118, 4.712372424734213, 3.140536757738139, 0.030523715200161426, 4.712491764438759]",0.0
154,1.5612247755663469,"[1.5910382798995497, 4.6929151313655515, 1.5716169760559882, 4.714019083377157, 3.137351342123918, 4.709039886414082, 1.570689104355698, 1.5685040997618351, 3.1420372668260703, 4.715698843117871, 3.140566768456456, 1.5667584337226264, 4.705927747934216, 4.71474576705475, -0.007762051557712795, -0.0035414220065657412, 0.0008375411394383284, 0.0009378638846129661, 3.1416272885390333, 1.5715347813786547, 3.142917634178638, 0.0025808881789702153, 3.1405143008247394, -0.0005897293274644731, -0.0008369574844530384, 3.1449530077206194, -0.00010603079243077914, 1.567764434854672, -0.00014175383867131165, 4.7123941374264025, 1.5701052564344704, 4.7155511317054675, 1.5739110993872147, 1.5714848298241695, 3.142069699663229, -0.00368643499563582, 4.712430138313196, 3.14327349940968, 0.027572602032562826, 4.71241889056661]",0.0
155,1.5626068711334145,"[1.5694803192454871, 4.713209761961124, 1.5710265684223823, 4.713617746315074, 3.1374838943451917, 4.7103244278001535, 1.569254136769834, 1.5722048273339406, 3.1419366601308285, 4.711586866546843, 3.139296166028991, 1.5678108105599349, 4.7098718528940084, 4.712964692956824, -0.010653075095845278, 8.617452379893343e-05, -0.001957440774291264, -0.0010411615989678908, 3.1422071738027983, 1.570432356746654, 3.1401664130239846, -0.0015518870127346493, 3.14165828325126, -0.0006047629697638384, 0.0003632471433246293, 3.14045118949017, 0.003804847450678588, 1.5689636578140758, -0.0016733714936330811, 4.713461534135936, 1.5692355419007291, 4.713655004290763, 1.5720347045833531, 1.5713761990259194, 3.140950614969114, -0.004652877442768551, 4.711532321111564, 3.1139927951673783, 0.032081274019736074, 4.702898212786598]",0.0
156,1.5687364533749046,"[1.5706692301744145, 4.71349496647769, 1.5712176436325813, 4.71336283981409, 3.1403179603320335, 4.71146598390407, 1.570268170101831, 1.571501745896236, 3.142119888298337, 4.712182949026942, 3.1407205960860303, 1.569437222669257, 4.711723629564939, 4.720350996535541, -0.02282720156401033, 0.00011945779930408754, -0.0006954411159094811, -0.00020427127453923532, 3.142201216354045, 1.570722562337051, 3.142031966838729, -0.0006523578252269513, 3.1419037620118746, 0.0009574272597915326, 0.0002848173438342399, 3.1413874451430477, 0.0023607284269016584, 1.5702504485887463, -0.0009995430704423708, 4.7131947881313625, 1.5702732396629737, 4.713923557008911, 1.5716088932928522, 1.571198665594557, 3.142411477437142, -0.0010620617998863737, 4.7119249240739105, 3.1434621782603407, 0.02611765083463538, 4.7128084945024735]",0.0
157,1.5621471613278808,"[1.5707383818902194, 4.71236885640224, 1.572343032907824, 4.71074439619567, 3.1416506328144838, 4.712430465799168, 1.5708077573587533, 1.570858511169426, 3.1415770305691417, 4.712312319480204, 3.1415801317621845, 1.5707793168560196, 4.712334066270205, 4.716132661389641, -0.00927639794187081, 6.966868018879081e-05, -1.7549377340445827e-05, -4.7081317638736974e-05, 3.141593537053638, 1.5661252389909972, 3.1418095474191614, -4.9799038771316495e-05, 3.141613278629795, -1.7677085173728795e-05, 3.974432109201377e-05, 3.141516787694651, 2.3389449486991517e-06, 1.5708620446717396, 2.1086109205339905e-05, 4.712372988881693, 1.570814147206183, 4.709758517912772, 1.5754916024996353, 1.5707786241266108, 3.1415535718709315, -0.002157663601595388, 4.714489086661371, 3.1417889207880343, 0.029608299578440554, 4.712396717807405]",0.0
158,1.5697068496658935,"[1.5708178807502877, 4.713053094557862, 1.574288953511921, 4.710012480963125, 3.140725697312185, 4.7117174346121535, 1.5703991696105262, 1.5711860213355118, 3.1419995444350715, 4.712357445119668, 3.1410433146921024, 1.5699224795477398, 4.712009734879228, 4.714517426950729, -0.007335701385737906, 4.217564402624839e-06, -0.00046650949833032014, -5.3961356280574474e-05, 3.1419884042821784, 1.5616226747742277, 3.1426058952354, -0.00038375116170455225, 3.1417846359020998, 0.0006360052484432143, 0.00011389896965528676, 3.141534026259621, 0.0016056945708154227, 1.5702803591088363, -0.0005855330701079914, 4.712974430666885, 1.5703712507248184, 4.718262442148999, 1.5625560746135203, 1.571098877360586, 3.142225519272371, -0.002125141387814882, 4.707773153904713, 3.1431297410107515, 0.031060462822386774, 4.712671617609874]",0.0
159,1.5651596553444809,"[1.5708602460396859, 4.713779230958867, 1.5707175203899297, 4.712184249214963, 3.140648878276087, 4.711127614138449, 1.570926678348561, 1.569508384656668, 3.141039945996202, 4.713871303667816, 3.1412155330066027, 1.570573406031006, 4.712921394910778, 4.715967585717836, -0.008552939286559513, -0.0016502078454479975, 0.00041930852643860383, 0.0005004084200627263, 3.141473180137239, 1.5705815364907127, 3.141156764688299, 0.0013643703751237731, 3.1405771785135994, 4.895711729798217e-05, -0.00014553787027818532, 3.1431836585553636, -0.0005569441591538887, 1.5704847951555467, -0.0014198391613333596, 4.7120392181975985, 1.5704804144361317, 4.71322201103949, 1.5712680873564127, 1.5710911248750556, 3.1416304506151573, 0.004176727835809294, 4.712695803443137, 3.1410094697394273, 0.028792962324824957, 4.712680332784444]",0.0
160,1.5658723559923198,"[1.5702785900619032, 4.712017616382463, 1.569274520127003, 4.715210011279893, 3.138886680060428, 4.7136549105787875, 1.5697102968916334, 1.5745041874309886, 3.143230230846619, 4.708872071807591, 3.140837706955098, 1.5691505882173682, 4.710319928567216, 4.712493029641354, -0.006305337974327901, 0.0032249422147318943, -0.001776649600408306, -0.0016896631211787058, 3.142807021319066, 1.5761303074022517, 3.142576800745631, -0.003933056806465498, 3.144120428542184, 0.000981092917680186, 0.0005341630626383445, 3.1381522420901473, 0.0042378129257407155, 1.5707738622557068, -0.001475620120090341, 4.71416912084083, 1.5714085198334657, 4.712901624230124, 1.572990308273065, 1.5705771577628995, 3.141553593596443, 4.8748870786420335e-05, 4.71263487153719, 3.145276508935199, 0.03566437656143675, 4.713427505531897]",0.0
161,1.5758003870512547,"[1.570784386843972, 4.712377137204459, 1.5707891917449752, 4.712381930550099, 3.141565860759719, 4.711447159797154, 1.5716671951099377, 1.5645255007111314, 3.14285519996999, 4.70855365742888, 3.1424265590186895, 1.5696050688512362, 4.712850479533807, 4.716166937741244, -0.009342085029910891, 0.0002968896707559766, -0.00024672431658025705, -0.0003189043900769504, 3.1419218597217333, 1.5707946685307357, 3.1415663396728952, -0.0004743163838291792, 3.1416808113667667, -6.920917936948127e-05, 0.00034970849764461227, 3.1411667012267914, 0.0002653251142221898, 1.5707846395720007, -1.8820547966001585e-06, 4.712126828424388, 1.5709926652369075, 4.712377102827898, 1.5707900590711954, 1.570794721753993, 3.1415658581757104, -0.0019953399990814205, 4.712248093661101, 3.141751907324069, 0.03014609228305888, 4.71238898038469]",0.0
162,1.5609170725322037,"[1.5706150413503608, 4.713069206304439, 1.5705413258993763, 4.713061965675539, 3.1421327716215863, 4.712689362828741, 1.5698458520158785, 1.57749031652107, 3.1401112233496025, 4.703014557438171, 3.143345192130847, 1.5672243065192308, 4.713457856538601, 4.7151970019155485, -0.007587565738672767, -0.0025796010959653346, 0.0016836526836820594, 0.0024300196682611693, 3.1392282620508594, 1.571775365255159, 3.1412050183312448, 0.0038429418431129955, 3.140569308963212, 0.0007307006780349035, -0.0023195081933148048, 3.145070349731319, -0.0014466352006990864, 1.5707985432647629, 8.757165072143159e-05, 4.7143155686838565, 1.5688140476119472, 4.712451707952768, 1.5707798382018945, 1.5710637968519698, 3.1421784531128236, -0.0036877488835077637, 4.711957426113662, 3.141919033546058, 0.0254076698167656, 4.712216071916844]",0.0
163,1.5656537579740486,"[1.5707840856379192, 4.712376838439615, 1.570789011750917, 4.712381752705745, 3.141565184863927, 4.71238238033649, 1.5707892932187748, 1.5707945861682393, 3.1415840675248057, 4.712387053870575, 3.141583887335128, 1.5707907530327294, 4.712375067712421, 4.716262243293982, -0.009577755391820056, -0.003316028471483773, 0.0026177256059098067, 0.0034093262259380945, 3.137912788629176, 1.570794626698135, 3.141565675858522, -0.0029631898352128687, 3.142186106410286, -0.00028252873639083654, 0.0022081705104358266, 3.140602695592516, 0.0006322532286592902, 1.5707843447414527, -1.9295329059998395e-06, 4.711782396674092, 1.5712649863998756, 4.712376803195846, 1.5707899009569513, 1.5707946812640414, 3.141565182214732, -0.0020456759249705167, 4.712244539548177, 3.141755924776819, 0.03090657995318271, 4.71238898038469]",0.0
164,1.5622211850401209,"[1.5707106488576967, 4.712689255775589, 1.5706794267757906, 4.712687807001431, 3.1418245698064586, 4.712136107975443, 1.5707292776036275, 1.5712138083744773, 3.1414490386635663, 4.713223789479287, 3.141268032131603, 1.5707516416272191, 4.7122387533529775, 4.71506136043014, -0.006896676305192111, 0.0017462161274954013, -0.0015508845789809613, -0.0019107748049644409, 3.1437533550813725, 1.5712342696977888, 3.1414091587143287, -0.008542238780202481, 3.143215783862173, -0.0005601325312176777, 0.006623741135183071, 3.146886782691156, -0.003085266553357973, 1.5707929438210337, 3.852336805633454e-05, 4.715532587923289, 1.5680992046697393, 4.712412632310117, 1.5707865939527883, 1.5709155400149208, 3.1418450320263016, -0.002399021750843413, 4.712142914269755, 3.1417984833439694, 0.022668548683814058, 4.712311525418301]",0.0
165,1.5594165287555177,"[1.5707844104693058, 4.712645122830594, 1.570870779426065, 4.712303869069052, 3.142043116570159, 4.7120032902626425, 1.5709188766444737, 1.5702909317170506, 3.1413926219381594, 4.712999726169675, 3.141515026421096, 1.5708205496789336, 4.7125421432628, 4.715732708249949, -0.007832521481677642, -0.00045071879260301595, 0.00014738798521538583, 0.00020514969386544544, 3.1415095993913043, 1.570546285438206, 3.1413426706623997, 0.0005437763630361074, 3.1412117960159747, 1.9429839593318324e-05, 2.9602824973261232e-05, 3.1382788514149134, 0.002205204425963949, 1.5707919448363148, 0.00018568547365230712, 4.7098837325874285, 1.5724048262793164, 4.712347082780986, 1.5705518575527004, 1.5709068421157273, 3.141772490590336, -0.0025030583451397855, 4.712129912575805, 3.1414079706403326, 0.02393812630187716, 4.712220804229251]",0.0
166,1.5621471613278808,"[1.5703294204390483, 4.712014925171975, 1.5694131216649736, 4.714941649815859, 3.1390842164849624, 4.714104643050425, 1.569310682797009, 1.577696333245007, 3.1423888595780047, 4.71231822472563, 3.140221828041181, 1.5702949621073508, 4.710105133459439, 4.712689940271023, -0.006256584353723241, 0.004090466085243367, -0.002511747216278843, -0.002709636606839542, 3.143940865529243, 1.5756380146905884, 3.142510879175083, -0.0016507028015838715, 3.143523475419592, 0.0010442390368159615, -0.0009964313120531265, 3.1376564930753466, 0.0043535678683603455, 1.5707745783580016, -0.0013568283369907047, 4.7135517640180105, 1.5717493762762693, 4.712854759260756, 1.5728074166189827, 1.5705824794358678, 3.1415263486038905, 4.181934368898679e-05, 4.7126223549597706, 3.144967732003135, 0.0341843142248987, 4.713349118120117]",0.0
167,1.5703218940637322,"[1.5706611614620574, 4.713012979767803, 1.570569940253175, 4.712620822381508, 3.1417988041866436, 4.711812635001079, 1.5707956643870356, 1.5708486922229, 3.1414701598364334, 4.713758814749657, 3.1412108555197764, 1.570746792800053, 4.712414723396831, 4.7161353159406145, -0.008993201393973962, 0.002809079231706854, 0.003919921774059702, 0.0035762555848209976, 3.145217559804226, 1.571240988824556, 3.140569360910061, 0.0010284688447493246, 3.141968140830409, -0.0003562715718113207, -0.00022976717414234724, 3.142821658828966, 0.0006698711238143453, 1.570077920842452, 1.270032694467776e-05, 4.712238455639369, 1.5701657126163775, 4.712198860963273, 1.5707484657034396, 1.5708860645615843, 3.140520357765441, -0.0033608654442834496, 4.71210215221139, 3.1418865717129516, 0.029877115036065133, 4.712303833079217]",0.0
168,1.5571400209050272,"[1.5707765533260616, 4.71265035286934, 1.5706741705073997, 4.712289274176061, 3.1414803286882726, 4.712109681051623, 1.5708603770183716, 1.5711356272114618, 3.144755303592689, 4.712776151593383, 3.1415582885212987, 1.570744881111772, 4.712501632901942, 4.716472673600239, -0.008851570427900055, -0.0004671187015611054, 2.6478916805289546e-05, 6.096348122520444e-05, 3.141484800624138, 1.5707944728600705, 3.1410714107004942, -0.0008483812832074654, 3.1416150762705066, 6.222963298645396e-05, -0.0017097621056987612, 3.141998528815347, -0.0001665834045643207, 1.570582996768571, 3.5847807853650577e-06, 4.712246944337639, 1.5706828227081033, 4.712346439922563, 1.5708352780047765, 1.5708131160547587, 3.14155021663005, -0.002070658711790057, 4.712265509686572, 3.141761173262744, 0.029264642980375052, 4.712391226730391]",0.0
169,1.5541405225221931,"[1.5708372935242614, 4.712305084689395, 1.5704842061962259, 4.712446669346451, 3.141096581219679, 4.712522458123656, 1.5706295536570467, 1.5718054048266727, 3.1416557740451356, 4.712719341204841, 3.1411689155397187, 1.5708047612148566, 4.711951465561547, 4.722243466270604, -0.007078006098487301, -5.3429627969011344e-05, -0.0013018635368633935, -0.001156068465797412, 3.1411485539904698, 1.5710852744284853, 3.1406727759602684, 0.0019620122155775237, 3.141094612412757, -0.0005503928018686686, 0.0025039560199263816, 3.141324644322581, 0.00023751077480386006, 1.5709818308255128, 8.977740703656558e-06, 4.712488695761312, 1.5701923209487327, 4.7119606355838455, 1.5702976201919696, 1.5708792347646634, 3.141506544229698, -0.0026965422281126582, 4.712015946730184, 3.141587225961075, 0.030402444611170903, 4.712242424709228]",0.0
170,1.564228356678371,"[1.5724729013243284, 4.710244965175009, 1.5708528759200044, 4.712486157133321, 3.1412388604708634, 4.712184599586089, 1.5708011874440098, 1.5706755165427138, 3.1415789008367745, 4.712561938386926, 3.141555550616497, 1.5704162425452846, 4.7117574811778535, 4.716091197013205, -0.009015833126059981, -0.0002546260168389147, 0.00011662683417557655, 9.54285387255919e-06, 3.1416279797807127, 1.5708629863495533, 3.141682698405729, 0.00019384176688535366, 3.141554530046138, -0.00013119880532178583, -4.728528861068235e-06, 3.141796496674107, -0.0001127900549882711, 1.5683532381561895, -0.0003051430093205765, 4.712344150165865, 1.570856396963504, 4.712729947077728, 1.5711138076860258, 1.5708854885214556, 3.142340202864194, -0.002078167499013966, 4.712293177037264, 3.141886234692697, 0.029420919164494384, 4.7123980447269185]",0.0
171,1.5595543992091199,"[1.5742302693400236, 4.7102765909722235, 1.570901136889696, 4.71280380339994, 3.1409002986471575, 4.711862741407772, 1.5706354557292035, 1.570750183866154, 3.1412516094608276, 4.713569550503941, 3.1412455877276177, 1.5704852927870998, 4.711442691461085, 4.71534134807964, -0.009468311494731518, -0.0006786952826401736, -0.0004936681561042821, -0.0001942059272088899, 3.14136194580613, 1.571123777550157, 3.1419794137472077, 0.0007253065539599385, 3.1411765091232855, 4.5330071752241804e-05, -0.0005112507242574208, 3.1423523061487657, -4.3509091233606065e-05, 1.5764857764611064, 0.0009419881074965409, 4.712640759780148, 1.5703491844736621, 4.7127502624961926, 1.5708297794028563, 1.5707730558045845, 3.1396635991272728, -0.002650384437096558, 4.712077613612864, 3.141689977094704, 0.029404784363318993, 4.7122653067641656]",0.0
172,1.5655735658627519,"[1.5704225266815335, 4.712298373927209, 1.5715001815305376, 4.713123226975195, 3.1408090754978977, 4.712132004425398, 1.570665952832748, 1.5708596687936627, 3.141255489826944, 4.713107677825302, 3.1411650617399385, 1.5684940746442912, 4.713789574707634, 4.715713274828986, -0.009314965395260583, -0.00011963391556744117, -0.00034746749115582485, -0.00040204484999179207, 3.141372212687485, 1.5707723811739922, 3.1403036329687177, -0.00010896352744856863, 3.141379098520485, -0.0007439281610400535, 6.423477953235401e-05, 3.1416441201790386, -0.0004711704375188709, 1.5704619796175825, -2.8475219102431162e-05, 4.712111553618417, 1.5716191617169797, 4.711825268026076, 1.5705573739357985, 1.5707570098298491, 3.1406876652515483, -0.002405706336746387, 4.712240784683202, 3.1421913102613397, 0.029808592162375174, 4.712380595372692]",0.0
173,1.5623094338784766,"[1.5696730031322614, 4.712914936839531, 1.5723180650650177, 4.714181994299258, 3.1397966930401977, 4.711739610959179, 1.5704231488231575, 1.5704601125737117, 3.1408941829293684, 4.711783993989019, 3.141209663131525, 1.5762703721279836, 4.711702010859543, 4.715019789926537, -0.009452510261583641, -0.001208814116482282, -0.000685274289807442, -0.000543952092617657, 3.141090690284215, 1.5709762475410742, 3.139667876394334, 0.0007477006439074403, 3.1406325425992865, -0.00115429677182128, -0.0004971547768295707, 3.141525400690802, -4.1690783729952764e-05, 1.5699771234038913, -4.917675383569227e-05, 4.714245310210937, 1.5705455227502576, 4.711870452066318, 1.570499267594527, 1.5708140054561188, 3.1401132653214865, -0.003075855838091132, 4.71210990141925, 3.1423392318499728, 0.02924798804455852, 4.712262752216835]",0.0
174,1.5579103998951713,"[1.5708742506276496, 4.712169201194258, 1.5709734071874033, 4.712446298082641, 3.1416520968465873, 4.712561379028845, 1.5707474595425601, 1.5710782628685072, 3.141726420294687, 4.711967961141276, 3.1415939317298043, 1.5707638834387319, 4.712235620446315, 4.716368016335601, -0.00927968561036936, 0.0003020783486864635, 4.11161211199861e-05, 5.885474323229994e-05, 3.141619699426747, 1.570642610123566, 3.141909919921589, -0.00018906511108642742, 3.1416170398299754, -0.00019464518857063458, 3.7032289403648555e-05, 3.1413268260132567, 9.024347847528522e-07, 1.5699948966741077, 0.00314843268109331, 4.712519185143934, 1.5709096872810664, 4.712405431163879, 1.570609856257559, 1.5706538735891602, 3.140080440567409, -0.0007521372390716283, 4.712263615783161, 3.141501413149211, 0.029474346798277772, 4.712390401793905]",0.0
175,1.5541910266103005,"[1.5697177388159893, 4.714452157612837, 1.5695923488747483, 4.711901045888246, 3.1425452929612554, 4.711853375604212, 1.5709681742288906, 1.5706390854051935, 3.140538625131665, 4.714185136948792, 3.1413012442280737, 1.5710215625592152, 4.71225492603192, 4.714910361532576, -0.009270635564794103, -0.0010359951400954117, -0.0009700337011700425, -0.0009193954983133989, 3.1413659721815566, 1.571630765290799, 3.1415311283394414, 0.000974663313003516, 3.1412227250700075, 0.001464695978410775, -3.423899786893727e-05, 3.142517862245986, 0.0002036770265258712, 1.5713517940993291, 0.0033621018983851446, 4.71208642895726, 1.5699020825633003, 4.712683945128328, 1.5712329145311563, 1.5713166866182344, 3.1462668023246687, -0.0036149871311748835, 4.712154350123864, 3.1419071459873256, 0.03057652477166533, 4.712398832419959]",0.0
176,1.5660909540105903,"[1.5707950854967614, 4.712278033101087, 1.5707517312471744, 4.71232115840355, 3.1416505477815293, 4.712464433738652, 1.570785015535529, 1.5711020646139393, 3.141521235909547, 4.71206867867998, 3.1416173136837786, 1.5706702326505178, 4.712254256689713, 4.716147627652241, -0.00930350271273712, -0.002318058611903349, 0.0008351659925201567, -0.0010243109887254761, 3.14388892994429, 1.570787195139551, 3.142004425504983, -0.0002698468295893915, 3.1416745315608603, -0.00015494397922677394, 0.0001373561702410799, 3.141254910489939, 6.437697865283592e-05, 1.5708588075561403, -1.63488853656143e-05, 4.712297019647731, 1.5708288053259614, 4.711139372326672, 1.5700716896251559, 1.570776717927915, 3.1416035491033676, -0.0018397777155156492, 4.712234926814542, 3.1417308420351175, 0.029863487475095315, 4.712385046730339]",0.0
177,1.5613251616709065,"[1.5706853800074758, 4.7125789293094345, 1.5706772417569124, 4.712411333023929, 3.1418119073045045, 4.712543359451739, 1.5707412292010299, 1.5708022323251356, 3.1416135511581493, 4.713144926504262, 3.141426188867425, 1.571194361390452, 4.712350252990955, 4.715822731235234, -0.009487108469735793, 0.0022440501414585025, -0.00098337854928536, 0.0008215309559906829, 3.139332809842653, 1.5710940162178002, 3.1450636061392574, 0.0004257356683475167, 3.141038663339464, -1.316351241801781e-05, -0.0005708434564090731, 3.142171586210824, 0.00027784847656497436, 1.570741878912576, -0.000917474896539434, 4.712825465005685, 1.5702157745003067, 4.7075238426155686, 1.5678460780527235, 1.570836601655616, 3.1422606069891934, -0.001482598576433362, 4.712088602708529, 3.141302324796052, 0.02928553122205182, 4.712291476097997]",0.0
178,1.568988327638487,"[1.5707699115728158, 4.712347217563599, 1.5707801318913852, 4.712373100462596, 3.1415638013314275, 4.712428354114272, 1.5707854418397547, 1.57085077714456, 3.1415983840349258, 4.712322348804776, 3.1415879553913904, 1.5707887571239267, 4.712347426841656, 4.716089118840401, -0.009188742286182668, 5.639751033060836e-05, -2.394849656961452e-05, -3.679355395214716e-05, 3.141594616034929, 1.5707949712643232, 3.1415682953386, -5.9547089690634644e-05, 3.141623273395318, -3.1097803680213366e-05, 7.34550903636503e-06, 3.141523927227122, 1.4744339834137701e-05, 1.5708076338153154, 2.041369209771847e-06, 4.712394009872877, 1.5708125480594928, 4.712874242369248, 1.5697763562704479, 1.5733666913507671, 3.1413919249743145, -0.002146320793021759, 4.7149474151677735, 3.1417526531929063, 0.029634608507363273, 4.712389346334781]",0.0
179,1.565200514060598,"[1.5706426253884305, 4.712719559980271, 1.5707275058559689, 4.7123940807047955, 3.142118120290168, 4.712345497109654, 1.5707963049673943, 1.5709292614358024, 3.141439492545859, 4.712586014354549, 3.141552582961849, 1.5708728214959404, 4.712263073218551, 4.716118847148127, -0.009261833908903424, 3.543833485676963e-05, -0.0002480351070953267, -6.166414340154784e-05, 3.141427292644528, 1.5708624045288835, 3.141809078006786, 0.0002073007168150652, 3.1414646099822976, 0.00025031415292851806, 6.546317396169418e-06, 3.1416861615991, -1.7011537587201661e-06, 1.5707858173631544, -0.0003436183819968285, 4.7124353330834685, 1.5705906502546256, 4.713799713721937, 1.569318478382049, 1.5647469482179996, 3.1416772137686397, -0.0024421773596170855, 4.716606701737244, 3.141569791422132, 0.029546057349382895, 4.712327804773076]",0.0
180,1.5655472522066376,"[1.5707292353070692, 4.712420039406844, 1.5732264450435471, 4.709981182467086, 3.1408151314761064, 4.712422597692622, 1.5708403830100925, 1.570853358009946, 3.141620275850794, 4.712328907195554, 3.141637096533498, 1.570788426624241, 4.712454373004493, 4.716169224248963, -0.009161759080408038, 6.55602806416727e-05, 8.638412188337308e-05, 5.007833366060016e-05, 3.1416595812163446, 1.5724301374531489, 3.141753295321652, 1.0304846723067066e-06, 3.141652070440614, -0.00029824709894162645, -3.7945475502304406e-06, 3.141622582228579, 6.110448323223143e-05, 1.5709071731636224, 0.00012523714369064962, 4.71238711422458, 1.5708385401052543, 4.712482866032909, 1.570811042647129, 1.5707535681177063, 3.141864817394711, -0.00199799541680798, 4.712290075357443, 3.141715913091518, 0.029519436380910407, 4.712373385268524]",0.0
181,1.5611182064117712,"[1.570729574707318, 4.712728427464014, 1.571051355340342, 4.711495392888856, 3.147491489517665, 4.712291536063111, 1.5704660247794637, 1.5710318991398227, 3.1411057027662643, 4.712858334196324, 3.1412023637825564, 1.570980978131493, 4.711479252148845, 4.715654710495064, -0.009530610960824382, -2.745297203637939e-05, -0.0012268317920194611, -0.000645297296779716, 3.1408121787459753, 1.5714780230831193, 3.140285612614098, 0.00014903431918490684, 3.1410962842877894, 0.0022733405650551836, 7.859236968784506e-05, 3.141255615370731, -0.0003039789986850152, 1.5701449343378446, -0.00155006521485302, 4.712534367633179, 1.570154243375399, 4.712615992147653, 1.5713568618861715, 1.5709592349797414, 3.1390312833110214, -0.0020113762752872093, 4.710769544325918, 3.141567786027726, 0.030170661499171265, 4.712349258907063]",0.0
182,1.5601927291252293,"[1.5707957954727718, 4.712392177038486, 1.5707925065661512, 4.712398948716701, 3.1415903521773854, 4.712410134128575, 1.5707859089677567, 1.570818365458725, 3.141604677762143, 4.712377275352763, 3.1415995580152103, 1.5707840757261893, 4.712404970160062, 4.71608661778798, -0.00917831588194627, 2.7173472583526767e-05, -2.704876370599778e-06, -8.39956578216839e-06, 3.1416146161897798, 1.5707881466123006, 3.1415834741498805, -3.651871621426573e-05, 3.141630247795317, 3.632091588333206e-05, -7.596720255371136e-06, 3.141571901801771, 2.626327124739333e-05, 1.5708025959560457, -2.368106585694626e-05, 4.712398819345361, 1.5708156012533119, 4.712427803332316, 1.5708214378851344, 1.570808437920599, 3.141664387010117, -0.0016626803087367366, 4.712261527416531, 3.14235268175625, 0.02963921776902107, 4.7085454300208776]",0.0
183,1.5527894919582448,"[1.5700645248751677, 4.712573882158813, 1.5700403486605485, 4.712753343674537, 3.1404687002887117, 4.7126242208967986, 1.5705396295844445, 1.5715268774251818, 3.1413627114873908, 4.712177391898928, 3.1414650188415787, 1.5706045932742585, 4.712012016321906, 4.715564557534423, -0.009761013922586133, 0.0005686521016625325, -0.0005455040499381596, -0.00041762277027906913, 3.1415567803483984, 1.5704540218360743, 3.1415561173412265, -0.00036598050942964914, 3.1418651746068114, -0.00041003546572599927, -0.00013589160363811195, 3.141154755632009, 0.0002678784654878265, 1.5707985459400529, -0.0006760795264648579, 4.712471777340864, 1.5706668598312596, 4.713296386949954, 1.5714341265078748, 1.5707650725382813, 3.141643590264076, -0.002717272890820482, 4.71128646138068, 3.134588471681478, 0.030165767349687497, 4.711616412491551]",0.0
184,1.5587382209317133,"[1.5705850884966706, 4.712671339822207, 1.5708210522396253, 4.712523156049282, 3.1415183226603127, 4.710962901081502, 1.5682472717355573, 1.5706959628544355, 3.1416381682848553, 4.712884591988098, 3.143753767260327, 1.5706950463346883, 4.7124138122447174, 4.7161887478860205, -0.0090428318628007, -0.00010212889970298417, -3.164572710948434e-05, -0.00017584701630118496, 3.141610889749207, 1.5709178983898497, 3.1425557555329475, 2.5125907019125166e-05, 3.1415262086983295, -0.00019412774732119044, 0.00011440522137284331, 3.1415443833992103, -0.00011350829991221477, 1.570588049392871, -4.2314597657526694e-05, 4.7122486160915305, 1.5708298862778063, 4.712680249021534, 1.571097403667553, 1.5708550900891805, 3.1411763795405183, -0.0022893146082160394, 4.712239228799214, 3.141858832760287, 0.029696156449890848, 4.7123773272030665]",0.0
185,1.5612275054209068,"[1.5697981211375236, 4.713895035276947, 1.5705606214741261, 4.713340291228974, 3.1412439902018168, 4.7133073540928265, 1.5736885630262178, 1.5706291004186197, 3.1416162749218173, 4.7132868294328265, 3.1408286655508935, 1.5706125045090376, 4.712661781267349, 4.716245291325712, -0.008652776177954668, -0.0009876692971589223, -0.00018830966230177514, -0.0003358812906905111, 3.141392246613895, 1.5711752882286156, 3.1464615667587554, 0.0007195462791104695, 3.140857876588792, -0.0008850146551465567, -9.146987579883081e-05, 3.1422193361464164, -0.0006372264759818867, 1.5699980409711294, -0.000635894479437005, 4.712060783500421, 1.5707072592809384, 4.714608973470747, 1.5726401349533534, 1.5710303040151832, 3.1395240818264076, -0.0036920086606896533, 4.711587059889766, 3.142467999040594, 0.029413370328295985, 4.712563285391736]",0.0
186,1.5655619231036164,"[1.570493814855634, 4.712529955818409, 1.5698545094512026, 4.713009908091534, 3.1409630954216645, 4.713040737242491, 1.5706567797675235, 1.5719303291208588, 3.141583755297552, 4.711732214754347, 3.1414228298425906, 1.5709882854756225, 4.711963855724379, 4.715558439636809, -0.008526125891057956, 0.0012570933063941797, -0.0005106433562442645, -0.00029678225373100153, 3.141640950767782, 1.571172343348268, 3.141543119510459, -0.0005247115980154233, 3.1422296108965058, 0.00032550184466426145, 6.100941475714395e-05, 3.1405687600022127, 0.0009590862234382195, 1.5714739151733186, -0.000561033114157961, 4.712554787748624, 1.5710372861716402, 4.712717729318785, 1.571709926154476, 1.5705013516542132, 3.142127678449594, -0.0009712622684528453, 4.711626180765562, 3.142670293816198, 0.030294299363722438, 4.713151549380637]",0.0
187,1.555639713424249,"[1.571946636551586, 4.713513278615845, 1.5707460901530803, 4.712336049586453, 3.141462831098987, 4.712444048298403, 1.5707419175138164, 1.570947309186523, 3.141507364323464, 4.712110008384696, 3.1415585923236393, 1.5709585130991797, 4.712140224769286, 4.7160491456453, -0.0092529983873665, 0.00013892118323787983, -9.917278115355278e-05, -0.0001471318627187083, 3.1415756226020877, 1.5707824191200208, 3.141449143736758, -0.0001318530324659255, 3.141633509567029, -0.00019399494575109765, 9.038013140197315e-05, 3.1417767205804052, -0.0002681827965222346, 1.5705709249776603, -4.2273920052863424e-05, 4.7117459972511915, 1.5712477722524782, 4.712251819911541, 1.570714284737795, 1.5707872760080066, 3.14149237598121, -0.0020806458587286033, 4.712238492449091, 3.141743897708292, 0.02973691614035864, 4.712380028389489]",0.0
188,1.5621588040870162,"[1.569410954073913, 4.711103372016182, 1.570707070515453, 4.712413138739415, 3.1417902541471103, 4.71240686821243, 1.5708549329388184, 1.5710393575801092, 3.141528276912813, 4.711997593445229, 3.141666334571967, 1.5716458505878501, 4.7120396178816435, 4.716386930443695, -0.009510864965136962, 0.00025638585211028704, -5.2290609084731926e-05, 2.339813069873739e-05, 3.1415748891107738, 1.5705398943581805, 3.141584163176017, 6.127662029829126e-05, 3.1416580732447894, 0.00021600097108459283, 0.00013725454589403992, 3.143112108782084, -0.0008841660138501871, 1.5713044898489528, 2.4211749352156504e-05, 4.710367281028619, 1.5723928268506684, 4.712494684732968, 1.5706289180964716, 1.570716153971719, 3.141760591093605, -0.0018752047092593942, 4.711953818794573, 3.1417472937211453, 0.029558598706417916, 4.712505911877856]",0.0
189,1.5583184890338746,"[1.5707865614981265, 4.712304626603308, 1.5707839622492064, 4.712367741065885, 3.142143996789055, 4.711329039828786, 1.5714840335396019, 1.571169844500837, 3.141516427652404, 4.712276768587686, 3.141789624851072, 1.5708076754904248, 4.712285801054112, 4.716096813739088, -0.00922999384913692, 0.0001429371222393658, -7.763316587653964e-05, -7.182729234057738e-05, 3.141572387151448, 1.5707796709020367, 3.141539748604421, -0.00011437932429290068, 3.141645661299114, -0.0012298104480533705, -8.884780617658587e-05, 3.1414706755269606, 0.00011873015768856319, 1.570927943042373, 4.826198306831755e-06, 4.712453410510608, 1.5708465464820722, 4.712426813803884, 1.5707898243964558, 1.5708021815722402, 3.1418295920714057, -0.0018001027584594437, 4.712252079183294, 3.14175680684948, 0.02970576989375294, 4.712394856068835]",0.0
190,1.56153793830961,"[1.5707794319114667, 4.712363359786982, 1.5707714249038964, 4.712455411031274, 3.142641228768155, 4.714651780331325, 1.5693441585691095, 1.5701481231715657, 3.14168894394474, 4.712547055796076, 3.1412229694173575, 1.570801052371639, 4.712440006932487, 4.716173488979079, -0.009303846550965165, -0.00015862490435264933, 2.2185460039084747e-05, 0.00012138841353414367, 3.1415152511928564, 1.570650055163782, 3.141520713850528, 0.0002215426481528043, 3.141460412325216, -0.002267219477026971, -0.0003693824991025022, 3.141950817800561, 0.0001237821564766013, 1.571058543136368, 3.620758813952802e-05, 4.712637767196163, 1.5707402016232541, 4.712761465309987, 1.5708980254456708, 1.5707887009806778, 3.1421819870791827, -0.0017915885450766945, 4.712083238768536, 3.1417849600751167, 0.029319019865072182, 4.712480386380003]",0.0
191,1.565975833621887,"[1.5708399713880923, 4.712469302710813, 1.5713140503439054, 4.7128993820346246, 3.1417790895552944, 4.7124068286022975, 1.5708533108141096, 1.5707469770490106, 3.1416702903302647, 4.71246476804573, 3.141623220418066, 1.5707469761901751, 4.7122353404284665, 4.716206381334516, -0.009100883680940901, 0.0003217931120314407, 0.001211672123438759, -0.0010081691808868458, 3.1411100597124424, 1.5707969969726165, 3.141629966226356, 6.329086480588612e-05, 3.141623380837696, 0.00018144846389452405, -1.7665791946377804e-05, 3.1416938420296665, 5.1148544900861776e-05, 1.5708983666989846, 1.4366313846263164e-05, 4.712671673427262, 1.5710945047236624, 4.712427658880331, 1.5708133971380132, 1.570807131399554, 3.141790597805552, -0.0018778271243401173, 4.712255154275885, 3.1416383371235175, 0.029521069952999638, 4.712395223005976]",0.0
192,1.563504013271397,"[1.570575426887839, 4.712064425959502, 1.5688721597738307, 4.710553749619788, 3.1408846411508877, 4.712311200650972, 1.5706506321286549, 1.5707624641629585, 3.1413002039788993, 4.7123636657980175, 3.1413355327504213, 1.5711085141298025, 4.7129319140043195, 4.715810204021514, -0.009530018154645808, 0.00029052331405061483, 0.0009823376845422885, -0.001248422888785937, 3.140808261369906, 1.570612695802773, 3.141201865229711, 2.6434860482001775e-05, 3.141305810214401, -0.0004730419108438196, -0.00010391580076526245, 3.141455338848852, -0.0001925796231039046, 1.5705888698081303, -7.267484165547794e-05, 4.711699927658343, 1.5694543006207236, 4.712374524611801, 1.5706461713484974, 1.5706938193044282, 3.14083309150356, -0.0022257839898021732, 4.712045246261221, 3.1420996050383434, 0.02943007571897969, 4.712431483736484]",0.0
193,1.5655735658627519,"[1.5707495141897247, 4.712411620852795, 1.5707897473730488, 4.712428172599325, 3.141657031543981, 4.7118514030641725, 1.570260461749408, 1.5707791297978912, 3.141610365609854, 4.712205860731458, 3.140515570409968, 1.5708083992214281, 4.7124296501093905, 4.716041233394213, -0.008863431801625148, 0.0001586050991605644, -0.00010463833911911024, -0.00015505398488496036, 3.1417875537235886, 1.5708726652140106, 3.141822118059332, -0.0007916839762100985, 3.1417638446754066, -6.833185528609212e-05, 0.0006143504338638586, 3.1420475905703085, -0.0002887147849901375, 1.5708206324662208, 1.3380520815689677e-05, 4.712658633789795, 1.5705939944390972, 4.712429241585601, 1.5708902591198797, 1.5708093604298015, 3.1416438871905132, -0.0020227343507528144, 4.7122707149426715, 3.141742517289692, 0.02900739806934803, 4.7123781493255255]",0.0
194,1.5522249516485134,"[1.5708061306132022, 4.712487325981405, 1.5706216642427693, 4.712418981452186, 3.1414021021141467, 4.713469315447251, 1.572016098552614, 1.5707710078902248, 3.1414153652549017, 4.71306495247171, 3.1438288034725694, 1.5708060345447417, 4.712259042314066, 4.7159995193804605, -0.009035728888754323, 0.00018412452320659318, -0.0005813401343248131, 6.18782580932937e-05, 3.1418868455146147, 1.5706092481062506, 3.140882887226269, -0.0011634233454430331, 3.141738634424747, 0.0001428219547217204, 0.0010615426801060797, 3.142434898235774, -0.000500227230747671, 1.5708673549469159, -1.3591730591843343e-05, 4.7130439060298945, 1.5700687657104533, 4.712247298001981, 1.5706454486850316, 1.5707281177336734, 3.1415617959776276, -0.0020012233620797645, 4.711990058081375, 3.1417124350915775, 0.02839971896994829, 4.712494009312834]",0.0
195,1.5542886828603004,"[1.5708029418015357, 4.7124072023957675, 1.570277614412872, 4.711871854531855, 3.141571340404177, 4.712351125560133, 1.5708039046996014, 1.5708729095026028, 3.142213139023362, 4.712447646093357, 3.1415854440403, 1.570792472874953, 4.712398697521925, 4.715689862827912, -0.009323024175781292, -5.1917489120513295e-05, 2.1229589708987506e-05, 3.408912546240704e-05, 3.141590382693399, 1.570788304280319, 3.1415733283396343, 0.0006080343163454513, 3.141448329373472, -5.995804137307526e-05, 0.0007554424218034834, 3.1416478898476328, -6.946231892458099e-06, 1.5707808040061795, -1.0860629032325107e-05, 4.713211588232207, 1.5718009203256023, 4.712363246176789, 1.5707692280189773, 1.5707866280916858, 3.141501837718692, -0.0020123755526904805, 4.712241885214537, 3.141733293535903, 0.029521371220409275, 4.712383002410661]",0.0
196,1.5648317583170743,"[1.5708439786206811, 4.712496269830532, 1.5699516946326062, 4.711622296909654, 3.141463208213025, 4.712297291869947, 1.5708406814203106, 1.5703675948920206, 3.1399975656830517, 4.712600691230395, 3.1416241408177696, 1.570844475224912, 4.712505709172317, 4.717336387413493, -0.008818675634852773, -0.00019068654353471105, -8.99203583236807e-05, 0.00029450008143017337, 3.1415718002951327, 1.570684447138406, 3.1415783589737223, -0.0009866995574892734, 3.1417267904945754, 0.00038401075352015687, -0.001953846437465862, 3.1417763478307936, 1.0761659692389654e-05, 1.570781100568897, -1.7987990885638284e-07, 4.7137476712048265, 1.5723329552392462, 4.71245093660674, 1.5707591004216526, 1.5707592927227432, 3.1414782289068293, -0.0021957770002389567, 4.712097763298297, 3.14174807743616, 0.02941180288186211, 4.712439046124733]",0.0
197,1.5603996843843648,"[1.5707956197759216, 4.712264774120032, 1.5707870247966318, 4.7123413935541105, 3.141638633695315, 4.712474773205478, 1.5708076160763773, 1.5707928852507236, 3.14159105693662, 4.71235162120673, 3.1416386218463423, 1.570860941512874, 4.712334457373751, 4.715874056976032, -0.00833455378089103, 0.00019152647306239652, 0.00020967186962445844, 0.00016721912796466173, 3.1417094882114847, 1.5707949962863472, 3.141570540465536, -0.00023326294564887263, 3.1404686637216734, -7.695742788710262e-05, -1.829508287427569e-05, 3.140960527402186, -0.0010381228141983, 1.5709280721599228, 6.95950406604729e-05, 4.712384207100961, 1.5708702126325393, 4.712344776106984, 1.570760584722021, 1.5707810745185689, 3.1417644211194435, -0.0019558971165060325, 4.71227022395687, 3.14164759238686, 0.029829570207806463, 4.7123648128021385]",0.0
198,1.5541910266103005,"[1.5707933666377702, 4.712586156558501, 1.5709155850767713, 4.712728482671874, 3.141282120736705, 4.712318928045712, 1.5707307160091017, 1.571096980313059, 3.1417293405477444, 4.712308209463798, 3.1414505967613504, 1.5706446686908653, 4.712383824206015, 4.717150240723886, -0.012174872264453945, 0.00023695344393195723, -0.00021021012850063652, 0.0005091863232834016, 3.141898654498764, 1.5705415468993849, 3.141675905574574, 2.263970735649914e-05, 3.1406064562804232, 0.00048217503021550506, 2.4334166720076468e-06, 3.1405877822294133, -0.0006553603528012143, 1.5709503975230172, -0.00017737518660579526, 4.712622291748774, 1.5704002440408487, 4.7128682994005695, 1.57086385814572, 1.5708229458957201, 3.1421438515132163, -0.0018154432548452757, 4.711903279504501, 3.142078162060049, 0.028980956643620822, 4.712587367037492]",0.0
199,1.5629866251235582,"[1.5707621449598925, 4.712404452531085, 1.570466114209596, 4.712646190652556, 3.141671831420545, 4.712430283202085, 1.57075435065225, 1.5712284153921197, 3.1414340184675957, 4.711475177965838, 3.14180081532274, 1.5705030149205266, 4.7125009474982384, 4.716143611705255, -0.009170255184642848, -0.0002545348850675939, 0.00018456931073121356, 0.00021816571337153037, 3.141344000297165, 1.5716675489341607, 3.1414389372946987, 0.00038170462405061247, 3.141442116116525, -1.4813698158580575e-05, -0.00021804396835091628, 3.141930793620031, -0.0002555807829264207, 1.5708231637420838, 3.6501626447085295e-05, 4.712500488582899, 1.570644251915564, 4.711923225745239, 1.5714474597930272, 1.5707976369807148, 3.141565904741349, -0.0020265504397493435, 4.712586161909344, 3.141642634881943, 0.02907947463429113, 4.712353240768476]",0.0
200,1.5614097981818418,"[1.5707548860895473, 4.712653684907989, 1.5714209777194954, 4.712083540953816, 3.1414649219227995, 4.712362371491131, 1.5706962039977725, 1.5716928737855804, 3.1414347186832936, 4.710976330086209, 3.141817413171853, 1.5702230748003891, 4.712620831657099, 4.715733048147517, -0.008525634511424605, -0.00044792171470824663, -0.00016031891607231756, 0.0006945770617144643, 3.1412834020979936, 1.5688649832922392, 3.1416359107059617, 0.001025617080455789, 3.141741048799856, 0.00048388443151816947, -0.00036557825460846807, 3.142063120451958, 0.00021249604533085892, 1.5708451438193112, -7.76530883015622e-05, 4.712724323620004, 1.5700687408240672, 4.713345786039505, 1.5694576387644839, 1.5708029270754038, 3.141801837108894, -0.002288898077710046, 4.711258756401842, 3.14194235437038, 0.029403032274337215, 4.71252767551114]",0.0
201,1.5526155766485137,"[1.5703808093315883, 4.712572789963729, 1.5707200545773004, 4.712305970637308, 3.1413500642808727, 4.712331728396713, 1.5707526703856982, 1.5706039522112167, 3.1415560283313235, 4.712526393282232, 3.141458990334354, 1.5703358502037328, 4.711021008325781, 4.716018688774443, -0.009153053955098979, -8.99704807768544e-05, 3.336378655016197e-05, 6.336376730640644e-05, 3.1414350244446814, 1.5707758905079037, 3.141447567504428, 0.00028234866347406716, 3.1423058934207964, -0.00020065683811610105, -0.00014442848652821433, 3.1412688069370347, -0.0007413156393066233, 1.570787968998653, -1.5221858650571522e-05, 4.712469476272029, 1.5706957987578183, 4.7122637716458815, 1.5707078184199805, 1.5707826525269675, 3.141482366324579, -0.0019828220566082645, 4.712240670116528, 3.141871226445355, 0.029398658453137768, 4.71238039285988]",0.0
202,1.565452624094481,"[1.5712966134784512, 4.712132092036055, 1.5708145428883977, 4.712576382324394, 3.1418972128669824, 4.71248413382179, 1.570967717197611, 1.5706227239861494, 3.1416956978098467, 4.7128143827471245, 3.1416873914846297, 1.5717500539587432, 4.714323238384505, 4.716223453225742, -0.009090281521395594, -4.194742241058433e-05, -0.00014321374293648067, 0.0002492576360734097, 3.141605145660829, 1.5708261265103538, 3.1417488670477316, 0.0007724935879153788, 3.143879796955087, 0.00019014479803120793, -3.477283604353682e-05, 3.1405438381572526, -0.001578674482963543, 1.5709249355109143, 5.784276838439243e-05, 4.712378215167893, 1.5706474979630285, 4.712364568568381, 1.5708509380573215, 1.5707515951458673, 3.1417951042246544, -0.0018510134130596382, 4.712158950155068, 3.1415192416268165, 0.029659749741879154, 4.712472875158736]",0.0
203,1.5561571015720874,"[1.570749516107917, 4.712447415202408, 1.5705802471245118, 4.712460453096344, 3.1412726176468007, 4.712394795780149, 1.5708571057421923, 1.5707904526912315, 3.1418796017690642, 4.712766677692021, 3.1413933039697644, 1.5708712294654756, 4.712100698711437, 4.7191133326550805, -0.008151085592126106, -9.554509547565904e-05, -0.0006913205905535375, -0.00011705008051782477, 3.14139660784281, 1.5707932297872231, 3.1409809013998196, 0.0010293195641371505, 3.14128993713317, -0.00010780014758746837, 0.001187062951876807, 3.1414498470551218, 0.0005675395233823673, 1.5709507133483365, -4.933829763111871e-07, 4.712210526912433, 1.5703284190049986, 4.712058676547675, 1.5707233583972529, 1.5707664080102401, 3.141475953537429, -0.002273750454223387, 4.712069258681202, 3.1415880071629108, 0.030118208422955525, 4.712402881256519]",0.0
204,1.5703277154433,"[1.5705068410908671, 4.7127132757759025, 1.5707584832843444, 4.7126191208998005, 3.141425416942699, 4.712667398127225, 1.571516359405297, 1.5707116391148432, 3.1416143740712315, 4.712696293233746, 3.141447019603197, 1.5707427869369908, 4.712424379587185, 4.716066606809714, -0.009095644479309549, -0.0002775071877381153, -0.000165345797393354, -2.1737017073395214e-05, 3.141595724528655, 1.5708854942426274, 3.1427729380629934, 0.00017418530890220952, 3.141411455229425, -0.00017729706149401749, -4.978758542286553e-05, 3.1417023695952584, -1.2191138642965532e-06, 1.570559082856083, -0.00016701376307365915, 4.712232317653925, 1.5707326613528556, 4.712927764117247, 1.571238348567396, 1.570853691049247, 3.141012796656783, -0.002359180016631047, 4.712103359097824, 3.1419478029404457, 0.02962797744115817, 4.7124298879197255]",0.0
205,1.5623152552580446,"[1.570771737030286, 4.712257458791883, 1.570822066622182, 4.7124065825160155, 3.1414024625257326, 4.712472420999877, 1.5707492586034748, 1.5709216918593933, 3.1416271779407072, 4.712217063618435, 3.1416020460923604, 1.570765747985751, 4.712340663881217, 4.716144334663722, -0.00922173711580569, 0.00011311931321912434, 5.145357022040157e-06, -1.4802727970534415e-05, 3.141633678064829, 1.5707285509050193, 3.1416003824999086, -0.00011730374499567722, 3.141651164047029, -0.000167536157961725, -5.643362230791806e-06, 3.141461252988787, 2.555887461806681e-06, 1.5707651772535312, -0.0003418182600141407, 4.71241875737989, 1.5708384876913204, 4.712452230174956, 1.5707802278578789, 1.57077850427661, 3.14123847101709, -0.0019082530915512867, 4.712212004154011, 3.1410267461568626, 0.029574658593707913, 4.712276321764149]",0.0
206,1.5481893240953717,"[1.570573332235451, 4.712633045511942, 1.5705370246777013, 4.712389385348648, 3.1415474827013714, 4.712252967458602, 1.570762376700187, 1.5705868359650017, 3.141431629233252, 4.71291201960743, 3.1415259244329374, 1.5707680428835913, 4.712283129742917, 4.71559815471663, -0.00936761507330943, -0.00018696258487808725, -0.00039489593494414275, 6.814920083021705e-06, 3.141558624286394, 1.5708528065778313, 3.141210736058126, 0.00015692811535826794, 3.1415172638444906, 0.0003586611614077563, -0.0001040720236733915, 3.141697855689417, 0.0003731389516923643, 1.5707821247635398, 0.0007358358397371391, 4.712211792379002, 1.5705455295249064, 4.712351225042702, 1.570925956494853, 1.5708348109448742, 3.1424849821044947, -0.002277161210203341, 4.712129925430555, 3.1410070925432927, 0.029968806105684233, 4.712349195063081]",0.0
207,1.5619460274483132,"[1.5705839792774956, 4.712568543857905, 1.5705495137949048, 4.712377000422066, 3.14152990420661, 4.712235517606871, 1.5708314679398976, 1.5700840348164247, 3.1415480426935996, 4.7124716186628754, 3.1416291225791864, 1.5706772425807494, 4.712314686171051, 4.7156013186978445, -0.009402342168505629, -0.00038156631270427573, -0.0007774474047168435, -0.00035625947342046005, 3.141287509386221, 1.570836341187556, 3.141300453466037, 3.548685946882504e-05, 3.141494592422296, 0.000385012457432623, -6.752625757755446e-05, 3.1415641285498266, 0.00032702737782353827, 1.5708456019994783, 0.0007414917962994887, 4.712217999475319, 1.570610021641921, 4.712374089890027, 1.5709069478367264, 1.5708248329851093, 3.142576000059913, -0.002186712362813589, 4.712130875576768, 3.1410002315990857, 0.03000515982754921, 4.712355670322696]",0.0
208,1.5564558917016553,"[1.5706045315136576, 4.712666089296491, 1.570485967185503, 4.712467192897511, 3.1416392266711606, 4.712044831752993, 1.5708555173288268, 1.5695462551063675, 3.1415731242695215, 4.712747609488541, 3.1416277962764556, 1.570767348543687, 4.7122706514329655, 4.7154893286527955, -0.009442825915438794, 0.00042048991527508973, 0.00013596137044013623, 0.0008427344742518019, 3.1422442459414044, 1.5708739077042997, 3.140840510951698, 0.0003312785190026522, 3.141586020436919, 0.00048475589983662027, -0.00012450714327776267, 3.1418360861382806, 0.000813450381434457, 1.570826459146723, 0.0007293961489184974, 4.712089234316046, 1.5703524276835668, 4.712138703021186, 1.5708627271114532, 1.5707431943112458, 3.1422631672056034, -0.0024154380302196512, 4.712052376422102, 3.1413509224244787, 0.03018516492099046, 4.712462517735709]",0.0
209,1.569150600189083,"[1.5705914038780286, 4.712607402811623, 1.5705411831950349, 4.71239370429476, 3.14150244032307, 4.712254687107973, 1.570760270268743, 1.5705729708856961, 3.1414345698922412, 4.71289897268781, 3.1415277747351165, 1.570793604262668, 4.7122805408966135, 4.715605438227717, -0.009404047190233892, -0.000495267370041933, -0.00013254460249374615, 0.0003510225055976758, 3.141191170091235, 1.5708553556619667, 3.1412019682028234, -0.00013786997144513917, 3.1415801435041857, 0.0003147249767845462, 0.0001072786521477838, 3.141601489205513, 0.0004371840109731306, 1.5708198667441653, 0.0007560028748326499, 4.71216154824669, 1.5705964949390345, 4.712234789611064, 1.5710386820711526, 1.5712798443952947, 3.142472649501799, -0.0022597612458385365, 4.711768611347066, 3.1410207457940946, 0.030100785427932108, 4.712352485304776]",0.0
210,1.563601669521397,"[1.5705582408696388, 4.712633248478261, 1.5705113355506097, 4.712408592325056, 3.1417021145056063, 4.712321745303947, 1.5707090723378494, 1.5707995509314097, 3.1413651089258834, 4.713162148928308, 3.1415233627548416, 1.5708593253833145, 4.712210912660887, 4.715562282527553, -0.0094800686331909, -0.0005962819388086254, -0.00023887407454332762, 0.00048038894574137486, 3.141103628165623, 1.5708360015712817, 3.1411294661975804, -0.00013290487353959947, 3.1415665429968516, 0.0005047870795620362, 0.0001288920140863659, 3.1415807002342375, 0.0005893271352387335, 1.5707953305843785, 0.0006848459072767685, 4.712110830889108, 1.570511475671151, 4.712567701246966, 1.570553524163697, 1.569553555144585, 3.1425073528414873, -0.0023091274597764055, 4.713064088762105, 3.141175839441908, 0.03017059094580754, 4.712419626345891]",0.0
211,1.5618309070596101,"[1.5706555535322537, 4.7127498347060595, 1.5703993256611104, 4.712227960212179, 3.141606424319042, 4.71218845498348, 1.5708038725875528, 1.570487039228051, 3.141413197593783, 4.713086558972597, 3.141524938976512, 1.5703703879402868, 4.71237090117674, 4.7156694433788875, -0.009292138286356496, -0.00024687355581514856, -0.00030052498553221013, 0.00010086712451444138, 3.1415882953428436, 1.570832499681395, 3.1413365141554426, 0.00023757477593771623, 3.1414952880915648, 0.00046276796335612946, -7.032856567429696e-05, 3.141859465074956, 0.0003269248280885435, 1.570864539197043, 0.0006084071204013137, 4.7120492777400225, 1.5705170921602796, 4.712483272720726, 1.5709802089476836, 1.570860937726453, 3.142599740317394, -0.0015908796054254128, 4.712176562258892, 3.1408830660431213, 0.029931373632406423, 4.712386972530451]",0.0
212,1.5720762848602394,"[1.5704239422049897, 4.712813543731093, 1.5708462351568149, 4.7127485840521635, 3.141072965863061, 4.711998648345344, 1.570660158361712, 1.5704943053258789, 3.1412213726306586, 4.71321710926579, 3.141389865923287, 1.5718275457553903, 4.712203032362168, 4.715293936514645, -0.009351237469589133, -0.0004998910382456413, -0.0007003982279170161, -0.00010247798104487693, 3.141562206764803, 1.5708146159423781, 3.1406475055625305, 0.0006410231145418795, 3.141153194861274, 0.00023920040493119612, -0.00037459112414422714, 3.1419404620484976, 0.00037414099141804756, 1.5705584584502341, 0.0005208540330690689, 4.712512208119107, 1.5704134826204448, 4.712249819018048, 1.5709218514743806, 1.5708453462999263, 3.142209531197612, -0.0016236043244344282, 4.712124856836208, 3.141209498973079, 0.029748666806727317, 4.712431783966796]",0.0
213,1.555375079822808,"[1.5705687205272412, 4.712638666915536, 1.5707018304558995, 4.712203468661088, 3.1415505912908284, 4.712252265507045, 1.5707679364697833, 1.5705868989019638, 3.141414214875504, 4.712853834208341, 3.1415393565962773, 1.5707749584761852, 4.712268852843634, 4.7156175097428505, -0.009362359649566618, -0.00028277348592819335, -0.00034649477462032685, -3.221681825651625e-05, 3.1416695248043243, 1.57033418128018, 3.1410356006675193, 0.00013529775375168253, 3.1415543739846994, 0.0003707779347757228, -5.9350989076610205e-05, 3.1416633471079254, 0.0003594390958692658, 1.5708417697916393, 0.0007785998263138294, 4.712193700513166, 1.5705676046662886, 4.712382560738348, 1.5716198236813284, 1.570830830342528, 3.142448384991563, -0.002330266349430091, 4.712380071506066, 3.1410339600526687, 0.029997457116238305, 4.712355968498011]",0.0
214,1.5632970580122616,"[1.5706160772741715, 4.712507485184828, 1.5706709436307582, 4.712211173229459, 3.14168041508678, 4.712391455534272, 1.5707156658018835, 1.570791904522007, 3.1414748121194154, 4.713188271127992, 3.141504797857259, 1.5707294115278232, 4.712249482282451, 4.715520528703213, -0.009475014720085757, 0.00039926453624114765, -0.0007534192392970101, 6.317085869693433e-05, 3.1413101207243384, 1.5703671635868748, 3.141913336821554, 0.0002860437672103839, 3.141435431800037, 0.00045191598581189295, -0.0003241315559442404, 3.1417668907567684, 0.000524219281804506, 1.5707517593334852, 0.0006555743845875661, 4.712250868936636, 1.5704202985073878, 4.710907174623298, 1.5707818764917618, 1.5707989188644556, 3.1426302693577965, -0.0023194502559282645, 4.712295885635804, 3.141086626578692, 0.029912874695478136, 4.712380966996262]",0.0
215,1.557801100886036,"[1.5701564326133912, 4.712912786530805, 1.5705728809705588, 4.71227499985801, 3.141936234297562, 4.712312503562403, 1.5707596144911433, 1.5706121981790782, 3.1414141244458658, 4.712798731948518, 3.141540162011606, 1.5707923953513288, 4.7123593907623205, 4.715654857826954, -0.009366237455867923, -0.00012766613804379676, -0.0004032765260312231, -2.3460569424881978e-05, 3.1415658260273704, 1.5708694160856818, 3.141092739612142, 8.076477726826707e-05, 3.1415374260134037, 0.0004643233274728873, -2.6235262493466683e-05, 3.141591369796942, 0.0003549059208139581, 1.570143452093526, 0.0005691870409064728, 4.712196711366188, 1.5705663448275873, 4.712305833556864, 1.570923700190888, 1.570875601079847, 3.1425295234613557, -0.0021978905244378006, 4.712102469364053, 3.141005235536104, 0.030045430121509842, 4.7123608163128425]",0.0
216,1.559042832440849,"[1.5710338067256477, 4.71227150165387, 1.570632484784142, 4.712199485644755, 3.142683387470568, 4.712276100590254, 1.5706468862391156, 1.5708317917726515, 3.14136978666948, 4.7132436674721845, 3.141437649253721, 1.570653905307197, 4.7119641614124586, 4.715417806959832, -0.00947816543699944, -0.0001976008912014529, -0.0008197693142605639, -0.00026358664739822797, 3.141661504170725, 1.57116908799031, 3.1408441846023734, 0.0003009755428124817, 3.1414276870561872, 0.000911899477083109, -0.00025324822345446785, 3.141652748341771, 0.0004073606847125684, 1.5712154681705202, 0.0006562249537233126, 4.712197540228832, 1.5703778804792792, 4.712558979462852, 1.5709246015505505, 1.5709393979673818, 3.1417943010256897, -0.00251459930984491, 4.711841355939839, 3.1411512717401435, 0.030053912103789836, 4.712383924477109]",0.0
217,1.5588475199408487,"[1.5705742522767727, 4.712667328350642, 1.5705474551077494, 4.712380515050382, 3.141605240309086, 4.712204202942363, 1.5707782610590029, 1.5705223791823295, 3.141407561525617, 4.712990184081977, 3.1415173232144133, 1.5707717570757747, 4.712305054777059, 4.7155547173842605, -0.009205046239433572, -0.00024472788403203874, -0.00037516700772558496, 3.4340110363022425e-05, 3.1415488174533555, 1.570822780003685, 3.1411835625955424, 0.00022653163410944608, 3.141469724072131, 0.0003646060957647175, -0.00010078477419956282, 3.1413022592165802, 0.0006390549500101294, 1.5707815176745656, 0.0007582404709420535, 4.71190912939054, 1.5707391788843432, 4.712315649661297, 1.5709622946844055, 1.5706831303833635, 3.1425210888269075, -0.0023309189989599395, 4.711942094539955, 3.140965665573406, 0.029283799500167074, 4.7123288554113465]",0.0
218,1.5542886828603004,"[1.5705073926084507, 4.712596490493498, 1.5703951943452683, 4.7124365971008295, 3.141416398805379, 4.712399837836489, 1.5707488377504772, 1.5707569915357056, 3.141416221439907, 4.712943849074825, 3.141593474535534, 1.5707916283816683, 4.7122713446489, 4.715595225505665, -0.009320404673090341, 5.3400727295815393e-05, -0.0005065693297201653, -2.9034498314058115e-05, 3.141780518597104, 1.5708754556217441, 3.1411296873347037, 0.0002129615666283425, 3.1416064868775964, 0.00040175810405393674, -0.00015024001832111237, 3.141482346619242, 0.00060457410116863, 1.5708865580656735, 0.0008653569866078449, 4.712065499576649, 1.570606464005024, 4.7127242953391875, 1.5703688283168473, 1.57198688091334, 3.1426025730428773, -0.0025192524941957937, 4.713350472465111, 3.1411759637672207, 0.029760126294295256, 4.712405903891579]",0.0
219,1.557174413729062,"[1.570640114642117, 4.712629921795365, 1.5704029500452037, 4.712245814802211, 3.1416979992056357, 4.7123121733733235, 1.5707837610224635, 1.5706286960145475, 3.141479638976435, 4.712727305763618, 3.1416068845181657, 1.5711590889611615, 4.712008332821815, 4.715675804700686, -0.009364833082857783, -0.000569129856914656, -0.0001871834036171311, -9.943742847891267e-05, 3.141997947575593, 1.5708555039352536, 3.14151354674786, 0.0001294846117455468, 3.141569791211524, 0.0004649961848474595, -9.169766980186818e-05, 3.1416297889097122, 0.0004688328761106156, 1.570852925303596, 0.0007380880501783396, 4.71224552371907, 1.5704035305777275, 4.71223472309703, 1.5708426247476286, 1.570838442023644, 3.1426490968210237, -0.0021762568581529017, 4.7121289581937855, 3.1409245791903038, 0.029977149526903134, 4.712350014456026]",0.0
220,1.5508680997049975,"[1.5703853440032443, 4.712530429043813, 1.570625439652168, 4.712694219941029, 3.141132572418544, 4.712349923476278, 1.570695363352067, 1.5708981879963333, 3.1412835974974755, 4.713089378876213, 3.1414626117789837, 1.5699349828490017, 4.712737530876426, 4.715505417348913, -0.009498536834267953, -0.0007290635482674497, -0.0003617649346974888, -0.0005042010979293609, 3.1424739334360616, 1.5708842621828634, 3.1408328732812736, 8.29225820298573e-05, 3.1415746785204917, 0.00010653948495511389, -9.141988124000179e-05, 3.141650498215566, 0.0003082018504122238, 1.5707901262304123, 0.0008444209729789642, 4.712103943528815, 1.5707906324792784, 4.711882252149787, 1.5705766750602512, 1.5706510107602163, 3.142389195497408, -0.002515855340435082, 4.711979321201597, 3.1413615115935603, 0.030295181203582353, 4.712417359115305]",0.0
221,1.5661886102605904,"[1.5705778146974918, 4.712605774945735, 1.5699488597583273, 4.712935242294591, 3.141599415103674, 4.7123121275113435, 1.5706999656842753, 1.5707365886162723, 3.1414641949989903, 4.71284218886493, 3.1415228671236517, 1.570785556096344, 4.712198948882606, 4.715518856401185, -0.009273157078619044, -3.359491956101261e-05, -0.00047882132513687965, -4.4405347542475355e-05, 3.141553190379926, 1.570596133229208, 3.1411870073177823, 7.595731949291345e-05, 3.1415935946977314, 0.00045419618381973377, -0.00011283230687871953, 3.1415555616461845, 0.0004887662737486922, 1.5707879949673944, 0.000667028985121042, 4.712232447837936, 1.5705731149466944, 4.712390639052005, 1.5710588275863804, 1.5708034894525151, 3.142499542682842, -0.002121847561956902, 4.712037452447013, 3.1411515074501764, 0.03007313835839579, 4.712397224431067]",0.0
222,1.5659569925032546,"[1.5704827290307155, 4.712573674751554, 1.5709917795566095, 4.7117805123993515, 3.140932800154819, 4.712555272393284, 1.570654294896615, 1.5710998250290582, 3.14151878123512, 4.7127627778797025, 3.1416336336084503, 1.5708476757133796, 4.712157782262252, 4.71551898562871, -0.00919927233267617, 0.0005314028469867961, -0.0006501884207987235, -4.079932664720873e-05, 3.1417291542138854, 1.5715793075412992, 3.1412192599499176, 6.0161008530854566e-05, 3.141816579381082, 0.0004068031105049028, -0.00018524134339488062, 3.1414929518456263, 0.0007310658918089682, 1.5709793245629613, 0.0008118314962561425, 4.7122788938731475, 1.5705672753058217, 4.712699269333514, 1.571212875724621, 1.5705818275364622, 3.1429386538260884, -0.0021118450800168137, 4.711834901943992, 3.1414691860135537, 0.0302681744518909, 4.712505412020368]",0.0
223,1.5529376522963525,"[1.570643446543678, 4.712568768633856, 1.5706890126887592, 4.712564842108882, 3.1416239169769087, 4.712287175661677, 1.5707818208511513, 1.5706390016483267, 3.1417432217857737, 4.7129340766898045, 3.1415382884036083, 1.5709111343661561, 4.71256887635444, 4.715380685447075, -0.009395885919196625, -0.0001596356903440869, -0.00039399627850990093, -8.278578860915479e-06, 3.141560856231032, 1.570900190640671, 3.141234861402854, 0.0004659858138012682, 3.1418558956039373, 0.00031089155686176, 0.0002521936132942651, 3.141494172114407, 9.924115729783954e-05, 1.57080645760718, 0.0007479003857608911, 4.711955949872787, 1.5702381816847248, 4.712321355935664, 1.5709553848117261, 1.5708340679833683, 3.1425362266728807, -0.0022160724353500415, 4.7121545153755395, 3.1409652256563865, 0.030011696396765545, 4.712350805547616]",0.0
224,1.5619601396608018,"[1.5708070877168496, 4.712609258721034, 1.570308169150927, 4.712200456075437, 3.1416305314311574, 4.712181022374875, 1.5708449737420889, 1.5703577068366565, 3.140946123406163, 4.713220086431634, 3.1415408861987384, 1.5711110170000357, 4.71305645871547, 4.716125268216722, -0.009282161949392246, -0.00014088997923228852, -0.00043086945907997283, 0.00018476162078089333, 3.1416310704149315, 1.5708584876327576, 3.14123499199284, 0.00024628472407695225, 3.142343029303752, 0.000532891457721606, -0.0007820524677623594, 3.141574604787119, -0.0002826122404687736, 1.570831918687227, 0.0009363156110106051, 4.712713681812458, 1.5709349591401576, 4.7124373217612145, 1.5708272394328429, 1.5707268274042174, 3.142631560479892, -0.002582970844036825, 4.712076007872685, 3.140913356405098, 0.029945005559892816, 4.71235358158366]",0.0
225,1.5566686683403583,"[1.570907897753577, 4.712273065958676, 1.570851831466045, 4.712697939654967, 3.1415911855875462, 4.7122437405857465, 1.5707842013701765, 1.5705649489994657, 3.141469465042277, 4.712947705096129, 3.1415531122927565, 1.570649577463204, 4.712081132630941, 4.715641775730643, -0.009282375334017951, -0.0002885774441738063, -0.0005534705465941395, 0.0002317947929943384, 3.1417016176269517, 1.5708943096456742, 3.1412895178737945, 0.00019229619053007658, 3.1415554864940725, 0.00041964171601266084, -8.428098017030271e-05, 3.1417621774328492, 0.0003806528554446868, 1.5703645411210652, 0.0006840630520683135, 4.712307702864727, 1.5707721029514659, 4.712416817533208, 1.5710087785619027, 1.5708677031622726, 3.1427480241365155, -0.00225997706310738, 4.712169945592461, 3.140976003330576, 0.02996238818216084, 4.712355183204556]",0.0
226,1.564469468465634,"[1.5710133494030556, 4.711863812625582, 1.5698865826793975, 4.711730056188978, 3.141170279810726, 4.7121710720029935, 1.570751408329075, 1.570522918633566, 3.141324113214391, 4.713038145479718, 3.141485196218242, 1.5707428272570423, 4.712270991389161, 4.715544967093429, -0.009564184330423013, -6.242732869704901e-05, 1.9309843660229257e-05, -0.00045890896048129953, 3.1413365954516186, 1.5707778219655377, 3.1410476715658033, 0.0003242232774415916, 3.1413116993890915, 0.00012690496226483493, -0.00014797934738041348, 3.1418926496103627, 0.00026462002181346767, 1.5699551953730624, 0.0007376463893856848, 4.711931130173305, 1.5699781279183282, 4.712531792556214, 1.5708553923484134, 1.5707644439667638, 3.1425187187934087, -0.0026078445983752736, 4.712061075062619, 3.141189536883132, 0.02986719338940853, 4.712346974189514]",0.0
227,1.5634981918918291,"[1.5703426825069446, 4.712422513110869, 1.570526118210623, 4.712381863897723, 3.1413876534272323, 4.711863896954533, 1.5710188322103702, 1.570740825504609, 3.1414080076082067, 4.71281742785145, 3.1416049274901687, 1.5709133785292748, 4.712214113369845, 4.715635097548232, -0.009401577451203074, -0.00011610718746660511, -0.0004073425130209497, -1.0679737344217559e-05, 3.141569422741127, 1.5708348405090584, 3.141223059897103, 0.00012753790963418064, 3.1415515387669077, 0.0008118648391570733, -1.529409470014785e-05, 3.141897380659184, 0.00019636424236294743, 1.5708186824605914, 0.0007373746755898088, 4.7118166124116305, 1.5708310976799318, 4.712302509904245, 1.5708790753962405, 1.5708222113460033, 3.142403137708019, -0.0022933866443672693, 4.712108669398992, 3.1410011282371317, 0.030010452738147408, 4.712346607588125]",0.0
228,1.5468382935314233,"[1.5700979752795285, 4.71231202445561, 1.5705516736611536, 4.712427573345951, 3.141996330728285, 4.713056702902976, 1.5702805914509441, 1.5704427576527744, 3.141477362997957, 4.712894022892055, 3.141498801403363, 1.5710408822713569, 4.712179902295782, 4.715771452506469, -0.009616396911740958, -8.75858353975044e-05, -0.0004577123786555712, 0.00010559515828107607, 3.141601730822184, 1.5706955317535658, 3.1411557116366433, 0.00031287883800836544, 3.1414297023230078, -0.0003861431511932019, -0.00019977033381691952, 3.142469583145812, 0.00012127575895311656, 1.5711035844154735, 0.0008912988145179622, 4.711611876924763, 1.5710067631506466, 4.712572022275334, 1.570809254530254, 1.5707560825699032, 3.1427858946486604, -0.0023342595074934084, 4.711970695367932, 3.1410260336752236, 0.029884656206417157, 4.712359785171983]",0.0
229,1.5661944316401581,"[1.5701010633048427, 4.712347080714861, 1.5706186143164822, 4.712402442650926, 3.1419950375261494, 4.7130226052420925, 1.5702587261105503, 1.5705436909171417, 3.1414676134906308, 4.712727220665348, 3.1415054888073355, 1.5709799169129859, 4.712196739736106, 4.715731222433203, -0.009524015075204737, -0.00013308551075243412, -0.0004463914629553886, 0.000160956832385505, 3.141553989892333, 1.57051137051679, 3.1411664719668084, 0.0004218204519585081, 3.1414246896743583, -0.00036069344188309125, -0.00023211771146197917, 3.142530763577496, 0.00011702316820714774, 1.5711073927537356, 0.000898366095703684, 4.711654430218872, 1.5709403137783728, 4.7126558727352545, 1.570675294842189, 1.5707542255532367, 3.142792410471054, -0.0024339706594562758, 4.711872100162549, 3.1409044960447203, 0.02984333983452821, 4.713235570915658]",0.0
230,1.553765473332894,"[1.5700973601401624, 4.712584731299297, 1.5708808793795115, 4.712349515150023, 3.1419930397939417, 4.713001608969292, 1.570226853661929, 1.5708308771334558, 3.1414493814175266, 4.712322132706653, 3.141583175515401, 1.5707353794911214, 4.7122890551275445, 4.715642298834975, -0.00935844539432154, -0.00016645508024946983, -0.000472334308812133, 0.00038350373885222023, 3.1415366352934813, 1.569951409464328, 3.1411509295202915, 0.0007945519208305091, 3.1413694264266963, -0.0002218373819660866, -0.0003314467743588124, 3.1427916862717207, 0.00018355252269495535, 1.5712097774710505, 0.001005627012049148, 4.711886668568666, 1.5706170266937405, 4.7130085059818825, 1.5702012662933789, 1.5707061506981854, 3.142966159367156, -0.0025885054591241767, 4.711606643580505, 3.1412295970973156, 0.0298006382177923, 4.7114520248223615]",0.0
231,1.551567780613771,"[1.5700477253554106, 4.712400069868372, 1.570523151611673, 4.712439612893351, 3.1419724219616203, 4.712783659903576, 1.5698583328787665, 1.5703738540695975, 3.1414603129176144, 4.713055331695708, 3.1418639773144452, 1.571029644300708, 4.712212136044129, 4.715737061537821, -0.009574640320060702, -0.00016055194163538367, -0.0004707361985858162, 6.491692411099537e-05, 3.1415997431940634, 1.5707443687514677, 3.1412598203378903, 0.00035191112405902683, 3.1414138590619207, -0.0003835683109235752, -0.00018728533902882526, 3.1425102753380654, 0.00010178670678131837, 1.571215723130874, 0.00030450524620824514, 4.7115640858111885, 1.5709914699526688, 4.712618085501025, 1.5708944157194167, 1.5707922232409748, 3.142993481736803, -0.0026122886171833174, 4.711966378030326, 3.1410901891131395, 0.029923738757146278, 4.712357552447676]",0.0
232,1.5608865886544352,"[1.570042109412805, 4.712395226721025, 1.5706381268842577, 4.7125076591610435, 3.1419950045037996, 4.712630325278814, 1.5693618744241042, 1.5704582632709063, 3.141540971563188, 4.7130234330661285, 3.142311077595617, 1.570985249110752, 4.712144891246505, 4.715928376567342, -0.009678257050021033, 2.2999991025098452e-05, -0.0004844011518459122, 8.151183972860077e-05, 3.1416771257934006, 1.5707319553594514, 3.141598204200869, 0.0002760995036965184, 3.1413740921061404, -0.0005175659729860328, -0.00013405412039130049, 3.1423972471576076, 0.00010472203107216974, 1.570794786572299, 0.0020037035004480354, 4.71164029138532, 1.5710027526344361, 4.712691349921775, 1.5708378521883275, 1.570701874298855, 3.1421514453937873, -0.002126235316277875, 4.712002149573763, 3.1409843294847537, 0.02990481151227362, 4.71230595354855]",0.0
233,1.5510808763437007,"[1.5700941004809044, 4.71235616144374, 1.5705494141132108, 4.712390078527429, 3.141999561988284, 4.713012927715373, 1.5702929528095146, 1.5705100038263407, 3.142141660556721, 4.712954245069662, 3.1415311390353953, 1.5710254469565246, 4.71224644016745, 4.71551412009006, -0.009679710363608136, -0.00018659270959158885, -0.0003954222192827006, 0.0001481157053489594, 3.1416092500492714, 1.5706820707739053, 3.141110102863432, 1.1172828005112006e-05, 3.1414771700768167, -0.0003457872981391863, -0.000719903506305343, 3.1425709494218776, 3.98419513512554e-05, 1.5710361153929204, 0.0008905816126378148, 4.71159172073665, 1.5710245695083653, 4.712607850153852, 1.5708170082370188, 1.5707630264970394, 3.1427853432866666, -0.002322495013789748, 4.7119886472151, 3.141051494903328, 0.02976258263855587, 4.712360093180569]",0.0
234,1.5569849226086294,"[1.5700882037659272, 4.712494284694532, 1.5704526359007385, 4.712477622859795, 3.1418758401719824, 4.7129865717358586, 1.5703671095267553, 1.570492914866415, 3.142334540851737, 4.713194577929511, 3.141348122385917, 1.5710364101104435, 4.712060820049913, 4.717183290645453, -0.009132050979737877, -0.00015094197755118098, -0.0007019422731008897, 3.845909072949184e-05, 3.141536676233616, 1.5708017449566942, 3.140743176198764, 0.0005750142032993791, 3.1412240067271666, -0.00045867715610812176, -3.940811514615406e-05, 3.1425671187308732, 0.0002861670553683328, 1.5711900596101052, 0.0009616939621557571, 4.711584733944571, 1.5707472286438893, 4.712399321709031, 1.570796355243097, 1.5707123012031035, 3.1427975434760316, -0.002605349422390206, 4.711959417411453, 3.1409456017167807, 0.030027623296344775, 4.712295830756771]",0.0
235,1.5653286541883666,"[1.5700907698033015, 4.7123153211546835, 1.5705947384271768, 4.712462969197187, 3.1419811617360285, 4.712844258573702, 1.5700312094585154, 1.5704922340309202, 3.141537976203381, 4.71275091245923, 3.1410456742998645, 1.5710163783957434, 4.712205783890849, 4.7159434863459895, -0.010090478547528474, -9.072853007468082e-05, -0.0003812844492477429, 0.00018596465625512053, 3.1415951910350914, 1.5706927670572843, 3.141304874794767, 0.0005543531844992198, 3.1412263630996495, -0.0003377232137095307, -0.00040779718851078, 3.1421339911924044, 0.00010331629896382597, 1.5711137983389314, 0.0008678528758243785, 4.711522266702517, 1.5710964532654625, 4.712671135241521, 1.5708474533323664, 1.5707729356167628, 3.142873996328354, -0.00230493539671301, 4.711969107394652, 3.1410825951573984, 0.030034224502623337, 4.7123689312852814]",0.0
236,1.5599857738660938,"[1.570152798217525, 4.7125332413917596, 1.5706150668475034, 4.712622138715167, 3.1419032616825944, 4.7133003537816105, 1.5706801777823791, 1.5705149427647198, 3.1414607702050277, 4.7131389993824255, 3.1420415686822967, 1.5709873522185904, 4.712122443873906, 4.716086329826047, -0.010726641692343886, 0.0001966852178857985, -0.0006056996756218692, 0.0002014063803203587, 3.1418523499438997, 1.5706021068808043, 3.140977344887428, -0.00012485074164296137, 3.1410506570775865, -0.00022863273814151337, 0.00021056181593721022, 3.1424433930975804, -0.00032621080655987315, 1.5712532431099957, 0.0008853062693399455, 4.712002509290063, 1.57064138282507, 4.7127243069755345, 1.5707707612963933, 1.5707144486768607, 3.143079691523823, -0.002381098634911634, 4.711806153526673, 3.1411242805798016, 0.02926138161381755, 4.712402774432536]",0.0
237,1.5510866977232682,"[1.5699653551580468, 4.712588282570584, 1.5705423696657337, 4.712559393149416, 3.1418949589962164, 4.713130546582272, 1.570600232549359, 1.5703793735456635, 3.1414533947638392, 4.713096531883447, 3.141363151639071, 1.570980719181342, 4.71216941539668, 4.715673338184214, -0.009598947590355513, -0.00010453959596901064, -0.0004873727553340365, 9.899097028162791e-05, 3.1415952210178046, 1.5708595873120792, 3.141659886766333, 0.000406775940356793, 3.141246972455666, -0.0005163027338822805, -0.0002759281482569344, 3.142621424989899, 0.0001422448704252239, 1.571084741353643, 0.000912213820448184, 4.7116724360496, 1.5709199880895002, 4.712812981408465, 1.5709643628383534, 1.5707309436843928, 3.142545438351703, -0.0026766043653706738, 4.711950762894284, 3.1410019105804046, 0.029956727315132728, 4.71235791887512]",0.0
238,1.5540817276011651,"[1.5700322829882427, 4.711894938555473, 1.570641828922678, 4.712270268212263, 3.1423888328354543, 4.71373663282559, 1.570745838983125, 1.5700889145184604, 3.141395375738339, 4.713102479346857, 3.1417626244819825, 1.5711768730926883, 4.712381231506241, 4.715682548814263, -0.009270178796522581, -0.00043102736862227924, -0.0006869716903893265, 8.639828284183343e-06, 3.1421050562744055, 1.5705664923496994, 3.1412544697795015, 0.00038692224456700466, 3.1419963591106277, -0.00037120073898184807, 0.00010785208097136083, 3.1424559382710497, 0.00019460325121965077, 1.5708282623964334, 0.0007964594028956182, 4.7110146557076495, 1.5711663901453676, 4.712455413325855, 1.5710387320057824, 1.5708217462809715, 3.1427638981289188, -0.0021047237139019377, 4.712224574380104, 3.1417603430915464, 0.029808030114916888, 4.711857720730142]",0.0
239,1.5539263930088598,"[1.570095105354172, 4.712301782949452, 1.5708529689278432, 4.71267805111922, 3.14209941195782, 4.713139063850164, 1.570316530218328, 1.5703507024102021, 3.1414942201955167, 4.713024218378574, 3.141559267202641, 1.5710540316563555, 4.712214036437881, 4.715878287264444, -0.009614675212866427, 3.112916077126133e-05, 0.00010448335925534622, -0.00035844482980487995, 3.1413792923921675, 1.5706587564030536, 3.1411992655587437, 0.0003647919370793108, 3.141456310814589, -0.00018385962900735976, -0.0002629326606978721, 3.14254456514444, 0.0002693043486937561, 1.5711546389367468, 0.0009394142256165892, 4.7117055958953085, 1.571078349787676, 4.7126155824116545, 1.5707776820872614, 1.5707620813357366, 3.142897616719241, -0.00228777607319071, 4.711969453387474, 3.141191595457719, 0.029888069033518955, 4.712396279646233]",0.0
240,1.55373243338349,"[1.5702285647746705, 4.712490519849985, 1.5705042352882013, 4.71233536242441, 3.1421940608806422, 4.713097504704209, 1.5703813526461485, 1.570380661163252, 3.1414114361882293, 4.712823741515217, 3.141406730366311, 1.5708899581220754, 4.71173007724532, 4.715218991706124, -0.00934494189717184, 0.00026672957893574066, -0.0002445531907653652, -0.00015669531090258638, 3.1418857780095015, 1.571047268375997, 3.140634150298528, 0.0003170414469618231, 3.1416374603716153, -0.0009162139552433514, 9.457323621926044e-05, 3.1425906450540513, -0.00019766639100706845, 1.571230791151211, 0.0009584426626543474, 4.711793435498662, 1.5713364745796583, 4.712227170310499, 1.570842352741146, 1.5706254869558431, 3.1429472300189256, -0.0025475497852666747, 4.712349487069754, 3.1400726109295536, 0.02989191672997966, 4.711718231423602]",0.0
241,1.5694882516476227,"[1.5700420456791775, 4.712403133430022, 1.5707278985512954, 4.712539143361125, 3.1417485196712285, 4.713002491781217, 1.5702362362323194, 1.5703663592128059, 3.141328320940415, 4.713089906368992, 3.141428823163533, 1.5715070460362566, 4.712173251403464, 4.715598904797673, -0.009587505531033049, -0.00024383394299097252, -0.0006391879084941255, 5.278884394026407e-05, 3.1415914001692, 1.5707464903887005, 3.140841816242708, 0.0005123572614490567, 3.141251551091683, -0.0005249501456947863, -0.00033268846347240524, 3.142642916447098, 0.00012622684687545584, 1.5710644530170164, 0.0008022385496126938, 4.711803921091569, 1.5709195387655326, 4.712484976489365, 1.5707473347797698, 1.5707946003038116, 3.1426087677823014, -0.002027732048805777, 4.712008257386922, 3.1411286805295173, 0.02980383567051117, 4.712308925697833]",0.0
242,1.5549153700172749,"[1.5701029917515714, 4.712317853172632, 1.5706143841412905, 4.712372331170589, 3.1419828107909953, 4.712972466034113, 1.5702246042333556, 1.5703550386853227, 3.141517177114763, 4.713060941995202, 3.14131752475645, 1.5711019498929024, 4.712143864620571, 4.715745993554055, -0.009575378455009605, -8.192746333491826e-06, -0.0005125462263966752, 3.893817627111656e-05, 3.1416801140804447, 1.570516578740236, 3.141212229850637, 0.000130678077930946, 3.141481310763884, -0.00040970663244038513, -7.035377507494189e-05, 3.1424440305926264, 0.00012493425967931648, 1.5710994525371276, 0.0008785363118826812, 4.711624225056906, 1.5710259199760397, 4.712675971068148, 1.5706814466917844, 1.5707571258845694, 3.14279383546144, -0.0023281717463978615, 4.711899064434541, 3.1410167276696064, 0.029923293443519426, 4.7123614329566905]",0.0
243,1.5652631329740485,"[1.5700451986510773, 4.712265862919372, 1.5705167460582332, 4.712519068760707, 3.142099407264503, 4.712934635128354, 1.5700437301694274, 1.570462532989285, 3.14141200769916, 4.712659831796061, 3.141127053235113, 1.5709777775175768, 4.712355490971697, 4.7158056391496075, -0.009501454834934706, -0.00010561762418604174, -0.00045012299363128826, 0.00010798001721392979, 3.141652710055102, 1.570959797300218, 3.141231277375559, 8.230101181951703e-05, 3.141507004200277, -0.000285401672205199, -3.095741055955865e-05, 3.1428195913113, 6.805047266198082e-05, 1.5711385527075181, 0.0009782952108221548, 4.711713481856867, 1.5707948407291152, 4.7124676456784815, 1.5709941057769248, 1.5707518131357978, 3.1428496092823512, -0.0024047263730840847, 4.712101723637824, 3.1412316739994157, 0.029522425120836478, 4.7123464646729225]",0.0
244,1.5530527726850556,"[1.570004992043541, 4.712263657720375, 1.570530646608609, 4.712422563217641, 3.1419767612820406, 4.7130015454504814, 1.5702971537719899, 1.5704565293708164, 3.1415011510192943, 4.712911352974923, 3.1414928008766885, 1.5709966185903559, 4.71214601346342, 4.715798778664455, -0.00981599848569243, -0.00012990499604312203, -0.0005110257590759574, 7.502556662094131e-05, 3.1415752742297536, 1.570685020504029, 3.141152094694428, 0.0003864053602756029, 3.141705329971222, -0.00042203815380012044, -0.00018515182193337522, 3.1425673463818455, 0.0003561798642864355, 1.5710847144671134, 0.0008498866352840701, 4.711680639554912, 1.57099688667617, 4.712594306732414, 1.5708221392094204, 1.5707594545054588, 3.142733470809349, -0.0023243155058793076, 4.711955859698096, 3.1409245412907127, 0.029826401809267832, 4.712347983862427]",0.0
245,1.5674245204358357,"[1.56954824326866, 4.711760526689178, 1.57054169768498, 4.712412388740841, 3.1420582329128615, 4.71303633109861, 1.5703356138057367, 1.5703844546623393, 3.1415296032533018, 4.713014420285461, 3.1415445061702254, 1.5709443660894984, 4.712224776439247, 4.715720717936854, -0.009451147010167535, -0.00010424076172856991, -0.00039145980193578057, 0.0002083859281076019, 3.1416436501139033, 1.5706979914014132, 3.1411855725518913, 0.0003555817532211099, 3.141254360558585, -0.0003769575797719486, -0.0002314906341801291, 3.142241436440831, 6.121769595097604e-05, 1.571230624075533, 0.0009064478926305702, 4.711922111470615, 1.5708474097728797, 4.712620360652011, 1.5708365499128931, 1.5707503149246407, 3.142849956260073, -0.0022905928781439765, 4.711983047594273, 3.1408849221303545, 0.029877673866208033, 4.712323176885281]",0.0
246,1.54755681555883,"[1.5700829224261248, 4.712327852503344, 1.5705083421084147, 4.712391873999403, 3.141842641312349, 4.71330085208969, 1.5701173226951222, 1.570367528664344, 3.1415431986143085, 4.712920380937983, 3.1414498291123207, 1.5710232108544528, 4.712163224286178, 4.715731879529618, -0.009623410004832612, -0.00012080935246928447, -0.0004459780212433986, 0.0001240662601836961, 3.1416056115852564, 1.5706910130153129, 3.1411559575564083, 0.00038469037125531705, 3.1414294801737506, -0.00012250850092923707, -0.00012524434949115655, 3.142481243792429, 8.303002158398392e-05, 1.5710670570061331, 0.0008690687316750665, 4.711660797684393, 1.5710716421346964, 4.712564148080897, 1.5708095386103713, 1.5707536863681268, 3.1427061492675334, -0.0023751083317100053, 4.711961824253466, 3.140934248389962, 0.029853991315404147, 4.712345310166462]",0.0
247,1.5590486538204167,"[1.5700609264398266, 4.7123078389999655, 1.5707553059547765, 4.712639078632883, 3.1418820371290654, 4.713222115221312, 1.5702089331809104, 1.5703758870582931, 3.141199535159985, 4.7128695102167955, 3.1415016008271754, 1.570975276828404, 4.712042959059019, 4.715911090524721, -0.009570071874611985, -5.4714065903655015e-05, -0.0004916681696440159, 0.00010529722384005758, 3.141625474034184, 1.570686102520611, 3.1411090601387652, 5.706964060177825e-05, 3.1415799459258613, -0.00029679291087171533, -0.0005463580129665274, 3.142384862687208, 8.283178394690755e-05, 1.5710825849553334, 0.0008445001024031784, 4.711206795925355, 1.570559452974243, 4.712570105227641, 1.5708171345543347, 1.5707486469524459, 3.1427531891184937, -0.0023524207901507123, 4.711969359782215, 3.140729107652503, 0.02993432862161539, 4.7122908326330215]",0.0
248,1.5607042958935007,"[1.5700726363238044, 4.712366570411326, 1.5704900456888906, 4.7124308277605005, 3.14203965527758, 4.713016938451698, 1.5702868457085988, 1.5703920016080486, 3.141443967252836, 4.71301904978741, 3.1414939886675515, 1.5710651186020708, 4.712229022834221, 4.7156633971134765, -0.009645395583485337, -0.00016030509606155757, -0.0005485129539218893, 9.849876358095913e-05, 3.141592834968728, 1.5707063195158353, 3.1410872997358985, 0.0003498043219469024, 3.1413826112230456, -0.00026091393019854437, -0.000201542722069308, 3.142516689647725, 0.00022849044278004847, 1.5710924450790842, 0.0011015730612434767, 4.711545026240176, 1.570961814580951, 4.7125606706075285, 1.5708626172351492, 1.5707781750654835, 3.1430567844048922, -0.0023898967540660764, 4.711942625004964, 3.1409785410630664, 0.029969703744218163, 4.712371859928927]",0.0
249,1.5529504116342105,"[1.5703194512307057, 4.712182440664424, 1.5705903335197724, 4.712436665287649, 3.1420440732284276, 4.71317226581326, 1.5703074235709975, 1.570574919759947, 3.1415094839380164, 4.712742835765466, 3.1416072345215658, 1.5712095546013636, 4.7127682983235175, 4.715822285091696, -0.009637159179056855, 2.9945378727144317e-05, -0.0004598904355002964, 8.753186062815751e-05, 3.141724952106161, 1.5706919851615848, 3.141202457926133, 0.0001512857917784428, 3.1411548947237584, -0.0004023710053153734, -0.00013086483937142592, 3.1425520493493497, 0.00044496969301906545, 1.57110012951704, 0.000741906920558073, 4.711565746171539, 1.571107320463406, 4.712628551971802, 1.5708200728277668, 1.5707355754236592, 3.142652678514802, -0.002329457995193343, 4.711996804818137, 3.140686361732039, 0.029984766775699008, 4.712274874699286]",0.0
250,1.5690399483053175,"[1.569990733689627, 4.71246504776593, 1.5707392092950248, 4.712477724911666, 3.1419981558711267, 4.71311430638252, 1.570268964007172, 1.5705211503310381, 3.1415083827713923, 4.712846907379912, 3.141523044700702, 1.5710552585700532, 4.7121689277765695, 4.715773776928548, -0.009554085344001203, -2.197929493759171e-05, -0.0005764515906245692, 0.00019504466469954997, 3.141669965162147, 1.5708023717695407, 3.1411893942871814, 0.00026024104513279147, 3.141515579124017, -0.0003257747029977771, -0.00020240883123274432, 3.14239661583976, 0.00019436952203694802, 1.5713056339484326, 0.000900880684699748, 4.711673865239539, 1.5711302665640654, 4.712576134002862, 1.5708616724180537, 1.570738845375716, 3.1428382461143385, -0.0022410321643276305, 4.711946813562607, 3.1410537602959083, 0.02994609305384817, 4.712382969191665]",0.0
251,1.557070936099494,"[1.5702598648214492, 4.712128060224088, 1.570461165135978, 4.711961881469297, 3.1416403871788496, 4.713215803983198, 1.5702543137477891, 1.570624004404312, 3.141462706665208, 4.712856645510687, 3.141558493977827, 1.571034545200612, 4.712089241277861, 4.715731940941862, -0.009585711043214713, 0.00025044412906518145, -0.00039129739784764765, -5.236994901942755e-05, 3.1415415413129186, 1.5709693286751836, 3.1411104621104737, 0.0003200156766408149, 3.141453302549874, -0.0005425896001784374, -0.0002567521740570147, 3.14245063141143, 0.00020273772640738558, 1.570939891889191, 0.0008977877767763711, 4.711607062484106, 1.5708529450395685, 4.71275089543821, 1.570882128344846, 1.5706286727376086, 3.142901537381691, -0.002386079692103872, 4.71182992817724, 3.141272284987803, 0.029967553202708788, 4.712353394330883]",0.0
252,1.563660464442425,"[1.5700848418693971, 4.712330033443452, 1.5705223498082088, 4.712473700241407, 3.1419973826663186, 4.713041676772881, 1.570281930375694, 1.5704324718922213, 3.1414623958220558, 4.71287076102406, 3.1415046948520673, 1.5710738647005975, 4.712172939660655, 4.7157786405235695, -0.00961503764324498, -0.0002655652024744369, -0.0003677415933528866, 0.00016963285881081808, 3.1415748461635324, 1.5707890765659764, 3.1410092568537564, 0.00023870074962606055, 3.141457105348802, -0.00038002077500763983, -0.00011803954386884799, 3.1424300921866735, 0.00012821402402740455, 1.571106088885476, 0.0009004285270270919, 4.711586938449965, 1.5710290383394012, 4.712874301325284, 1.5707721579259464, 1.5705674104370404, 3.1427626588728605, -0.0023438791166378353, 4.712075460384126, 3.141040669485792, 0.029927527669495656, 4.712364577257759]",0.0
253,1.5587382209317133,"[1.5701839790916445, 4.71228749179869, 1.5705680599599667, 4.712309261401372, 3.1420615368758757, 4.713166703038305, 1.570262866036836, 1.5705400275695862, 3.141442668513039, 4.71307693398994, 3.141507331863821, 1.570989319303252, 4.712143242528968, 4.715735864820773, -0.009718278096765202, -6.256317920981352e-05, -0.000482930328398914, 0.0002905427703366088, 3.1412602319069394, 1.5705566133976876, 3.141337507682557, 0.00022906728006518863, 3.1413730236536623, -0.0004139155328705497, -0.0001992005598427584, 3.142486450998469, 0.00020812482119550284, 1.571135119285292, 0.0008504532729299071, 4.711640319093362, 1.5709421195259228, 4.712129832968148, 1.5705579891200188, 1.5703443928615892, 3.14274281528482, -0.002438578778601576, 4.712375060182994, 3.1411322596501403, 0.029973917056830043, 4.712341847790925]",0.0
254,1.5535701608328942,"[1.5700069093080118, 4.712380828797107, 1.5705009324228945, 4.712484325186287, 3.1417463283378453, 4.713044730997997, 1.5703168368315774, 1.5703770215509067, 3.1414680543415083, 4.712830334073704, 3.141525450623333, 1.5711123914199954, 4.712299867430478, 4.715846678463673, -0.00957617286905164, -8.20076177893065e-05, -0.0003627556064551473, 0.0001791251971389985, 3.1416069850395005, 1.5706072037567818, 3.141250992274587, 0.0002975645917408127, 3.141521893948678, -0.0004901455506666108, -0.00020404160977717306, 3.142458517271813, 6.883446917588338e-05, 1.570997082254131, 0.0009221495923301405, 4.711627180626397, 1.57108201716217, 4.712528180639703, 1.5708117893593627, 1.5707099091345262, 3.142972591278363, -0.0022941795114698083, 4.712033746888607, 3.140985508554102, 0.029845894303032743, 4.712353211016206]",0.0
255,1.5693964167771903,"[1.57031261970075, 4.7122991446258755, 1.570405933815221, 4.712273195256661, 3.1421876130678625, 4.713055126844697, 1.5703023214921852, 1.570361957679671, 3.1412217399423104, 4.713095048545782, 3.1414927032780806, 1.5711568632792983, 4.712492557616697, 4.71599489206002, -0.009591940967723173, -4.048779884789405e-05, -0.0005111584021354927, 0.00013534968733179943, 3.141582240479966, 1.5707511362842992, 3.1411190346350613, 0.0003708987956988439, 3.1417633168329626, -0.00029728496307189907, -0.0005659270999696766, 3.1424202342668144, -0.00019606830683259317, 1.5712032247301597, 0.0009644378821400951, 4.7119067670802455, 1.5711316059453597, 4.712617028945043, 1.5707456453144153, 1.5707490945392923, 3.1426956771808023, -0.0025303076159925416, 4.711877548397919, 3.140998680373423, 0.02988893368472193, 4.712332593933527]",0.0
256,1.561325161670907,"[1.5700772753459493, 4.712311019447305, 1.5705392830442126, 4.712410704664571, 3.141964409074567, 4.713119662425832, 1.57025814664348, 1.5706887421950493, 3.141440246846721, 4.7129527614542575, 3.141484832157904, 1.5710397299886896, 4.712183201949871, 4.715794437902025, -0.009589997989198828, -0.00017249387564036034, -0.0005503561992940918, -3.389446301993519e-05, 3.141501206249549, 1.570690483066598, 3.141208948324881, 0.0002834797880625696, 3.141431259910944, -0.0004039689821514579, -0.0001961303054251911, 3.1424065477513428, 7.94625258754965e-05, 1.571103589037016, 0.0009089819369465795, 4.711604059039311, 1.5710552689480053, 4.712668633488657, 1.5707481112896495, 1.5709677622263025, 3.1428450910960923, -0.0023345181499082913, 4.712163549449888, 3.1409829447810855, 0.029801980939504133, 4.712346916940226]",0.0
257,1.5619227419300423,"[1.5701218683622404, 4.712261210842945, 1.5705924336810786, 4.712448816977433, 3.142084400113446, 4.713070770594791, 1.5702834795455582, 1.5707429750011475, 3.1414782601432525, 4.71291769468891, 3.1414696033238587, 1.571059084607627, 4.712146741090122, 4.715793583610325, -0.009592224275473276, -0.00038813661702677285, -0.0005366873748112278, -0.00012267796262514105, 3.141420706190865, 1.5706083133491844, 3.141308767019093, 0.0002872621348306063, 3.141417232002579, -0.00040842575982019203, -0.0001100352636394143, 3.142508007113027, -0.0001339121218238927, 1.5709791314719286, 0.0008165287847270178, 4.7115896212797415, 1.571079159669319, 4.712457474673096, 1.5711003165056685, 1.570356324665109, 3.1428341909547948, -0.002157191190405121, 4.711515230240258, 3.1408599282486978, 0.029878661497357416, 4.712290949213491]",0.0
258,1.5590544751999844,"[1.5701326946535408, 4.712308166434641, 1.5705234967278394, 4.712397521590484, 3.1421255906973626, 4.713028600267324, 1.570306394240189, 1.5703798193449319, 3.141533452989677, 4.71283489441932, 3.141524436533701, 1.5712471953236204, 4.71206595683525, 4.715786770649761, -0.009571112362362992, 8.130553722443697e-05, -0.0005234141292794867, 0.0001625489537009521, 3.141477829425385, 1.5706549324687349, 3.1412516565048576, 0.0003941325420692297, 3.141433490051196, -0.00028891518988189254, -0.0002093676804622285, 3.14248692224412, 0.00011031578116245341, 1.5710677261388568, 0.0008537537510044681, 4.711595307534566, 1.5709642304232574, 4.7127031425378, 1.5709040152961287, 1.5707160780729807, 3.142838390049325, -0.0022538860056849027, 4.712067640221574, 3.140940855090939, 0.02978072717620872, 4.712347615894057]",0.0
259,1.5581173551543068,"[1.570242842536755, 4.71228986622051, 1.570505489488058, 4.71236686081638, 3.1420229162701805, 4.713099710242851, 1.5703396703006758, 1.5703112018499603, 3.1415213440617964, 4.7128343871944045, 3.1415590817154433, 1.5710675130649627, 4.7120587116815935, 4.715748754352636, -0.0096505946139289, -0.00019597977803074052, -0.00014085653355259655, 0.00045854277049496393, 3.1412702852238237, 1.570682971209736, 3.1411383418971166, 0.00016122381738156846, 3.141397549663348, -0.0005429473612487143, -3.883031445562723e-06, 3.1424810612942013, 0.00013473855606640012, 1.5710969688606176, 0.0008680513170972929, 4.711541281727683, 1.5710043308699129, 4.712389568571046, 1.570883328476386, 1.5712623812112716, 3.142622667442939, -0.0024096587678651754, 4.711666535941019, 3.1410501765170906, 0.029963300145350282, 4.712258882460242]",0.0
260,1.554811892387707,"[1.570194183490431, 4.712388553440474, 1.5703962152527118, 4.71258299447609, 3.1420899649767016, 4.713236151066529, 1.5701589458370124, 1.5704126198579158, 3.1415031265640008, 4.712905465190086, 3.1414691791748166, 1.570986655751912, 4.7121841627882235, 4.7157347298137315, -0.009572538947398236, -8.528026071806644e-05, -0.0004793671271453786, 9.543624197189212e-05, 3.1416028433995393, 1.5706223556546743, 3.1411483920361567, 0.00030639607109860596, 3.1414429418085072, -0.0005419478162057582, -0.00023003614225502108, 3.142339467301701, 0.00022506782569047134, 1.5710798547115876, 0.000867766449545891, 4.711767904728529, 1.5709000713387258, 4.712604372446063, 1.5708777754384362, 1.5707511150420974, 3.1428359277125395, -0.0022695285255788776, 4.711954874762087, 3.141064733946601, 0.029888503435139692, 4.71237525725701]",0.0
261,1.5643776335952013,"[1.5700397615580513, 4.712183483640277, 1.570041901554376, 4.7128228907300205, 3.141873492258307, 4.712911985991161, 1.5704092335866027, 1.5706338677832807, 3.1414598478533815, 4.71281490276235, 3.141557995367231, 1.5710097201338757, 4.712053570896436, 4.715694920846686, -0.009597046812874217, 0.00020292393993675783, -0.00046513739364330227, 7.333096430873966e-07, 3.141720607685649, 1.5705285918240535, 3.1410632692088107, 0.0003089923949531501, 3.1414050186226974, -0.0002000293493140311, -0.00021638572434878452, 3.142589212161407, 7.379666607762843e-05, 1.5711525457516875, 0.000839068035904414, 4.711441714053848, 1.57116460819551, 4.712451101024906, 1.570740658729565, 1.570752414324372, 3.142555464171216, -0.0023992602205511046, 4.711904404289087, 3.1412108641076326, 0.03003068134539285, 4.71231922927268]",0.0
262,1.562244817577881,"[1.5700722694856375, 4.712247539772661, 1.5706058232649889, 4.712480918392172, 3.141970068349585, 4.713073957868018, 1.5702899164741595, 1.570302395214238, 3.1415250820843648, 4.7126773033070855, 3.141535424004079, 1.5711516611463512, 4.712159458851084, 4.715747085066482, -0.009655311435588529, -0.00013490223597324624, -0.0006252013414938414, -5.4971566726135434e-05, 3.141497032201318, 1.570696480844392, 3.1411422875402955, 0.00024194400235660283, 3.141430080063933, -0.0004140230780001507, -0.0001984770370180602, 3.142364452762012, 0.00012163993556887066, 1.5710954514299478, 0.0009386623891101355, 4.711671388222982, 1.5710396361869048, 4.71253279367883, 1.5707840474702797, 1.5707431505156295, 3.1427774504823525, -0.0025474766248846006, 4.711954441725363, 3.1410677267305687, 0.029910118340297442, 4.712348573702875]",0.0
263,1.5633947142622615,"[1.5702120894456266, 4.712376491491283, 1.5704118301596475, 4.712252007587237, 3.141907962674516, 4.712981898368195, 1.570389423600393, 1.5700209077216056, 3.141491569669509, 4.712769650002543, 3.141568562400432, 1.5705607434280267, 4.712266127836711, 4.715809798267347, -0.009624892747187487, -0.00014018936463210092, -0.0006036843584260873, -0.00010664007201911164, 3.14146237169378, 1.5707487145432624, 3.141252347862414, 0.0003182805249152597, 3.141294006257609, -0.00038589062230987497, -0.00022695327358337642, 3.1426333270536047, 2.2430455147189293e-05, 1.5712903314237985, 0.0008118905690934299, 4.7115602433528645, 1.57100551458896, 4.712608622508793, 1.5706759503154983, 1.5707963963753542, 3.142754364598135, -0.001895620767153234, 4.712017102855835, 3.1409844669486633, 0.029948825719907497, 4.712339485960917]",0.0
264,1.5603996843843646,"[1.5702750820333236, 4.712196427984035, 1.5705533102528901, 4.712475261548038, 3.1418667809640173, 4.713025859694569, 1.5702850100552537, 1.5704146810773232, 3.141487529456416, 4.712957483769025, 3.1414938744168035, 1.5710449180848158, 4.712149559106615, 4.715735102725314, -0.009569398174856395, -0.00014205843197423015, -0.0004464201787914918, 0.00012813369460978332, 3.1416143628316515, 1.5706679667368713, 3.1412009197690973, 0.0003724976419340941, 3.141419246990794, -0.00042828458047781633, -0.0002195189642553578, 3.142395643934126, 0.00019985850650463443, 1.5713556152422252, 0.0009660309216711399, 4.711522003747473, 1.5710527046262421, 4.7125800364004835, 1.5708388027204372, 1.570695710645014, 3.142791955599776, -0.002378938312774001, 4.711934039815936, 3.141011462836499, 0.029655213438911397, 4.712349634596651]",0.0
265,1.560866568444096,"[1.5698335390153448, 4.7125945205492865, 1.5704693410171409, 4.712297710581329, 3.142141180429039, 4.712995369473973, 1.5703180175062377, 1.570389211985048, 3.141359241119264, 4.712950665913873, 3.1414802758477482, 1.5708963342556015, 4.712282208142303, 4.715769478832809, -0.009505376506877463, 4.4765953154518226e-05, -0.00043615123066285326, 7.984976063187068e-05, 3.141494767637671, 1.570795865842049, 3.141009582027136, 0.00028807827468394864, 3.141277892403746, -0.00035625988349085826, -0.0002564374569960713, 3.1421803965074773, 0.00034113265603472065, 1.5708177284981129, 0.0008074110174686178, 4.7114370101295835, 1.57117202038039, 4.712484814442957, 1.5706453837857344, 1.5706727132449103, 3.1426713884927224, -0.0023839807826348653, 4.711770473643198, 3.1410344349394195, 0.029411711694447056, 4.712322515201896]",0.0
266,1.5669645743343947,"[1.5699925776614274, 4.712443582116685, 1.5703963156362113, 4.7122643275991125, 3.1420333085399386, 4.713084702847616, 1.5702772622244894, 1.570465054679111, 3.1414855629363676, 4.712819276388338, 3.141515451335833, 1.5712182042812528, 4.71217160116887, 4.715776977572671, -0.009649484073424669, -0.0001752319862679281, -0.0003292944262077639, -1.4577833688740472e-05, 3.141694247012102, 1.570669442204604, 3.1412213800184143, 0.0002977940982578693, 3.1414403090059455, -0.0003792386609083422, -0.0001948331977138892, 3.142422064407128, 0.00014198407258105299, 1.571287714772197, 0.0009136155872246331, 4.71157740306552, 1.5708711870056584, 4.712510463270672, 1.570766214774206, 1.5707443377426136, 3.1427424171189715, -0.002307883186550082, 4.71196052129532, 3.141010542991612, 0.029890924621446442, 4.712358041026757]",0.0
267,1.5640155800396678,"[1.5703327953719424, 4.7121977152062415, 1.5705105952944203, 4.712470141041822, 3.1420447337803328, 4.713002369218151, 1.5703573617211284, 1.5704404717014266, 3.141397006364685, 4.7128266078904915, 3.141562391938673, 1.5710801716945848, 4.711812087933475, 4.715899958478777, -0.009542146981193916, -0.0003234986420295033, -0.0004026981804083729, 0.0001598108183527523, 3.141937858097328, 1.5709352750056713, 3.1414212844380596, 0.000213537594649861, 3.1413127719843033, -0.00023251544100515143, -0.0003372067923124404, 3.142511995958872, 0.0003061773282776619, 1.5708266829047686, 0.0008137763056700827, 4.711839818476278, 1.5711054434026626, 4.712477258390594, 1.5704896419821557, 1.5707950690535513, 3.142942805273183, -0.0022821265469008234, 4.711904019441043, 3.1409753493322827, 0.02986602003438549, 4.7123371838463415]",0.0
268,1.5729146561824936,"[1.5700207880433699, 4.712303400931275, 1.5705405808950703, 4.712317813384808, 3.142016239733779, 4.7131285900505455, 1.5702241104348016, 1.5704083378604343, 3.141362587273426, 4.712868641988896, 3.141494921935995, 1.5710186454218835, 4.712059795602028, 4.715875082450588, -0.009630793509234358, -0.0001124647625360008, -0.00045190060432520395, 0.00011128266594550535, 3.141634694209768, 1.5705247075068598, 3.1410948255564715, 0.00020954160927435657, 3.1413052784047664, -0.000443804760660627, -0.0003295530426140695, 3.1426169838420455, 0.00019221222927239136, 1.571144207578064, 0.0009145056533648224, 4.711638313506604, 1.5711746256464456, 4.712614577330534, 1.5709690684792672, 1.5707470106766306, 3.1427890407883265, -0.002376827143318394, 4.712010803743808, 3.141050566970225, 0.029867513763939632, 4.712362092922456]",0.0
269,1.5588358771817132,"[1.5703136451013555, 4.712443051038561, 1.5706625128547083, 4.71229548172972, 3.1418288223498245, 4.712733137176245, 1.5704986982114473, 1.5704915729594717, 3.1414458190726697, 4.712879060209048, 3.141528293826071, 1.570879830634464, 4.712201181838444, 4.715710605235915, -0.009511097423131045, -0.00016173429127889566, -0.0003876323098896419, 4.635104998823664e-05, 3.1417057462567293, 1.570485058018842, 3.141063793111054, 0.0002691289474186309, 3.1414635239697257, -9.843111310292753e-05, -0.0001370392213083151, 3.1421669190250583, 0.00020082921526146764, 1.5709404136442073, 0.0008331477262229199, 4.711843173625177, 1.5708400930239639, 4.712465535983979, 1.571216216747523, 1.5707985517567804, 3.1426167465154373, -0.0023586689645039745, 4.712186472129315, 3.141041668929972, 0.02993510107408998, 4.7123376469975735]",0.0
270,1.5610147287822036,"[1.5701663843038303, 4.712383747343677, 1.5706699542737, 4.7125260395850495, 3.142012655322485, 4.7132062660983856, 1.5704747130262193, 1.5704646333082137, 3.1415357848878336, 4.713025080328731, 3.1417639146337546, 1.570952505684652, 4.712185807398674, 4.7158783694826125, -0.010168428826893219, 8.743937045591161e-05, -0.0004891445178800001, 0.00015769058056838676, 3.141840087898923, 1.5706633832652237, 3.141044096216895, 0.00024580949135474556, 3.141271711144827, -0.00039318326088140195, 5.1143080298893424e-05, 3.1424910222656917, -0.00018945923734343945, 1.571066829565029, 0.0008564044055608, 4.71170572712677, 1.5708119851771667, 4.712585447304918, 1.5707698033522255, 1.570759028699028, 3.142897529397279, -0.002384462088045233, 4.711924148675087, 3.1410778995349045, 0.029603564586017324, 4.71238079290633]",0.0
271,1.5560994232297825,"[1.5701085392113194, 4.712366540104042, 1.5706559171124401, 4.712405721024087, 3.1420135092321146, 4.7130506163350425, 1.5702654403833685, 1.5705350980836374, 3.1414866807049506, 4.712750865390796, 3.141515706977455, 1.5709490272088609, 4.712216304311699, 4.715721828896337, -0.009532091599884173, -0.0001018331723092246, -0.0004492081221482688, 0.00017408989066599776, 3.1416122374042024, 1.5705138412596016, 3.1411483345951408, 0.0004770940348114382, 3.141429534531429, -0.0003707205880160336, -0.0002211687113576767, 3.1425630840973993, 0.0001186453514605137, 1.571098026066216, 0.0009127298115106491, 4.711649907030204, 1.5709092105071025, 4.712660889693949, 1.5706514206497408, 1.570750289761461, 3.1428161208541048, -0.0024053834133864406, 4.711890548420661, 3.141071844160393, 0.02987674242214752, 4.7121565710374]",0.0
272,1.5550860200190741,"[1.5700953946451701, 4.712278752583209, 1.5705689366377171, 4.71241749407083, 3.142023520554066, 4.713081024228962, 1.5702774194809679, 1.5704267539509165, 3.1413777955300763, 4.71286225360386, 3.14151781683799, 1.5710439726985743, 4.712202312444627, 4.7156053702597465, -0.00967169225390377, -9.384058082884415e-05, -0.0004352554234278801, 0.00011289096570830122, 3.1416267949381353, 1.570676439703282, 3.1412165638135336, 0.0002925204153897018, 3.141467695640349, -0.0003764595189782976, -0.00021559178794376165, 3.1424511144698197, 0.00010373401277067034, 1.5710828856148207, 0.0008805546101441913, 4.711592036377007, 1.5710436384303967, 4.712594287776387, 1.5708191787123762, 1.5707638420882228, 3.1427834259422616, -0.0022976100472502994, 4.711979490800953, 3.1410614779234414, 0.02986855348437857, 4.712364251467327]",0.0
273,1.5636532901882272,"[1.570110783287273, 4.712230304367851, 1.5706174538173188, 4.712410753877657, 3.1420934282512043, 4.713139298382933, 1.5703067758285034, 1.570373949696442, 3.1416135870043154, 4.712963312056062, 3.1414850235977907, 1.571018250473293, 4.71222895930392, 4.715847816461752, -0.009522493149442788, -0.0001334192663533182, -0.00047083109091741813, 8.349214105032762e-05, 3.141752648509361, 1.570720047307267, 3.1411572312415945, 0.0004843073860441578, 3.1415159957483794, -0.00046721891296372766, -0.0001398095353768541, 3.1424744479145854, 8.856887737171334e-05, 1.5709697915143144, 0.0008597353111923341, 4.711411600872894, 1.5710254704818654, 4.7124920346573465, 1.5708529313525512, 1.5707845313922577, 3.1427341961912862, -0.0023494105896538797, 4.712048743880448, 3.1411179170852024, 0.02994153034553249, 4.712388068060382]",0.0
274,1.5553292805355456,"[1.5701094907945716, 4.712315689564653, 1.5705458237031868, 4.712418047648061, 3.1420066289926485, 4.7130980880301605, 1.5703791202343411, 1.5704402924715963, 3.1414730451757222, 4.7128720969951265, 3.1413932957651576, 1.5710365321848803, 4.712162543378411, 4.715728283933799, -0.009607596201665016, -8.23935836584019e-05, -0.0004345030512166004, 9.302429785918394e-05, 3.141604278030329, 1.5707062030623027, 3.1410889654210594, 0.0003264071647665173, 3.141439652279634, -0.00039541994953650654, -0.00020351875333607966, 3.1424780496509768, 0.0001070667514605929, 1.571145213452426, 0.0007691200751453003, 4.711617583314081, 1.5710256949086738, 4.71254865673817, 1.5708070294190548, 1.5707558816389946, 3.142867721884224, -0.0023731041424651035, 4.711984445992928, 3.140982192350319, 0.02988624984053392, 4.712354023531635]",0.0
275,1.5607961307639324,"[1.5701358225067619, 4.712372170115522, 1.5705833929573447, 4.7124449056753805, 3.1420220910539247, 4.712956683558404, 1.5701422685145237, 1.5704521564901333, 3.1415001803281375, 4.7128844898497375, 3.1415286974798775, 1.5709760532936696, 4.712090143849357, 4.715663933851417, -0.009606494779076083, 3.66925417813891e-05, -0.0003533142040070944, 4.4049599916297735e-05, 3.1416415554424537, 1.5707938221735367, 3.141106151549208, 0.0003615681965923443, 3.1414222025772958, -0.000526855080003137, -0.00016702048302873315, 3.1424917722372006, 3.035859083062036e-05, 1.5710755767344988, 0.001015828014398802, 4.71166129730298, 1.571064162644841, 4.7125076735675275, 1.570799071265244, 1.5707318168613007, 3.142732437424702, -0.002378203972296585, 4.712038650296289, 3.1407765939961307, 0.02991932303220745, 4.712325631481754]",0.0
276,1.5668094760379971,"[1.5701483613860905, 4.712271495645332, 1.5705627757092342, 4.712434946141128, 3.142001364819033, 4.713074552471492, 1.5702812126421537, 1.5704742187929441, 3.141486996111409, 4.712868640777058, 3.1415168559902225, 1.5710811898235417, 4.712333229244267, 4.715784162786217, -0.009625846966833228, -5.484135011176887e-05, -0.00045881651030108743, 0.00010513162941297478, 3.141624935185818, 1.5706981743222515, 3.1411660258755942, 0.0002736825337032198, 3.1413568229142883, -0.0003842405192643172, -0.00018328586574487462, 3.1424973079790735, 0.00020551521016318276, 1.5710951568955502, 0.0008559152498025695, 4.7116013577541995, 1.5710155619762751, 4.712582141490224, 1.5708082154505196, 1.5707562700790305, 3.1427529645707453, -0.0023308384703435974, 4.71196798898178, 3.1409425898131857, 0.02991479866289168, 4.712347102750168]",0.0
277,1.568160506601945,"[1.570097987858962, 4.7123133673269075, 1.5705184339159062, 4.712399921788644, 3.141983620592117, 4.7130375845643435, 1.570265238725077, 1.5704557158631103, 3.1414781074584486, 4.7128724235880055, 3.141471469824048, 1.5710382511318204, 4.712177076239742, 4.7157666802271265, -0.009637809559911985, -0.00010158262436994282, -0.0005199111455694, 0.00016335292398233765, 3.1416274007819447, 1.5706997003987462, 3.1411573020734176, 0.0003176238607076496, 3.1414174986862724, -0.0004075868392976827, -0.00020170583793331363, 3.1424458161054014, 0.00010319460395308823, 1.5710980824326903, 0.0008846338454874358, 4.711596928830674, 1.5710024206802928, 4.712571372605808, 1.5708146487202392, 1.5707561364568932, 3.1427767965800957, -0.0023383729206910135, 4.71197076927918, 3.141009240349678, 0.029890949958284407, 4.712355934831978]",0.0
278,1.568263984231513,"[1.5700966604806708, 4.712307955068419, 1.5705996680431258, 4.712473473434595, 3.1419945539852723, 4.7130157738619305, 1.5702326384679608, 1.5704393594144068, 3.1414915883310024, 4.712894438155361, 3.141412022687424, 1.5710319584086128, 4.712179304861709, 4.715824969480829, -0.009713149021795715, -6.676429610400034e-05, -0.00036415406057880586, 6.757922453704768e-05, 3.1415558608319882, 1.5707006950210374, 3.141185513400645, 0.0003752474766082661, 3.1413920994501465, -0.00034894893552473013, -0.0002510125442934675, 3.1424168346871695, 0.0001238975235947307, 1.5711005370524154, 0.0008923461356751051, 4.711606496835615, 1.571018286072298, 4.712583706297255, 1.5708072226088041, 1.5707669262739694, 3.1428074417165037, -0.002312853360523658, 4.711961040539738, 3.1410788846304185, 0.029918296135846317, 4.712364748197116]",0.0
279,1.5653666106036164,"[1.5700507426366281, 4.712251985611566, 1.5705365211497344, 4.7124168340532675, 3.1420218440962007, 4.713059512086014, 1.570289999051643, 1.5704425741147856, 3.141493795563606, 4.712891212915489, 3.141508449537228, 1.570995186466891, 4.712183861540786, 4.7157811394873415, -0.009604319616116153, -7.594134992745341e-05, -0.0004373794507262682, 0.00011888611930706305, 3.141606873930805, 1.5706913284062094, 3.1411828430165327, 0.00030059722683785004, 3.141428394029025, -0.00037459871861067137, -0.0001910707657190943, 3.142432889436767, 0.00011610087270810564, 1.5711184790898407, 0.0009002955014837699, 4.711625529740753, 1.570999713952927, 4.712583244529798, 1.5708164571549015, 1.5707524613788875, 3.142805828698456, -0.002353044465601726, 4.711968892328981, 3.141004406983054, 0.029891461304997202, 4.71235521919313]",0.0
280,1.551707563500675,"[1.5700306257280712, 4.7122689848765305, 1.5705915612917762, 4.712459366171809, 3.1419468806540953, 4.713050761503537, 1.5702946467973582, 1.5704155737992862, 3.1414544338404036, 4.712972095263661, 3.141524485212296, 1.5711097500040059, 4.7121703945540885, 4.71572891801209, -0.00955897298523418, -0.00010774596762167493, -0.0004639782990281854, 9.26377718376907e-05, 3.141577288958018, 1.570712502840767, 3.1410877021622103, 0.0003473287459573522, 3.1413950595081084, -0.00040597260094186284, -0.00021836335067858676, 3.1425131617818036, 0.00010715038099843697, 1.571096685965798, 0.0008764723740257443, 4.711690540886017, 1.5709498024128101, 4.712542377505736, 1.5707876781573549, 1.5707695449550567, 3.1427445288960767, -0.002267744159259271, 4.711965228122146, 3.1410525597824335, 0.029861784445502734, 4.712363016305833]",0.0
281,1.5598648320978228,"[1.570105744133564, 4.712313622048103, 1.5705330095013113, 4.71239932072304, 3.142013441212183, 4.713046871432379, 1.5702871702324184, 1.570456444693322, 3.1415041590652835, 4.712908800282446, 3.1414997408579377, 1.57104517000086, 4.712192108486236, 4.715753817816967, -0.0096274267682584, -9.131096563184397e-05, -0.00045713162182653145, 0.00011972965394238365, 3.1415773837663825, 1.5706895629036441, 3.1411708192805863, 0.0003333866571779789, 3.141410840746355, -0.00039537111938573675, -0.0001626645472944231, 3.142478288252778, 0.00013260378742976174, 1.5711105622038208, 0.0008954927746638458, 4.711656138335877, 1.5710513278700615, 4.712545777958496, 1.57079264567725, 1.5707281230117591, 3.142788939668094, -0.0023382746782520465, 4.711998112330795, 3.141064034839547, 0.029887348561866638, 4.712365712851495]",0.0
282,1.5692987605271904,"[1.5701305522204207, 4.712337793868295, 1.5705914622515351, 4.7124471480600745, 3.1419887570765708, 4.713104903746175, 1.5702744941609978, 1.570449701813174, 3.1414315511001774, 4.712936607092294, 3.141518205098279, 1.571016178245129, 4.712143267207411, 4.715785535049353, -0.00961469978483836, -7.215621095364025e-05, -0.0004592871637749425, 0.00012959742952343292, 3.141526514245589, 1.5706763985861596, 3.1411742323496137, 0.0002450264356877765, 3.141470914120654, -0.00036770568001720007, -0.00023304251779237455, 3.1424905352970893, 0.00013645851604994353, 1.5710994827651796, 0.0008833125077175579, 4.711548835842331, 1.5709296886509938, 4.712487039668063, 1.5707565951710416, 1.5706794985927093, 3.1427697210385808, -0.0023572738569742117, 4.7120350131436926, 3.1410216146089813, 0.029909064902786643, 4.712357838979142]",0.0
283,1.5530469513054876,"[1.570071467212358, 4.712306567893155, 1.5705299254074712, 4.71247136445559, 3.14196931866226, 4.713048159409714, 1.5702854913089501, 1.5704680869183014, 3.1415019446164316, 4.712868868676471, 3.1415022936270858, 1.5710295189380148, 4.712139676626392, 4.715743531216175, -0.009615420777654718, -7.165184597980815e-05, -0.00045712018283061126, 9.342501076106956e-05, 3.1416104465201653, 1.5706788456425558, 3.141154628237841, 0.0003060413963990907, 3.1413973088133984, -0.0003808946343765735, -0.0001644005034340811, 3.142481760200782, 0.00015088370687291438, 1.5710976509909558, 0.0008812395364617692, 4.711572408910024, 1.5710053769349066, 4.712565317393104, 1.5708124404537065, 1.570754759200061, 3.142783794166721, -0.002317632574651362, 4.711978604730692, 3.1410405556693735, 0.029892658332637465, 4.712361818591464]",0.0
284,1.5578069222656037,"[1.57014188707834, 4.712335096150561, 1.5704514896904949, 4.712496080353295, 3.1419990106959905, 4.7130336234720716, 1.5703175544031511, 1.570457707254381, 3.141444267934535, 4.7129124516672825, 3.1415331782353557, 1.571055779054614, 4.712195758924524, 4.715796372285793, -0.009581512497133977, -3.094510437488199e-05, -0.0004580533171589347, 6.267894906668316e-05, 3.141618246518169, 1.5706919839734224, 3.141116368373955, 0.00031445726447088717, 3.1415129815689427, -0.00033051840097101005, -0.00023169562617201333, 3.142512797223039, 6.351471658507885e-05, 1.571111084548411, 0.0009051794729313393, 4.711617409383224, 1.571062464075874, 4.7125917015036425, 1.570801241732511, 1.5707875898911985, 3.142742331630275, -0.00235796350241646, 4.711913770521214, 3.1410650882418225, 0.02989755777207858, 4.712359540133676]",0.0
285,1.5477637708179652,"[1.5700635651815424, 4.71234109470548, 1.5705439904393559, 4.712418921881653, 3.1420109745812836, 4.713048172431061, 1.5702819114096784, 1.5704406509054292, 3.141461738282979, 4.712902860836335, 3.141494488881686, 1.5710226052994551, 4.712198040407062, 4.715772585684175, -0.009603502768550834, -6.635039635253555e-05, -0.00047231060504020537, 8.130544348489624e-05, 3.141610615033667, 1.5707049480455482, 3.141139490329646, 0.0003210035142949681, 3.141412163606731, -0.00037632069012549736, -0.0002193624402637144, 3.1424346954872835, 0.000144253736413882, 1.5710725951626863, 0.0008828759486741748, 4.711596695641148, 1.5710244440382235, 4.712567602571565, 1.5707854902579332, 1.5707185220402984, 3.1427782446344543, -0.0023384271432518844, 4.7119653765102365, 3.1410268029771435, 0.029827083908718476, 4.712358944769522]",0.0
286,1.5702242378137319,"[1.570108231812244, 4.712377722855662, 1.570574431391398, 4.7123983536924925, 3.1420131543640046, 4.713065118904306, 1.5702964052862483, 1.5704064753377738, 3.141485522818891, 4.712889240265139, 3.1415211906422225, 1.5710397658000788, 4.712160325958604, 4.715769360265587, -0.009591197303942228, -0.00011222740629792409, -0.00039369578408186205, 0.00015384776168173906, 3.14151578315252, 1.570726300580883, 3.14113355516791, 0.00027288991811353844, 3.141433521191695, -0.000412119014237218, -0.00014013592309113516, 3.1424575291993153, 0.00015472386434371236, 1.571060643823528, 0.0008911794457829381, 4.711575669569717, 1.571023386884953, 4.712566557278924, 1.570822476555642, 1.5708651328300345, 3.1427710575097496, -0.0023368713147144714, 4.71187853982032, 3.14102756475508, 0.02983014790334635, 4.712350379464623]",0.0
287,1.5537771160920297,"[1.5701188803689072, 4.712276207854524, 1.5705519924585132, 4.71241286874508, 3.1420101483266714, 4.713046527784686, 1.5702429265306954, 1.5704505151749808, 3.141478831183026, 4.712867668433968, 3.141517095356059, 1.5710501947048532, 4.712173124103013, 4.715786153006369, -0.009616972917845652, -9.131257719926249e-05, -0.0004531763770886314, 0.00010762335968069091, 3.1416097347274397, 1.570679849588016, 3.141099447587431, 0.00029916653351194373, 3.1414500123583826, -0.0003666617783079643, -0.00019330063177413792, 3.1424509390261224, 0.00012310037735294515, 1.5711008487065696, 0.000887371986973103, 4.711609297014187, 1.5710199102030522, 4.712540792118965, 1.5707831073957503, 1.5707600045839927, 3.1428191501226532, -0.0022912458904769365, 4.711972096558124, 3.141027308447299, 0.029875291769347924, 4.712359824128665]",0.0
288,1.5531043933518858,"[1.5701555547309132, 4.7123080139316045, 1.5705559267653977, 4.712446503731427, 3.1420009003010607, 4.713051474550903, 1.570313872894, 1.5704343877397478, 3.14146193636859, 4.712886759166905, 3.14151470305634, 1.571053705856469, 4.712090430900917, 4.7158000792652, -0.009593291010623116, -0.0001508483087670095, -0.00044773139821304017, 9.67854890345348e-05, 3.1416947582914805, 1.570764128674337, 3.1412422366251995, 0.00029990692365723556, 3.141401151102091, -0.00035599596145365054, -0.00023361340183226465, 3.1424924966191212, 0.00016510171300466184, 1.5710369289157682, 0.0008797966599409414, 4.711670564071792, 1.5710193927821217, 4.712570035200905, 1.5707429215294622, 1.5707616908722644, 3.1428187337261084, -0.002333637198246602, 4.711957662062906, 3.141012857045301, 0.029877332537419202, 4.71235756612342]",0.0
289,1.5503565329367264,"[1.5701041686375303, 4.7123023734051666, 1.5705571231409081, 4.712425365789702, 3.141999195548006, 4.7130888462426, 1.5703312166370906, 1.5704541191239862, 3.141479144086376, 4.712869486545736, 3.1414546573134277, 1.5710404380482956, 4.712176487785107, 4.715774434910814, -0.0096187263792972, -8.007568500863538e-05, -0.0004557950366272824, 0.00011217719155336248, 3.14160055571555, 1.5706841375729645, 3.14114338920324, 0.0003113715007846676, 3.141431477411294, -0.0003857007226569538, -0.0002022460966943251, 3.1424664571890437, 0.00012351609829201158, 1.5710900806515702, 0.0009627615441091975, 4.71161894263823, 1.5710066486357266, 4.712568916739197, 1.570794939049225, 1.5707516389909766, 3.142760881130222, -0.0023034574492945144, 4.7119682943207595, 3.1410146374350596, 0.029878684653611078, 4.7123860406027225]",0.0
290,1.565548903364551,"[1.5701033770007433, 4.712329747647054, 1.5705773306675224, 4.712418546207711, 3.1419893591325136, 4.713035099077738, 1.5702490837318552, 1.5704589205119994, 3.141476313443209, 4.712864038301975, 3.1415252639606672, 1.5710201331678153, 4.712190203770628, 4.715761432432227, -0.00958848308311298, -9.866656815937814e-05, -0.00045504418075794224, 9.859352108326098e-05, 3.1415971776747993, 1.5706608109611753, 3.1411618022237544, 0.00034787769240256656, 3.1414315234010775, -0.0003834496143099043, -0.0002040332408353128, 3.1424991067294754, 0.00011224877702308802, 1.5711061316710733, 0.000859810450880101, 4.7116183904000195, 1.570980079597886, 4.712599541005438, 1.5707895217544545, 1.5707555147699892, 3.142800690043351, -0.0023709217285553547, 4.711946793372292, 3.1410067232102747, 0.029873357130200805, 4.7125708591197695]",0.0
291,1.557916221274739,"[1.5700782007754441, 4.712295211233106, 1.5705400609227218, 4.7124451001672165, 3.142018003916642, 4.713069457128323, 1.5702411744081899, 1.5704405895326299, 3.141474684395632, 4.712874724044824, 3.1414601169353853, 1.5710445254981449, 4.712196081359401, 4.715778634673836, -0.009613629061355829, -8.005168021389213e-05, -0.0004617202434576431, 0.00011014898907051079, 3.1415984741103515, 1.5707390025167132, 3.1411704578248396, 0.0002947297815617042, 3.141434389275358, -0.0003998462809577991, -0.00018779277009056352, 3.1425279649888838, 0.00010769962370874708, 1.571116112394375, 0.000902402933836565, 4.7116028187786485, 1.5709977373739723, 4.712569409211039, 1.5707924662619037, 1.570752572308915, 3.1428040872284897, -0.0023379181251093977, 4.711963516337186, 3.141045669601705, 0.029847627211195302, 4.712360193416053]",0.0
292,1.5685827079531367,"[1.5701369614666036, 4.712340861609979, 1.57058307831491, 4.712412640853288, 3.1419745140967805, 4.712983468069692, 1.5702867516645822, 1.570446655736124, 3.1414662990189344, 4.712861274365129, 3.14145416335602, 1.5710036885446301, 4.712210498095254, 4.715768097076537, -0.009576728583809254, -0.00010427062859590988, -0.00044554614183116845, 6.87954202685134e-05, 3.1416406742806857, 1.5706946427851336, 3.141145183903025, 0.000273490727440674, 3.1414538800732195, -0.00032157684964842184, -0.00016074113638103933, 3.142473325173343, 0.00012500585917996432, 1.5710786855963772, 0.0008996994388498871, 4.711669838394856, 1.5709384518689091, 4.712547786320184, 1.5709264184727236, 1.5707598801587739, 3.1427663066180984, -0.002344083807123971, 4.712035932556687, 3.141063996985941, 0.029836563686264715, 4.712343691387097]",0.0
293,1.5666913275114505,"[1.5701083143577688, 4.712302684814492, 1.5705430438929873, 4.712384285557098, 3.141957786768172, 4.7130693670389086, 1.5702775547127512, 1.570432069570031, 3.141477318019772, 4.7128902391125145, 3.1415059002615426, 1.571039007931939, 4.712174453673604, 4.715764367737235, -0.009615991333037265, -2.9265703373165137e-05, -0.00044852111294138775, 0.00011246032298270455, 3.141614151829299, 1.5707280210906658, 3.1411387924176766, 0.00031492048436448927, 3.141435047269456, -0.00039576276230798147, -0.00021274960486508763, 3.142464754161693, 0.00015439250883008424, 1.5711030476522354, 0.0009002165112576331, 4.711614257613138, 1.5709878515296443, 4.712596635737598, 1.5707915475721919, 1.5707797155315486, 3.1427948011139297, -0.002353360291319929, 4.7119950856752775, 3.141062161931471, 0.029894540854194226, 4.712365722274234]",0.0
294,1.55842778804301,"[1.5701260344475647, 4.712289539942289, 1.5705659682065043, 4.71235906158582, 3.141951408506142, 4.713093295878847, 1.5702796803919743, 1.5705210766479416, 3.1414829037436522, 4.7129063991074425, 3.1415125858904664, 1.571043097408232, 4.712161028228312, 4.715768020678087, -0.009608376092179302, -8.629155556548556e-05, -0.00047284610834198785, 2.279318042545375e-05, 3.1415692885284767, 1.5707286809228345, 3.141171924104767, 0.00031655362069279123, 3.1414423191250176, -0.00041662743565363516, -0.00019115049520891506, 3.1424787967852104, 9.009543842630748e-05, 1.5710603458957852, 0.0008868800263955045, 4.711603012502986, 1.5710000153607695, 4.712592045739146, 1.5708756298950377, 1.5706611297532274, 3.1428247022938365, -0.0022981163759924475, 4.7118620575249155, 3.141032902669734, 0.029906428364824513, 4.712339670281879]",0.0
295,1.5629808037439905,"[1.5700922412642788, 4.71231129148104, 1.5705717815096174, 4.712447886984245, 3.1420056631128346, 4.713076585232675, 1.5702850104292487, 1.5704838730252628, 3.1414785073707905, 4.712915729957604, 3.141513421788252, 1.5710801061993, 4.712170050519003, 4.715778045129428, -0.009659891737050785, -7.026397096958983e-05, -0.0004430742106091845, 0.00012880732673270804, 3.14163631919018, 1.5706843881629502, 3.1411379073307, 0.00030643851241170017, 3.1414270458002904, -0.0003882655888881315, -0.0001798410463948905, 3.142457893398456, 0.00010718337626702019, 1.5710876197625463, 0.0008966553337062924, 4.71162293675167, 1.570992240820094, 4.712567911972739, 1.5708209261253605, 1.5707519227028544, 3.142795833495267, -0.0023804717284525195, 4.711961969371891, 3.1410344808235657, 0.029853930131690822, 4.712363251213323]",0.0
296,1.5550130262672748,"[1.5701213645827843, 4.712359867801973, 1.5705709793098208, 4.712434714046785, 3.14199266027244, 4.713084341576458, 1.570332266944149, 1.57035939777785, 3.1414984957075016, 4.712902939983785, 3.1415695666417562, 1.5709661168870068, 4.712192179909149, 4.715801041625616, -0.009709979108735079, -8.431439432384325e-05, -0.000501590152214578, 5.256848718889449e-05, 3.1416266194629774, 1.5706864687347213, 3.1411477658083307, 0.0003110203593548606, 3.1413909585942092, -0.000393898082673905, -0.000163147037730886, 3.1425013259877397, 5.2983306173294025e-05, 1.571141934894878, 0.0008847828897801226, 4.711614409620565, 1.5709865314542117, 4.712604006340327, 1.5707855021152282, 1.5707616566934244, 3.1428086533615756, -0.002262711428992418, 4.711985192626341, 3.1410161166875867, 0.029848223117487995, 4.712348353999407]",0.0
297,1.557756418177496,"[1.5701046270507821, 4.712311611623053, 1.570541954650967, 4.712442092216474, 3.142001958661074, 4.713073524748383, 1.5702712795505647, 1.570432697353651, 3.14139877297268, 4.71288748360487, 3.1414929911312175, 1.5710392614654747, 4.712172138479486, 4.715800177481683, -0.009605929825915384, -7.547779318023626e-05, -0.00046662875939845446, 9.980579637136714e-05, 3.141600894022982, 1.5706924544831127, 3.1411607506336594, 0.0003489077099764046, 3.141424819260132, -0.0004010322809544081, -0.00013888448643710748, 3.1424489751936053, 0.00013778396578419664, 1.5711102093458043, 0.000889872928091803, 4.7116243403131834, 1.57099775464726, 4.7125697736119285, 1.5708127220205657, 1.570754924472218, 3.142789177085652, -0.002331520107420553, 4.711967509960656, 3.14102544543207, 0.029899649752502144, 4.712360742420456]",0.0
298,1.567832609574539,"[1.5701451005049383, 4.712353839221262, 1.5704824711387302, 4.712504721088728, 3.1420442887068702, 4.7131403032730335, 1.570222532688421, 1.5704287710297744, 3.14153590215258, 4.712906993296786, 3.1414880887561614, 1.5710151162761066, 4.712187992665412, 4.715736706204254, -0.009593640481079968, -9.672891922164986e-05, -0.0004618423309567333, 9.754512567698182e-05, 3.141604340120346, 1.5706577382620903, 3.1411483541487937, 0.00029752476498330155, 3.141441686733239, -0.0004608090292667924, -0.00025250811267216454, 3.142416906885407, 0.0001638497028658534, 1.5710849740957429, 0.0008799872575367736, 4.711681357636235, 1.5709587646678442, 4.712588817220058, 1.5708424774189604, 1.5707553214492598, 3.142804857671733, -0.002299894983852118, 4.711964908052513, 3.1410437321333906, 0.0298823987338861, 4.712363345321291]",0.0
299,1.553966607212462,"[1.570074104309422, 4.712341194961475, 1.5705322114729818, 4.712397562435025, 3.1420137325383637, 4.713072373944988, 1.5702827138932358, 1.5704428719212231, 3.1414834503487383, 4.712882326213525, 3.1415127519550365, 1.5710834043202404, 4.712181751297682, 4.715773325344303, -0.009612346678299492, -0.00010351980491901555, -0.00040608963388140016, 5.5860091900397296e-05, 3.1416216928150353, 1.5706867868836354, 3.141170152518542, 0.0003145946636392035, 3.141438593185079, -0.0003824497162208102, -0.00019553373337902422, 3.1424687121303196, 0.00013337257581687642, 1.5711459136256727, 0.0009010896013701349, 4.711602659346334, 1.570980067180735, 4.712558230137775, 1.570797940142831, 1.5707530756466972, 3.142777924458829, -0.0023296218022080635, 4.711973114094656, 3.1410249432887967, 0.029886339960453992, 4.712357751611821]",0.0
300,1.5624692369757196,"[1.570080458067541, 4.712350345670251, 1.5704814468671893, 4.712381086786264, 3.14196192017308, 4.712993604461106, 1.5702682508581944, 1.5704498630348938, 3.1414725256968357, 4.712874371955415, 3.141452603175735, 1.571072357793992, 4.7121681679818375, 4.715768949979773, -0.009652283331844069, -0.00015596732830468597, -0.0005534489644049807, 0.00017705480562050726, 3.1416363552152102, 1.5707002450424112, 3.1411642892333593, 0.00033515387024151105, 3.141410117680399, -0.0004047358564134464, -0.0002477377428969601, 3.142434509887699, 5.7445428385625885e-05, 1.571113832538051, 0.0008685481617977412, 4.711571479955033, 1.5709813463195614, 4.712549434488653, 1.5708044277912265, 1.5707652271161705, 3.1427251003543644, -0.0023073547426679325, 4.711946080778114, 3.140986489243451, 0.029912823063398205, 4.712339097515182]",0.0
301,1.5605031620139327,"[1.5700726866457593, 4.712350818826116, 1.5706079674096811, 4.71244561832333, 3.1419978304044833, 4.713067382702192, 1.5702784450829568, 1.5704575916258514, 3.14148809863341, 4.712887238307005, 3.1415057318492, 1.5710449022041093, 4.7121791189788045, 4.715771945194807, -0.009594462226083848, -7.626804124914881e-05, -0.00048808708797434667, 0.00012376979795765072, 3.141620102687607, 1.5707212724792625, 3.141162347941817, 0.00030985986088680846, 3.1414534927580218, -0.00037277179693013477, -0.0002065079903600886, 3.142456986509487, 0.0001340423785426856, 1.5711482245653774, 0.0008932175041638443, 4.7116197918994, 1.5710427921607943, 4.712571680676459, 1.5708217053126652, 1.5707536859117555, 3.142791310452393, -0.002308535815552654, 4.711965369731887, 3.1410286303524364, 0.02990522824836896, 4.712360071801839]",0.0
302,1.5629079190513346,"[1.570092625070114, 4.7123168935601605, 1.5705492239722747, 4.712430660875957, 3.1419877871971695, 4.713056052876903, 1.5702786881621615, 1.5704444666699306, 3.141469342647821, 4.712909899912583, 3.1414959993493614, 1.5710235344851569, 4.712194648393447, 4.715761086931848, -0.009623040459232717, -0.00010943542805210561, -0.00045905314156150976, 9.966696414203871e-05, 3.141612616682399, 1.5707002310533926, 3.1411410597601526, 0.0003083091355234668, 3.1414254558226453, -0.0003849143752060889, -0.00019901663705727064, 3.142471849394196, 0.00013116310339272706, 1.5711060271623623, 0.0009121956646958108, 4.7116079069783225, 1.571007038174713, 4.712558786246497, 1.5708047762192057, 1.5707616602186907, 3.1428033552290997, -0.002346395318267168, 4.7119592832118435, 3.1410300983142987, 0.029901431572090124, 4.712361924315378]",0.0
303,1.5575552842979286,"[1.5701023104274727, 4.712319375680074, 1.5705413527004153, 4.7124264344333975, 3.1420279517202103, 4.713041286462916, 1.5702870579596682, 1.5704181077755242, 3.141483825078345, 4.712909048714299, 3.141503042324094, 1.5710825970948332, 4.712169274850443, 4.715755702589361, -0.009608848175562155, -7.406085257597818e-05, -0.0004843529587192426, 0.00011045911367797462, 3.1415780290912303, 1.5706880844653495, 3.1411596736721608, 0.0003424092515263679, 3.1414232299413833, -0.00034915864338015554, -0.00020653326171675808, 3.1424859722577945, 0.00013247477710983538, 1.5710883829639992, 0.0009198839513195889, 4.711590865945193, 1.5709940593142033, 4.712592743103918, 1.570834453235532, 1.5707542815205093, 3.1428350538319507, -0.0023283102782243035, 4.71198424857943, 3.140998798209806, 0.02988372237358975, 4.712355079786338]",0.0
304,1.5643260129283711,"[1.5700996710248503, 4.712315570975835, 1.5705642379656966, 4.712421665416578, 3.1419970832504003, 4.713057557550755, 1.5702786058281153, 1.5704524573227048, 3.14147891318952, 4.7128812570510314, 3.141499801652669, 1.5710297548465766, 4.712183276581772, 4.715766557945505, -0.009608260110072802, -7.663116105433441e-05, -0.0004642306114946532, 0.00010681174456647974, 3.1416044113634367, 1.5706691971099653, 3.1411658131790765, 0.0003336368645368869, 3.1414275562922613, -0.00038584134950393875, -0.00020837233513539466, 3.142481877555309, 0.00012123369721305252, 1.5711035828031281, 0.0008932741856183159, 4.711617669115548, 1.570996912408565, 4.712559338973784, 1.5707968059795114, 1.5707696063837557, 3.1427909769904216, -0.002341598256680232, 4.711955697920114, 3.1410293856055342, 0.02987974618204346, 4.712339160283426]",0.0
305,1.5605431399216274,"[1.5700995436823701, 4.712318948595113, 1.5705648103847771, 4.712438045947034, 3.1419985620834154, 4.713050179712691, 1.570279474424485, 1.5704471160841948, 3.1414782286595826, 4.712872505325645, 3.1415026065788303, 1.5710391345124637, 4.712181179752068, 4.715770615024381, -0.009600472065146418, -0.00012972699644538558, -0.0004357836155231775, 0.00012269196187715862, 3.1415960958508258, 1.5706895256799542, 3.1411243549327184, 0.0003241925019916774, 3.141437612064353, -0.0003883341433648581, -0.00019039963513286623, 3.1424768520023294, 0.00011502169167475856, 1.5710970627362435, 0.0008900904479454553, 4.711605846982553, 1.5710052650812494, 4.712648753844037, 1.5707814945182055, 1.5707159932331618, 3.142771483204531, -0.002342810075871402, 4.711986929732705, 3.1410309571623607, 0.02989210288779971, 4.712331217420503]",0.0
306,1.569402238156758,"[1.5701001167239677, 4.712305632944224, 1.5705582065598191, 4.712440293345229, 3.1419922384741703, 4.713053988984099, 1.5702851863158906, 1.5704298404264665, 3.1414897964561734, 4.712872313388899, 3.14150298939573, 1.571054218193107, 4.712185339078226, 4.715762240846025, -0.009619669489301128, -9.10961098759958e-05, -0.0004761070546369988, 8.79533539573906e-05, 3.1415883672168294, 1.5707064956389891, 3.1411581383376177, 0.00031181546906396747, 3.1414376543862756, -0.00038547721041913503, -0.00019137900347709978, 3.1424488966551776, 0.00011680450401202802, 1.5711001261483653, 0.0008949204844625628, 4.711616600569959, 1.5709996275186364, 4.712565094664931, 1.5707963800880052, 1.5707552676542806, 3.142784785843523, -0.0023544992687958566, 4.71196639588924, 3.1410289607428785, 0.029888486428257095, 4.712358431858524]",0.0
307,1.5674361631949711,"[1.5700823497352752, 4.712298401232573, 1.5705566320316875, 4.712413059573052, 3.1419995078743197, 4.7130707928887565, 1.5702706774061148, 1.5704128850940686, 3.1414594659532957, 4.712879517502731, 3.1415011995373776, 1.571052014439108, 4.7121483980353815, 4.7157991500178476, -0.009620195325633433, -9.782933815666816e-05, -0.000467092648546871, 8.544049252712458e-05, 3.141599228272599, 1.5706642655253948, 3.141142166447996, 0.000286144210694186, 3.1414042985456185, -0.0004076459428311583, -0.0002341771948502313, 3.1424948166878663, 0.0001265581770632545, 1.5711027356522722, 0.0008908974127054686, 4.711613633454989, 1.5710569300338666, 4.712573726832989, 1.5708500654404087, 1.5707541031428753, 3.1427667421699286, -0.002353039066671527, 4.7119858531373175, 3.1410280606836736, 0.029884335217129368, 4.712364091409654]",0.0
308,1.5568698022199263,"[1.5701104544158586, 4.7123067202120374, 1.5705589603590053, 4.712421793124699, 3.1420259371735435, 4.713053485357164, 1.570270231021653, 1.5704511232943277, 3.1414788332908192, 4.712900952578602, 3.1414964993468444, 1.5710296721821768, 4.712161698997056, 4.715756638511188, -0.009620898162446035, -8.250801258479724e-05, -0.00046372916547219526, 9.39285160729628e-05, 3.141602762175097, 1.5707099801446138, 3.1411426080781286, 0.00031654167170112917, 3.141419091962116, -0.00038083043645778194, -0.00019779550760112667, 3.1424716516856672, 0.00012318147363126202, 1.5711152744377603, 0.0008931527069940061, 4.711612626146753, 1.571001239602534, 4.7125744774774345, 1.5708082501530567, 1.5707605329270562, 3.142762480111517, -0.0023410098870949867, 4.711966842493196, 3.1410185053104227, 0.029890000682588968, 4.712358821494883]",0.0
309,1.5669129536675648,"[1.5701008524406057, 4.71232997633142, 1.5705528198742171, 4.712439173564162, 3.1419749049443326, 4.713031756904074, 1.5702576589852684, 1.5704388842933013, 3.1414797810536137, 4.712896781259966, 3.141504105259854, 1.5710351958265698, 4.71217299417344, 4.71575440785837, -0.009608986152709014, -5.9842417316308294e-05, -0.0004190007483937158, 9.96209050528765e-05, 3.141611908308628, 1.5707106785399414, 3.141157640983464, 0.0003241425592468569, 3.1414417873173823, -0.0004288085577383216, -0.00019493299801617582, 3.1424741733054833, 9.118272172900174e-05, 1.5710851474326422, 0.0009126446962515865, 4.711618322290179, 1.5710310082728756, 4.712554230126904, 1.570808952931507, 1.5707483643160978, 3.142787604482601, -0.002328754245488177, 4.711996470774657, 3.1409617803742913, 0.02988467706712529, 4.712353944941822]",0.0
310,1.5641190576692354,"[1.5700999050476132, 4.712310118291059, 1.5705577633833203, 4.712431406347392, 3.1420153165918214, 4.713025371287789, 1.5703002996529671, 1.5704511527094362, 3.1414696068985313, 4.712892589897645, 3.1415028910347806, 1.5710437588967907, 4.712181579692222, 4.7157760976870815, -0.009615069401508743, -8.256987062388459e-05, -0.0004597807453051892, 0.00010255705746867172, 3.1416021158104925, 1.5706941122844986, 3.141156307015218, 0.00030191964300180766, 3.141430301599258, -0.0004192288482160194, -0.00020761601670150483, 3.1424678482773687, 0.00012607819309565511, 1.5711080866169822, 0.0008939252868555876, 4.711605922651546, 1.5709988973590487, 4.712574154018358, 1.5708078035560158, 1.5707563924727463, 3.142795911564715, -0.00232910606081424, 4.711971006508863, 3.141037358633164, 0.029888902187779766, 4.712361605681505]",0.0
311,1.5569674584699262,"[1.5700995818544883, 4.712312771427803, 1.57056544123713, 4.71241365564324, 3.141988491406674, 4.713043037243302, 1.5702643120804907, 1.5704183120616118, 3.141489697051451, 4.712940985609858, 3.1414519019483462, 1.5710565193114305, 4.712172024400051, 4.715767068662165, -0.009605332950109536, -6.99857003024858e-05, -0.0004694671405018743, 9.096010684997983e-05, 3.141621734283572, 1.570651968237104, 3.141171086586809, 0.0002711535354722385, 3.1414435814826764, -0.0003831719466890362, -0.0001666030328706351, 3.1424642856022884, 0.00011966948040732264, 1.5710995550396847, 0.0008832565649845326, 4.711612863335963, 1.5710134887019653, 4.712597592018557, 1.570778973989059, 1.5707569212211219, 3.1427823201002196, -0.0023285989949977754, 4.711953400583116, 3.141022427150882, 0.029893078009701934, 4.712361384467375]",0.0
312,1.5561512801925197,"[1.5700800450781627, 4.71232248737426, 1.5705504658402734, 4.7124217805385715, 3.1420054258896064, 4.713064895846966, 1.5702782708738219, 1.5704663331137936, 3.141473264594124, 4.712893249526504, 3.1414980576877407, 1.5710404155484312, 4.712182953141966, 4.715776733147477, -0.00961843064926864, -8.986823488172419e-05, -0.0004666569858500508, 9.16224435902805e-05, 3.1415919907340455, 1.5706976159168193, 3.141156133927986, 0.00030492689010364727, 3.1414307894833664, -0.0003838203081128863, -0.00019765721893206587, 3.142470945654598, 0.0001105327671398697, 1.5710805857025547, 0.0008859897137178467, 4.711619410467867, 1.5710067143823885, 4.712579543997316, 1.570801334919978, 1.570779674638685, 3.1427903984362597, -0.0023302044316132926, 4.711990515013517, 3.141023682452859, 0.02989853146948332, 4.712359612190213]",0.0
313,1.5566686683403586,"[1.5701268038093188, 4.712289208065897, 1.5705473051426104, 4.712434855782701, 3.1419659702746707, 4.713067137238383, 1.5702810135298868, 1.570478734163292, 3.1414746851737614, 4.712925381146102, 3.141495248537533, 1.571042911041359, 4.71217892873274, 4.715776003469186, -0.009601581298512156, -0.0001156251310320264, -0.0004674615451597596, 8.96018855136298e-05, 3.141586986220826, 1.5706937322354044, 3.1411754166044616, 0.00032427508108673716, 3.141430234320099, -0.00038944419018903983, -0.0002052147041395577, 3.142447945214427, 0.00012377374036841177, 1.571142263956257, 0.0008970962060592199, 4.711587280813434, 1.5710241623050114, 4.712589011197867, 1.570808392705868, 1.5707835703869126, 3.142788189013815, -0.002330138169146165, 4.711999829454027, 3.1410179561147675, 0.029829033184303924, 4.712359372315021]",0.0
314,1.5648434010762098,"[1.5701093571141735, 4.712314207712552, 1.5705568676683943, 4.712427417408309, 3.142002667071482, 4.71306661590603, 1.5702796567549973, 1.5704383047218562, 3.141479148348766, 4.712894468534947, 3.1414991134755335, 1.5710452029316626, 4.712185985843386, 4.715769933965093, -0.009589744392894194, -8.448182399740688e-05, -0.0004518017581868147, 0.00010836523521256772, 3.141610978042729, 1.5706975773657725, 3.141156680832809, 0.0003108537628088133, 3.1414011016655667, -0.00038505355854182824, -0.0001992472390460748, 3.142458169534078, 9.231604054241188e-05, 1.5711003591041155, 0.0008948229862730916, 4.711595768205846, 1.5710089519515682, 4.712566436401878, 1.570809544571723, 1.570756870227598, 3.1427899820448064, -0.0023357296003638233, 4.711975579597408, 3.1410418318846034, 0.029893596231629283, 4.712362318345211]",0.0
315,1.5626703708552871,"[1.5700923081939413, 4.712287443427318, 1.5705617518844184, 4.7124249316780835, 3.1420142495069316, 4.713072424717532, 1.5702907549752492, 1.5704245291075658, 3.1415055658699154, 4.712916113501922, 3.1414961638042707, 1.5710332993722669, 4.71219068670568, 4.715788523255023, -0.009618137141846296, -0.0001032637656709198, -0.0004597876373628164, 0.00010388036071019407, 3.1416326989414936, 1.5707021479126024, 3.1411594825867644, 0.00035969845056315334, 3.1414780096001422, -0.00039939716101020263, -0.00018897410511473678, 3.142482490421867, 0.00013420715975535178, 1.571068348662579, 0.0008710903669116602, 4.711571015734801, 1.5710111222255634, 4.712556470995208, 1.5708245176514726, 1.5707608353999567, 3.142761530016119, -0.0023245607539100514, 4.711984647005204, 3.141038445933315, 0.02989057929781013, 4.712367821982911]",0.0
316,1.5633947142622615,"[1.570100719209614, 4.7123136550120295, 1.5705481003837536, 4.712426232338602, 3.141996526663727, 4.713066549510294, 1.5703059402402673, 1.5704414953376291, 3.1414751636623204, 4.71289059762135, 3.141472822579873, 1.5710405813476656, 4.712175832332571, 4.715762384335724, -0.009615901627071793, -8.635724600086809e-05, -0.0004499650495753969, 0.00010500521391257137, 3.141600179775584, 1.5706991728861248, 3.14113945180467, 0.0003156615782870957, 3.1414321364916393, -0.0003845041097166868, -0.00020258438698775855, 3.142473207089428, 0.0001179932574011579, 1.5711141921298217, 0.0008577452880245424, 4.711614758178856, 1.5710109461089599, 4.712566708056104, 1.5708098265850299, 1.5707548064658559, 3.1428034497122215, -0.002339507766154925, 4.711972258577479, 3.141013971323226, 0.029884198068123233, 4.712359119231854]",0.0
317,1.567710290826338,"[1.5700949308950198, 4.712316639956254, 1.5705531015828271, 4.712424908334587, 3.1419956669917886, 4.713053426801509, 1.5702771952738046, 1.5704425547945697, 3.1414774996916575, 4.71289172632636, 3.141500035094718, 1.5710352892416963, 4.7121701336694395, 4.715769576518564, -0.009613033113850502, -9.128659063470008e-05, -0.00045827544781796485, 0.00010538566108176487, 3.1416004115203857, 1.5706914328727664, 3.1411557679710334, 0.00031900647146875904, 3.1414348486263273, -0.0003865560276912863, -0.00020037290919382026, 3.142470119297337, 0.00011467606172488785, 1.5711048045758995, 0.0008908939236194365, 4.711612946319528, 1.5710038212021313, 4.712574295859037, 1.5708077788214434, 1.5707554351478668, 3.142790465208856, -0.0023385657077814627, 4.711969138583144, 3.1410292662687227, 0.02988128377881811, 4.712382069616615]",0.0
318,1.5568639808403586,"[1.5701079918267355, 4.712306339124009, 1.5705510122986064, 4.712430120521863, 3.141991459036968, 4.713056540099044, 1.5702766990193864, 1.5704491833429401, 3.141476735891918, 4.7128909888132, 3.141508824501968, 1.571049068616601, 4.7122134837521665, 4.7157774722531345, -0.00962096854326126, -8.229490431922655e-05, -0.00045445816575551346, 0.0001117247413875418, 3.1416017335217488, 1.5706949080613806, 3.14116199361749, 0.00030539824930644747, 3.141414604391821, -0.0003763656003957878, -0.00020034283057439445, 3.142480256148349, 0.0001390043771284076, 1.5711013155740858, 0.0008786474746103255, 4.711613028798325, 1.571005206217095, 4.712578491570985, 1.5708106486017201, 1.570752848334895, 3.142771447916375, -0.002324708036883495, 4.7119640785498795, 3.14100601102074, 0.029887728435418558, 4.712375349385166]",0.0
319,1.5614228179209069,"[1.5700970960016032, 4.712313943545945, 1.5705416024850516, 4.712418574417311, 3.1419954824704526, 4.713058984640276, 1.5702839256880505, 1.5704446233333162, 3.1414765089306287, 4.712891427377402, 3.141504903103542, 1.5710430285084358, 4.712179315039014, 4.7157662996609, -0.009608942870708492, -9.19178646571697e-05, -0.0004723194655286846, 0.00011429458565800172, 3.14160983734778, 1.570695463774909, 3.141153284330984, 0.00030711026034758917, 3.1414323244958764, -0.0003921052811954875, -0.00019464857913617785, 3.142471994703591, 0.00011905767550118261, 1.5711048919197912, 0.0008908555689474175, 4.711610597175806, 1.5710034025831707, 4.712569694726658, 1.5708094636962624, 1.570754935319398, 3.1427820465328034, -0.0023365233575088915, 4.711971419202224, 3.141019020615007, 0.029882062118593154, 4.712358338062475]",0.0
320,1.5681546852223773,"[1.5700918339122183, 4.712316584370961, 1.5705368941059439, 4.712427205336128, 3.141987406108177, 4.713045807528446, 1.570272561906185, 1.5704409510534691, 3.1414753807428784, 4.712898692161348, 3.141483211788036, 1.5710461159433662, 4.71217216658929, 4.715783187748254, -0.009641817926936472, -9.099247593278823e-05, -0.00045370598729149676, 0.0001203869870865975, 3.1415978403329086, 1.5707030186119553, 3.1411638333173397, 0.0003179517950828628, 3.1414252295633043, -0.00037603061928830886, -0.0002124666493984567, 3.1424555642113523, 0.00011479260451964659, 1.5711042144996443, 0.0008913856886160935, 4.711610178403086, 1.5710030163888578, 4.712569681597079, 1.5708137465602872, 1.57075482085815, 3.142773075219479, -0.002314483117724045, 4.711965462519064, 3.141033775569674, 0.02988827086822984, 4.712339526883003]",0.0
321,1.5632912366326939,"[1.5701091601832928, 4.71232059247753, 1.5705493738850096, 4.712425040893787, 3.142000783286898, 4.713059512912168, 1.570278407073479, 1.5704464454142808, 3.141477775464536, 4.712887561053461, 3.1414964068932467, 1.5710333958455505, 4.712179043940809, 4.715777194157127, -0.009623245691785527, -8.492280220088902e-05, -0.00045788933027969303, 0.0001079284049426544, 3.1416002244078194, 1.5706927838694928, 3.1411633988942222, 0.00030623410501733246, 3.1414354653851992, -0.0003834832246645264, -0.00019917830635113545, 3.142467110753012, 0.00012403786299721597, 1.5711037880383518, 0.0008923639769767427, 4.7115996891310035, 1.5710099990378703, 4.712570395534842, 1.570808618627641, 1.5707504948898423, 3.142789161839667, -0.002342581516157745, 4.711974869618057, 3.141023783921381, 0.029888362752316232, 4.712359522661066]",0.0
322,1.559726961644221,"[1.5700942380474734, 4.7123064524214655, 1.5705624111254612, 4.712437777054374, 3.1419925833489133, 4.713068502824469, 1.5702862335484549, 1.5704383725995776, 3.141466305393242, 4.71291666953113, 3.1415129847453716, 1.5710381655746917, 4.712171540276794, 4.715770439618107, -0.0096065437170502, -8.3553871496577e-05, -0.00045149221047299445, 0.0001086352282861111, 3.1415796306983985, 1.5706943033854026, 3.141155438354401, 0.0002983041767402162, 3.141437635686878, -0.0003779975893710871, -0.00020573159177187918, 3.1424800061134173, 0.0001245865776466987, 1.5711021378535797, 0.0008902517501021082, 4.711613845901614, 1.570990970409606, 4.712554304404628, 1.5707994970894914, 1.5707402664708492, 3.142778227018296, -0.002328707508814389, 4.711982422603826, 3.1410291223132694, 0.029884672964779722, 4.71235335666738]",0.0
323,1.5624115586334144,"[1.57009948519095, 4.712313857429545, 1.5705506199724777, 4.712424295078198, 3.141990732539214, 4.713056215676812, 1.570280621565121, 1.5704489912476556, 3.1414890156389235, 4.712898009795045, 3.1414972556890444, 1.5710404049059383, 4.712176405192488, 4.7157895594092905, -0.009609909470194312, -8.64658808714927e-05, -0.00046098270372626576, 0.00010033278362021883, 3.1415971366546733, 1.570699703685235, 3.141149915111315, 0.0003152942306178822, 3.141425943867373, -0.0003891211678274593, -0.00019727162091558696, 3.142472019679416, 0.00012180554147108913, 1.5711035893740803, 0.0008924133472768557, 4.71161369430172, 1.571002045876762, 4.712570648541828, 1.5708117501433863, 1.5707496686901328, 3.142788737244415, -0.002336288779337743, 4.711964101829712, 3.1410227193480944, 0.029887612303380787, 4.712358227271864]",0.0
324,1.5625727146052872,"[1.5701031658671902, 4.712301543881944, 1.5705562964169757, 4.712411923873142, 3.141989893555249, 4.713068084756537, 1.5702808833552249, 1.5704559422699722, 3.1414679652501554, 4.712892999406858, 3.141505451463634, 1.5710410114026363, 4.7121791432476785, 4.715751101474429, -0.009620836371846376, -8.607487005825662e-05, -0.00045573979142924656, 8.797319182536146e-05, 3.1415980294545887, 1.5707021038037294, 3.141166003524152, 0.00031049601382402017, 3.1414372402377135, -0.0003897856169366223, -0.00019802369461985472, 3.1424707863830577, 0.0001145553560001038, 1.5710917407875458, 0.0008904380774423887, 4.711610112313376, 1.5710130649644478, 4.712582121451729, 1.5708267448093287, 1.5707379172243976, 3.1427946550081507, -0.0023196449450659054, 4.711948354529779, 3.141033298311226, 0.02988512082069587, 4.712353447497526]",0.0
325,1.5566686683403586,"[1.5700981880637321, 4.712313378671441, 1.570564460991897, 4.712420417418156, 3.1419936726779056, 4.713053101332634, 1.5702768178761717, 1.5704413731587425, 3.141478417573287, 4.71288938458534, 3.1414912363374525, 1.57103765557723, 4.712181274501685, 4.715769202897082, -0.009616636479537928, -9.439702031636846e-05, -0.0004574539213540061, 0.00010600069576111928, 3.1416037156180665, 1.5706961115551468, 3.141157308787233, 0.0003094784033315155, 3.1414246776946175, -0.0003862130578774302, -0.00019480463040867882, 3.1424667776703608, 0.0001264255542888054, 1.5711006574663686, 0.0008906744238473759, 4.711615246406352, 1.5709952035885943, 4.712568303479586, 1.5708196045811835, 1.5707536700829097, 3.1427879799663065, -0.0023322202821825823, 4.711981162760351, 3.1410253569967623, 0.02987906970781586, 4.712358561598054]",0.0
326,1.572139808687412,"[1.5701074709915293, 4.712316468367385, 1.5705384714248134, 4.71243917690424, 3.1419966899974368, 4.713040110377188, 1.5702902414276876, 1.570442374644295, 3.14147387571989, 4.712891991344712, 3.1414995832837453, 1.5710339886691917, 4.712188900545466, 4.715774702324746, -0.00960366032642628, -7.999976821067737e-05, -0.00045083555496950965, 9.399394435707994e-05, 3.1416111910335585, 1.5706945427350296, 3.1411492760796818, 0.0003055580387449433, 3.14144579720157, -0.0003623892617567339, -0.00019356218517410482, 3.142477773063345, 0.00011589132739061813, 1.5711022638112628, 0.0008968424211976577, 4.7116278159101626, 1.5710117656320548, 4.712574510722458, 1.570829745492135, 1.5707641655892883, 3.1427761520470923, -0.002336901137453863, 4.711974694442006, 3.1410396928121243, 0.029875321888850025, 4.712353289862244]",0.0
327,1.5521098312598103,"[1.5700957857776168, 4.712312226828183, 1.5705589395866557, 4.712421237581935, 3.1419922948565118, 4.71305272363334, 1.5702903034706694, 1.5704364519069565, 3.1414752349492465, 4.712893634989264, 3.141506582152748, 1.5710358381922782, 4.712180065418326, 4.715777027730768, -0.009627274727528626, -8.567869139011102e-05, -0.0004606454446195928, 0.00010209327714285119, 3.1416039827449334, 1.5706983923054967, 3.1411555252462384, 0.0003134589550168384, 3.141424879035197, -0.0003807748242821222, -0.00019116466365974252, 3.142476738026224, 0.00011188320425823092, 1.5711084763318923, 0.0008920724571199279, 4.711606719240294, 1.571008902800433, 4.712573586874471, 1.5708038052062623, 1.5707571138260628, 3.142787110761076, -0.00233105441247464, 4.71197248210063, 3.1410243669593108, 0.02988073850312994, 4.712358529174311]",0.0
328,1.5693905953976226,"[1.5701071401762983, 4.712324041375702, 1.5705427622231254, 4.712444219974698, 3.1420057888862503, 4.7130796878246475, 1.5702774420767236, 1.5704249016179823, 3.1414929029304823, 4.712898798124177, 3.141509573268685, 1.5710263236968252, 4.7121831804878545, 4.715769530547027, -0.009629147126535793, -8.611024182922907e-05, -0.0004621577581976198, 9.904156923304676e-05, 3.141606795749805, 1.5706883349088547, 3.1411524869862846, 0.00031015093667896337, 3.141424096285258, -0.00040156443783822063, -0.00020234467431220603, 3.142464942912179, 0.00012247988335033167, 1.5711069548358194, 0.0008895905772858259, 4.711626646009274, 1.57099901966839, 4.712583752488509, 1.570810346715165, 1.5707588982942837, 3.142794550862784, -0.0023153075768725293, 4.711973268813271, 3.1410280616668356, 0.029876177260176873, 4.712356668759472]",0.0
329,1.5700231039341643,"[1.5700916766014303, 4.712315398323908, 1.5705521720377802, 4.7124243723086785, 3.141996248862269, 4.71305771801134, 1.5702774026944761, 1.5704422592804919, 3.1414793187306094, 4.712894832463635, 3.1414976419150196, 1.5710394634580211, 4.7121897322944015, 4.7157679726048345, -0.009618179580724263, -8.110960454645113e-05, -0.00045655937993940133, 0.00010838469250476887, 3.1415875049926805, 1.5706887510486962, 3.1411448258568773, 0.00031295816608730006, 3.1414332074237663, -0.0003908064956467125, -0.00019372903480258016, 3.142466629704553, 0.00011732063604392222, 1.571109757738365, 0.0008926378166508314, 4.711603486174645, 1.57100574506321, 4.712572244756133, 1.5708177195386868, 1.5707596375675825, 3.1427812145481884, -0.0023345883739068324, 4.711968650830548, 3.141027599048009, 0.029883465717422102, 4.712359688545809]",0.0
330,1.5648434010762098,"[1.5701001900289695, 4.712321032742563, 1.5705569504341363, 4.712423467465314, 3.1420026873996085, 4.713057915985663, 1.5702877414315768, 1.570433301868665, 3.1414798314873074, 4.712893186386922, 3.141506191637182, 1.5710424896675843, 4.7121667698879826, 4.715772613465412, -0.00960774950812898, -9.912663148408352e-05, -0.000438854725195805, 0.00011896002354979639, 3.1415901230546313, 1.57070859600073, 3.1411614799919336, 0.0003038081573648177, 3.1414255423977093, -0.00038764024907867177, -0.00018802045626043615, 3.14246782018464, 0.0001373500109364153, 1.5710886971111726, 0.0008907860293053979, 4.711610986526959, 1.5710185379332062, 4.7125724538779625, 1.5708054894548562, 1.5707809761992153, 3.142786178699094, -0.002334099411676437, 4.7119503261355895, 3.1410237746541707, 0.02987213555310194, 4.712355336529637]",0.0
331,1.5595660419682553,"[1.5700998498849985, 4.712310582679556, 1.5705499965697756, 4.712431857207789, 3.1419980761240245, 4.713061931399751, 1.5702792076563705, 1.5704401298515904, 3.141458695027106, 4.7128929816438285, 3.1414968201034608, 1.5710424582430425, 4.712180058483587, 4.715778751537594, -0.009614069566015534, -8.38780942821779e-05, -0.00046007082635487047, 0.00010392960012070625, 3.141602253426796, 1.570695573487993, 3.141156372978748, 0.00032052387114367935, 3.141427609566815, -0.0003900510414937819, -0.00018502527486969486, 3.1424648107882898, 0.00012732577318542808, 1.5711053525231544, 0.0008915739744791182, 4.7116141596832675, 1.5710067969587562, 4.712571649530545, 1.5708107196294916, 1.5707558166881164, 3.1427862189740443, -0.0023331348865676723, 4.711971326520197, 3.1410245594865907, 0.02988919899702275, 4.712353651558429]",0.0
332,1.577842721072773,"[1.5700920989351386, 4.71231642887244, 1.570550349499739, 4.712429532936648, 3.1419924779396844, 4.713049147056081, 1.5702709145362619, 1.5704409805300885, 3.1414651610414093, 4.712892095397727, 3.141501624362173, 1.5710357694536035, 4.712162496687029, 4.71577073414673, -0.009614214422554862, -9.509587323619749e-05, -0.0004555839382320118, 0.00010923010131068128, 3.1416012792019785, 1.570689825580546, 3.1411632324807974, 0.00032950958408974035, 3.14143488595579, -0.0003805870196211266, -0.0002042280113923458, 3.1424697908280432, 0.00011312974879852737, 1.5711042579993468, 0.0008861174957483633, 4.711620240548837, 1.5710000942909765, 4.712577630302341, 1.5708027592627711, 1.5707535218034445, 3.1427882735483434, -0.0023331762213662692, 4.711965110670282, 3.1410310193657076, 0.029881367290603485, 4.712405854718451]",0.0
333,1.5616537032108284,"[1.5700921604616787, 4.71230461009379, 1.5705544941358829, 4.712426403711174, 3.141995518979266, 4.713059806001283, 1.5702777188587351, 1.5704356948537728, 3.1414751496189615, 4.71289034024609, 3.1414992282404244, 1.5710465304809575, 4.712174143273137, 4.715775301743121, -0.009618728884011336, -9.070227020003607e-05, -0.00045939562668505533, 0.00010040966458939173, 3.141603568183677, 1.5706885250754552, 3.1411537034338326, 0.000308482743454693, 3.141423361507401, -0.00038933760749865166, -0.0002115123791317351, 3.142476083209016, 0.0001249421457595437, 1.571103394583536, 0.0008929039749376529, 4.7116137533438565, 1.5710207223861743, 4.712572445778389, 1.5708145763329968, 1.5707560221879666, 3.1427822845119344, -0.002340601171872894, 4.711974830847315, 3.1410261702360276, 0.0298852523888588, 4.712358619625305]",0.0
334,1.5683674618610808,"[1.570097682755684, 4.712308120163498, 1.5705470415238563, 4.7124285577447935, 3.1419984897403954, 4.7130572388874, 1.5702765065799509, 1.570441387493632, 3.141476199200751, 4.712892431435901, 3.14149412243973, 1.5710409939915384, 4.712181734833331, 4.715772211023472, -0.009617353073402387, -8.788046600481551e-05, -0.0004564997096023537, 0.00010480647306286225, 3.141600031079288, 1.5706985004692167, 3.1411569158254635, 0.00031118580121867025, 3.1414287463064636, -0.00038845214215082574, -0.00019830779943101265, 3.142476770815852, 0.00011884986770509393, 1.5711020286478465, 0.0008921854557686837, 4.711610247739102, 1.5710035946571075, 4.7125717871760155, 1.5708068258642367, 1.5707558820597958, 3.142787285477945, -0.00233603870362098, 4.7119701020848614, 3.141027711026904, 0.02987949551892973, 4.712359750249132]",0.0
335,1.5646248030579388,"[1.5700894404848504, 4.712316938908212, 1.570562743980119, 4.7124338801293915, 3.1419988115222153, 4.713060169384089, 1.5702760802985916, 1.5704468404090839, 3.1414807497019637, 4.712891660286483, 3.141496390498408, 1.571043880384923, 4.712181844262085, 4.715771228802408, -0.009611817701534027, -8.346230539168709e-05, -0.00046299518062443176, 0.00011158015674388195, 3.1416069316155277, 1.5707067566408937, 3.141159318657972, 0.0003114591859584253, 3.1414356243909722, -0.0003830705788299472, -0.0002007013293269881, 3.1424727303183233, 0.00012393295949040327, 1.571114866614808, 0.0008932110877170082, 4.711613127688801, 1.5710141902059558, 4.712573237665458, 1.5708084699238951, 1.5707546093119018, 3.14278969581631, -0.0023281682190597133, 4.7119701722231655, 3.1410282435779164, 0.029885173007178478, 4.712359455801369]",0.0
336,1.5583243104134423,"[1.570101384236612, 4.712312726088073, 1.5705531239362946, 4.712421112554745, 3.1420002989567744, 4.713057138196728, 1.570280392368685, 1.5704406356264706, 3.1414760303498364, 4.71289765600698, 3.141498457869281, 1.5710423950952797, 4.712185097775923, 4.715773654706153, -0.00961710025262573, -8.958415013582946e-05, -0.0004577479677993037, 0.00010772858961777332, 3.1415994379471046, 1.5706970935864728, 3.141156646388004, 0.0003147532952951175, 3.1414323431800484, -0.0003872316760434201, -0.00020176584669661754, 3.1424686772681096, 0.00011854406110938712, 1.5711046292079993, 0.0008926594472605388, 4.711618710868736, 1.5710093162978689, 4.712571367405517, 1.5708080017960027, 1.5707547282089387, 3.1427862954284755, -0.002336351611840405, 4.7119712773913625, 3.1410264387637623, 0.02988389805231035, 4.712359874518729]",0.0
337,1.5614053537822035,"[1.5700971431889648, 4.712311440036335, 1.5705451912367123, 4.712426802679447, 3.141996326177628, 4.713052742115317, 1.5702834447569824, 1.5704488334891145, 3.141486445550415, 4.712895605889017, 3.1414999642953236, 1.5710414223226299, 4.712178005596004, 4.715763573618839, -0.009618953438135699, -8.714051447639228e-05, -0.000456732295648938, 0.00010772746397725404, 3.1415977960608803, 1.5706917459411687, 3.1411590545940045, 0.00031782073561383316, 3.1414217620460283, -0.0003864317363410043, -0.00018866606887438846, 3.142472060225864, 0.0001277785631118913, 1.5711037999717243, 0.0008906253210788537, 4.711617118668117, 1.5710167940936062, 4.712566523407685, 1.5708054659458777, 1.57074954763076, 3.1427858809231854, -0.0023322978510636853, 4.711978329959695, 3.14103485092995, 0.029886903699623348, 4.712360914833914]",0.0
338,1.572236112062782,"[1.5700956031902025, 4.7123163776787305, 1.5705510904019262, 4.712429103382759, 3.141996170394381, 4.713057249515419, 1.5702852597947439, 1.5704407783743928, 3.1414774794261855, 4.712897912019409, 3.141496945077525, 1.571041644662586, 4.712180282353032, 4.715768948083708, -0.00961609125437623, -8.649071966544553e-05, -0.00045935102969916184, 0.00010559622920734616, 3.14159992634418, 1.5706970611946582, 3.1411622218470665, 0.000315777414023695, 3.1414270375249327, -0.00038661021891885517, -0.0002007964039255752, 3.142472383223401, 0.00012174713561453257, 1.5711032305065098, 0.0008933940198870696, 4.711611198826817, 1.5710045266282484, 4.712576547045092, 1.5708133893207223, 1.5707556320879883, 3.142784639881441, -0.0023392082038322607, 4.711971120226, 3.141024685848251, 0.029885803231140432, 4.712359599065781]",0.0
339,1.5575023107564683,"[1.570100959932378, 4.7123083693876575, 1.5705496069332192, 4.712426212408044, 3.142003115451487, 4.713051885785803, 1.5702784950273012, 1.5704390069923384, 3.141478958266039, 4.7128957509108975, 3.1415027280993266, 1.5710510051264943, 4.712177007642007, 4.715768811680866, -0.00961553239348241, -8.562569834778057e-05, -0.0004611775181758788, 0.00010709969540080806, 3.1415996756112183, 1.570691805963678, 3.1411491176580775, 0.0003181575168133498, 3.141430706022467, -0.0003745194112474269, -0.0002019082551474107, 3.1424692028318244, 0.00012519011360094694, 1.571099439005348, 0.0008974429107976903, 4.7116064952837595, 1.5710049504547727, 4.712573968006064, 1.5708107667815814, 1.5707566745328123, 3.142800608543576, -0.0023279012389061057, 4.711973902819526, 3.141019008503433, 0.029884708879627332, 4.712358438145776]",0.0
340,1.5524260855280811,"[1.570097628609317, 4.712311380335086, 1.5705528246380058, 4.71242741126811, 3.141997970495215, 4.7130581319147975, 1.5702822300655623, 1.5704437991077302, 3.141477086381028, 4.7128919720080695, 3.1414987946556083, 1.571040738195507, 4.712180741902359, 4.715772731394331, -0.009615366545853453, -9.365897327300999e-05, -0.00045810258784864373, 0.00010804374666169406, 3.141600881234871, 1.5706933750339187, 3.141152477260996, 0.0003132730286594333, 3.141429474604274, -0.00038316048001499884, -0.00019938582438607715, 3.142470209805487, 0.00012314758342526095, 1.5711043719037967, 0.0008898604572310424, 4.711610821273997, 1.5710046640341866, 4.712580797552271, 1.5708065107972675, 1.5707529516442056, 3.1427848177075606, -0.0023356234541666763, 4.711970196682007, 3.141031511385942, 0.02988538403610507, 4.712357260215956]",0.0
341,1.5724242262032844,"[1.5700993763665394, 4.712313277016076, 1.5705553431772983, 4.712432158190321, 3.1419891944874867, 4.7130506824514855, 1.5702763204489778, 1.5704449830972038, 3.141478292542604, 4.7128915487949365, 3.1415021018698166, 1.5710383081133286, 4.71217910019295, 4.715767104183004, -0.009614030293057456, -8.878908509952974e-05, -0.00044499719245038206, 0.00010609295230860221, 3.141606862273442, 1.570695902762392, 3.141149963651822, 0.0003168890559359798, 3.1414338703914026, -0.0003929147646743144, -0.00020015523748048817, 3.1424673548565414, 0.00011613137508680536, 1.5710988804808266, 0.000893570092628025, 4.711612610356851, 1.571010571675844, 4.71257755699403, 1.570801617011385, 1.57075136113492, 3.142782496151871, -0.0023332653602143425, 4.711976306216644, 3.1410135061432065, 0.02988728308079868, 4.712353615119035]",0.0
342,1.558215011404307,"[1.5701004438361275, 4.712310367093405, 1.5705495141249441, 4.7124259175671925, 3.141993507393421, 4.713055152260204, 1.570280336648807, 1.5704412031282897, 3.1414771270619695, 4.712893750191564, 3.141497116637361, 1.571036809594909, 4.712180994332347, 4.715770838195706, -0.009610914903704646, -9.118349564496898e-05, -0.0004601698543450559, 0.00010167956533357275, 3.1415971647089704, 1.570696579127998, 3.1411588783391897, 0.00031429635770413637, 3.1414300334888434, -0.0003863945036717714, -0.0002022000643551421, 3.1424690418196897, 0.00012301516686355883, 1.5711079410733448, 0.000891492297674272, 4.711609133443102, 1.5710090873920606, 4.712573472824725, 1.5708075506427521, 1.5707587804544692, 3.142785265442315, -0.0023297142567745943, 4.71197344934504, 3.141024798932753, 0.029884259986128557, 4.7123592343616165]",0.0
343,1.5653491464649132,"[1.5701029961366195, 4.712305290187604, 1.5705545395807732, 4.712432271171187, 3.141991165257358, 4.713061115482261, 1.5702824271786073, 1.5704569977614027, 3.141477063802095, 4.712903384589533, 3.1415010357193025, 1.571046984994859, 4.7121784277865135, 4.715773310326215, -0.00962120509229921, -9.039035813978209e-05, -0.0004580225880035002, 0.00010466975364182135, 3.1416056326540467, 1.570692723265291, 3.1411566236571264, 0.00031304562241964384, 3.141429567866926, -0.0003858460045930813, -0.00019976739177863552, 3.14246082335106, 0.00012111545237114851, 1.5711086803663366, 0.0008912310630969137, 4.711608933742155, 1.5710071416914027, 4.712572465304928, 1.5708092313413164, 1.5707632293714981, 3.1427867880458824, -0.00233882164992452, 4.711973498469885, 3.1410265329341867, 0.029870757112427704, 4.7123607099641545]",0.0
344,1.5596636982182552,"[1.5701007644671772, 4.712308681243197, 1.5705546639162888, 4.712430253411286, 3.141994007764332, 4.713054125593849, 1.570279566325834, 1.5704414929989194, 3.1414773342493687, 4.712897705219437, 3.1414948135375345, 1.5710367879330867, 4.712179328150993, 4.715770924485334, -0.009616283380201355, -8.482170212380551e-05, -0.0004642676120931022, 0.00011038788464417111, 3.141600506162946, 1.5706942861377038, 3.1411548528353506, 0.0003105327164091594, 3.1414294119082293, -0.00038648873145691684, -0.00019854831466604075, 3.142469333961938, 0.00011987209499294972, 1.571098606214888, 0.0008898841431252368, 4.711612995838746, 1.5710100316801618, 4.71257485159986, 1.570808851407636, 1.5707565435512711, 3.1427866815881575, -0.002334648879230748, 4.711969444573654, 3.1410260353998525, 0.02988498018883414, 4.712360046893324]",0.0
345,1.5628715047348551,"[1.5700955793388436, 4.71231454908691, 1.570552914118906, 4.712421299300342, 3.1419964708668995, 4.713054958119635, 1.570277782689375, 1.5704371600910427, 3.141480802464215, 4.712902623331597, 3.1414904687438243, 1.5710488914275325, 4.71217842330759, 4.71577068079693, -0.00961434282216553, -8.505184889786462e-05, -0.0004546453012636644, 9.673715017931617e-05, 3.141609433092454, 1.5706846052744943, 3.141160239836859, 0.00030322047402184845, 3.141433784456792, -0.0003842626547036941, -0.00019302543245221866, 3.142467247577503, 0.00012304263073313466, 1.5711068611459158, 0.0008893156815636689, 4.711611471450208, 1.5710047552400603, 4.712574640913317, 1.5708007454997206, 1.5707565124114344, 3.1427834966918775, -0.00233150692401537, 4.711965801407153, 3.141025616943113, 0.029888205209072413, 4.712360251979028]",0.0
346,1.5589451761908486,"[1.570102252796519, 4.712308289016654, 1.570552685428851, 4.712428641757632, 3.1419945852183817, 4.713057823104618, 1.5702804743251815, 1.5704429555242627, 3.141479428767747, 4.712892993059178, 3.1414993338698185, 1.5710431260955053, 4.712177688554114, 4.715771364890461, -0.009618002804888722, -9.029283937727792e-05, -0.0004559091791665676, 0.00010860697876052968, 3.141600744538522, 1.5706943856440563, 3.1411577510903874, 0.00031204573628426457, 3.141432069358202, -0.000387433331492194, -0.00019728198760915995, 3.1424739763693776, 0.00011844731350329819, 1.5711073166141227, 0.0008922896774245526, 4.711613611428725, 1.5710045554916288, 4.7125725035465855, 1.5708122637281217, 1.5707608116011615, 3.142786768391892, -0.002333724284216832, 4.711971409445693, 3.1410260027559618, 0.0298918918977857, 4.712359914869788]",0.0
347,1.5595602205886876,"[1.570095710194904, 4.712305581223125, 1.570554358933192, 4.712427003014919, 3.1420014404982246, 4.713060111678583, 1.5702843003102611, 1.5704388150532043, 3.1414836306686356, 4.712897483007534, 3.141499940712924, 1.5710383735908158, 4.71218335806499, 4.715775453326613, -0.009617380183332322, -9.054872071504773e-05, -0.000458179159490199, 0.00010426035819562657, 3.1416107632996493, 1.570697704090646, 3.141155325283505, 0.00032381240521569345, 3.1414398321893993, -0.00038793710744918414, -0.00019988787517213644, 3.1424699392264075, 0.00012523814130833825, 1.5710937927538615, 0.0008847717426482052, 4.71160218189026, 1.5710068298220796, 4.7125651060443134, 1.5708117291818005, 1.5707579102914888, 3.142779176952562, -0.0023308554047425894, 4.711972396320822, 3.141030391187553, 0.02988782189927558, 4.7123621314972395]",0.0
348,1.5561396374333847,"[1.5700961132875337, 4.712311809620278, 1.570550651094529, 4.712427594018012, 3.14199657385552, 4.713052821026028, 1.5702745937664235, 1.5704413581199277, 3.141477527459339, 4.712896970568682, 3.141504447531093, 1.57103987124923, 4.712180413942193, 4.71577131213994, -0.00961582921087163, -8.82365879325202e-05, -0.00045747369788622186, 0.0001050967777540145, 3.1416019950634886, 1.5706968330060336, 3.141157857574724, 0.00031277755406293586, 3.141429453824166, -0.0003859282806190383, -0.00019926343189590547, 3.142469111374589, 0.0001208799600271574, 1.571105590081288, 0.0008827325797181126, 4.7116113275836256, 1.571006612834292, 4.71257266534321, 1.5708111805094975, 1.5707565438243973, 3.14278943129007, -0.0023384802187983015, 4.71197094818525, 3.1410269288876345, 0.029885548234201996, 4.712356454383003]",0.0
349,1.5503507115571589,"[1.5700864895508684, 4.712297092539455, 1.570547827937449, 4.71242505325321, 3.1420022858444807, 4.713058931622789, 1.5702857749931507, 1.5704435756004622, 3.141480704394176, 4.712891110888399, 3.1414998429755725, 1.5710299334443838, 4.712180562086725, 4.715774182715603, -0.00961444223581068, -8.407825259999133e-05, -0.0004520430338836673, 0.0001094063364645893, 3.141603314956825, 1.570693959122634, 3.1411610036297595, 0.00030899989090771404, 3.1414285527654466, -0.0003818940855834151, -0.00019939819543181677, 3.1424594946029774, 0.00012069265900373064, 1.5711064102901373, 0.0008957536312865499, 4.7116163562519136, 1.571004941577787, 4.712573314243523, 1.570810254213543, 1.5707547917233375, 3.1427887644431927, -0.0023357589802675736, 4.711969179403242, 3.1410201741012926, 0.029886466674040924, 4.71236044305647]",0.0
350,1.5601927291252293,"[1.5701004819219624, 4.712310139486587, 1.5705491761091344, 4.712417082654551, 3.141986232783051, 4.713059865213746, 1.5702803179435414, 1.5704404436001322, 3.1414765035163787, 4.712891987615772, 3.141501316874842, 1.5710408411269525, 4.712178382128786, 4.715769886157824, -0.009617260904608354, -7.28317867097012e-05, -0.000454877526166953, 0.000107510196441641, 3.1416051909261498, 1.5707036058305897, 3.1411506216179608, 0.0003125985037237347, 3.141430089094089, -0.00038712007387372937, -0.00020472097662751815, 3.142467517915207, 0.0001301143813155994, 1.571103209474964, 0.0008923287757833477, 4.71161325350537, 1.5710019980989418, 4.712576740365485, 1.5708047412019281, 1.5707617609468405, 3.142787176990368, -0.0023372321019786988, 4.711975762343362, 3.1410350486631846, 0.029887527900894523, 4.712361832426677]",0.0
351,1.5611123850322035,"[1.5700982712935834, 4.712315087301368, 1.5705531434768711, 4.712426478693052, 3.141997930698663, 4.713057064781075, 1.5702825587387907, 1.5704408586801977, 3.1414777610516356, 4.71289258275225, 3.141501437069004, 1.5710410377520834, 4.712176156906421, 4.715772018447508, -0.009614536926199528, -9.045147403355803e-05, -0.00045319619912158484, 0.00010851465625191911, 3.1415990276553227, 1.57069807876416, 3.1411559222139536, 0.00031000690696449953, 3.141428392175942, -0.0003860318569944488, -0.00019745527764208933, 3.142468322464053, 0.0001251664923185963, 1.5710999267065844, 0.0008909444591361493, 4.711611800932205, 1.5710097456369327, 4.712570800636159, 1.5708087217435118, 1.5707618756475776, 3.1427856746476395, -0.0023335079473828534, 4.711965036843738, 3.1410255730697996, 0.029881652254410532, 4.71235935831917]",0.0
352,1.561612309041339,"[1.5700996568327212, 4.712311121645906, 1.5705524953096635, 4.71242696235045, 3.1419999428966445, 4.7130564654968135, 1.5702796615423484, 1.5704438205924849, 3.141477840185181, 4.712895008881679, 3.1414983943706383, 1.5710398489756117, 4.712178288475832, 4.7157696199072925, -0.009617179534403804, -8.679958075460708e-05, -0.0004583376130976189, 0.00010421682633435388, 3.141601922861195, 1.5706975571240531, 3.1411540531453914, 0.00031281764025621015, 3.1414281317955894, -0.00038541399191129684, -0.000199737211547675, 3.1424698877140522, 0.00012181662661309639, 1.5711049237157027, 0.0008914423889965131, 4.711611866907817, 1.5710063013658955, 4.712572162962677, 1.5708091958542756, 1.5707566807980666, 3.142782830682501, -0.0023348566480802108, 4.711970315361221, 3.1410249048695293, 0.029885437766289952, 4.712358356998439]",0.0
353,1.561790692856008,"[1.5700964382456981, 4.712314284243109, 1.5705513507498572, 4.7124281187901, 3.141995446198006, 4.713055375205115, 1.5702787120459096, 1.5704434825579516, 3.141473575124357, 4.712891309500078, 3.1415005176420627, 1.5710392163906786, 4.712175953727002, 4.715772049412782, -0.009616697171397817, -8.859804851053934e-05, -0.00045843586636263624, 0.00010508351777825687, 3.141602228689455, 1.5706926474618967, 3.1411548263206943, 0.000315712307145405, 3.141430299133312, -0.0003841617000022438, -0.00020155830297111687, 3.142467937816177, 0.00011894989277424668, 1.5711044016430922, 0.00088974751081353, 4.711614000276018, 1.5710048071806189, 4.712570614627029, 1.5708089042331117, 1.5707539669129114, 3.1427858288071078, -0.0023326471702506454, 4.7119689975378956, 3.1410273258349926, 0.029884822968600476, 4.712370505712721]",0.0
354,1.5606066396435003,"[1.5700989285033313, 4.712310682936613, 1.5705529299033394, 4.712425787969074, 3.1419960314058843, 4.713058559733971, 1.5702807395105791, 1.5704443301536837, 3.141476572806757, 4.712893780824419, 3.1415002670389836, 1.5710404896250387, 4.712179863990976, 4.715768947814829, -0.009615787994322937, -8.715907328466916e-05, -0.00045745377922858083, 0.00010280639822510108, 3.1416014326295483, 1.5706959056049146, 3.141156541096571, 0.00031246999562118885, 3.141430950463654, -0.00038696619541518873, -0.00019888444034330091, 3.142470436923517, 0.00012096221932319497, 1.5711022231625575, 0.0008913580001651145, 4.711611713670258, 1.5710078669931744, 4.71257351083706, 1.5708112190215684, 1.5707539269159765, 3.14278749796106, -0.002333573863149576, 4.711968494832588, 3.1410264858125796, 0.02988440987772956, 4.712360161372214]",0.0
355,1.5640155800396678,"[1.5700965498378143, 4.712312684450006, 1.5705481525770721, 4.712427151952964, 3.141992886404506, 4.713055550716368, 1.5702813835197387, 1.5704439197411935, 3.1414759092740585, 4.71289289943498, 3.141497058998537, 1.5710432669640224, 4.7121804466607395, 4.71577222557178, -0.009621519093634925, -8.850174176076856e-05, -0.00045828246781903054, 0.00010738485764756247, 3.1416021202975144, 1.5706964332398836, 3.141157124934181, 0.00031174908473037707, 3.141428537130516, -0.0003843421007569247, -0.000204099290437434, 3.1424657352128067, 0.00011889177015137476, 1.5711023049218422, 0.0008904609747001884, 4.71161172120072, 1.5710061377752134, 4.712569211428387, 1.5708106180110604, 1.5707541235762896, 3.1427847372794147, -0.0023283269176305535, 4.711967843427361, 3.141028342687743, 0.029886551958742933, 4.712353381465624]",0.0
356,1.5664044784243014,"[1.5700970611832543, 4.712311213402778, 1.5705536072986301, 4.712427818592376, 3.1419960565551874, 4.7130591182566235, 1.5702806470666726, 1.5704423885168048, 3.141476363810257, 4.712896284412251, 3.1415002468367863, 1.5710410826720924, 4.712178633582599, 4.715770912409064, -0.00961628590233078, -8.768687040307823e-05, -0.0004577085116231584, 0.0001067747978209234, 3.1415988857048474, 1.5706954027426867, 3.141156200351269, 0.000311775139471145, 3.1414293962496616, -0.0003870219057729116, -0.00020084075325825295, 3.142470038794515, 0.0001219377658801825, 1.5711035474207942, 0.000890725929551679, 4.711610785156907, 1.5710048456243866, 4.71256994533751, 1.5708066254913802, 1.5707539872365233, 3.1427858746350945, -0.0023336916389249565, 4.711971590553929, 3.141025339900931, 0.029885449185849917, 4.712359599765058]",0.0
357,1.5738401334690355,"[1.570099540168273, 4.712313101072255, 1.5705502121911301, 4.712431837463414, 3.1419957805287795, 4.7130548972580035, 1.5702841389877846, 1.5704422027325349, 3.1414759929121314, 4.712894777315653, 3.141501209523174, 1.5710392515258058, 4.712181618589462, 4.7157730825659865, -0.009611936631350302, -8.555823445231014e-05, -0.00045612943397857486, 0.00010345859612403948, 3.141602262230226, 1.570693957460357, 3.141153472217505, 0.0003085318775440678, 3.141433804640365, -0.00038034428131168983, -0.00019970164649597027, 3.1424721683796664, 0.000121083391249035, 1.5711031125631858, 0.0008922812945105458, 4.711615424075807, 1.5710062605674175, 4.7125689651895515, 1.5708118891740057, 1.5707557991096817, 3.142783797881194, -0.002334845564377632, 4.711974020034328, 3.1410288146305887, 0.02988292484906992, 4.712357761076097]",0.0
358,1.5648492224557775,"[1.5700979978714729, 4.71231154337336, 1.570551111207757, 4.712428433223834, 3.141997952699253, 4.71305384202848, 1.5702825182223668, 1.5704426518620551, 3.141476537179844, 4.712895017095722, 3.141499077141752, 1.5710421157034453, 4.712179754970926, 4.715772295562324, -0.009616993783811542, -8.810233648307723e-05, -0.0004573235868146917, 0.00010521814186042759, 3.141601529538458, 1.570697719323896, 3.1411548770451883, 0.0003100806101484106, 3.1414299441580926, -0.00038911141275257114, -0.00019971213858518006, 3.142468348698582, 0.00012170645284195906, 1.5711039848608992, 0.0008913587843451048, 4.711610838607338, 1.5710069292731546, 4.7125733261781475, 1.5708102192579454, 1.5707549219129149, 3.1427863387437, -0.0023331565122159613, 4.711972040718187, 3.1410267461071615, 0.029885465126937957, 4.71236175915528]",0.0
359,1.55833013179301,"[1.5700985317746479, 4.712312352663483, 1.5705549131715082, 4.712427544234475, 3.141999275917817, 4.713051891785823, 1.5702836673512983, 1.5704459060697107, 3.1414768747918846, 4.712890286457588, 3.1414996036545912, 1.571040002850294, 4.712182287764811, 4.715771796081274, -0.009615082138511272, -8.465533845423567e-05, -0.00045898337221803433, 0.00010543523154148096, 3.1416033000695394, 1.5706898311552484, 3.1411571781007677, 0.00031501351605418723, 3.1414284308189706, -0.0003913707503989107, -0.00020313627642810035, 3.142471498498383, 0.00012288856084005878, 1.5711044349324854, 0.0008911403134273968, 4.711612269018073, 1.5710045395435044, 4.712570130841859, 1.570806593850438, 1.5707590002672762, 3.1427887164469372, -0.002334484509855146, 4.711967971748301, 3.1410274361917923, 0.02988450843575378, 4.7123571978933345]",0.0
360,1.5496380109093202,"[1.570097893155118, 4.712311325227761, 1.5705525011436439, 4.712428678013188, 3.1419959824397306, 4.713055503698758, 1.5702785713477905, 1.5704418425962623, 3.141478559208885, 4.712892614173436, 3.1415015845238927, 1.5710419866992256, 4.712180607772521, 4.7157716374831695, -0.00961678518400722, -8.78903961923174e-05, -0.00045985533650041586, 0.00010434138559710093, 3.1416007873303156, 1.5706959963634497, 3.1411574858438014, 0.0003125817306943912, 3.14143022938848, -0.00038626215907971626, -0.00019887136119192824, 3.142467693411217, 0.00012136010940595255, 1.5711023780881201, 0.0008946516954503032, 4.711612040181419, 1.5710058098960913, 4.712572053702083, 1.570808248188318, 1.5707560578130049, 3.142784053013192, -0.0023352713220622513, 4.711970195187246, 3.141027312198558, 0.02988485060406088, 4.712359724094606]",0.0
361,1.5583184890338746,"[1.570098643608193, 4.7123111486454885, 1.5705522050507699, 4.712430198608829, 3.141994880180042, 4.713058532544174, 1.5702849469165707, 1.5704399810173684, 3.1414800634925015, 4.712888268715955, 3.1414956717984057, 1.5710440137171866, 4.712182083552306, 4.715768758761917, -0.009617281573258094, -8.821352330859397e-05, -0.000459757134315364, 0.00010226043386764987, 3.1416001489985845, 1.5706975786596988, 3.141153175684669, 0.000313333826234515, 3.141430274140393, -0.0003849246410135981, -0.0001989349710292204, 3.1424660565196474, 0.00012057562081085344, 1.5711044030134211, 0.0008861647379318952, 4.711613530941326, 1.5710071538839625, 4.712569903805749, 1.5708067232498277, 1.5707562626616063, 3.142788442496291, -0.002338747001349013, 4.711970128217534, 3.141023568182896, 0.02988552306500277, 4.712360435183572]",0.0
362,1.55842778804301,"[1.5701005258390548, 4.712310628073987, 1.5705517737141454, 4.712428353690866, 3.1419950674029726, 4.713055936911708, 1.57028053803874, 1.5704407945865202, 3.141477692027114, 4.7128940066739675, 3.141499547720261, 1.5710414044890977, 4.712182050182816, 4.715771248441717, -0.009616343758102044, -8.711985815212357e-05, -0.00045654861364075115, 0.00010740784960072805, 3.1416028628095005, 1.5706953270647879, 3.141156005908839, 0.00031312081944136953, 3.1414283031177295, -0.0003856893377735081, -0.00020001377454074667, 3.14247010515355, 0.00012342128830315316, 1.571105743675376, 0.0008911393352127802, 4.711611041738478, 1.5710066801530722, 4.712571570990253, 1.5708101213415633, 1.5707535223091362, 3.1427846011094633, -0.0023341092024210244, 4.7119681975818635, 3.1410250477952397, 0.02988365207721455, 4.712360906054535]",0.0
363,1.5561571015720876,"[1.5700971427212564, 4.712312721976124, 1.5705513222717247, 4.712427339784698, 3.141996442925876, 4.71305838942957, 1.5702789934240353, 1.5704474509545194, 3.141476804852628, 4.712893255771066, 3.141500752584026, 1.571042348584051, 4.712187746731223, 4.7157735569124535, -0.009617342356771016, -8.7281448599492e-05, -0.0004581543130942244, 0.0001048140821177738, 3.1416013268339302, 1.5706954051462894, 3.141156618050007, 0.00031031397094120525, 3.1414257931145473, -0.0003835608865870891, -0.00019974825459588628, 3.142471656260283, 0.00012300675725949206, 1.571099580666102, 0.000888512578283822, 4.711612969534669, 1.5710070813797936, 4.712574157887833, 1.5708082884562096, 1.5707593728425213, 3.142784099271624, -0.0023317999092227165, 4.7119723574612085, 3.1410218278542836, 0.029887760283792995, 4.712363224707964]",0.0
364,1.5621529827074485,"[1.5700965289751785, 4.712312296820987, 1.5705510128905686, 4.712427874263872, 3.1419950065738558, 4.713055817187237, 1.570280491751071, 1.5704432876668935, 3.1414764664302606, 4.712895466467974, 3.1414985141128855, 1.5710389048172018, 4.712180771140164, 4.715770612221407, -0.009619234865445423, -8.98818555265088e-05, -0.0004583293786989608, 0.00010481173975279112, 3.1416019763423186, 1.5706957997398663, 3.141154264553727, 0.00031262122840226505, 3.141431686836957, -0.0003861192480408689, -0.00019974358420380775, 3.142470744489257, 0.0001246082611511093, 1.5711040806769532, 0.0008929542954906741, 4.711612847480347, 1.5710066066171542, 4.712571252834601, 1.570808812748119, 1.5707565371739014, 3.1427871827887848, -0.002335268914811196, 4.711969224554307, 3.141025097795376, 0.02988547654245231, 4.712359773820255]",0.0
365,1.557505402281476,"[1.5700986702856348, 4.712313489354666, 1.5705521441029369, 4.712428061773654, 3.141995963841378, 4.713058881467629, 1.570279625136441, 1.570441975253779, 3.1414768800874944, 4.712896131515432, 3.141498362115675, 1.5710390315328062, 4.71218298913015, 4.715769910198237, -0.009612545455098532, -9.057828280435204e-05, -0.0004566757340511265, 0.00010525949517262772, 3.141606052030811, 1.5706960377476462, 3.1411532822309076, 0.00031229384163061795, 3.1414234757172657, -0.00038562944323190015, -0.0001998272071401541, 3.1424674719048014, 0.00011728803895277485, 1.5711032778452763, 0.0008955480442826958, 4.711608421387982, 1.5710080611799215, 4.7125689111696385, 1.5708086123748626, 1.57075755969472, 3.142789667992005, -0.00233632779477214, 4.711970176609071, 3.141029688768498, 0.02988873853203488, 4.7123606250445835]",0.0
366,1.5549153700172749,"[1.5700998430915207, 4.712315471709071, 1.5705493729323414, 4.71243105993006, 3.141998351743319, 4.713062678661685, 1.5702793691789048, 1.5704384411108494, 3.141481936646758, 4.7128942459554075, 3.141501344297578, 1.5710374461581706, 4.712179977280445, 4.715772006084127, -0.009619482596789174, -8.719243131601574e-05, -0.00045904646649590485, 0.00010428475556040572, 3.141603814349098, 1.5706931281219685, 3.1411548181631277, 0.00031256778186183816, 3.1414282697248903, -0.00038982418159126924, -0.0002003668149966628, 3.142468176400885, 0.00012141539679566162, 1.5711043034640184, 0.0008909756198129595, 4.711615432743624, 1.5710055596104022, 4.712574872483274, 1.5708097412345594, 1.5707568313444136, 3.142788118194038, -0.0023296785423699827, 4.711971977774888, 3.1410261736856095, 0.02988211958857481, 4.712358931687712]",0.0
367,1.55921674775058,"[1.5700971566217468, 4.712310622811683, 1.5705521039910946, 4.712427153347279, 3.1419973470340326, 4.713057559597575, 1.5702812345840083, 1.570441756905872, 3.1414791478780035, 4.712894544038502, 3.141498492846657, 1.5710404409326237, 4.712180540540935, 4.715772829463973, -0.009616452592418294, -8.824307195945513e-05, -0.0004578194118864236, 0.00010570203714127518, 3.141604042908793, 1.570695752834228, 3.141155955501635, 0.00031619348206957516, 3.1414322607505034, -0.00038642848096152535, -0.00019957210801788535, 3.142469648905824, 0.00012178868578061558, 1.5711011048022716, 0.0008898416039104607, 4.711609505044917, 1.5710070428907568, 4.7125707067397915, 1.5708098883740638, 1.5707569329266404, 3.142784230639022, -0.0023335897254114714, 4.711971409855585, 3.1410270504981477, 0.029885114133242126, 4.712360370723145]",0.0
368,1.5605031620139322,"[1.570097383991014, 4.712312437785579, 1.5705531141738716, 4.712428157312053, 3.1419964930133317, 4.713057357937697, 1.57027995358452, 1.570442479753621, 3.1414767337743195, 4.7128936477766565, 3.1414984895068416, 1.5710410424349934, 4.7121802038213625, 4.715772210925109, -0.009615801686963816, -8.730152093249835e-05, -0.00045821689792621033, 0.00010581914392567049, 3.1416025068139724, 1.570696733252753, 3.1411556412723454, 0.00031226046707726816, 3.141430896800894, -0.00038589762186543464, -0.00020089106834230105, 3.1424696136497383, 0.00012085676445588563, 1.5711044088239445, 0.0008915063957882679, 4.711611387965047, 1.571006318388317, 4.712572650004911, 1.5708095869180703, 1.5707566118681056, 3.142786178888106, -0.0023339972873505674, 4.711969910738328, 3.14102533326777, 0.029884464540694964, 4.71235964087973]",0.0
369,1.5604066223426556,"[1.570096018181651, 4.712313034307232, 1.570551929950464, 4.712428079023082, 3.1419965078352785, 4.713056581547692, 1.570279610542462, 1.5704447061891742, 3.1414795492171814, 4.712893045656971, 3.141498127692636, 1.5710418146833323, 4.712179570959425, 4.71577060518796, -0.009615988316452622, -8.654783000109868e-05, -0.0004581512558507921, 0.00010733232496888486, 3.1416019978616743, 1.5706963234955742, 3.1411567455995604, 0.00031380274652062056, 3.141429157880004, -0.00038550737924123547, -0.00019764961172348967, 3.142470403412939, 0.00012226505850037193, 1.5711055504047984, 0.000891788144399189, 4.7116130889349215, 1.5710100386346983, 4.712571371628556, 1.5708083113528628, 1.5707549239304457, 3.142786764855912, -0.0023330654419624858, 4.711972213383466, 3.141027732904186, 0.0298843692395297, 4.712359859398706]",0.0
370,1.5649322078087988,"[1.5700978791398534, 4.712312385279696, 1.5705517991240092, 4.712427380846367, 3.141995213131963, 4.713057001457506, 1.5702807224080266, 1.5704436703167428, 3.1414784304023478, 4.712894226533035, 3.141498450420986, 1.5710401150636137, 4.712179647708797, 4.715773478588905, -0.009615811479656558, -8.765135440908895e-05, -0.0004577571888260963, 0.00010490381236793481, 3.141601521744933, 1.5706961283107674, 3.1411555110185336, 0.00031267960695036953, 3.141429236297895, -0.0003872592783980465, -0.0001994809682879573, 3.1424697837440863, 0.00012110237744339247, 1.5711038887229156, 0.0008909093255385085, 4.711612492961637, 1.5710065841515306, 4.712571695136231, 1.5708093719378189, 1.5707554245070758, 3.1427850710171485, -0.0023348507418757074, 4.71196981013888, 3.1410262367489903, 0.029885003836579414, 4.712359738714443]",0.0
371,1.5683039621392076,"[1.5700987125303678, 4.7123116615082745, 1.5705504567556394, 4.712426412957903, 3.141996827992898, 4.7130555054413374, 1.570280077802957, 1.5704425772894013, 3.141478982878718, 4.71289455307558, 3.141499220413535, 1.5710431815803885, 4.712178542322136, 4.715773269937917, -0.00961556838844291, -8.701695988031446e-05, -0.00045846918872860455, 0.0001053216038240618, 3.141600617908605, 1.570694505449736, 3.1411537047761517, 0.0003147045755089004, 3.141429009988857, -0.0003840149150930854, -0.0001998778337741727, 3.1424696003708137, 0.00012171132681671974, 1.5711023140871023, 0.0008929253854634977, 4.7116111368084725, 1.5710058942224836, 4.712572491676999, 1.5708099488411815, 1.5707556596595988, 3.142789241618887, -0.002333705364987039, 4.7119708815112995, 3.1410239211932085, 0.029884587874675614, 4.712359303462295]",0.0
372,1.5655217089000142,"[1.570097142899938, 4.712312410772965, 1.570552016073486, 4.712428332939729, 3.1419972646435697, 4.713056514161309, 1.5702803543405102, 1.5704429539722813, 3.141477599585651, 4.712894193471257, 3.141498549839567, 1.5710408398290618, 4.712180730196553, 4.715771366452836, -0.009616487430848735, -8.84874412334168e-05, -0.00045781844159392297, 0.00010555339509356325, 3.141600383160682, 1.5706941174992206, 3.1411552087149364, 0.00031287073959859225, 3.1414299010768767, -0.00038642301861318597, -0.00019894935787304586, 3.1424694835129765, 0.00012017348992180364, 1.5711040893201216, 0.0008913346399344191, 4.711611104543742, 1.5710073054031697, 4.7125715219072, 1.5708103624795489, 1.5707557952838327, 3.1427853459174333, -0.0023339866465116248, 4.711970080790122, 3.141025255161155, 0.02988427806059855, 4.712359584503427]",0.0
373,1.5515805640569287,"[1.5700972975883205, 4.712312231963042, 1.5705508641245063, 4.712424990463613, 3.141994336209331, 4.713057298999523, 1.570279912286582, 1.5704419117924755, 3.1414769345451776, 4.7128932518412805, 3.141498983176972, 1.571040716907479, 4.712180940257388, 4.715770009681777, -0.009617213472129085, -8.408506451134107e-05, -0.00045653318587541626, 0.00010663132144913919, 3.1416002056054095, 1.5706948754262084, 3.141153371852645, 0.0003130059858067946, 3.1414300859168613, -0.00038693017059274404, -0.00019980314749148766, 3.1424683456138216, 0.00012174194308188879, 1.5711042223487912, 0.0008915723020880753, 4.711610968600034, 1.5710062406147929, 4.712573127998084, 1.570809721557338, 1.5707582870449313, 3.1427849824130356, -0.002335140876937668, 4.711971774731364, 3.1410279994774393, 0.029884587562639408, 4.712360229018771]",0.0
374,1.5689825062589193,"[1.5700982240972587, 4.7123117309398195, 1.5705523434599657, 4.712428716418943, 3.141996564827525, 4.713057007786867, 1.5702801870853342, 1.5704423568270087, 3.1414756750461463, 4.7128941381520235, 3.1414981133077706, 1.5710408542975778, 4.712179965271997, 4.715772563439291, -0.009616790368089385, -8.688059251601903e-05, -0.00045673394469354227, 0.00010472329275335917, 3.1416011137680044, 1.5706955412712558, 3.1411559734213257, 0.00031407296410479625, 3.14142928971183, -0.0003860211700934769, -0.0001988026014049357, 3.142468935480481, 0.00012202785224700728, 1.5711036434722465, 0.0008913611592784483, 4.7116121970968985, 1.5710070425387712, 4.712572178470833, 1.5708093753218384, 1.5707561518213782, 3.142786241469131, -0.002333967525637232, 4.711970695318047, 3.1410264712377223, 0.029885297253254114, 4.712359326446476]",0.0
375,1.5629866251235582,"[1.5700980831963895, 4.712312039794739, 1.5705491920184371, 4.712426297265111, 3.141996218364517, 4.713057855801973, 1.5702810629876032, 1.5704425610323007, 3.141474118967004, 4.712892909365142, 3.141499822940199, 1.5710416848405437, 4.712179277896166, 4.7157712280332404, -0.009614786025144038, -8.811196219092405e-05, -0.0004606219244522499, 0.00010710094775186066, 3.1416040251483714, 1.5706950441412755, 3.1411556315669964, 0.00031286586312797004, 3.141429647369493, -0.00038770150079671216, -0.00019703586247231747, 3.1424691500527393, 0.00012162970401603978, 1.5711037426281036, 0.0008911753013824645, 4.7116123163341195, 1.5710065589884448, 4.712571591020287, 1.5708092092121066, 1.5707560962463527, 3.1427850125890426, -0.002334723259371471, 4.711971347230469, 3.141024451997164, 0.029884593139449724, 4.712358692966639]",0.0
376,1.5626621024632272,"[1.5700970996485788, 4.7123107138400036, 1.5705501081724456, 4.712428060822457, 3.14199706725754, 4.713057200795209, 1.5702813636045378, 1.5704429397077615, 3.1414775351227693, 4.712894311830033, 3.1414995415103566, 1.571040279111982, 4.712179879635211, 4.715771865380569, -0.009616207453610323, -8.666650162326254e-05, -0.0004573076063740472, 0.00010589913774508369, 3.1416016020672277, 1.5706954032242744, 3.1411560931045424, 0.00031291201258908753, 3.141430115760839, -0.00038580939369538053, -0.00020015533447299572, 3.1424691045227737, 0.00012068456267757493, 1.5711041052630363, 0.0008917084257932713, 4.71161189370142, 1.571007646314667, 4.712572563339971, 1.5708083255697636, 1.5707562245407793, 3.1427859546964236, -0.0023346235170347623, 4.711969571178612, 3.1410256316410687, 0.02988533245862973, 4.712359938362848]",0.0
377,1.5607042958935005,"[1.5700960588760273, 4.71230951443443, 1.5705529216719751, 4.712425757618311, 3.1419967845662105, 4.7130562864044885, 1.5702809149667372, 1.5704425538838083, 3.1414782786277056, 4.7128925882232755, 3.1414976757910598, 1.5710383659490803, 4.712179983540602, 4.715771173975545, -0.009616267687681496, -8.835789059834955e-05, -0.0004564034243163247, 0.00010647968132837892, 3.141602636295379, 1.5706951108369245, 3.1411573926440024, 0.000311508353978128, 3.141428548269251, -0.000385193760007763, -0.00019935613120757384, 3.142467371369102, 0.00012173315675306667, 1.5711033311102893, 0.0008919182749742141, 4.71161342487843, 1.5710046550788712, 4.712571883762426, 1.5708108828322476, 1.5707556892622434, 3.1427867017461555, -0.002334449054462976, 4.711972474833516, 3.1410249236470333, 0.029883786862958676, 4.712359853040746]",0.0
378,1.5550188476468425,"[1.5700984054844724, 4.712311241261277, 1.5705516946554043, 4.712427714018287, 3.1419962690728394, 4.713057542128228, 1.5702810667219935, 1.5704440303206126, 3.1414772723432587, 4.712895124518463, 3.1414987984168747, 1.5710416313012696, 4.712179809892236, 4.715771931176344, -0.009616981603859468, -8.781343563687898e-05, -0.00045864914195835007, 0.00010542933638141813, 3.141601734428232, 1.570695225384463, 3.141156206990991, 0.0003126281219795794, 3.1414294102406273, -0.0003856374475818896, -0.00019976028430908617, 3.1424688236288194, 0.00012164091555444215, 1.5711044673099737, 0.0008911237288212611, 4.711611508834106, 1.5710065621703524, 4.712571675991398, 1.570809763436785, 1.5707571631864323, 3.142786215144529, -0.002334709312755866, 4.711970606704266, 3.1410269413685428, 0.029883085754657365, 4.712360305823381]",0.0
379,1.5657228427795822,"[1.5700995495424959, 4.7123126215784765, 1.5705520863218747, 4.712428490234285, 3.141994109873309, 4.713055602527849, 1.5702801151292758, 1.5704444215978273, 3.1414776001557585, 4.712894329671231, 3.1414993116298087, 1.5710416189694916, 4.712179189515463, 4.715769712785062, -0.009617112557807833, -8.885430450762651e-05, -0.0004550898431276253, 0.00010575773550696554, 3.141603586652711, 1.570695132015529, 3.1411558104893538, 0.0003137783639067846, 3.141430178660392, -0.00038692603367426775, -0.00020095647056912026, 3.1424690113035334, 0.00011961633415115484, 1.5711023583896482, 0.0008914920062951863, 4.711611856684969, 1.571007468581892, 4.712573554379635, 1.570807076877643, 1.5707564435434398, 3.1427850998748625, -0.00233521207075884, 4.711972713561109, 3.141024449942043, 0.02988258057629966, 4.7123592629911855]",0.0
380,1.5555820350819438,"[1.570096557382823, 4.712310682298917, 1.5705521274684178, 4.712427656061558, 3.1419958901536336, 4.7130567399287875, 1.5702805403780349, 1.5704418206177502, 3.141477128641713, 4.712894216049115, 3.1414990530222964, 1.5710419682554415, 4.712179463511694, 4.715771346287259, -0.009616082533747064, -8.806953543846231e-05, -0.00045785482409521584, 0.00010494038813612497, 3.1416020202382757, 1.570695142165793, 3.141154916238157, 0.00031302641401957193, 3.141428666356464, -0.00038662389824490196, -0.0002008302389487915, 3.142470375220135, 0.00012135134507776965, 1.571103564854615, 0.0008913570195343413, 4.711613007506033, 1.5710077409072702, 4.712572194689697, 1.5708097601508333, 1.5707565290664742, 3.142785316923729, -0.0023341415777614325, 4.711970729853169, 3.1410262218757157, 0.02988440014378231, 4.712359699931629]",0.0
381,1.55842778804301,"[1.570099248897138, 4.712312866776632, 1.5705515533919654, 4.712426555292101, 3.1419970369386374, 4.71305754602735, 1.5702797610826904, 1.5704419445346764, 3.1414771546963594, 4.71289178186292, 3.1414984717455456, 1.5710404568761593, 4.712178500639551, 4.715772878461391, -0.009618259886650597, -8.76746268869189e-05, -0.00045816055531578803, 0.00010521814588878968, 3.1416019375754103, 1.5706936730836092, 3.141156955367547, 0.00031074588072786056, 3.141429631296852, -0.00038576537799382926, -0.0002019137550483494, 3.142470377233203, 0.00012235233658997862, 1.5711032970262335, 0.0008915053552549295, 4.711609977940684, 1.5710097556482838, 4.7125715470075615, 1.5708098837280318, 1.5707551850428125, 3.142785886149462, -0.0023366866024778932, 4.711972188695051, 3.141026072182059, 0.029885505929725636, 4.712359866216256]",0.0
382,1.5567721459699262,"[1.5700981801154985, 4.712312065623936, 1.5705508132745707, 4.712428171634741, 3.1419968305257537, 4.713057137706664, 1.5702793339805277, 1.5704433540923348, 3.1414777117766945, 4.7128943253156885, 3.1414975955625892, 1.571041709983841, 4.712179856661281, 4.715770748665186, -0.009615009406835443, -8.775328583694638e-05, -0.0004572870658108556, 0.0001057817966119781, 3.141601646284729, 1.5706948949647541, 3.141155885964455, 0.00031254742681533545, 3.1414303948665068, -0.00038675314303389846, -0.00020063543731234026, 3.1424686740547614, 0.00012246072857203546, 1.5711030740914145, 0.0008911579724761414, 4.7116124942118285, 1.571006442185766, 4.7125719300401565, 1.5708096828959035, 1.5707559673135538, 3.142785680286278, -0.0023345927106059594, 4.711970344827655, 3.1410262280609653, 0.02988522021707575, 4.712359948275459]",0.0
383,1.562365759346152,"[1.570097447796304, 4.712313083203652, 1.5705521186858498, 4.712425449531602, 3.14199614690232, 4.713055782004309, 1.5702806323403613, 1.5704407036849357, 3.1414781153089715, 4.71289589254906, 3.141497112381999, 1.5710424286613638, 4.712179523331555, 4.715771157019795, -0.009616558701644113, -8.696946747986152e-05, -0.0004574009104515396, 0.00010346654008167115, 3.141603632427505, 1.5706932146817212, 3.141157076939707, 0.0003106846480491841, 3.141430274900704, -0.0003850449360596988, -0.0001978305659756655, 3.142469756860385, 0.00012095438729628887, 1.5711043060255805, 0.0008906589216740521, 4.711611654336536, 1.571006171460667, 4.7125727238586315, 1.5708067330974727, 1.570756440168339, 3.142785407509296, -0.0023332234451821214, 4.711969579539663, 3.141026307862846, 0.029885178713405645, 4.712360134069767]",0.0
384,1.563252375303722,"[1.5700980599437278, 4.712312390683392, 1.5705507339774223, 4.712427176268637, 3.141995739343649, 4.71305628225514, 1.5702808781613913, 1.5704429057804765, 3.1414771324912683, 4.7128935413513195, 3.1414985207236232, 1.5710412029149448, 4.712179948646216, 4.715770931485087, -0.009617615262738724, -8.784287275082554e-05, -0.00045811645888528226, 0.00010608506069288525, 3.1416016985778414, 1.570696132233643, 3.1411562032432148, 0.0003127716059504042, 3.1414292920750704, -0.000385448336127022, -0.00020089134723050024, 3.1424691710708674, 0.00012052999062175036, 1.5711029712568263, 0.0008908774997919504, 4.711612000670417, 1.571006442031194, 4.712571412258027, 1.5708096543267758, 1.5707558137465079, 3.1427856586126848, -0.0023327941100839663, 4.711970015350047, 3.141026988631376, 0.029885080423462444, 4.712358457351324]",0.0
385,1.5618483711983133,"[1.570097811442252, 4.712312748595928, 1.570552068199473, 4.712427603150902, 3.1419961119036652, 4.713056695977288, 1.5702813582801416, 1.5704427283196392, 3.1414774833784684, 4.712894488988113, 3.141499097507942, 1.5710409332407855, 4.712179758279461, 4.715771177754602, -0.009616281034704233, -8.746922650668812e-05, -0.00045796045653760946, 0.00010567044723240284, 3.1416017470440503, 1.5706953723025998, 3.1411561230189187, 0.00031327455621993523, 3.1414295780919197, -0.0003859607371148541, -0.0001999927234117774, 3.1424691241131146, 0.00012154517171099753, 1.5711037041548404, 0.0008913836219346387, 4.711611977461293, 1.5710068844991856, 4.712572410417953, 1.5708098203119243, 1.5707560652775643, 3.1427856606112607, -0.002334489848731615, 4.711970786278604, 3.1410257647956765, 0.029885240997248524, 4.712359773459445]",0.0
386,1.5656770434923197,"[1.5700977385656307, 4.712312449002156, 1.5705507561847154, 4.712427883607779, 3.1419968397788116, 4.713056707731768, 1.5702806890761043, 1.570442001409986, 3.1414773093399178, 4.712893917503003, 3.1414980184784365, 1.5710407881292356, 4.712180086769639, 4.715770854577307, -0.00961630144108902, -8.750464317190225e-05, -0.00045780607565024513, 0.000105645404696203, 3.1416012002485, 1.57069632692621, 3.141156786925681, 0.0003132448493753175, 3.141429097317045, -0.0003863455812287757, -0.00019962868974173482, 3.1424715804689884, 0.00012092972836415989, 1.571102987748344, 0.0008915774439387478, 4.711611662421733, 1.5710057218335076, 4.7125724925926455, 1.57080926227339, 1.5707563139082679, 3.1427860829277567, -0.002335358656691997, 4.711970843405302, 3.1410264260644203, 0.029883713112237607, 4.712360556439471]",0.0
387,1.5547084147581391,"[1.5700981063289565, 4.712311892365144, 1.5705517572247418, 4.712427772638991, 3.141996238338403, 4.713056646391093, 1.5702810576076103, 1.5704420907856746, 3.141477592115926, 4.712893722816897, 3.141498396608412, 1.5710409307487267, 4.712179211159243, 4.71577104715008, -0.00961634995355788, -8.766366640285441e-05, -0.000457810736189485, 0.00010543946725176764, 3.1416016485920855, 1.570695686570361, 3.1411554421105268, 0.00031316359356661587, 3.1414301609629978, -0.00038633631510847136, -0.00019971844197006554, 3.1424691299522047, 0.00012103988804847451, 1.5711040507937428, 0.0008912405869333448, 4.7116118830186355, 1.5710067528317748, 4.712571655463519, 1.5708091798755575, 1.5707557584017682, 3.142786257058522, -0.0023348162385018875, 4.711970492553255, 3.141026316842375, 0.029884399686993694, 4.712359469725367]",0.0
388,1.5716671032481129,"[1.5700982756474187, 4.71231180413473, 1.570551871166647, 4.712427923304394, 3.1419962206416097, 4.713057228746306, 1.5702811802327639, 1.5704428650570221, 3.1414779150759524, 4.7128926919753, 3.141498761701704, 1.5710416105558012, 4.712181419290409, 4.715771013612866, -0.00961661558989351, -8.766386377451858e-05, -0.0004582135794931761, 0.0001048654455038786, 3.1416013511846375, 1.5706960213028227, 3.1411550606026886, 0.00031243325621498465, 3.141429370052855, -0.00038557143494029913, -0.0001995489997196118, 3.1424692746873024, 0.0001214326370332639, 1.5711031139784541, 0.0008897597816173835, 4.711612348256235, 1.5710068802866517, 4.712571740480391, 1.5708083931059722, 1.570756568273337, 3.1427862487618987, -0.002334607118650184, 4.71197105639322, 3.1410251338694124, 0.029885262909680698, 4.712360569763307]",0.0
389,1.5664727294931793,"[1.5700980505232882, 4.712312082348139, 1.5705516756537066, 4.712427588406917, 3.1419962628572886, 4.7130563539347925, 1.5702805253225547, 1.5704427608255684, 3.141477379021059, 4.712894155866011, 3.141498834991971, 1.5710408718504583, 4.712179907591073, 4.715771298948285, -0.009616470565413923, -8.674361475350054e-05, -0.0004577229566621251, 0.00010528715679682685, 3.141601876260844, 1.570695588346479, 3.1411561548077254, 0.00031288826890234905, 3.141429683614723, -0.00038672714321121693, -0.0001999464217523173, 3.142469593403612, 0.00012112033112205286, 1.5711035300756344, 0.0008914656067203331, 4.711612001480677, 1.571006923014773, 4.7125709180327355, 1.5708094782800366, 1.5707565424581105, 3.142786134323494, -0.002334104904052374, 4.711970670597978, 3.1410254336106527, 0.02988458104394435, 4.712359950977321]",0.0
390,1.5597788186069583,"[1.5700982498068934, 4.712311977263599, 1.5705525894785513, 4.712427384039194, 3.1419972983856743, 4.713055661828417, 1.570281308460337, 1.5704436050431465, 3.1414772249908642, 4.712893056029287, 3.141499256072001, 1.5710405023025846, 4.712180376985174, 4.71577156246233, -0.009615906496606746, -8.750407511462353e-05, -0.0004579971591760011, 0.00010590908171129597, 3.1416020370520146, 1.5706940690256723, 3.141155566313926, 0.00031328059723994303, 3.1414294871996433, -0.00038707102508502825, -0.00020046820544852614, 3.142470212848909, 0.00012184508687659005, 1.5711037923680236, 0.0008911458486935311, 4.711611830200889, 1.57100605950481, 4.712572345858046, 1.5708082988470367, 1.5707564321129666, 3.142786457988755, -0.0023341990683354613, 4.711970219058026, 3.1410270860201512, 0.029884646698138055, 4.712359086733104]",0.0
391,1.554392160489868,"[1.570097795264948, 4.71231224410343, 1.5705519404989838, 4.71242777672209, 3.141996590542732, 4.713057023869836, 1.5702805569053715, 1.5704428585287193, 3.1414773588713616, 4.712894264330978, 3.1414989385014285, 1.571041164405637, 4.712180063126, 4.715771372523072, -0.00961669177626043, -8.743933298890206e-05, -0.00045740253649786505, 0.00010595059597808173, 3.141602495395067, 1.5706954970741753, 3.1411552150076565, 0.0003126558900006517, 3.1414292191935567, -0.00038612575497375487, -0.00019952889358869195, 3.14246950563142, 0.00012084310039776043, 1.5711031431534057, 0.0008916114773586327, 4.711611870877419, 1.571006617583494, 4.712571660278853, 1.5708093802281404, 1.5707558714811622, 3.1427862428935494, -0.002334876796092654, 4.711970396414656, 3.141026409124448, 0.029885023082604777, 4.712359844114095]",0.0
392,1.5611182064117712,"[1.5700986097580985, 4.712312034395053, 1.5705514092270199, 4.712427269467916, 3.1419958621093595, 4.713056885079703, 1.570280159010285, 1.570442329130612, 3.1414772476127477, 4.7128944443176115, 3.141498706692192, 1.5710397450809168, 4.712180502705432, 4.715771009045398, -0.009614809752534054, -8.888340868647539e-05, -0.0004578113244000918, 0.00010512614298588878, 3.141601919127459, 1.5706958642359534, 3.1411554722821236, 0.0003128949172323887, 3.141428685058556, -0.0003859032130406876, -0.00020004040165680213, 3.1424691960155076, 0.00012086091923686441, 1.5711041292926864, 0.0008921773760875287, 4.711610776775491, 1.5710073833119242, 4.712571687600726, 1.5708088009765848, 1.5707566879325292, 3.1427864722130407, -0.002333767627835993, 4.711971157222325, 3.141026777031284, 0.029885301579284772, 4.7123600752514765]",0.0
393,1.556364056831223,"[1.5700982886017116, 4.712311573893356, 1.5705519828040366, 4.712427871845351, 3.141996029754354, 4.71305651428134, 1.5702806335764805, 1.570442571501534, 3.141477556939759, 4.712894524418087, 3.141498260991312, 1.571040547659906, 4.712180091295396, 4.715771397071007, -0.009616341004491963, -8.722270659048958e-05, -0.00045837371585661973, 0.00010614548655192808, 3.1416015843658793, 1.5706955018215827, 3.1411556868314463, 0.0003124671198368707, 3.1414296535955963, -0.0003862991813883925, -0.00019954641754593044, 3.142469626929741, 0.00012126849974520663, 1.5711029430379617, 0.0008912533774170137, 4.711611837669615, 1.5710072321050903, 4.712572401199652, 1.5708092162368132, 1.570756211662736, 3.1427860382042683, -0.0023343544713163816, 4.7119706646087, 3.141025983839298, 0.02988462861204183, 4.712359255401974]",0.0
394,1.5560478025629523,"[1.5700983087248384, 4.712312087401751, 1.570551969615609, 4.712427662261934, 3.1419962875764473, 4.713056059549612, 1.570279709419925, 1.5704427496797935, 3.141476708508497, 4.7128939098470175, 3.141499031521345, 1.5710399092728575, 4.712178593341963, 4.715771459344392, -0.009616535750098909, -8.763136109175258e-05, -0.0004584724100088672, 0.00010632108709604878, 3.141601670622878, 1.570695005888307, 3.141155126486919, 0.0003131726169457471, 3.1414299925522324, -0.00038542941163133813, -0.00019979881079963208, 3.142469411941086, 0.0001207048636076149, 1.5711032230480901, 0.0008906600021161486, 4.711612696450842, 1.5710067474915446, 4.712572164974138, 1.5708091253822296, 1.570755884073307, 3.142785618686849, -0.002333839940443957, 4.71197032300423, 3.1410264547044373, 0.029884623915283286, 4.712362098735]",0.0
395,1.5668152974175644,"[1.5700976744224537, 4.7123121676051385, 1.5705516411747016, 4.712428127642445, 3.1419960554339688, 4.713056680326573, 1.570280738833361, 1.5704428217612403, 3.141477530440929, 4.712893566319543, 3.1414990468755315, 1.57104075127171, 4.712179112121662, 4.715771278415796, -0.00961619532516914, -8.761349961814363e-05, -0.00045736878559148676, 0.00010561150435195084, 3.1416017526740547, 1.5706955664332434, 3.141155649197051, 0.0003124807337256487, 3.1414293556594735, -0.00038603269230835747, -0.00019939434323412646, 3.142469593272485, 0.000121818075893582, 1.571103231791967, 0.0008911195676137948, 4.711611208549748, 1.5710067252309519, 4.7125719997103115, 1.5708093538540382, 1.570756660311116, 3.142785852271962, -0.002334009545187411, 4.711970224658833, 3.141025962527599, 0.029884537462361048, 4.712359736190385]",0.0
396,1.5634735293936286,"[1.5700986255800626, 4.712312713054406, 1.570552077169884, 4.712426184892009, 3.1419972836769303, 4.713056874465096, 1.5702808119635767, 1.5704420343446652, 3.141477350440778, 4.712894294112869, 3.1414994150459266, 1.5710411950693113, 4.712180008508617, 4.715771964566429, -0.009616178024139416, -8.852389396882382e-05, -0.00045672711203269354, 0.00010661762833666315, 3.141600896239521, 1.5706962892215048, 3.141155830483823, 0.0003126329809032976, 3.141430080346346, -0.00038616861300384456, -0.0001995496877277763, 3.142469346907366, 0.00012161788533465247, 1.5711030761325042, 0.000891423215412924, 4.711612994773356, 1.571007718253638, 4.712571758639101, 1.5708089609246494, 1.5707569625500317, 3.14278587836498, -0.002334355131717738, 4.7119699573151115, 3.1410261468825578, 0.02988386871857325, 4.712359622445716]",0.0
397,1.5615262955504745,"[1.5700975401837192, 4.712312483246348, 1.5705515280334945, 4.712427599782573, 3.1419965352799304, 4.71305652903729, 1.5702807314741132, 1.5704427253067388, 3.1414770562197383, 4.712894202172774, 3.1414988579546317, 1.571040546243907, 4.71218020700682, 4.7157714924746434, -0.00961603484942009, -8.718229769473741e-05, -0.00045786539193208624, 0.00010514095969585432, 3.1416018413415925, 1.5706956219636505, 3.1411553855659067, 0.00031279503892970954, 3.1414295772397924, -0.0003857744314965047, -0.0002000636194864384, 3.142469177881382, 0.00012160824576366554, 1.5711031294522304, 0.0008912073239852917, 4.711611798930276, 1.5710069896426258, 4.712571839391439, 1.5708089931813254, 1.570755487202287, 3.1427857034197304, -0.002334344307558099, 4.711970732109498, 3.1410261350305695, 0.029883749932814615, 4.712359678744348]",0.0
398,1.5628773261144229,"[1.5700987799228423, 4.712311711706939, 1.570551391683671, 4.712428258374226, 3.1419961442751374, 4.713056670306451, 1.5702810561972382, 1.570442771564888, 3.141477399871754, 4.712894182320589, 3.141499603748837, 1.5710407627544352, 4.712180037341979, 4.715771671889413, -0.009615718890553397, -8.737960918904401e-05, -0.00045717242616999886, 0.00010544069303480558, 3.141601790014697, 1.5706951385449108, 3.1411552625399928, 0.0003119411604423246, 3.1414311037926024, -0.0003848849378251061, -0.00019947433563692894, 3.142470840394845, 0.00012099486248559031, 1.5711039309365937, 0.0008915937282760705, 4.71161274994749, 1.5710062708416002, 4.712571554036887, 1.570809998766553, 1.5707560633501798, 3.142785389736234, -0.002334126581810834, 4.711971997206333, 3.1410267859629903, 0.029884880649880576, 4.712359206566909]",0.0
399,1.5596978547463822,"[1.5700983008156886, 4.7123122335536625, 1.5705516618828566, 4.7124277848396705, 3.141996440441632, 4.713057485718567, 1.5702811735037627, 1.5704426502179343, 3.1414776084346894, 4.712893748252198, 3.141498364267006, 1.5710407770885377, 4.712179847292783, 4.7157714766497385, -0.009616665937536318, -8.749968554331366e-05, -0.0004578198057954843, 0.00010555654728877753, 3.141601813105138, 1.5706952699875962, 3.141155413064963, 0.0003128429653518877, 3.141429644730468, -0.00038641372505829113, -0.0001998641724622661, 3.1424695560333085, 0.00012136206912102212, 1.5711034233272494, 0.0008922176996132516, 4.711612140554479, 1.5710066949397776, 4.712572122252125, 1.570809072605209, 1.570756041582399, 3.142785640827808, -0.0023335169579656047, 4.711970729804589, 3.14102593348685, 0.029884418521366973, 4.7123601045575665]",0.0
400,1.5574906679973328,"[1.5700981441416828, 4.712312586855637, 1.5705510321956702, 4.712428124437027, 3.141996817941607, 4.713057502773574, 1.5702794185256828, 1.5704417121154601, 3.1414784077097173, 4.712894502001689, 3.141500121979838, 1.5710400829421935, 4.712179989269406, 4.71577147900681, -0.009617176201513918, -8.766654134035032e-05, -0.0004579660796565119, 0.00010531658712544458, 3.1416022274907953, 1.5706952890599484, 3.1411557360241202, 0.0003128544435735591, 3.1414294595247387, -0.00038698750538395646, -0.0001998038183698053, 3.142469310181882, 0.00012136190367521465, 1.5711040901368347, 0.0008901687766645396, 4.711612454370577, 1.5710064205270597, 4.712572830446428, 1.5708095362630936, 1.570756090156656, 3.14278679872854, -0.00233372993363907, 4.711971137163432, 3.1410261889087825, 0.02988426089457821, 4.712359213519834]",0.0
401,1.5591579528295518,"[1.5700977250266466, 4.712311985015758, 1.5705515382149804, 4.712426767982476, 3.141995837900815, 4.713056816589519, 1.5702802253371129, 1.5704427107832077, 3.1414773297783825, 4.7128938664717674, 3.141498811751347, 1.571040931470289, 4.7121801932366525, 4.715771240009556, -0.009616667267985182, -8.689228903774009e-05, -0.0004574568247542443, 0.00010589149222815763, 3.1416013024462606, 1.5706954656797936, 3.1411550562594055, 0.0003129573158132064, 3.141429920165322, -0.0003864038120178472, -0.00019973249769032907, 3.142469393883731, 0.00012133325155549555, 1.5711039013605876, 0.0008913831350974952, 4.71161149676593, 1.5710065699040794, 4.712572382458138, 1.5708093929274292, 1.5707563806579672, 3.1427856121085305, -0.002334450098824783, 4.711970961902606, 3.1410264159935664, 0.02988466860997037, 4.712359882575121]",0.0
402,1.5594625643386875,"[1.5700979731362021, 4.712312080037358, 1.5705515831841501, 4.7124274294156, 3.1419963951182677, 4.713056865952187, 1.5702808543171458, 1.5704428539404216, 3.1414772430909124, 4.712894214218756, 3.1414984564473136, 1.571040736385536, 4.712179825413093, 4.715771448204389, -0.009616354531447763, -8.756193827769718e-05, -0.00045744912948572934, 0.00010574912873698661, 3.141601885017001, 1.5706954845014962, 3.1411554937064174, 0.0003129680843716209, 3.1414296834883335, -0.00038613905794401815, -0.000199878643241767, 3.1424698199954135, 0.00012128292781452766, 1.5711036924835007, 0.0008908599832956627, 4.711611811240264, 1.571006883420974, 4.712571993909588, 1.5708093897779014, 1.5707560919694339, 3.1427860914845622, -0.0023341210536879375, 4.711970766088172, 3.1410258908165596, 0.029884643666457062, 4.712359805601298]",0.0
403,1.5646248030579388,"[1.5700978047147005, 4.712311517779271, 1.5705518302341939, 4.712427436141348, 3.141996604995365, 4.713056770150101, 1.570280536165233, 1.570442575175083, 3.1414778417562417, 4.712894123567035, 3.141498917932317, 1.5710409295963466, 4.712180052615194, 4.715771735141271, -0.009616537099567562, -8.7920415122159e-05, -0.0004578780259347682, 0.00010558437728401234, 3.1416022566576274, 1.5706957277558933, 3.1411559152654904, 0.0003136572833447511, 3.141430375275685, -0.0003862158137040411, -0.00019964634027951642, 3.142469607465577, 0.00012147233836801131, 1.5711029991696877, 0.0008911670103353654, 4.711611273622372, 1.5710067514671613, 4.7125717655970485, 1.5708092576847026, 1.5707560431419383, 3.142785422391417, -0.002334107786441369, 4.711970911040958, 3.1410262963918636, 0.029884817905165423, 4.712359932295969]",0.0
404,1.5642108925396678,"[1.570098307821511, 4.712311925943078, 1.5705515612416938, 4.712427641648269, 3.1419962123245644, 4.713056466654017, 1.570280582163572, 1.5704425700419915, 3.141477462036835, 4.712893877080358, 3.1414987895895106, 1.5710409256691522, 4.71218021412112, 4.715771464965736, -0.00961639826683356, -8.75292836155353e-05, -0.0004575874630361103, 0.00010571496419804881, 3.1416020338113, 1.5706955179579418, 3.1411557121523903, 0.00031297517271413423, 3.1414295713376768, -0.00038603836391992176, -0.00019972832586759374, 3.142469610260753, 0.00012146433649487484, 1.571103818998791, 0.0008913181576062504, 4.711611856650942, 1.5710068763780565, 4.712572106048852, 1.5708095152348882, 1.5707559406966982, 3.142785756804531, -0.002334279517699182, 4.711970369706348, 3.1410259718407136, 0.029884497697340633, 4.712359917533101]",0.0
405,1.572765142969756,"[1.5700980370240716, 4.7123116917590115, 1.5705520632321115, 4.7124276324023695, 3.141996109832463, 4.713057060818053, 1.5702804184913193, 1.5704425951192604, 3.1414771782530226, 4.712894425339375, 3.141499221084611, 1.5710411290142812, 4.712179790219005, 4.715771305103591, -0.009616408064629028, -8.768235442638076e-05, -0.0004576552771718643, 0.00010609539030249186, 3.1416011942223214, 1.5706955071989708, 3.1411559671200564, 0.00031264969280620484, 3.1414294467069044, -0.0003862012003179395, -0.00019998856927699166, 3.1424697896342675, 0.00012155930018156674, 1.5711038733477038, 0.0008912605165968287, 4.711611629524511, 1.5710063109461572, 4.712571625358268, 1.5708086197573488, 1.570755219617694, 3.142785833302384, -0.002334127005370028, 4.7119707590181745, 3.141025762229765, 0.029884716867613025, 4.712359805902462]",0.0
406,1.5625668932257195,"[1.5700979813495681, 4.712312062532091, 1.570551793150805, 4.712427584628008, 3.1419965059718806, 4.71305678387165, 1.5702805274171039, 1.570442850941427, 3.141477586457835, 4.7128938147322055, 3.141498782755972, 1.571041146834713, 4.71217978937464, 4.715771473428098, -0.00961608163301329, -8.727745500977562e-05, -0.00045769241211943373, 0.00010577559840086412, 3.141601739437346, 1.5706956132801224, 3.141155915530194, 0.00031293606390769553, 3.141429491888263, -0.0003861155037021262, -0.00019964037188947387, 3.142469525277274, 0.00012101341201512887, 1.5711036944947019, 0.000891176130469062, 4.711611849486811, 1.571007005729102, 4.712572081702949, 1.5708092540790277, 1.5707559510139792, 3.1427858295525475, -0.002334062669946858, 4.711970927512018, 3.141026232880786, 0.02988455963582195, 4.712359795891871]",0.0
407,1.5638086247805325,"[1.5700973458143683, 4.712312274923492, 1.5705515994801054, 4.712427611750978, 3.1419962312744447, 4.713056431130594, 1.5702802397283049, 1.5704433696066056, 3.1414775241435593, 4.712893987130826, 3.1414986142925256, 1.5710408215710523, 4.712179881415767, 4.715771181836317, -0.009616839736136897, -8.791990524908789e-05, -0.0004580122343656719, 0.00010565555175138291, 3.1416018339383998, 1.5706958540064684, 3.141155695222033, 0.0003129089153682039, 3.1414300211870834, -0.00038598785245008325, -0.00019939709488359965, 3.1424699282915287, 0.0001218174325710786, 1.5711040173024675, 0.0008917854120771405, 4.711612321593494, 1.5710072686278174, 4.71257201276674, 1.5708089623689396, 1.570755970031072, 3.1427863725285192, -0.0023342350065460645, 4.711970835470204, 3.1410261504472636, 0.02988477177753561, 4.712359715912885]",0.0
408,1.5689825062589193,"[1.5700977095811324, 4.712311755037241, 1.5705517830235975, 4.7124275268057385, 3.14199629821159, 4.713056584186611, 1.5702806933332938, 1.5704428214256019, 3.1414774570360318, 4.71289411692607, 3.1414987429344254, 1.5710407158590036, 4.712180042695121, 4.715771291260566, -0.009616209835311567, -8.76379500960937e-05, -0.0004575561086783695, 0.00010570483612604891, 3.141601785225349, 1.5706956771355323, 3.1411557287663854, 0.00031297460871446375, 3.141429624207079, -0.000386105260009404, -0.00019953072754789485, 3.1424693296584087, 0.00012120458613980496, 1.5711035860464115, 0.0008913295882536315, 4.711612176461874, 1.571006309189371, 4.712572060339474, 1.5708093161228733, 1.570756130419436, 3.142785959500403, -0.0023340447144885395, 4.711970698617006, 3.1410259332476826, 0.02988451014975491, 4.71235977978287]",0.0
409,1.5551165038968424,"[1.570097893373362, 4.712311729334521, 1.5705517719998423, 4.71242708037138, 3.141996568858415, 4.713056745756897, 1.5702804133966495, 1.5704426576497152, 3.1414772809126483, 4.7128933820644034, 3.141498552149153, 1.5710404049246645, 4.712179629009791, 4.715771834226298, -0.009616783273513065, -8.78993546706116e-05, -0.0004576139979005509, 0.00010544549174118568, 3.141601798826621, 1.5706951014819268, 3.1411562209571624, 0.0003122429599153378, 3.1414295546121007, -0.0003859461765315561, -0.00020010996741436839, 3.1424693120677776, 0.00012127775548096533, 1.57110342570053, 0.000891491424807817, 4.711611836049492, 1.5710068253878535, 4.712572101036732, 1.5708095990008952, 1.5707559418430113, 3.142786005890224, -0.002334831201552294, 4.711971211759734, 3.1410258115832503, 0.029884743967030475, 4.7123597113874505]",0.0
410,1.5650056736268056,"[1.570098132718924, 4.712311908088827, 1.5705517423703483, 4.712427435188862, 3.1419968259936697, 4.713056697389029, 1.5702804950153677, 1.5704428060855082, 3.1414774314340423, 4.712894116336758, 3.141498742412785, 1.5710407443628447, 4.712179727327569, 4.7157712594692045, -0.009616465075956798, -8.745290856142092e-05, -0.00045789134441200655, 0.00010544758969789592, 3.141601703664811, 1.5706957800717647, 3.1411555080495117, 0.00031284181362955995, 3.1414294913750402, -0.0003860085010835764, -0.00019973889750301112, 3.1424696577999294, 0.00012141241710290303, 1.5711037612728658, 0.0008913095495293725, 4.711611881478411, 1.5710066664983555, 4.712571975480599, 1.5708093112791557, 1.5707561446475258, 3.1427855708941785, -0.0023342948836606457, 4.711970610542485, 3.141025958971265, 0.02988481821280816, 4.712359635884919]",0.0
411,1.5694940730271905,"[1.5700984827100597, 4.7123122039217105, 1.5705516065336458, 4.712427838634005, 3.141996034772816, 4.713056469671731, 1.5702803490090202, 1.5704432855858066, 3.141477118898645, 4.712894205927254, 3.141498943229281, 1.5710411590091353, 4.712179644250067, 4.715771329642884, -0.009616666080872506, -8.797754631793405e-05, -0.0004573293206440006, 0.00010524302700558876, 3.141601914233263, 1.570695496944481, 3.141155603074486, 0.00031309790286083094, 3.14142988560288, -0.00038636622727427294, -0.00020003382624532852, 3.142469496787936, 0.00012060438528393717, 1.5711033385405142, 0.0008913865994587849, 4.711611809577251, 1.5710068599126767, 4.712572581470749, 1.5708087007239475, 1.5707562951009262, 3.1427855842144696, -0.0023346106003381494, 4.711970925249642, 3.141025649757508, 0.029884384810642727, 4.712359502210104]",0.0
412,1.5658723559923198,"[1.5700978823325313, 4.7123121211569226, 1.570551506208596, 4.71242781592437, 3.1419964835848613, 4.7130563013232845, 1.5702807230181093, 1.5704425934609028, 3.141477378777836, 4.712894122405956, 3.1414986767877178, 1.5710410148998064, 4.712179894915583, 4.715771765241037, -0.0096165026931263, -8.766742608399213e-05, -0.00045770854438631584, 0.00010584348130624832, 3.141601745154459, 1.5706956606964804, 3.1411555659073502, 0.0003127070119834457, 3.141429596732432, -0.0003862867520441971, -0.00019985389160413538, 3.142469404646595, 0.00012133959178250052, 1.57110374999755, 0.0008912974895529022, 4.711611814313411, 1.571006666142215, 4.712571973435908, 1.5708091326791274, 1.5707562085309255, 3.1427857691414784, -0.0023342438632453734, 4.711971016029171, 3.1410260428588574, 0.02988474207772901, 4.712359897667208]",0.0
413,1.554392160489868,"[1.5700981383561394, 4.712311787290119, 1.5705516340500754, 4.712427374150124, 3.141996552719441, 4.713056452644245, 1.570280960596754, 1.5704429206374917, 3.141477010626363, 4.712894135835012, 3.1414991226107505, 1.57104114164716, 4.712179876729088, 4.715771296426005, -0.009616411098515566, -8.766781331167585e-05, -0.00045774239041664684, 0.00010504116642405039, 3.141601560113818, 1.5706959455143235, 3.1411556843088793, 0.00031228266403083367, 3.1414299958303125, -0.0003867984170828794, -0.00019963407354659426, 3.1424695587672153, 0.00012125493169141173, 1.5711033590271752, 0.0008913283674286909, 4.711611648210443, 1.5710069004686815, 4.712572520161755, 1.570809737088398, 1.570755549777415, 3.142786340982833, -0.0023339466901366886, 4.711970575514765, 3.1410263106052687, 0.029884845262692725, 4.712360220005074]",0.0
414,1.5609170725322037,"[1.5700980311939594, 4.71231199778779, 1.5705517848854136, 4.712427559649095, 3.14199635646445, 4.713056503631126, 1.5702805131769033, 1.570442770135347, 3.1414778190455044, 4.712894161510077, 3.1414987565237373, 1.571041001689446, 4.712179828862663, 4.715771632515745, -0.009616451974959517, -8.748856410159994e-05, -0.00045753774312095805, 0.00010544920587375748, 3.1416014662592278, 1.5706955216349732, 3.141155548742109, 0.00031300875879329586, 3.141429656510075, -0.0003858306411987971, -0.00020005535018170257, 3.1424696375448127, 0.00012127999580235253, 1.5711034625504239, 0.0008914442567846283, 4.711611782990569, 1.5710066901832729, 4.712572106264629, 1.5708093028035395, 1.570756046059044, 3.142786253666251, -0.0023341837977543314, 4.711970648903477, 3.1410259952683193, 0.029884652318829176, 4.712359850429741]",0.0
415,1.557186056488197,"[1.5700980625289958, 4.712312124729696, 1.570551016805267, 4.712427126185431, 3.1419962582117313, 4.713056847706722, 1.5702804873348117, 1.5704426468495425, 3.14147694633527, 4.712893836939906, 3.1414990198684682, 1.5710413991345002, 4.712179646194572, 4.715771962846559, -0.009615942180769272, -8.76513085987713e-05, -0.0004585269417930126, 0.00010567935662153841, 3.1416017997311063, 1.570695230841883, 3.1411554161306143, 0.00031318259937622054, 3.141429692071112, -0.0003860534549078217, -0.00019933189230394996, 3.1424696456450976, 0.00012126870862698256, 1.5711033647299313, 0.0008915062130857535, 4.711611863573733, 1.5710064956080325, 4.712572018865538, 1.5708093730311496, 1.5707560613442602, 3.1427863339879383, -0.0023342949755358116, 4.711970641241823, 3.1410255393006743, 0.0298847541284586, 4.712359467646589]",0.0
416,1.5625668932257195,"[1.5700977857370528, 4.712312309379411, 1.5705517533525923, 4.712427102524326, 3.141996250431762, 4.7130565790759515, 1.5702805571225005, 1.5704422362781718, 3.1414774554656204, 4.712894458237568, 3.141498369332856, 1.5710412394395845, 4.7121798833358035, 4.715771441774718, -0.009616452250683428, -8.747535108484564e-05, -0.000457681134836297, 0.00010500252913367693, 3.1416020853368294, 1.5706949054148542, 3.1411561167694066, 0.0003123390434337993, 3.1414299073806586, -0.0003858779101322653, -0.00019933824466128079, 3.1424696718217673, 0.00012112657197177561, 1.5711037555136922, 0.0008911054766141092, 4.711611859428973, 1.571006629089774, 4.712572186498337, 1.5708086375578063, 1.5707562246274267, 3.142785755174608, -0.002334042593398704, 4.7119703076309385, 3.141026235200129, 0.029884850817219977, 4.71235986893062]",0.0
417,1.5667001770288613,"[1.570098031005096, 4.712312046271957, 1.5705518962070644, 4.712427552989646, 3.1419965230425255, 4.713056502701911, 1.5702807627204185, 1.5704429504270352, 3.141477282218904, 4.71289376292585, 3.141498946301544, 1.5710407596710032, 4.712180050089513, 4.715771474057214, -0.009616284854673482, -8.756820068702184e-05, -0.0004578259455568284, 0.00010563718381206432, 3.1416017388616524, 1.5706951522462638, 3.141155720088556, 0.00031299960910912723, 3.141429703624144, -0.0003863945137451505, -0.0001999837672957262, 3.1424697486451993, 0.00012138265413188018, 1.5711036235781286, 0.0008912500307264312, 4.711611895986732, 1.5710066172338912, 4.712572052074829, 1.570809046246883, 1.570756212856199, 3.142786041722411, -0.0023342960729855356, 4.711970555543881, 3.1410263364236015, 0.029884701487087016, 4.7123596331922935]",0.0
418,1.5617862243510703,"[1.5700979453280994, 4.712312082136936, 1.5705516279057787, 4.712427652008463, 3.1419964124370536, 4.713056772471624, 1.5702805080108437, 1.5704426830060574, 3.141477479927792, 4.712894038212163, 3.141498941439018, 1.5710408790035177, 4.712179863274756, 4.715771485933211, -0.00961658753477982, -8.749920616374215e-05, -0.00045772922776919986, 0.00010560182554075064, 3.1416017706876653, 1.570695481650498, 3.1411557253327524, 0.000312867532218408, 3.141429747879387, -0.0003862463376526008, -0.00019975054962267263, 3.142469581895254, 0.00012132622708739282, 1.5711035869784544, 0.0008911267516889662, 4.711612005195365, 1.5710066866814127, 4.712572132825568, 1.5708093094672915, 1.5707560394180757, 3.1427859421633824, -0.002334234539774114, 4.7119707069199, 3.141025994613178, 0.02988455823782783, 4.712359700031101]",0.0
419,1.568775550999784,"[1.570098102651828, 4.712312135834452, 1.570551520594298, 4.712427610770974, 3.141996215744936, 4.713056933216058, 1.5702803396619418, 1.5704425079976019, 3.141477415872544, 4.712894169142868, 3.1414989667519326, 1.5710405294446552, 4.712180054091112, 4.715771351943185, -0.009616185904907228, -8.786700914814236e-05, -0.0004577949525707618, 0.00010542748700806306, 3.1416017636223272, 1.5706955856075293, 3.1411556998722308, 0.0003128781591448869, 3.141429520544417, -0.00038619243991836735, -0.00019984745794206538, 3.1424694637972634, 0.0001211546312428595, 1.5711037178378335, 0.0008913528497638206, 4.71161174066115, 1.571006901814794, 4.712571984431584, 1.5708092426864086, 1.5707562429744748, 3.1427861176204823, -0.0023341571604266966, 4.711970828636751, 3.1410262331577394, 0.02988478870874699, 4.712359813292114]",0.0
420,1.5596190155097158,"[1.5700979140526892, 4.712312091436669, 1.570551554994786, 4.712427500189091, 3.1419963460210587, 4.71305668595321, 1.5702806508386304, 1.5704427503191047, 3.1414775309797913, 4.712894023376963, 3.1414988138176643, 1.5710408789606645, 4.712179909556884, 4.715771315551634, -0.009616334564064659, -8.764679113067297e-05, -0.0004578200435401939, 0.00010567870506505698, 3.141601745631219, 1.5706955777557852, 3.1411557683149565, 0.000312794310820567, 3.1414297017038266, -0.0003861756599801425, -0.00019986099772251276, 3.142469774998759, 0.00012117884741192967, 1.5711035534349096, 0.0008913163313874517, 4.711611833848425, 1.571006671801273, 4.712572051636434, 1.5708092640304714, 1.5707560943843188, 3.1427858615747106, -0.0023343812381498223, 4.711970688873489, 3.1410260052735617, 0.029884537940084853, 4.71235988890081]",0.0
421,1.5635958481418293,"[1.5700979159317399, 4.71231206663403, 1.570551613289573, 4.712427811659139, 3.1419963422137296, 4.713056828325516, 1.5702805797044668, 1.570442611164022, 3.1414769637119813, 4.712893984859454, 3.1414985256583368, 1.5710409123746085, 4.712179967702308, 4.715771547256329, -0.009616486032169531, -8.749194857119814e-05, -0.00045761125565242454, 0.00010546837241453542, 3.141601402478939, 1.5706956926052735, 3.14115599015041, 0.0003131388200051289, 3.141429639437025, -0.00038606358141933625, -0.00019963554832042152, 3.142469829475581, 0.00012127593460316466, 1.5711034231579046, 0.0008913641102425929, 4.711611928776859, 1.5710066814609869, 4.712572084625208, 1.5708093395961373, 1.570756136006721, 3.142785877303036, -0.002334470170700151, 4.7119706571490445, 3.141026216840501, 0.029884694714127, 4.7123598821735095]",0.0
422,1.5589004934823092,"[1.5700981659706665, 4.712312212695352, 1.5705516459864783, 4.712427506284278, 3.1419964263647726, 4.71305670805633, 1.570280610847023, 1.570442831615316, 3.1414773939119907, 4.712894018617087, 3.141498801981498, 1.5710407693703319, 4.712179953232566, 4.715771489372048, -0.009616415385236329, -8.756682831672266e-05, -0.0004576471396522517, 0.0001057163173746109, 3.1416016603374786, 1.5706956092432025, 3.141155810303393, 0.0003128487789197757, 3.1414298397290428, -0.00038609655049466233, -0.00019963154333807196, 3.142469479848995, 0.00012128791190151466, 1.5711035649245129, 0.0008913029918990551, 4.7116117928959484, 1.5710066979733444, 4.7125719882039165, 1.5708091861682405, 1.5707560773581353, 3.1427859629172996, -0.0023342861100033954, 4.711970654885787, 3.1410260094704356, 0.029884647938590667, 4.712359787951819]",0.0
423,1.5594567429591195,"[1.5700979609643209, 4.712312020199805, 1.5705518376139593, 4.71242726505846, 3.141996413713927, 4.71305676552491, 1.5702806459482201, 1.5704425378793798, 3.141477299961966, 4.712894078421999, 3.141498982291229, 1.5710410846914429, 4.712179861554783, 4.71577155311104, -0.009616330270335548, -8.783950550624579e-05, -0.00045751476981745117, 0.00010575592603809234, 3.1416015538455633, 1.5706956437789634, 3.1411556369423708, 0.0003128034652371389, 3.141429750121146, -0.00038617175739853743, -0.00019983150327068224, 3.1424695767700674, 0.00012135406537623686, 1.571103435958269, 0.0008913435655788894, 4.711612233229712, 1.5710071335169777, 4.712571915963535, 1.5708092577093058, 1.5707563369056352, 3.1427857990327634, -0.002334282653683442, 4.71197051944099, 3.1410260713804137, 0.029884507877756778, 4.71235973331789]",0.0
424,1.566868270959025,"[1.5700979767774308, 4.712312013188772, 1.5705515871333677, 4.71242757674965, 3.141996404052653, 4.713056653805501, 1.5702805971785847, 1.5704426931016087, 3.1414772474828507, 4.71289397362239, 3.1414988082817703, 1.5710409802393595, 4.7121799371314745, 4.715771231106049, -0.009616536117270922, -8.7600299774723e-05, -0.000457741724633611, 0.00010569968206913925, 3.141601740081035, 1.5706955136368157, 3.1411557683832103, 0.0003128831872789479, 3.141429727378867, -0.00038598642507401413, -0.0001998891071814164, 3.142469522600824, 0.00012122561991459494, 1.571103522922588, 0.0008913055985703518, 4.711611821900229, 1.57100676080928, 4.712572007522055, 1.5708092825129325, 1.5707561278036306, 3.14278595040404, -0.0023340946341851073, 4.711970705806064, 3.141026078855125, 0.029884653906934934, 4.712359688984284]",0.0
425,1.5630784599939904,"[1.5700979301721554, 4.712312087203054, 1.5705515404768509, 4.712427491766924, 3.141995957190518, 4.713056725964717, 1.5702806385338406, 1.5704430172105934, 3.1414774605886495, 4.712893939515507, 3.1414986898734627, 1.5710408260135325, 4.712179879906901, 4.7157717364113685, -0.00961651689584767, -8.765208106272211e-05, -0.0004578299549656995, 0.00010553723423677409, 3.1416016592196327, 1.570695692703818, 3.1411557167692177, 0.00031279145597855703, 3.1414296457697324, -0.00038617174502071075, -0.00019993914799398783, 3.1424695123818425, 0.0001210757175083737, 1.5711035393572106, 0.0008911525689121236, 4.711611993787193, 1.5710067199778557, 4.712571822441198, 1.5708093558329759, 1.5707558995053816, 3.1427856567611796, -0.0023341184734880995, 4.711970407343346, 3.1410262283089416, 0.029884856020478613, 4.712359574917554]",0.0
426,1.5571802351086292,"[1.5700980771076045, 4.712311973357263, 1.570551653392696, 4.712427523052541, 3.1419962272204778, 4.713056761407333, 1.5702806644446565, 1.5704427429989791, 3.1414773765345765, 4.71289392382901, 3.141498824959128, 1.57104093625652, 4.712179910454656, 4.715771430010752, -0.009616396645130705, -8.749402153844166e-05, -0.0004577380346962875, 0.00010555333192336082, 3.1416018467675264, 1.570695710332892, 3.141155726153749, 0.00031285412439685723, 3.1414296662566144, -0.0003860747830415668, -0.00019984844937802758, 3.1424695617632743, 0.00012140169014594396, 1.5711035092837145, 0.0008911964829522129, 4.711611988202307, 1.5710067164293116, 4.712572060262906, 1.5708090889686999, 1.5707561450768157, 3.1427859750692337, -0.0023343177527904804, 4.711970776507465, 3.1410260531409855, 0.029884739974576094, 4.712359856354819]",0.0
427,1.5602845639956615,"[1.570097888756097, 4.712311984454635, 1.570551823698027, 4.71242775843256, 3.1419963583619874, 4.713056815157953, 1.5702806648446175, 1.5704428439298244, 3.141477456847764, 4.712893784640303, 3.141498781258941, 1.5710410203972933, 4.712180279177208, 4.715771368803717, -0.009616420912347547, -8.772014295309182e-05, -0.0004578465523162122, 0.0001054098890634549, 3.1416014594111683, 1.5706953610217786, 3.1411554635848384, 0.000312793564665755, 3.1414297683291488, -0.00038605263086869784, -0.00019959020035291363, 3.1424694913329354, 0.00012116359380617137, 1.5711035890973062, 0.0008910335744975462, 4.711611851494972, 1.571006913095391, 4.7125718945334905, 1.5708092459211602, 1.5707561101428913, 3.1427858458616433, -0.0023343682486871133, 4.71197072730252, 3.1410257247050506, 0.029884780489264108, 4.712359980074997]",0.0
428,1.5641190576692359,"[1.5700980757037886, 4.712311967469781, 1.57055149617534, 4.712427552246169, 3.1419963007382528, 4.713056625599034, 1.5702806980663535, 1.5704427893393558, 3.141477439943093, 4.712894079023075, 3.141498878397777, 1.5710408563599032, 4.712179868888551, 4.715771371048246, -0.009616424442130388, -8.759278827480867e-05, -0.00045762855295774124, 0.00010555929020250096, 3.141601650026872, 1.5706953761768088, 3.1411557006218134, 0.0003128975161006347, 3.14142963260307, -0.0003861103023990402, -0.0001996298989509907, 3.1424696323363035, 0.00012131643815634132, 1.5711035009610923, 0.0008912919771007368, 4.7116119697576115, 1.571006795222395, 4.712571917835741, 1.5708092590022558, 1.5707560274244987, 3.1427858397984183, -0.0023342878656948075, 4.711970841403865, 3.141026145036852, 0.029884685577627933, 4.712359766776177]",0.0
429,1.5685685957406483,"[1.5700980252155683, 4.7123119836465035, 1.5705518280696227, 4.712427805827802, 3.1419962303482905, 4.713056773295087, 1.570280604611099, 1.5704427567042285, 3.141477249198073, 4.712894049029679, 3.1414989550091867, 1.5710408468149968, 4.712179882320503, 4.715771593639395, -0.00961614533076621, -8.744547510068626e-05, -0.000457657358237652, 0.00010556327769052913, 3.1416018607321647, 1.5706955351698342, 3.1411555891539797, 0.0003125990837230786, 3.141430188929266, -0.0003858706184566166, -0.0001998206906176101, 3.142469828658724, 0.00012120570991702644, 1.5711037319347612, 0.0008914515611018838, 4.711611953743865, 1.571006666453585, 4.712571956987658, 1.5708094695587864, 1.5707561291960845, 3.1427857948844133, -0.00233426030907871, 4.711970885679117, 3.1410260947116497, 0.02988468568716391, 4.712359668197146]",0.0
430,1.5570884002381973,"[1.5700979431022426, 4.712312117943495, 1.5705516881219532, 4.712427567032445, 3.141996334443785, 4.713056572994675, 1.5702804992623225, 1.570442611009214, 3.141477343233745, 4.712893900252649, 3.141498812447794, 1.5710407472530226, 4.712179843112948, 4.715771392922033, -0.009616336307307887, -8.754973654800867e-05, -0.00045764844116992016, 0.00010565296984087272, 3.141601730363754, 1.5706955380391419, 3.141155630825311, 0.00031292334702717186, 3.141429750609086, -0.00038616955666375763, -0.00019977597487429575, 3.1424696530343716, 0.00012120328795410732, 1.5711034638030807, 0.0008912894117640851, 4.711611963301842, 1.5710067905409766, 4.712572060852765, 1.5708091954148138, 1.5707559531265245, 3.142785848048982, -0.0023341933259982623, 4.711970681977369, 3.1410259464589263, 0.02988483818071088, 4.712359843723629]",0.0
431,1.5654700882331842,"[1.5700980668469544, 4.712311938722716, 1.5705517800408297, 4.712427600570353, 3.1419962780310273, 4.713056655481424, 1.5702804383459608, 1.5704429028682145, 3.141477189453877, 4.712894153929057, 3.1414988373251527, 1.5710407461103002, 4.712179569306091, 4.715771500711066, -0.009616491121529562, -8.757589596190382e-05, -0.0004580033498250228, 0.00010573812586522202, 3.1416017351983907, 1.5706953600773519, 3.1411556514222028, 0.00031294116794020423, 3.1414297495823473, -0.00038598577748171577, -0.00019978355922735847, 3.142469422497732, 0.00012119069338647593, 1.5711035984943398, 0.0008911814488532634, 4.711611996406936, 1.5710067831049597, 4.712571996338949, 1.570809288932513, 1.5707561531384056, 3.142785876242058, -0.0023342643942752383, 4.711970585355492, 3.141026189801163, 0.029884507067871206, 4.712360373353506]",0.0
432,1.552724875657649,"[1.5700978953985258, 4.712311932992028, 1.5705516607036132, 4.712427542405014, 3.14199632676673, 4.713056689962017, 1.5702807758943356, 1.570442706608903, 3.1414773375133103, 4.712894010078454, 3.1414989782510023, 1.5710407545568752, 4.7121799056209355, 4.71577155446043, -0.009616531211587368, -8.750700775626281e-05, -0.0004577305037157303, 0.00010559560224058564, 3.141601731214721, 1.5706955906264923, 3.141155718533866, 0.000312916128460879, 3.141429656482868, -0.00038605639101623026, -0.0001997043352351331, 3.142469647578976, 0.0001211110176857892, 1.5711036730583323, 0.0008913409483852178, 4.711611812689211, 1.5710068558265677, 4.712572067999881, 1.5708091474404051, 1.5707561042073555, 3.1427859213334908, -0.0023342484247030055, 4.7119706577636356, 3.1410259863764116, 0.029884641440691567, 4.7123597780859106]",0.0
433,1.5652631329740487,"[1.57009779124297, 4.712311734516248, 1.570551253555303, 4.712427727145285, 3.1419965245160544, 4.713056885732662, 1.570280557856375, 1.5704428934362133, 3.1414774228101128, 4.712894126052078, 3.1414987820597733, 1.5710408795415303, 4.712179888604995, 4.715771463099039, -0.009616174483020545, -8.742731843689114e-05, -0.0004575663539875652, 0.000105667456286604, 3.1416016962356927, 1.5706954116082676, 3.141155814805123, 0.00031285507022833087, 3.141429890694385, -0.0003861910374881736, -0.0001999620668176372, 3.142469356198136, 0.00012132836688404496, 1.5711036366318394, 0.0008913981743236343, 4.711611922178734, 1.5710069235156034, 4.712572136410498, 1.5708091049846475, 1.5707560840262147, 3.1427858730390303, -0.0023344045019518984, 4.711970418905877, 3.141025963143187, 0.029884876016582844, 4.712359832049101]",0.0
434,1.5604396622920595,"[1.5700978885795158, 4.7123120265208085, 1.5705516860398785, 4.712427379883921, 3.1419961771290175, 4.7130567450835965, 1.5702805079878122, 1.570442753861744, 3.1414773400692493, 4.712893990917619, 3.141498786254181, 1.5710408983503763, 4.712179948206704, 4.715771404323042, -0.00961646016772467, -8.741128127543222e-05, -0.0004576588968046597, 0.00010563947504345825, 3.1416016480555333, 1.5706955085931003, 3.1411555569611918, 0.0003129027709945503, 3.141429743620685, -0.0003862474784976278, -0.0001997535594097118, 3.1424695210317592, 0.00012132206697690779, 1.5711036425881486, 0.0008913616219378962, 4.711611740354795, 1.5710067424832301, 4.712572092438699, 1.570809289350479, 1.5707561469784819, 3.142785825643802, -0.0023343205006396703, 4.711970757171067, 3.1410260979213454, 0.029884644062479624, 4.712359796734589]",0.0
435,1.5542498215313285,"[1.5700979946799258, 4.712312034569455, 1.5705516876275283, 4.712427625464081, 3.1419962892423676, 4.713056727276551, 1.5702805925079033, 1.5704427523507143, 3.141477349209602, 4.712894115507188, 3.1414988593664614, 1.5710409465144441, 4.712179918539661, 4.715771409354417, -0.009616371820209607, -8.75685370646006e-05, -0.0004577227769767176, 0.00010563942727482186, 3.141601680372237, 1.570695565646019, 3.141155677376054, 0.0003129182184304494, 3.1414297040533836, -0.00038616794639676145, -0.0001997630544388299, 3.1424696325465487, 0.00012130182656392547, 1.5711036193703958, 0.000891279334553155, 4.7116118560400775, 1.5710067300382038, 4.712571984287423, 1.5708091712758745, 1.5707560337593631, 3.1427858791312353, -0.002334205072860847, 4.7119706468501485, 3.1410260346861816, 0.029884658998719574, 4.71235979323866]",0.0
436,1.561124027791339,"[1.5700979591582729, 4.712311912828888, 1.5705518201104787, 4.712427518134163, 3.1419963026890265, 4.713056772125616, 1.5702805442273056, 1.5704427434314665, 3.141477294101588, 4.712893994619792, 3.1414987735096838, 1.5710408603393717, 4.71217982647697, 4.715771517362546, -0.009616425953087142, -8.769716451555214e-05, -0.0004576785346380358, 0.00010561596931571703, 3.141601734987133, 1.570695459037895, 3.1411558651990474, 0.000312772519858183, 3.1414296003794013, -0.0003861629097307565, -0.00019983130875592212, 3.142469576759905, 0.00012135928312881246, 1.5711036136775376, 0.0008913563941699703, 4.711611793981928, 1.5710067511116497, 4.712571962744744, 1.5708092229150503, 1.5707558782740143, 3.142785919427522, -0.00233432920253623, 4.711970767958117, 3.1410258923859957, 0.02988464294957014, 4.7123597626339]",0.0
437,1.5545991157490038,"[1.5700980018928625, 4.712312070372322, 1.5705516070137184, 4.712427549274, 3.141996308491111, 4.71305669698874, 1.5702805834067346, 1.570442762524888, 3.141477294029779, 4.712893997663842, 3.1414988076709425, 1.5710409238571774, 4.7121798726580595, 4.7157714715601164, -0.009616343654538362, -8.755886057255e-05, -0.00045775953994994843, 0.00010560740795098562, 3.1416016849737494, 1.570695496331284, 3.1411556671822205, 0.00031283171410960073, 3.141429630107238, -0.00038612333164233316, -0.0001997448001720199, 3.1424695807672975, 0.00012125441664317823, 1.5711036302620998, 0.0008913289330165385, 4.711611935580366, 1.5710067322892296, 4.7125720509403655, 1.5708092657699773, 1.5707560832341905, 3.1427859681182415, -0.002334272680442305, 4.7119706729450375, 3.14102597104327, 0.029884648813475898, 4.7123597481648325]",0.0
438,1.5579950364061064,"[1.5700979477241765, 4.7123119773325, 1.570551614096311, 4.712427492806351, 3.141996370404843, 4.713056720050381, 1.57028058376046, 1.5704427362089401, 3.141477368313349, 4.712894023096072, 3.1414988052691637, 1.571040985539122, 4.712179868091384, 4.715771607378752, -0.009616316889024968, -8.766469954214515e-05, -0.000457879624975344, 0.00010556061123317989, 3.1416018774813086, 1.570695530278005, 3.1411556779971366, 0.0003130888997157913, 3.1414297937373092, -0.00038616609348174135, -0.0001996545226283287, 3.142469592570076, 0.00012131191027079306, 1.5711034456544706, 0.0008913302312776298, 4.7116117631058545, 1.571006752252017, 4.712571987580161, 1.5708092960916324, 1.570756098897566, 3.142785902496694, -0.0023342342311145126, 4.711970710334871, 3.14102597131475, 0.029884684233599145, 4.712359743340225]",0.0
439,1.5651538339649131,"[1.5700979696478548, 4.712312042920923, 1.5705516634742755, 4.7124275540167435, 3.141996338975607, 4.71305670470116, 1.5702805321508153, 1.5704428496132812, 3.141477332441588, 4.712894063961955, 3.14149885212906, 1.571040880004275, 4.712179982449161, 4.7157714976069, -0.009616404665162564, -8.75792011892315e-05, -0.00045769129736026107, 0.00010560915842212259, 3.14160174739018, 1.5706955139113956, 3.141155741988493, 0.00031284875499438234, 3.141429644610098, -0.0003861225611244266, -0.00019978002305567105, 3.1424696355095905, 0.00012129256179129013, 1.5711035231457984, 0.0008913063719836721, 4.711611875459372, 1.5710067650553354, 4.71257207748957, 1.5708092565839613, 1.5707561267980206, 3.1427858419398813, -0.0023341946590099004, 4.7119707231193315, 3.1410259893471304, 0.02988468053010697, 4.71235981862228]",0.0
440,1.5571860564881974,"[1.5700980855066229, 4.712312051969338, 1.5705517242418088, 4.712427667404569, 3.1419962757456177, 4.713056633151044, 1.5702805869610756, 1.5704428583338803, 3.141477334657745, 4.712894046503569, 3.1414987428429693, 1.571040926444485, 4.71217979989462, 4.715771373879548, -0.009616423557596735, -8.767784791250175e-05, -0.00045760897943480244, 0.00010545716210806153, 3.141601812866823, 1.5706955722793046, 3.141155671843796, 0.00031296431260655137, 3.1414297409066836, -0.0003862285533073246, -0.00019979562377669057, 3.1424695204660806, 0.000121111524832139, 1.571103593514748, 0.0008913218717673105, 4.711611874558037, 1.5710068220000357, 4.712572133188466, 1.5708091584744663, 1.5707561223840045, 3.1427858374998143, -0.00233436608632542, 4.711970702386831, 3.1410259718405893, 0.029884551185380356, 4.712359693600672]",0.0
441,1.5622104247538466,"[1.5700979951240555, 4.712312010029972, 1.570551666467233, 4.712427609058702, 3.1419963259041688, 4.7130566812645815, 1.5702805834792786, 1.5704428009006277, 3.1414773525911306, 4.712894000684176, 3.141498840616197, 1.571040854509891, 4.712179904634613, 4.715771437004043, -0.00961640379147369, -8.751658540869288e-05, -0.000457719424644735, 0.00010560681108346324, 3.1416017163964423, 1.57069558341949, 3.141155727378261, 0.0003129199763916257, 3.141429692292519, -0.00038622347336228545, -0.00019981957982045787, 3.1424695813886183, 0.0001212721971106373, 1.5711035654595888, 0.0008913321704229917, 4.71161189169459, 1.5710067936522851, 4.712571901270903, 1.5708093203220175, 1.5707561154060496, 3.142785932463581, -0.0023342641453138547, 4.711970722603123, 3.141025961975221, 0.02988463612375775, 4.7123597945223725]",0.0
442,1.5521156526393778,"[1.5700979272317024, 4.7123120869694475, 1.5705517184873632, 4.71242749032337, 3.1419963131296593, 4.713056624541779, 1.5702805869435303, 1.570442638775185, 3.1414773941181022, 4.712894122981441, 3.1414986818096224, 1.5710409456253196, 4.712179898270818, 4.715771437129332, -0.009616408407518944, -8.745832654539466e-05, -0.00045770927856485363, 0.000105409862352329, 3.1416018236287346, 1.5706954261387513, 3.1411558542668803, 0.00031277411254186036, 3.141429740925995, -0.000386180504391464, -0.0001996993042579257, 3.1424695959429374, 0.0001212351648238648, 1.5711036365624795, 0.0008912881253570533, 4.711611891722628, 1.5710067738292477, 4.712571892891049, 1.5708091747818493, 1.5707561753601758, 3.142785913343585, -0.002334200869889389, 4.71197060028779, 3.141026017469652, 0.029884685354986066, 4.712359826700334]",0.0
443,1.5588358771817132,"[1.5700979861731892, 4.712312040621191, 1.57055166603658, 4.712427552312235, 3.1419962894217806, 4.713056666675375, 1.5702806383979602, 1.570442744740905, 3.141477370223156, 4.712894022124445, 3.1414988027340396, 1.571040853632962, 4.7121798762452665, 4.715771445998351, -0.009616357476464738, -8.759564102668996e-05, -0.0004577609149427917, 0.00010555970155782966, 3.1416016463632515, 1.5706955266659046, 3.1411557902055396, 0.00031292596811073804, 3.1414297492873415, -0.0003861348433871527, -0.00019980978902132016, 3.142469566006886, 0.00012133920749193264, 1.5711036404142003, 0.0008912686688005954, 4.711611883249353, 1.5710067862231727, 4.712572084505585, 1.5708092722875682, 1.5707561051679004, 3.1427858426133755, -0.0023342035258046793, 4.7119707338568375, 3.141025976644511, 0.02988464810247388, 4.712359777932488]",0.0
444,1.5497872878261503,"[1.5700979041150125, 4.712312209702779, 1.5705518048399827, 4.712427606838399, 3.1419963125476245, 4.713056744689564, 1.570280756761796, 1.570442760363297, 3.1414773873326105, 4.712894146692601, 3.141498867559237, 1.5710409240453873, 4.712179889793645, 4.715771386550603, -0.0096164060450339, -8.756352703872145e-05, -0.00045773569005755544, 0.00010564077675448923, 3.141601822263127, 1.5706954965454158, 3.1411557425373893, 0.0003129393962194118, 3.1414296276743303, -0.0003861043264649243, -0.00019978325988897146, 3.142469475077521, 0.00012129102235187292, 1.571103570771084, 0.0008913588052166293, 4.711611899283898, 1.5710067851627627, 4.712572069980537, 1.5708093943820223, 1.570756047422067, 3.1427858943669507, -0.0023343928948886053, 4.711970673316323, 3.141026041969294, 0.029884832052712872, 4.71235978813131]",0.0
445,1.5615238485379819,"[1.57009802681788, 4.712311965917403, 1.5705517102893227, 4.7124275772036555, 3.141996311580757, 4.713056682835572, 1.5702805882746007, 1.5704427332003619, 3.1414773758716503, 4.712894104042969, 3.141498727222399, 1.5710408515653203, 4.712179966132706, 4.715771455617997, -0.00961640144934707, -8.754337547803358e-05, -0.00045780548252660806, 0.00010565637197504631, 3.141601713121973, 1.5706955265105575, 3.14115571219721, 0.00031285380260126733, 3.14142971547601, -0.0003861666987740256, -0.00019976529821754275, 3.1424695875410937, 0.00012124576265349154, 1.5711035310208574, 0.0008913033315643919, 4.7116119084549455, 1.57100681810255, 4.712572066243107, 1.5708092448659046, 1.5707560660522384, 3.142785913125846, -0.0023342836704384274, 4.711970717222059, 3.1410260318800938, 0.029884659481525234, 4.7123597280336895]",0.0
446,1.568258162851945,"[1.5700979178240277, 4.712312011321791, 1.5705517122725987, 4.712427734665683, 3.141996240463413, 4.7130566888116, 1.5702806256654076, 1.5704427517450799, 3.141477417312652, 4.712893955547772, 3.141498785263333, 1.5710408179116468, 4.712179740786125, 4.715771413290236, -0.009616347531970241, -8.758390340639141e-05, -0.0004577004001500559, 0.00010563697907840975, 3.141601723645913, 1.5706955427226943, 3.14115568791192, 0.00031274356713609767, 3.1414296280291922, -0.00038613807523610815, -0.00019964955105720945, 3.142469594528256, 0.0001214046676856072, 1.5711034536879962, 0.0008912605607459733, 4.711611719940858, 1.571006814223877, 4.7125720554955635, 1.5708092719826865, 1.5707562182671944, 3.1427859155797337, -0.0023342267647065798, 4.711970572717825, 3.1410260467707904, 0.02988463036383686, 4.712359721502758]",0.0
447,1.5631761162439906,"[1.570097908837472, 4.7123120425673894, 1.5705516627778275, 4.712427555632174, 3.1419963372528357, 4.713056614964476, 1.5702805482395612, 1.570442765093428, 3.141477314654832, 4.712894063483472, 3.141498847171664, 1.5710408644949367, 4.712179932558764, 4.715771453526839, -0.009616341797989548, -8.75607101362679e-05, -0.00045771487452537607, 0.00010556139063870094, 3.141601732183851, 1.570695563800099, 3.141155712867918, 0.00031287531170643996, 3.1414296974400635, -0.00038608734367721474, -0.00019978565775589393, 3.1424695523260207, 0.00012129501877209371, 1.5711035621036191, 0.000891204861750004, 4.711611845708786, 1.5710067882152088, 4.712571997813958, 1.57080925012036, 1.5707560374018406, 3.1427859027741447, -0.0023343363253407316, 4.711970695154549, 3.1410260514433976, 0.029884603937233696, 4.712359746371074]",0.0
448,1.560452657925825,"[1.5700979346867647, 4.71231214614874, 1.570551655312073, 4.712427612921927, 3.1419963931426493, 4.713056817170321, 1.5702807128395748, 1.5704427331825659, 3.1414773446115998, 4.712893993870707, 3.141498724881368, 1.5710408068733235, 4.7121799497919525, 4.71577147045119, -0.0096163817474442, -8.752561685363932e-05, -0.0004577539050695567, 0.00010548693039863041, 3.1416017683419937, 1.5706955080145386, 3.141155596128179, 0.00031286103185573414, 3.1414296803968242, -0.00038612642149021175, -0.00019983283338389913, 3.142469509078552, 0.000121352622351446, 1.5711034947943028, 0.0008914484739642317, 4.711611911875134, 1.5710067984739269, 4.71257200339769, 1.5708091748221695, 1.5707559564601417, 3.142785828979376, -0.0023341594562771213, 4.711970700426018, 3.141026064492791, 0.02988445652450574, 4.712359827121613]",0.0
449,1.5678442523336744,"[1.5700979192687243, 4.712312069783164, 1.5705516717621157, 4.7124275956233745, 3.1419962951210105, 4.7130567150893885, 1.5702805280216472, 1.5704427843051947, 3.141477409645795, 4.712894004285174, 3.1414987563389736, 1.57104085474381, 4.712179904554129, 4.715771450257925, -0.009616425097054496, -8.759850757630798e-05, -0.00045772841110147054, 0.00010565600889420634, 3.1416017576879827, 1.5706955063883277, 3.1411557169750868, 0.00031294433907846025, 3.1414296969643836, -0.0003860646907999874, -0.00019975996856608146, 3.1424696152954517, 0.00012131448335831115, 1.5711036368704772, 0.0008913268822692059, 4.7116119277950395, 1.5710067952823492, 4.712571971995868, 1.5708091869067706, 1.5707561248366229, 3.1427858862386993, -0.0023342906523780354, 4.711970714382639, 3.141026015640864, 0.02988464258358596, 4.712359737251185]",0.0
450,1.5638086247805325,"[1.5700978891075914, 4.712312021966763, 1.5705516685673704, 4.712427547361178, 3.1419963686729915, 4.713056629843065, 1.5702805913421614, 1.5704428850425327, 3.1414773509316203, 4.712894002664424, 3.1414987784099377, 1.5710409283260862, 4.712179900364447, 4.715771391823934, -0.009616470589033137, -8.768357737001698e-05, -0.00045774092826418274, 0.0001055257133496412, 3.1416017502949316, 1.570695664962368, 3.1411556972665253, 0.0003128097153909499, 3.1414297943114815, -0.0003862212843889508, -0.00019966277797814206, 3.1424696528441647, 0.00012136273292941512, 1.5711036898265098, 0.0008913833515921285, 4.711611926327836, 1.5710068872974179, 4.71257210148406, 1.5708092996281915, 1.5707559650170078, 3.142786056552017, -0.0023342023129211717, 4.711970690136702, 3.1410261353907405, 0.02988471374365743, 4.712359860364729]",0.0
451,1.569597550656758,"[1.5700980624156915, 4.712311992903742, 1.5705516565434885, 4.712427588768265, 3.1419963064567638, 4.713056662929187, 1.5702805940856117, 1.5704426962943512, 3.1414773820909554, 4.712893976029622, 3.1414987943920956, 1.5710408984687128, 4.712179977868618, 4.715771466614099, -0.009616395033178037, -8.758907597306348e-05, -0.00045767163433823373, 0.00010561096321070732, 3.141601802849863, 1.5706955223007768, 3.1411557102570424, 0.0003129043097355238, 3.141429672567856, -0.000386127649810481, -0.00019976238912034863, 3.1424695869099284, 0.00012130841038581516, 1.5711036481636178, 0.0008913032451820578, 4.7116118658128965, 1.5710067788752493, 4.712572041937091, 1.570809324826228, 1.5707560484962386, 3.142785859130827, -0.002334273143212438, 4.711970605934061, 3.141026035904903, 0.029884626277261205, 4.712359824822241]",0.0
452,1.5606066396435003,"[1.5700979798027126, 4.71231202812616, 1.5705516792456975, 4.7124275299416665, 3.1419963374512574, 4.713056700576575, 1.5702805903720638, 1.5704427304937596, 3.1414773518511634, 4.712894048282637, 3.1414988201242737, 1.571040888710479, 4.712179869051717, 4.715771472053365, -0.009616386343769373, -8.760034410713809e-05, -0.00045768224238532064, 0.00010562398244621996, 3.14160173320626, 1.5706955548998496, 3.141155722760688, 0.0003128785662134004, 3.1414297013222754, -0.0003861559665658554, -0.00019978763760844837, 3.1424695909911984, 0.00012129165904727671, 1.5711035714763866, 0.0008913238423103233, 4.711611913375687, 1.5710067870031477, 4.712572022153858, 1.5708092563541594, 1.5707561043117975, 3.1427858882819817, -0.0023342554242583797, 4.711970675508589, 3.141026060617444, 0.029884631439193746, 4.712359766186631]",0.0
453,1.56494105732621,"[1.5700979519508702, 4.712312014437659, 1.5705517330585963, 4.712427566977313, 3.1419963740486785, 4.71305676397118, 1.5702806242617664, 1.5704427372137533, 3.1414773826129045, 4.712893972679356, 3.141498812035396, 1.5710409416549767, 4.712179955243254, 4.715771451677202, -0.009616400552193894, -8.766036882633368e-05, -0.00045770872279741874, 0.0001055662870778913, 3.1416016452248288, 1.570695513515456, 3.141155651808885, 0.00031284468637629635, 3.141429731449185, -0.00038613929853656274, -0.00019974874029469314, 3.1424695522191164, 0.00012123053427188401, 1.5711035681971754, 0.0008912370170445864, 4.711611903982698, 1.5710067948476016, 4.712571984096747, 1.570809250893619, 1.5707561228336238, 3.142785882670657, -0.0023342863271970807, 4.711970690269802, 3.141025996153474, 0.02988467801785146, 4.712359821850449]",0.0
454,1.5620553264574486,"[1.5700979691862282, 4.712312028270087, 1.5705516691000472, 4.712427605315565, 3.141996369295912, 4.713056662806008, 1.570280600402125, 1.5704427218617372, 3.1414773529859827, 4.712894038301136, 3.1414987968401906, 1.5710408983280915, 4.712179904151334, 4.715771466477836, -0.009616395638750658, -8.759055604233764e-05, -0.0004577033814704147, 0.00010561942876585655, 3.1416017365402458, 1.5706955306916226, 3.1411556965040592, 0.00031287000334686584, 3.1414296949429708, -0.00038615815855861995, -0.0001997655110788598, 3.142469572334356, 0.00012129824738825114, 1.57110360443937, 0.0008913117324537587, 4.711611862105899, 1.571006759598257, 4.712572031573371, 1.570809233738157, 1.570756109203788, 3.1427858990695032, -0.0023342718495555506, 4.7119707478607245, 3.141026022615735, 0.02988465260365859, 4.71235981334693]",0.0
455,1.5618425498187456,"[1.5700979534616903, 4.712312045805352, 1.5705516256259862, 4.712427592514081, 3.141996284749902, 4.713056680371385, 1.5702806177472293, 1.5704427914035661, 3.14147738252898, 4.712894013028968, 3.1414987506390584, 1.5710408788534207, 4.7121798771675865, 4.715771544272299, -0.009616440394818007, -8.760881409362871e-05, -0.00045773737394674705, 0.00010559574474521662, 3.1416017244414554, 1.570695571734839, 3.1411557054203563, 0.0003128438902478209, 3.1414296842766958, -0.00038617457663768853, -0.00019982016747767568, 3.142469543180298, 0.00012121601592713266, 1.571103601483118, 0.0008912688710176765, 4.711611864235784, 1.5710066951194088, 4.712571983079199, 1.5708092616617584, 1.5707560486571268, 3.1427858437363656, -0.002334227275435589, 4.711970686042874, 3.141026096198003, 0.029884723248242536, 4.712359754801169]",0.0
456,1.5608535728103305,"[1.5700979759634066, 4.712312022016541, 1.570551691830407, 4.712427588259506, 3.141996338162955, 4.713056693343643, 1.5702805608156567, 1.5704427555655365, 3.141477392171113, 4.712893987953796, 3.141498833571798, 1.5710409171930781, 4.712179900955251, 4.715771454562825, -0.009616376374695385, -8.756403629873778e-05, -0.0004577364788172787, 0.0001055942669404648, 3.141601716464837, 1.5706955427387543, 3.141155748834494, 0.00031287461551282543, 3.141429687693986, -0.0003861413869884921, -0.0001997496068151139, 3.1424695555291025, 0.00012125453324346326, 1.5711035824935933, 0.000891331994056662, 4.711611881181073, 1.5710067704064095, 4.712572029690329, 1.5708092413105568, 1.5707560713602484, 3.142785870367111, -0.0023342576032319437, 4.711970706637584, 3.1410260631880442, 0.02988464987286148, 4.712359784019223]",0.0
457,1.5504600105662942,"[1.5700979779995887, 4.712312033561814, 1.570551689550583, 4.712427552351006, 3.14199637272869, 4.7130567694808345, 1.570280619121389, 1.5704427916773982, 3.1414773729389096, 4.712894012051011, 3.1414987373100827, 1.5710408960146944, 4.712179860428874, 4.715771447968384, -0.009616327370287702, -8.752571755379572e-05, -0.00045766437915768045, 0.00010562984335359065, 3.1416017605140074, 1.5706955251369503, 3.1411557209228773, 0.00031291472864838145, 3.1414296665333707, -0.0003861425380475, -0.00019976258927439252, 3.1424696187139958, 0.00012121821810168435, 1.571103622149103, 0.0008912089778362035, 4.711611845521244, 1.571006808881388, 4.712572035009023, 1.5708092777827398, 1.5707560538475331, 3.142785927982267, -0.002334208070284552, 4.711970748460971, 3.141026058882014, 0.029884645104343455, 4.712359791869755]",0.0
458,1.5653666106036164,"[1.5700979741698267, 4.7123120275141845, 1.5705516881837875, 4.712427555813856, 3.1419963572631007, 4.713056679480204, 1.570280604066807, 1.5704427754204668, 3.1414773618837972, 4.712893997803819, 3.141498800378744, 1.5710408699158251, 4.712179918940276, 4.7157714472623065, -0.009616400916955575, -8.759551704622569e-05, -0.0004577268539035467, 0.00010559733122335614, 3.1416017193453083, 1.5706954975394105, 3.1411557203574163, 0.0003129148847248567, 3.1414296625214755, -0.0003861884795118627, -0.0001997866532078643, 3.14246958108218, 0.00012129068029991625, 1.5711035795764796, 0.0008912855075826696, 4.711611872935958, 1.5710067549740343, 4.712572031004092, 1.5708092199247286, 1.5707560932479716, 3.14278591650147, -0.0023342633052354897, 4.711970665395353, 3.1410260588181615, 0.029884659904305146, 4.712359780221856]",0.0
459,1.5676314756949712,"[1.5700979979535172, 4.712312002393844, 1.5705517294427889, 4.71242760796138, 3.141996332531321, 4.713056725720256, 1.570280614480848, 1.5704427807302148, 3.1414773246413277, 4.712894005000795, 3.1414988438678852, 1.5710408418242925, 4.712179898224579, 4.715771455944513, -0.009616345724265262, -8.756002730174285e-05, -0.00045770843990776004, 0.00010556010630259803, 3.141601765171799, 1.5706954740173822, 3.14115569048703, 0.0003128455977657125, 3.1414298152551936, -0.0003861114226378357, -0.00019980118648258932, 3.1424696564213837, 0.00012126559571542477, 1.5711036097967814, 0.000891328973912058, 4.711611876456472, 1.5710066836146133, 4.71257201947632, 1.5708092788518033, 1.5707560959894629, 3.142785912169386, -0.0023342725801143455, 4.7119707151848464, 3.1410260813195454, 0.029884678048180378, 4.7123597448096195]",0.0
460,1.5564558917016553,"[1.5700979573975093, 4.712312006720729, 1.5705516323908526, 4.712427583328714, 3.1419963426041377, 4.713056733679742, 1.5702805992535729, 1.5704427670589913, 3.141477322312755, 4.712894014711606, 3.1414988064226352, 1.5710408705618306, 4.712179907985067, 4.715771432575381, -0.009616377328840643, -8.758372826331515e-05, -0.0004577202277144482, 0.00010561768833029528, 3.141601757303332, 1.5706955236770799, 3.1411557346636223, 0.00031286230906060557, 3.141429721369852, -0.0003861777784919409, -0.00019975417193013664, 3.1424695611440545, 0.00012127923960257834, 1.5711035997553606, 0.0008912896277266347, 4.711611890686083, 1.5710067809963686, 4.7125720211743864, 1.570809238105631, 1.5707560852879028, 3.1427858554083494, -0.002334276108801009, 4.7119706813705085, 3.1410260310891114, 0.029884671433607443, 4.712359780719118]",0.0
461,1.5653607892240484,"[1.5700979474644254, 4.712311958081919, 1.5705515983180733, 4.712427593524522, 3.1419963622559095, 4.7130567331150175, 1.5702805683914294, 1.5704427787958009, 3.141477437365814, 4.712894071888931, 3.141498781943009, 1.5710408949104082, 4.712179873983073, 4.715771466488477, -0.009616376201336516, -8.754671364656299e-05, -0.00045765294534261296, 0.00010557014270772481, 3.14160168995637, 1.5706955091952148, 3.1411557109161703, 0.0003128965655500757, 3.1414297359082544, -0.00038610317678941487, -0.00019983867705926502, 3.1424695414474986, 0.00012127775302901332, 1.5711035684462438, 0.0008913408403642024, 4.711611857876515, 1.5710067738423872, 4.712572059885606, 1.5708092371366158, 1.570756063744947, 3.142785947914373, -0.0023342814128043273, 4.711970635439913, 3.141026001823922, 0.02988470356379249, 4.712359812412514]",0.0
462,1.5586347433021457,"[1.5700979389991838, 4.712312014340672, 1.5705516756918352, 4.712427583007424, 3.1419962802883155, 4.713056694023558, 1.5702806088479921, 1.5704427580284357, 3.141477363840058, 4.712894021317028, 3.1414988024685133, 1.571040882404893, 4.712179930335913, 4.715771458377205, -0.009616375492300527, -8.760281315580554e-05, -0.00045768269392258676, 0.00010561811482499496, 3.1416017377599315, 1.570695519282786, 3.141155732669199, 0.00031289000906684343, 3.1414297165154723, -0.0003861531594821307, -0.00019975437490336113, 3.1424695558338827, 0.00012125690960562003, 1.5711035674534688, 0.0008913002169552435, 4.711611900233131, 1.5710067364992655, 4.712572029815396, 1.5708092539293945, 1.570756080364478, 3.1427859310776416, -0.002334239059181078, 4.711970703822972, 3.1410260329322623, 0.029884628970369344, 4.712359799171658]",0.0
463,1.5629808037439905,"[1.5700979560041608, 4.712311960270868, 1.570551707361709, 4.7124275372172, 3.141996386838118, 4.713056709205106, 1.5702805831885356, 1.5704427617649508, 3.1414773760013226, 4.712894063833504, 3.141498766987409, 1.5710408224761472, 4.712179887197259, 4.715771383064322, -0.009616390348864079, -8.758798902657178e-05, -0.0004577130049316872, 0.00010556303770695712, 3.1416017377164396, 1.5706956066148503, 3.141155685473296, 0.0003128982204644607, 3.1414296485570947, -0.0003861138247176261, -0.0001997051456309729, 3.1424695524701045, 0.0001212739867891797, 1.571103607053944, 0.0008913076909132673, 4.71161191283666, 1.5710066547343922, 4.712572022296493, 1.570809286939626, 1.5707560910281702, 3.1427858596056333, -0.0023342323674398714, 4.711970689194546, 3.141025998164838, 0.02988465735284045, 4.712359770192152]",0.0
464,1.567631475694971,"[1.5700979749459316, 4.712312041967187, 1.5705516524642245, 4.712427577767677, 3.1419963267940725, 4.713056729653554, 1.5702805821770773, 1.57044272193842, 3.141477381918935, 4.7128940239454975, 3.141498811245942, 1.5710408657749704, 4.712179945329548, 4.715771443801656, -0.00961637320616749, -8.760849381551024e-05, -0.0004576925050754998, 0.00010556571124886372, 3.1416017316903937, 1.5706955523465342, 3.14115571761302, 0.00031287494377227006, 3.1414296826145933, -0.00038616443459955793, -0.0001997743219407392, 3.142469589466086, 0.00012127438925422727, 1.5711035951938905, 0.0008913123805420746, 4.711611856403634, 1.5710067716724843, 4.71257202417161, 1.570809252766827, 1.5707560894879375, 3.1427859151136373, -0.002334252249934913, 4.711970715351273, 3.14102603608315, 0.029884678966001808, 4.712359732908991]",0.0
465,1.5616297731800421,"[1.570098020410385, 4.712312039192231, 1.5705516648633069, 4.712427578351573, 3.14199628883144, 4.713056756177935, 1.5702805161698212, 1.5704427294876049, 3.1414773329463883, 4.712894070732437, 3.141498829078991, 1.5710408069337272, 4.712179848903485, 4.715771438244783, -0.009616412293394123, -8.763396753473517e-05, -0.00045777817308155245, 0.00010557266452365596, 3.1416017418075413, 1.5706955078517806, 3.1411557024913836, 0.0003128909839281734, 3.1414296871666947, -0.0003861256658921276, -0.00019977424393229808, 3.14246954464017, 0.00012123584646757561, 1.571103596107932, 0.0008912782161254412, 4.711611857821727, 1.5710067848251994, 4.712572014979026, 1.5708092678638275, 1.5707561023399375, 3.14278593143451, -0.0023342523393117642, 4.711970705114922, 3.141026083569248, 0.029884649501545776, 4.7123598981144115]",0.0
466,1.5617332508096102,"[1.5700979571170315, 4.712312043062488, 1.5705516564797701, 4.712427624768573, 3.1419963306595076, 4.713056743984964, 1.5702805899278025, 1.5704427189093133, 3.1414772750653532, 4.712894012417266, 3.1414987332137034, 1.5710409011290165, 4.712179903045427, 4.7157714705640466, -0.00961644280273952, -8.756076744080827e-05, -0.00045769308453380233, 0.00010555957180413289, 3.141601657764128, 1.5706955683146808, 3.141155782047908, 0.0003129362791484068, 3.1414296957566497, -0.0003861316013405357, -0.00019973455744444932, 3.142469659104313, 0.00012127239007813157, 1.5711035369988235, 0.0008913046219264085, 4.711611882426567, 1.5710067319269756, 4.712572045197979, 1.5708092832350171, 1.5707560802176914, 3.1427858870139156, -0.002334322588961031, 4.711970686683989, 3.1410260628778874, 0.029884651775303184, 4.712359811500839]",0.0
467,1.559979952486526,"[1.5700979616345674, 4.712312040910532, 1.5705516487244415, 4.712427549135016, 3.1419963295925055, 4.713056701080652, 1.5702806081047191, 1.5704427584096885, 3.1414774037486337, 4.712894022169548, 3.1414988010760485, 1.5710408873409092, 4.712179896846913, 4.715771418113482, -0.009616388303150182, -8.760184655276058e-05, -0.00045773884681041233, 0.0001056117913350475, 3.1416017391098046, 1.5706955407524543, 3.14115572234048, 0.0003128555180223305, 3.141429705648794, -0.0003861513225124185, -0.00019979042531349754, 3.1424696309615507, 0.00012125114083077812, 1.5711035748197897, 0.0008913029118352612, 4.7116118588973155, 1.571006740865771, 4.712572028196439, 1.5708092580210393, 1.5707560782670076, 3.1427858841750016, -0.002334291065155483, 4.711970694208564, 3.141026019310204, 0.029884626480897746, 4.712359811269688]",0.0
468,1.5499426224184556,"[1.5700979712152514, 4.712312046770579, 1.5705516888741022, 4.712427577537071, 3.1419963268727424, 4.713056710734284, 1.5702806113840513, 1.5704427533898107, 3.141477365587551, 4.712894038173645, 3.1414988114710365, 1.571040886279715, 4.71217990033057, 4.715771446595336, -0.009616395956445813, -8.757900304169245e-05, -0.0004577134202407335, 0.00010560272136849458, 3.1416017408094428, 1.5706955222224177, 3.1411557164949833, 0.00031288887253289467, 3.141429689832988, -0.0003861366692674231, -0.00019977596654219222, 3.1424695675999295, 0.00012127430695577618, 1.5711035782606175, 0.0008913031554278414, 4.71161187721429, 1.571006760409778, 4.712572025165028, 1.5708092694877873, 1.5707560828683298, 3.1427858883015607, -0.002334276214872529, 4.711970693563362, 3.141026029329818, 0.029884675287821925, 4.712359783017529]",0.0
469,1.5537712947124618,"[1.5700979543959177, 4.712312039202781, 1.5705516845152416, 4.712427568114305, 3.141996331009904, 4.713056687510066, 1.5702806027987382, 1.5704427965697283, 3.1414773586035234, 4.712894027644326, 3.14149879848962, 1.5710408982975206, 4.712179897536624, 4.7157714347197945, -0.009616424570364766, -8.760022187436608e-05, -0.0004577230823044979, 0.00010558062452964183, 3.141601741689085, 1.57069555905934, 3.1411557037337903, 0.0003128652625138814, 3.141429722657132, -0.000386149597766494, -0.00019974374973566467, 3.1424695927286788, 0.0001213004112418994, 1.5711036045479039, 0.0008913154930674597, 4.711611889249566, 1.5710068003711004, 4.712572039151739, 1.5708092776724112, 1.5707560475908215, 3.142785929259851, -0.002334250229169205, 4.711970693784971, 3.141026046466806, 0.02988468221141157, 4.712359800168938]",0.0
470,1.5539840713511652,"[1.570097964575037, 4.712312017418479, 1.5705516640334507, 4.712427558515176, 3.1419963383069063, 4.713056709936052, 1.5702805924877061, 1.5704427452430796, 3.1414773661961597, 4.712894019930607, 3.1414988054837125, 1.5710408888968597, 4.7121799047370905, 4.71577147177795, -0.00961638755033801, -8.758608492774249e-05, -0.00045773668948763423, 0.00010560262155148587, 3.1416017377658134, 1.5706955287253204, 3.141155710757002, 0.00031289296075023116, 3.1414297094035177, -0.00038613919975697406, -0.00019975696458114357, 3.142469587482529, 0.00012129169070875891, 1.5711035719497317, 0.0008912997876855884, 4.711611866221549, 1.5710067572471644, 4.712572009000487, 1.5708092654616759, 1.5707560794166031, 3.142785901376715, -0.00233425040953401, 4.711970695878285, 3.141026033367434, 0.02988466642581393, 4.712359787098465]",0.0
471,1.5598706534773905,"[1.5700980054393066, 4.712312024675887, 1.5705516722000021, 4.7124275706072885, 3.1419963175877816, 4.713056695400742, 1.570280587587222, 1.5704427768554985, 3.1414773495874373, 4.712894025791626, 3.1414987956088773, 1.5710409143685222, 4.71217987096196, 4.715771456895471, -0.009616408958109376, -8.760455129494074e-05, -0.00045770911979509365, 0.00010556348640087055, 3.1416017664979, 1.5706955303375205, 3.141155691921888, 0.00031291692573118463, 3.141429723071363, -0.00038615479747898047, -0.00019975269942573104, 3.142469573493813, 0.00012124974459033026, 1.5711035587329267, 0.0008912996689513167, 4.711611854990565, 1.571006768393909, 4.712572036684633, 1.5708092350855585, 1.570756082799491, 3.14278588084817, -0.0023342643214605387, 4.711970701443262, 3.1410259985953433, 0.029884641365703145, 4.712359758724397]",0.0
472,1.5689825062589193,"[1.5700979985635182, 4.712312045490946, 1.5705516700125148, 4.712427555359694, 3.141996345721079, 4.713056705213489, 1.570280591143204, 1.5704427651765238, 3.1414773631629416, 4.712894025463913, 3.141498801499385, 1.5710408735927088, 4.712179915805542, 4.7157714589097255, -0.009616402457909817, -8.758429236447731e-05, -0.00045770446862283706, 0.00010560583830219296, 3.1416017238501643, 1.5706955387440569, 3.1411557244484767, 0.00031288187657373974, 3.141429721517217, -0.00038613867095122124, -0.00019976138678958085, 3.1424695703814063, 0.00012127063446931154, 1.5711035905451556, 0.0008913020028521987, 4.711611874490901, 1.5710067524232683, 4.712572015830134, 1.5708092452758686, 1.570756072884391, 3.1427859011118366, -0.0023342655338256693, 4.711970697754379, 3.1410260303687507, 0.029884656600080776, 4.712359789171786]",0.0
473,1.5704370144524353,"[1.5700979825252692, 4.712312033441372, 1.570551684719509, 4.712427605082215, 3.1419963125801518, 4.713056702578207, 1.570280602689149, 1.5704427650437092, 3.1414773759279946, 4.712894005798759, 3.1414987943237023, 1.571040857684211, 4.712179867801391, 4.7157714466210905, -0.009616394497504293, -8.757669924919985e-05, -0.00045770246605588853, 0.00010561340489346892, 3.141601717872166, 1.5706955377300782, 3.1411557090688906, 0.0003128358589920178, 3.1414296962838613, -0.00038613384291530465, -0.00019973475862048378, 3.1424695786812595, 0.00012130641012870034, 1.571103552947873, 0.000891284336603228, 4.711611834829626, 1.5710067717128104, 4.71257202373385, 1.5708092571084704, 1.570756109556211, 3.1427859005400225, -0.0023342477271372404, 4.711970663549011, 3.141026029076057, 0.029884649552577438, 4.712359773345426]",0.0
474,1.5615204741709068,"[1.5700979836327889, 4.71231204038745, 1.5705516736256182, 4.712427579261273, 3.1419963339069716, 4.71305670797482, 1.5702805742740693, 1.5704427633632978, 3.1414773652681065, 4.712894023839299, 3.141498778099924, 1.5710408943302752, 4.712179904430949, 4.715771440973684, -0.009616379819198755, -8.759249033945189e-05, -0.00045771252091446427, 0.00010559116230517329, 3.14160173191307, 1.5706955244712972, 3.1411557062035, 0.00031287426322924736, 3.1414297070133426, -0.0003861524336918274, -0.00019978072799677713, 3.142469572888611, 0.0001212980494501666, 1.5711035697789002, 0.0008912988765399651, 4.711611886723077, 1.5710067539114685, 4.712572016448804, 1.5708092645423208, 1.570756075847435, 3.1427858889930307, -0.0023342565680861175, 4.711970700035465, 3.1410260403959906, 0.029884650225062582, 4.712359787370652]",0.0
475,1.5653433250853455,"[1.57009795637445, 4.712312036948907, 1.5705516706868132, 4.712427579740932, 3.1419963395030646, 4.71305672679474, 1.5702806349150626, 1.5704427476899498, 3.1414773527451345, 4.712894016439005, 3.1414987996329122, 1.5710408565851963, 4.71217991369722, 4.7157714650135345, -0.009616409141341263, -8.756002231045323e-05, -0.00045772479082392437, 0.00010556591865746978, 3.1416017375055296, 1.5706955284939537, 3.141155680654553, 0.00031287464046578017, 3.141429689811745, -0.00038612901846775307, -0.0001997861936743907, 3.1424695755518868, 0.00012127700329599493, 1.5711035731412686, 0.000891330777500091, 4.7116118834168645, 1.571006782970225, 4.712572020391766, 1.5708092312100717, 1.5707560520664763, 3.142785877526006, -0.0023342323806846478, 4.711970695553794, 3.1410260332206126, 0.02988460930117351, 4.712359795156212]",0.0
476,1.562969160984855,"[1.570097988232409, 4.712312013859025, 1.570551670152205, 4.712427573919076, 3.1419963215575923, 4.713056715395905, 1.570280599730098, 1.5704427639278664, 3.1414773626591788, 4.712894005019966, 3.141498810591804, 1.5710408825237503, 4.712179902350909, 4.715771452234819, -0.009616395525943294, -8.758794658020705e-05, -0.0004577150678831936, 0.00010560418453084152, 3.141601735703339, 1.570695557347121, 3.1411557023933407, 0.00031288391867176373, 3.1414296968236077, -0.00038613342310423295, -0.00019978308842123066, 3.1424695790149624, 0.00012129137180080782, 1.5711035744788828, 0.0008912896563611607, 4.7116118854415365, 1.5710067577124482, 4.712572036334184, 1.5708092436229817, 1.5707560807149807, 3.1427859010299426, -0.0023342715947628195, 4.711970710044301, 3.1410260380115687, 0.02988466197943668, 4.712359789059814]",0.0
477,1.561848371198313,"[1.5700979779355604, 4.712312021161478, 1.570551681632548, 4.7124275471208765, 3.1419963064770333, 4.713056694912261, 1.5702805965839746, 1.5704427325463, 3.141477366690578, 4.71289402895513, 3.141498785626533, 1.57104090740377, 4.712179900964902, 4.715771444500393, -0.009616407455928871, -8.754241715449425e-05, -0.000457712195714414, 0.0001055520062500953, 3.141601763595865, 1.570695530753378, 3.141155740612007, 0.00031285050937671717, 3.141429699292127, -0.00038614119339047556, -0.00019977172982917646, 3.1424695888384213, 0.00012128256744601002, 1.5711035873066215, 0.0008912781928794668, 4.711611896984306, 1.5710067592577541, 4.7125719980431535, 1.5708092197855152, 1.5707561082356467, 3.142785907509806, -0.0023342523895168777, 4.711970690822034, 3.14102602698604, 0.029884678543358082, 4.712359804719351]",0.0
478,1.5665836796602286,"[1.5700979726258104, 4.712312037710358, 1.5705516612249608, 4.7124275847813575, 3.1419963412010037, 4.713056706459984, 1.5702805860328204, 1.5704427523536215, 3.1414773800962332, 4.71289402571505, 3.1414988156776866, 1.57104088243107, 4.712179903442006, 4.715771455259106, -0.009616412843321471, -8.757031453095456e-05, -0.00045771704501765595, 0.00010559270309329864, 3.141601735981371, 1.5706955326984686, 3.141155703392755, 0.00031288387805694965, 3.1414297137249982, -0.00038615314455096514, -0.00019976438060212044, 3.1424695827326645, 0.00012127516508618704, 1.5711035839504002, 0.0008912779814445467, 4.711611895219854, 1.571006756491435, 4.712572038483161, 1.5708092632001638, 1.5707560932823088, 3.142785898220231, -0.002334254614570389, 4.711970690903198, 3.1410260382505, 0.029884646231189773, 4.712359778879515]",0.0
479,1.5572806846003537,"[1.5700979632035346, 4.712311997385335, 1.5705516985389074, 4.712427569925244, 3.1419963284687107, 4.7130567227389255, 1.5702805682324366, 1.5704427406341543, 3.1414773589439706, 4.712894020498407, 3.1414988178002092, 1.5710408836749783, 4.7121798773736385, 4.715771459686056, -0.00961643855716746, -8.759665425814578e-05, -0.0004577013034726643, 0.00010560468907127163, 3.1416017273288728, 1.570695499432907, 3.1411557354534447, 0.0003128560638799324, 3.1414296859474264, -0.0003861579974382597, -0.00019978253493059723, 3.142469588394304, 0.00012129155346139691, 1.5711035971572582, 0.000891284742661783, 4.7116118721876905, 1.5710067524841533, 4.712572020113302, 1.5708092619347087, 1.5707560274185244, 3.142785898127145, -0.0023342644622716528, 4.7119707134797055, 3.141026001589535, 0.02988464693742083, 4.7123597676006534]",0.0
480,1.5626761922348549,"[1.5700979673186914, 4.712312025466039, 1.5705516800953945, 4.71242755427789, 3.141996310393186, 4.713056709576883, 1.5702805833089832, 1.5704427616416552, 3.141477369612795, 4.712894023292367, 3.1414987999670463, 1.571040876017268, 4.712179903755318, 4.71577146325269, -0.009616392819182475, -8.756785099742746e-05, -0.0004577043142089, 0.00010559180848293414, 3.1416017216523286, 1.5706955298826086, 3.1411556922092134, 0.0003128811139554997, 3.141429704222822, -0.00038616452595930024, -0.00019975919866257007, 3.142469582135633, 0.00012128386474806932, 1.5711035935312276, 0.000891304301183596, 4.711611868666036, 1.5710067616317847, 4.712572029605208, 1.5708092556580011, 1.5707560846569175, 3.142785883409914, -0.0023342773349335198, 4.711970701439591, 3.1410260369571485, 0.02988465606736095, 4.712359793398176]",0.0
481,1.5582266541634424,"[1.5700979604380272, 4.712312013663207, 1.5705516600986813, 4.712427546683717, 3.1419963206501738, 4.713056694381589, 1.570280582662998, 1.5704427450563938, 3.1414773331590893, 4.712894008139696, 3.141498797640452, 1.5710409067727575, 4.712179913511039, 4.715771399215214, -0.009616434364858244, -8.756792041245499e-05, -0.00045770793125424924, 0.0001056207257897454, 3.1416017170393036, 1.5706955205515007, 3.141155694652519, 0.0003128831527374747, 3.141429712161186, -0.0003861211634259269, -0.00019979336739953712, 3.1424695671229816, 0.00012126174682567064, 1.5711035855944882, 0.0008913086760386778, 4.711611844334088, 1.5710067644101686, 4.712572025547554, 1.5708092721947413, 1.5707561013706721, 3.142785890436163, -0.0023342332185593653, 4.711970704035227, 3.141026054078279, 0.029884659940132424, 4.71235976953045]",0.0
482,1.562779669864423,"[1.5700979654161162, 4.712312038140473, 1.5705516865340603, 4.712427574012713, 3.141996333040195, 4.713056693866175, 1.5702805747408997, 1.5704427398664667, 3.1414773559663334, 4.7128940061276205, 3.141498797680837, 1.5710408694078901, 4.7121798980634, 4.715771451295111, -0.009616388640546935, -8.758151102369259e-05, -0.0004577108502739557, 0.00010560366090534182, 3.1416017359251946, 1.5706955423504187, 3.1411557036510227, 0.00031288243207987557, 3.141429711960271, -0.00038614808480695156, -0.00019977989578298357, 3.142469587522672, 0.00012126537348701471, 1.5711035767702886, 0.0008912982396473816, 4.711611880291243, 1.5710067640501764, 4.712572033082884, 1.5708092478895692, 1.570756072170042, 3.1427858931365105, -0.0023342505839195754, 4.711970684615637, 3.1410260171970887, 0.02988467389749549, 4.712359792639972]",0.0
483,1.5610721708286017,"[1.5700979923286218, 4.712312016443118, 1.5705516397598123, 4.7124275717632935, 3.1419963248533516, 4.71305666816103, 1.5702806064897235, 1.5704427490899364, 3.1414773757759473, 4.7128940216772754, 3.1414988169020104, 1.5710408625192525, 4.712179885812951, 4.715771429654604, -0.009616394131770631, -8.758924619068224e-05, -0.00045768623587278247, 0.0001055912390450722, 3.141601712277656, 1.5706954970185705, 3.141155697886177, 0.00031288734139998324, 3.141429691314698, -0.0003861344973479047, -0.00019974192127334962, 3.142469606608265, 0.00012126795527054545, 1.5711035565561906, 0.0008912948164005044, 4.7116119075043255, 1.5710067768357094, 4.7125720006430445, 1.5708092532531601, 1.5707560553242168, 3.1427858745363015, -0.002334256803430476, 4.711970721854055, 3.1410260475213185, 0.02988468744756677, 4.712359789861267]",0.0
484,1.55284581742592,"[1.5700979829585942, 4.712312021145188, 1.570551673265805, 4.712427578746085, 3.141996321269964, 4.713056712564716, 1.5702805751240234, 1.5704427535130832, 3.14147735344945, 4.712894038127731, 3.1414988076930492, 1.5710408665076299, 4.71217989001208, 4.715771450221731, -0.009616397383066893, -8.76036023505512e-05, -0.00045772911158358057, 0.00010558755999498194, 3.1416017332493182, 1.5706955249975785, 3.141155712953669, 0.0003128821040598942, 3.141429694136669, -0.00038613784754918474, -0.00019977261460175818, 3.1424695765407376, 0.00012126184663582506, 1.5711035925379924, 0.0008912968160527799, 4.711611871415341, 1.571006772238922, 4.712572018902461, 1.570809259071995, 1.5707560909396217, 3.142785903827633, -0.0023342575815888987, 4.711970695708278, 3.141026046601838, 0.029884654236589436, 4.712359810079504]",0.0
485,1.5646422671966422,"[1.5700979721899537, 4.712312024070536, 1.5705516704118283, 4.712427567588109, 3.1419963344921964, 4.713056698564163, 1.570280591767489, 1.5704427591374248, 3.141477364957139, 4.712894011997259, 3.141498793028978, 1.5710408743076802, 4.712179899662745, 4.715771460797507, -0.009616401020946899, -8.758840875054226e-05, -0.00045771188541027875, 0.0001055905151173116, 3.141601736757805, 1.570695529033135, 3.1411557158011316, 0.00031287317594683075, 3.141429701309794, -0.00038614109656721045, -0.00019977295402571633, 3.142469576120183, 0.00012127140335571116, 1.5711035807554534, 0.0008913005788534084, 4.711611879417092, 1.5710067655718143, 4.712572025720573, 1.5708092646117382, 1.5707560879903957, 3.1427858949707326, -0.002334265249335653, 4.711970701480804, 3.1410260351206736, 0.029884657471113806, 4.712359783091027]",0.0
486,1.5612028429227065,"[1.5700979704989528, 4.712312021651072, 1.5705516696740878, 4.7124275869217795, 3.141996319685445, 4.713056694640183, 1.5702806011692534, 1.5704427676463917, 3.141477362539449, 4.7128940363148, 3.141498794607051, 1.5710408950903005, 4.712179899834054, 4.715771471315756, -0.009616399708797756, -8.759291336219115e-05, -0.0004577170984809559, 0.00010560118851508709, 3.1416017229422564, 1.5706955437916075, 3.1411557068071936, 0.00031287523885846843, 3.141429696054964, -0.0003861465287909203, -0.00019978268816146804, 3.142469587272289, 0.00012126366122568161, 1.5711035989749873, 0.0008912915235435976, 4.711611873522348, 1.5710067518908777, 4.712572006535386, 1.5708092515696657, 1.5707560752591998, 3.142785879325773, -0.0023342478902474493, 4.711970686305467, 3.141026042875737, 0.029884668163914548, 4.7123597769870615]",0.0
487,1.5607042958935002,"[1.5700979713613181, 4.712312018746817, 1.57055168337185, 4.712427575725965, 3.141996334407391, 4.713056704841254, 1.5702805928418826, 1.570442756614955, 3.1414773717508933, 4.712894025070533, 3.141498801149207, 1.571040878581292, 4.71217990757857, 4.715771450470269, -0.009616403269520011, -8.759096358920564e-05, -0.00045770660312351597, 0.00010559345692363938, 3.1416017340172377, 1.5706955357967674, 3.141155715799185, 0.00031288390449469764, 3.141429711698352, -0.00038614528948444993, -0.00019977321875361577, 3.1424695828295337, 0.00012127758131722734, 1.5711035782431042, 0.0008912936111965351, 4.711611871128426, 1.571006768460229, 4.712572017623452, 1.5708092531063602, 1.5707560840185062, 3.142785885197853, -0.00233425871218214, 4.711970698015427, 3.1410260399994856, 0.02988465724942907, 4.712359790208508]",0.0
488,1.5576918018769006,"[1.5700979737669913, 4.712312018566983, 1.5705516868641098, 4.7124275707551435, 3.141996338901008, 4.7130567136001025, 1.5702805975617358, 1.5704427565453474, 3.1414773577791983, 4.712894017249301, 3.1414988072826926, 1.5710409028364927, 4.712179913521652, 4.715771449671268, -0.009616386935292364, -8.759893143690818e-05, -0.00045771342655509675, 0.00010559149367900642, 3.1416017085960375, 1.570695523717247, 3.141155697346522, 0.0003128720085817705, 3.141429701349324, -0.0003861336258972251, -0.00019976330008069626, 3.1424695870300923, 0.00012126700041248544, 1.5711035890823961, 0.0008912908445736287, 4.711611890042811, 1.5710067764243099, 4.7125720155850415, 1.5708092574626338, 1.5707560939830265, 3.1427858984062294, -0.0023342667829250076, 4.711970686897436, 3.141026014492212, 0.029884653412608857, 4.712359787309682]",0.0
489,1.5603433589166897,"[1.5700979870077127, 4.7123120177291, 1.5705516725875197, 4.712427572244447, 3.141996332200624, 4.713056698083233, 1.570280597314502, 1.570442751207419, 3.1414773595423915, 4.712894021937643, 3.141498805579121, 1.571040885630262, 4.712179908370108, 4.715771453921327, -0.009616393752507071, -8.758422675146047e-05, -0.0004577083821049853, 0.00010559057507470447, 3.1416017331424833, 1.5706955337547006, 3.1411557115521833, 0.0003128744722047354, 3.1414297005094123, -0.000386149611256724, -0.00019977122335179546, 3.1424695804195903, 0.0001212746862160312, 1.571103583460335, 0.0008912960904873919, 4.711611871299841, 1.5710067618086117, 4.712572028578042, 1.5708092664580757, 1.5707560762100903, 3.1427858926871672, -0.0023342574579556293, 4.711970687535015, 3.1410260348714796, 0.029884655104218446, 4.712359792421794]",0.0
490,1.5541910266103005,"[1.5700979819442418, 4.71231202151645, 1.5705516712952095, 4.712427582939804, 3.1419963200597003, 4.713056696098394, 1.570280581793228, 1.5704427565198709, 3.1414773697065717, 4.7128940178841585, 3.1414987934431746, 1.57104088185269, 4.712179912658643, 4.71577144930531, -0.009616396751393344, -8.758385720707552e-05, -0.0004577087755113551, 0.00010560661658550476, 3.1416017499704214, 1.570695524138265, 3.1411557145934093, 0.00031289659275856566, 3.1414296945669418, -0.0003861231563295209, -0.00019976593642569298, 3.142469597375939, 0.00012128852733899485, 1.571103608170048, 0.0008913082799715772, 4.711611880695486, 1.5710067716859681, 4.712572019432389, 1.5708092564450586, 1.5707560815692432, 3.142785890728756, -0.0023342653884769827, 4.711970681230087, 3.1410260280904847, 0.029884645843969913, 4.712359781660096]",0.0
491,1.5631034841626394,"[1.5700979716998116, 4.712312028046588, 1.5705516677127989, 4.712427577107457, 3.1419963295453095, 4.713056707034544, 1.570280590125118, 1.57044275167521, 3.1414773558796085, 4.712894022593641, 3.1414987913318386, 1.571040886519829, 4.7121799032130625, 4.715771453915243, -0.009616404981133747, -8.758542879635818e-05, -0.0004577101114538392, 0.0001055930309719134, 3.1416017213134912, 1.5706955392512172, 3.141155720357822, 0.00031288664839127563, 3.1414296952737715, -0.00038614385947213493, -0.0001997641925584024, 3.1424695868467585, 0.00012127563117387972, 1.5711035779873606, 0.0008912975195785381, 4.7116118773824, 1.5710067644820165, 4.712572024684481, 1.5708092563484106, 1.5707560811904817, 3.1427858929965766, -0.002334265390981978, 4.7119706931631935, 3.1410260337226465, 0.029884654781765038, 4.712359790011314]",0.0
492,1.5590544751999844,"[1.5700979748106358, 4.712312018473024, 1.5705516861453532, 4.7124275866927, 3.1419963353243703, 4.713056706146262, 1.5702805960048956, 1.5704427637559, 3.1414773424054823, 4.7128940256460385, 3.14149880820559, 1.5710408785293366, 4.712179895401764, 4.715771450070121, -0.009616385632325652, -8.757549354440822e-05, -0.00045771314141856474, 0.00010558495813946792, 3.1416017287380282, 1.5706955217605485, 3.1411557181434078, 0.0003128794026573045, 3.141429720313299, -0.00038613743401875485, -0.00019977289596263028, 3.1424696099256915, 0.00012127497307693263, 1.5711035857616078, 0.0008913129188458894, 4.711611876030497, 1.5710067445965803, 4.712572026404989, 1.5708092553767117, 1.5707560872228346, 3.1427859028227068, -0.0023342663055973783, 4.711970700517001, 3.1410260461226915, 0.02988465746439973, 4.71235977516778]",0.0
493,1.5587323995521456,"[1.5700979807460431, 4.712312017302933, 1.570551678029781, 4.712427575233599, 3.141996328216076, 4.713056700805344, 1.5702805957781154, 1.5704427480773195, 3.141477366642768, 4.71289402759466, 3.141498790202585, 1.5710408794541002, 4.712179902253776, 4.715771449283313, -0.00961639674798576, -8.758221335731005e-05, -0.00045772310681748714, 0.00010560003326195121, 3.141601727800491, 1.5706955326374117, 3.1411557093179674, 0.0003128787488150169, 3.1414297081185465, -0.00038614705763991464, -0.00019976908508867984, 3.142469579479898, 0.00012127151975127701, 1.5711035839992402, 0.0008912986640803805, 4.71161188011425, 1.5710067683607583, 4.712572022245739, 1.570809253427174, 1.570756077500669, 3.142785900572132, -0.002334266934710958, 4.711970695329198, 3.1410260369663656, 0.029884654623838252, 4.712359776984088]",0.0
494,1.5657805211218876,"[1.5700979804383368, 4.712312017895243, 1.5705516768451, 4.712427569347216, 3.1419963297678484, 4.713056700691413, 1.570280579724216, 1.570442775744021, 3.1414773598687713, 4.712894046572947, 3.141498800709893, 1.5710408787004337, 4.712179923237181, 4.7157714583179935, -0.009616397802370101, -8.757800382185567e-05, -0.00045772265037811105, 0.00010560703339258548, 3.141601732639881, 1.5706955269442486, 3.141155716436793, 0.0003128687504845159, 3.1414296909065653, -0.0003861412500466995, -0.00019977036456490037, 3.142469594609024, 0.00012127372422073226, 1.5711035662397974, 0.0008913019333448648, 4.711611879745823, 1.5710067728803372, 4.7125720397451865, 1.5708092514682854, 1.5707560876481523, 3.14278588934523, -0.0023342471773269745, 4.711970704025731, 3.141026022199052, 0.029884661037159345, 4.712359782418506]",0.0
495,1.5704828137396978,"[1.5700979692661439, 4.712312024166924, 1.5705516736241238, 4.712427574154558, 3.1419963353727294, 4.713056700046704, 1.5702805835238705, 1.5704427595041808, 3.141477358693257, 4.712894025972616, 3.1414988046555385, 1.5710408838415155, 4.712179907159482, 4.715771453237669, -0.009616396807242782, -8.758298852608055e-05, -0.0004577076731867454, 0.00010559623226299657, 3.141601739432339, 1.570695534637174, 3.141155703811765, 0.0003128738286551275, 3.1414296972299827, -0.0003861398592096071, -0.00019976749239176273, 3.14246958259234, 0.00012127079135322754, 1.571103577122708, 0.0008912949005084804, 4.711611873977981, 1.571006762680486, 4.712572014195694, 1.570809252414895, 1.5707560769512745, 3.142785900492499, -0.0023342708312590445, 4.711970691474309, 3.141026040735792, 0.029884653155683394, 4.712359783030626]",0.0
496,1.5653690800569693,"[1.5700979626639626, 4.7123120298360135, 1.5705516697905257, 4.712427566027444, 3.1419963257614483, 4.713056680937253, 1.570280591397681, 1.5704427598306923, 3.1414773557524627, 4.712894032285215, 3.141498811218566, 1.571040875857589, 4.712179899211157, 4.715771448498806, -0.009616378947196724, -8.75829609280812e-05, -0.0004577201313906328, 0.00010558231233581817, 3.141601718679682, 1.5706955367584716, 3.1411557232436125, 0.00031288576584656655, 3.1414297073708495, -0.00038612991862138195, -0.00019977863972165215, 3.142469574652072, 0.00012128910266085819, 1.571103591527588, 0.0008912768151424941, 4.7116118703407075, 1.571006771951751, 4.712572026855757, 1.5708092549570134, 1.5707560765952313, 3.142785889835017, -0.002334262611151026, 4.711970701054145, 3.141026026124637, 0.029884644441516454, 4.712359776424799]",0.0
497,1.5586347433021457,"[1.570097976759828, 4.712312028517188, 1.570551674246027, 4.712427572741831, 3.141996333716192, 4.713056709814635, 1.5702805945836205, 1.5704427606519196, 3.1414773637774713, 4.7128940200157485, 3.1414987960671223, 1.5710408872605137, 4.712179897456886, 4.71577145553345, -0.009616388892367512, -8.757833659060616e-05, -0.00045770660417486, 0.00010560107517773862, 3.1416017338312194, 1.5706955284916424, 3.1411557140401056, 0.0003128818711192115, 3.1414297004099994, -0.00038614442463320885, -0.00019977240814880037, 3.142469588558833, 0.00012126927542114564, 1.5711035878910424, 0.000891288936947206, 4.711611871823747, 1.5710067738638087, 4.712572023484899, 1.5708092559456428, 1.5707560792898339, 3.142785899753137, -0.0023342548109671376, 4.711970702720848, 3.141026038313463, 0.029884654448246076, 4.712359786758219]",0.0
498,1.5436304870148234,"[1.5700979694930806, 4.712312009225653, 1.5705516819853398, 4.7124275638168305, 3.141996348043231, 4.713056708391249, 1.5702805938398439, 1.5704427629647235, 3.1414773681902877, 4.7128940315731676, 3.141498791813592, 1.5710408733151604, 4.712179889355751, 4.715771433386347, -0.009616388378772793, -8.758333794635825e-05, -0.0004577085434149544, 0.00010559298243302998, 3.1416017348005365, 1.570695546796804, 3.1411557081900154, 0.00031288729067334637, 3.1414296848363428, -0.0003861405505570947, -0.000199754300975782, 3.142469577018333, 0.000121271928845591, 1.5711035958560429, 0.000891300098930265, 4.7116118831576586, 1.5710067429190935, 4.712572023242529, 1.5708092592602436, 1.5707560847005453, 3.142785891332427, -0.0023342447868719583, 4.711970698187242, 3.141026025928826, 0.029884654516293113, 4.712359783441785]",0.0
499,1.558841698561281,"[1.5700979655710672, 4.71231200678782, 1.5705516783198403, 4.712427561098304, 3.1419963511803846, 4.713056712060398, 1.570280593320302, 1.570442759281877, 3.1414773736076915, 4.712894036672508, 3.141498786760973, 1.5710408773235542, 4.712179887362521, 4.715771436014938, -0.00961638609813352, -8.75885423908433e-05, -0.00045770428988343125, 0.00010559075398854221, 3.141601733890728, 1.5706955397295979, 3.1411557068790787, 0.00031288407074204697, 3.141429687468399, -0.0003861302903975374, -0.0001997530849876029, 3.1424695743474573, 0.00012127273340812582, 1.5711035970300689, 0.0008912993636690783, 4.711611880627311, 1.571006740471291, 4.712572038776399, 1.5708092504418691, 1.5707560804289278, 3.1427858902628167, -0.0023342457732380157, 4.711970691651332, 3.1410260323214283, 0.029884659381764222, 4.7123597840719285]",0.0
500,1.5561512801925197,"[1.570097966067592, 4.712311993814105, 1.5705516647384876, 4.7124275729929925, 3.1419963534835436, 4.7130567106322365, 1.570280589906603, 1.5704427746863705, 3.141477382636107, 4.712894038531943, 3.141498796648014, 1.571040875317939, 4.712179878519269, 4.71577143132294, -0.00961638606494816, -8.7569375981697e-05, -0.00045769926593001596, 0.0001055899396195722, 3.1416017244235195, 1.5706955465928536, 3.1411557105815358, 0.00031289604692997304, 3.1414296892585765, -0.0003861458198067502, -0.00019977454840223996, 3.142469567822887, 0.00012127394121995503, 1.5711035930842339, 0.0008913189150654703, 4.711611880847789, 1.5710067501528235, 4.712572014784021, 1.5708092598083665, 1.570756087128444, 3.142785907878998, -0.002334246586062353, 4.711970688151283, 3.1410260080804733, 0.029884661685864556, 4.712359790630486]",0.0
501,1.548965288169176,"[1.5700979711776464, 4.712312007371306, 1.5705516876394665, 4.712427566526804, 3.1419963475113235, 4.713056703102343, 1.5702805971736609, 1.5704427703960793, 3.1414773660244686, 4.712894028941404, 3.141498789286458, 1.571040872620893, 4.712179877071762, 4.715771435339497, -0.009616392221994488, -8.757698013752312e-05, -0.0004577108835509018, 0.00010560291601985185, 3.141601732103803, 1.570695543035509, 3.1411557078065533, 0.0003128826731643781, 3.1414296880578014, -0.000386134968285218, -0.00019974864569201402, 3.1424695739582527, 0.00012127648506661628, 1.571103589545009, 0.0008912954877390994, 4.71161188184894, 1.571006741338046, 4.712572022343931, 1.5708092592173752, 1.570756087277668, 3.142785887999576, -0.0023342448322383764, 4.7119706899213245, 3.141026025303875, 0.0298846489534964, 4.712359792682659]",0.0
502,1.561803688489774,"[1.5700979752646504, 4.712312022463305, 1.5705516807846944, 4.712427574822183, 3.141996335324245, 4.713056716505287, 1.5702805998011147, 1.5704427576437248, 3.1414773767345974, 4.712894024546575, 3.1414987991635432, 1.5710408615102536, 4.712179883632039, 4.7157714237552355, -0.009616384389577088, -8.759314332231056e-05, -0.0004577048415994443, 0.00010559292871353191, 3.141601730474475, 1.5706955514166538, 3.141155709750204, 0.000312869418125846, 3.1414296765909198, -0.0003861453133388848, -0.00019973895321169637, 3.142469578346038, 0.00012128443369650585, 1.5711035945059022, 0.0008913063232383185, 4.711611861562249, 1.5710067458301098, 4.712572018077861, 1.5708092547301205, 1.5707560989984226, 3.1427858995840934, -0.002334229730845412, 4.711970693509108, 3.1410260195023265, 0.029884657598363545, 4.712359763888147]",0.0
503,1.5669129536675648,"[1.5700979714931598, 4.71231200737315, 1.5705516854085289, 4.71242755962392, 3.141996351124584, 4.713056699760464, 1.5702805902214159, 1.5704427686683893, 3.141477369534255, 4.712894027651895, 3.1414987920223503, 1.5710408752641605, 4.712179889963393, 4.7157714298781785, -0.009616388203762205, -8.758956858262349e-05, -0.00045770989274559966, 0.00010559680905687431, 3.1416017322374277, 1.5706955409959762, 3.141155713856031, 0.0003128949689509262, 3.1414296788638216, -0.0003861516469492368, -0.00019975485383912583, 3.1424695788476322, 0.00012127412152964987, 1.5711035967488538, 0.0008912926509157522, 4.711611881022252, 1.5710067392735685, 4.712572026011498, 1.5708092562444018, 1.5707560912041036, 3.1427858983919865, -0.0023342496650630208, 4.711970692080593, 3.1410260304406914, 0.029884662447171716, 4.712359780810843]",0.0
504,1.5479765474566685,"[1.5700979635229921, 4.712312017505561, 1.570551684866227, 4.712427559287988, 3.1419963559260755, 4.713056712266544, 1.5702806157211273, 1.5704427654817013, 3.1414773614655305, 4.712894023230668, 3.141498794442182, 1.571040863765452, 4.71217989569428, 4.71577143363576, -0.009616396685691569, -8.75800796365879e-05, -0.0004577219665581559, 0.00010558177026802648, 3.1416017354696946, 1.5706955332569845, 3.141155697820472, 0.00031289644935940836, 3.141429670428207, -0.0003861478186205192, -0.0001997656386177018, 3.142469574239333, 0.00012127635806379306, 1.571103596095258, 0.0008913149242534021, 4.711611888520818, 1.5710067459363088, 4.712572020045287, 1.5708092387701933, 1.5707560745787734, 3.1427858887532296, -0.0023342297684205895, 4.711970693427715, 3.141026028998557, 0.029884635778510422, 4.712359788093679]",0.0
505,1.563032424410821,"[1.570097967137, 4.712312010244464, 1.5705516800553407, 4.712427574242788, 3.14199635893375, 4.713056700881033, 1.5702805951760015, 1.5704427599634296, 3.1414773656463715, 4.712894034089461, 3.1414987931718956, 1.5710408732908077, 4.712179889161707, 4.715771436886127, -0.009616387328568916, -8.759103542012396e-05, -0.0004577070584378187, 0.00010560324476485302, 3.1416017316576927, 1.5706955466352317, 3.1411557004435244, 0.0003128896160348373, 3.1414296838442164, -0.0003861441614731829, -0.00019975269055035088, 3.142469574944389, 0.00012127477355234547, 1.5711035997229448, 0.0008913059143829852, 4.711611876762572, 1.571006743648543, 4.712572029109906, 1.5708092605136343, 1.5707560861392031, 3.1427858904037667, -0.00233424816629445, 4.71197070902792, 3.141026024219716, 0.02988465047918089, 4.712359786075099]",0.0
506,1.5702888541143283,"[1.5700979713276562, 4.712312010014203, 1.5705516833720001, 4.7124275605034045, 3.1419963444829198, 4.713056696781338, 1.5702805984023591, 1.5704427443131879, 3.1414773653858026, 4.712894039127566, 3.141498787558633, 1.5710408913480418, 4.7121798865139155, 4.715771431408444, -0.009616393644297708, -8.757027986426141e-05, -0.0004577089552096895, 0.0001055824997825337, 3.141601750799656, 1.5706955463791035, 3.1411557152323613, 0.00031287309004545555, 3.1414296842510336, -0.00038614175672387123, -0.00019975390774483733, 3.1424695770073168, 0.00012128052991547567, 1.5711036068202715, 0.0008912993016675419, 4.7116118909585945, 1.5710067381220358, 4.712572012271031, 1.570809239697047, 1.5707561011482667, 3.1427858958271924, -0.0023342416549994695, 4.711970714463016, 3.1410260168052972, 0.029884662388348984, 4.712359800452662]",0.0
507,1.5627291657763154,"[1.570097972020166, 4.7123120091757285, 1.5705516735122225, 4.712427560468708, 3.141996345981006, 4.713056706230429, 1.5702806017274986, 1.5704427615400516, 3.141477364065232, 4.712894038360306, 3.1414987872843754, 1.5710408624750893, 4.712179888149921, 4.715771430548544, -0.00961639156108561, -8.758744594343074e-05, -0.00045769964962069897, 0.00010559333584828864, 3.141601734757284, 1.57069553996446, 3.141155698393741, 0.0003128895393767062, 3.1414296865349987, -0.0003861398431009916, -0.00019975508739997574, 3.142469585303415, 0.00012127578331384324, 1.5711035923259615, 0.0008912921287492792, 4.711611887061012, 1.5710067424535894, 4.712572018744819, 1.5708092616311848, 1.5707560837937122, 3.142785893502136, -0.0023342449114578624, 4.711970699414971, 3.1410260220207618, 0.029884660234301457, 4.712359784565217]",0.0
508,1.5715506058794801,"[1.5700979777054238, 4.712312007193717, 1.570551673908531, 4.712427565955433, 3.1419963427914066, 4.713056696272852, 1.5702805893501124, 1.5704427616478964, 3.1414773813459465, 4.712894020647688, 3.1414988110347024, 1.571040876533832, 4.712179880140292, 4.715771423169149, -0.00961638217462261, -8.758038061777261e-05, -0.0004577084779548892, 0.00010559102109114034, 3.1416017233107567, 1.5706955371871616, 3.141155711638298, 0.00031289054200187873, 3.141429679554538, -0.0003861353098545823, -0.0001997374416240871, 3.1424695793984023, 0.00012126086379758, 1.5711035877912007, 0.0008913110055598748, 4.71161190029992, 1.5710067485694859, 4.712572015062643, 1.5708092569908232, 1.570756068939559, 3.142785873879072, -0.002334239456582989, 4.71197071202448, 3.1410260373829284, 0.02988466451704335, 4.712359784808558]",0.0
509,1.5590039711118768,"[1.5700979729241085, 4.712312007134168, 1.5705516874603724, 4.7124275603948425, 3.141996349627017, 4.713056708217022, 1.5702805906293793, 1.5704427580746807, 3.141477359343919, 4.712894036151278, 3.141498795092994, 1.5710408736022972, 4.712179884355761, 4.715771442815342, -0.00961638824169565, -8.758299112814423e-05, -0.0004576988347458158, 0.00010559487273360131, 3.141601733620193, 1.5706955493532277, 3.1411557080463393, 0.0003128913102951954, 3.141429683924597, -0.0003861411492459853, -0.00019975396868602652, 3.1424695703104146, 0.0001212790555229975, 1.5711035953018906, 0.0008913037644833285, 4.7116118924347, 1.571006750999746, 4.712572022156285, 1.5708092590452114, 1.5707560892232986, 3.142785892024181, -0.002334238628507197, 4.711970694956838, 3.14102603311922, 0.02988465546411027, 4.712359775552556]",0.0
510,1.5641132362896677,"[1.570097965255925, 4.712312016235379, 1.5705516764028187, 4.7124275398232545, 3.1419963455936974, 4.7130567101861125, 1.5702805991766802, 1.5704427577353581, 3.1414773766733597, 4.7128940406599815, 3.141498799859867, 1.571040880335063, 4.712179873789713, 4.7157714262209875, -0.009616383810974974, -8.759733527776274e-05, -0.0004577108833349799, 0.00010560745957688914, 3.141601740683237, 1.5706955590872025, 3.1411557155371335, 0.00031287915299885177, 3.141429688354938, -0.00038614735669577956, -0.0001997674790925893, 3.142469597128796, 0.00012126678502814134, 1.5711035918494056, 0.0008913131208416976, 4.711611889833604, 1.571006743333671, 4.712572024889604, 1.5708092629273152, 1.5707560895056727, 3.1427858851384287, -0.0023342515073646168, 4.7119706900436, 3.141026026973281, 0.029884633852803287, 4.712359785178209]",0.0
511,1.5509657559549974,"[1.5700979807438014, 4.712312011023326, 1.5705516809876052, 4.712427561400557, 3.141996355699099, 4.713056709383704, 1.5702805901481365, 1.5704427654594033, 3.141477365791492, 4.712894032312584, 3.141498790927794, 1.57104087828393, 4.712179879304054, 4.715771433256428, -0.009616393822223497, -8.75829083850111e-05, -0.00045771412430197053, 0.00010558417545038175, 3.1416017393756053, 1.5706955485970302, 3.1411557013815594, 0.0003128914263336341, 3.141429685445511, -0.0003861405342154614, -0.00019975437316460256, 3.1424695804284646, 0.00012127165005185704, 1.5711035947626897, 0.0008912998814743361, 4.71161187517984, 1.571006748544195, 4.712572023726577, 1.5708092564797544, 1.5707560852806064, 3.1427858819838095, -0.002334249497901913, 4.7119706974491145, 3.141026020500578, 0.029884657680405328, 4.712359776617322]",0.0
512,1.5572953554973328,"[1.5700979671687685, 4.712312005444618, 1.5705516830188722, 4.712427566594333, 3.1419963237249338, 4.713056706658123, 1.5702805980116947, 1.5704427727474728, 3.1414773615529197, 4.712894032014128, 3.1414987915954624, 1.5710408869737011, 4.712179886672563, 4.715771436219842, -0.009616387060901656, -8.759723355270445e-05, -0.0004577021347715156, 0.00010558797026774403, 3.141601751605848, 1.5706955418771888, 3.1411557076824645, 0.00031290555344001044, 3.1414296988644237, -0.0003861467674314065, -0.00019974206479953503, 3.1424695639635933, 0.00012125566060664415, 1.571103584504591, 0.0008913025757921353, 4.71161188231865, 1.5710067354332273, 4.712572029481686, 1.5708092541780205, 1.5707560828642655, 3.1427858978567476, -0.002334236955645595, 4.7119707026731605, 3.1410260101012084, 0.029884640995557765, 4.712359777803308]",0.0
513,1.564900843122608,"[1.5700979686710812, 4.712312011883402, 1.5705516755269007, 4.712427559429822, 3.141996346098486, 4.713056703379006, 1.5702805962737918, 1.5704427637770308, 3.1414773637517652, 4.712894029481353, 3.1414987881851806, 1.5710408771874695, 4.712179895614747, 4.715771423043447, -0.009616387440257711, -8.757800281149424e-05, -0.0004577094962766322, 0.0001055955612923152, 3.141601732757268, 1.5706955503584632, 3.1411557006457502, 0.0003128920256455161, 3.1414296892419076, -0.000386134506248068, -0.00019975596973059444, 3.142469573463728, 0.00012126667108977541, 1.5711035940949465, 0.000891304560749168, 4.711611877960331, 1.5710067451593688, 4.712572024261252, 1.5708092610328452, 1.5707560978138992, 3.1427858896773295, -0.0023342396400779938, 4.711970696554269, 3.1410260351485992, 0.029884656785953687, 4.7123597839606]",0.0
514,1.5630842813735581,"[1.5700979629598437, 4.712311999711642, 1.5705516863292142, 4.712427554809449, 3.1419963421743544, 4.713056721495477, 1.5702805802088025, 1.5704427566076236, 3.141477358076345, 4.71289402473092, 3.1414987992119427, 1.5710408813980583, 4.712179886979064, 4.715771418804172, -0.009616416493246268, -8.758032539516552e-05, -0.0004577089178841326, 0.00010560536990817374, 3.141601728033711, 1.570695533817458, 3.1411557103103753, 0.000312880506310903, 3.141429686021058, -0.00038613671867243746, -0.00019976764134141528, 3.142469571170215, 0.00012127508889523225, 1.5711036065942752, 0.0008912977125485142, 4.711611874331139, 1.5710067338138876, 4.712572022090951, 1.5708092701977592, 1.5707560703113073, 3.142785890905119, -0.0023342356941684745, 4.711970707927803, 3.141026019585119, 0.029884651880614854, 4.712359773010603]",0.0
515,1.5579045785156036,"[1.5700979710482426, 4.71231200348789, 1.570551673667147, 4.7124275662537904, 3.1419963497603343, 4.713056715816552, 1.5702805925169392, 1.570442756717027, 3.141477363102524, 4.71289402927429, 3.1414987930052467, 1.5710408684085129, 4.712179891143635, 4.715771434053907, -0.009616380090264933, -8.758027426685457e-05, -0.0004577075663888671, 0.00010559904071282721, 3.14160173640389, 1.5706955403496048, 3.1411557130449927, 0.00031288744502289996, 3.1414296837450073, -0.0003861443957553964, -0.00019975712045080022, 3.14246957210181, 0.00012126759636577412, 1.5711035941934848, 0.0008912954273880347, 4.711611882730663, 1.571006738217331, 4.71257201972571, 1.5708092521424182, 1.5707560919825838, 3.1427858788727536, -0.0023342488439961413, 4.711970696481123, 3.141026023081598, 0.029884651397114402, 4.7123597798637435]",0.0
516,1.5573930117473327,"[1.5700979556930463, 4.712312007049546, 1.570551670028225, 4.712427567703708, 3.1419963516775273, 4.713056717791654, 1.5702806008057746, 1.5704427799771112, 3.141477350706381, 4.712894030256049, 3.141498793645158, 1.5710408730967276, 4.712179890237277, 4.715771420392613, -0.00961638836286861, -8.758751316663436e-05, -0.0004577169166179452, 0.00010559651462381567, 3.141601748684697, 1.5706955522112136, 3.1411557153200853, 0.0003128760636392654, 3.1414296983086767, -0.0003861554398168989, -0.0001997399403867242, 3.142469571546292, 0.00012128045030693904, 1.5711036105203295, 0.0008913023539686591, 4.711611893288743, 1.5710067610692098, 4.712572026965478, 1.570809260499075, 1.5707560750186864, 3.14278588595546, -0.002334247837036001, 4.7119706912910875, 3.1410260277419164, 0.02988466890679895, 4.712359786767004]",0.0
517,1.5588475199408487,"[1.5700979812947404, 4.7123120198533615, 1.5705516794493692, 4.7124275559555215, 3.1419963536264914, 4.713056709544961, 1.5702805933426711, 1.5704427682723041, 3.1414773677225027, 4.712894033398245, 3.141498794104787, 1.5710408693948983, 4.712179894734858, 4.715771436388915, -0.009616391492571213, -8.758518054315628e-05, -0.00045770578089232984, 0.00010559789102822406, 3.1416017298417995, 1.5706955486655714, 3.141155713850298, 0.0003128877679914958, 3.1414296940782793, -0.00038613731461790475, -0.00019975055042352355, 3.1424695715476, 0.00012126918443464805, 1.5711036021691855, 0.0008913037577408805, 4.7116118827465, 1.5710067365172602, 4.712572018540575, 1.5708092525448536, 1.5707560817379067, 3.1427858943645255, -0.0023342454713194865, 4.7119706984322, 3.1410260231584126, 0.029884655055398925, 4.712359785451356]",0.0
518,1.554081727601165,"[1.5700979669870088, 4.712312007269653, 1.5705517049675688, 4.7124275750276725, 3.1419963441677004, 4.713056726652782, 1.5702805948043135, 1.570442764811292, 3.1414773792294395, 4.712894030965936, 3.1414987815486772, 1.5710408650389578, 4.712179898822926, 4.7157714448998584, -0.009616377619782596, -8.757281324262904e-05, -0.0004577239497413556, 0.00010557777449791983, 3.1416017395568594, 1.5706955631564776, 3.1411557129309613, 0.0003128896075760355, 3.1414296792066967, -0.00038613277165111125, -0.00019975589689626234, 3.1424695827657017, 0.00012126661373521388, 1.5711035994813976, 0.0008912940404526407, 4.711611885724726, 1.5710067426096266, 4.712572020342467, 1.5708092825071007, 1.5707560730905412, 3.1427858927432517, -0.0023342462759757083, 4.711970696842771, 3.1410260212518293, 0.029884648015160283, 4.712359789606632]",0.0
519,1.5673326855654033,"[1.5700979682400447, 4.712312008247653, 1.5705516934764543, 4.7124275694222515, 3.1419963461054654, 4.713056717522016, 1.5702805943220786, 1.5704427638880076, 3.1414773737098636, 4.712894031269552, 3.1414987866811344, 1.5710408691770592, 4.7121798940893385, 4.7157714391431025, -0.009616382999277695, -8.757807559449364e-05, -0.00045771624657815497, 0.0001055853784654749, 3.141601737178698, 1.5706955549766408, 3.141155710560488, 0.00031288844912469093, 3.1414296820215197, -0.00038613666110410297, -0.00019975509893602216, 3.1424695798920173, 0.00012126927129040244, 1.5711035976687202, 0.0008912970696914529, 4.711611884441193, 1.5710067427643601, 4.712572021792498, 1.570809270883672, 1.5707560788955433, 3.1427858920378395, -0.0023342455314238333, 4.711970697515007, 3.1410260235903276, 0.0298846512657267, 4.712359786524209]",0.0
520,1.5658781773718875,"[1.570097969807103, 4.712312005510808, 1.5705516854262895, 4.712427560128101, 3.1419963460705995, 4.713056707757399, 1.5702805949029834, 1.5704427633532394, 3.1414773637776263, 4.712894030404277, 3.141498787542222, 1.571040873454882, 4.712179889490016, 4.715771432210213, -0.009616385237649332, -8.758602647269174e-05, -0.0004577067625805085, 0.00010559424833663735, 3.141601733939086, 1.5706955467459023, 3.1411557105576136, 0.00031288625897832073, 3.1414296821563035, -0.0003861384378145487, -0.00019975591125726808, 3.142469576539266, 0.00012127232968329741, 1.5711035947983554, 0.0008913043388765815, 4.711611877922016, 1.5710067448065557, 4.712572019878899, 1.570809258273719, 1.5707560808108507, 3.142785890520386, -0.00233424672396633, 4.711970700056808, 3.141026025140612, 0.029884656819271, 4.712359784620515]",0.0
521,1.557348329038793,"[1.5700979654742315, 4.712312006362213, 1.5705516830577435, 4.712427561853194, 3.1419963458371165, 4.713056715112574, 1.5702805864841674, 1.5704427595228796, 3.1414773662029654, 4.712894028850611, 3.1414987976467508, 1.5710408775508882, 4.712179887890338, 4.715771426864619, -0.009616404276792343, -8.758015846035119e-05, -0.00045771010221103337, 0.00010559768887336137, 3.141601732071314, 1.5706955407549543, 3.141155707424256, 0.00031288457352077274, 3.1414296864237197, -0.00038613963955620614, -0.00019976018476788385, 3.142469574970515, 0.00012127346850068282, 1.571103601561018, 0.0008912963982475499, 4.711611881790621, 1.5710067376887988, 4.712572024922708, 1.5708092662429811, 1.5707560794758793, 3.1427858920508727, -0.0023342389260923645, 4.711970702052297, 3.1410260233995793, 0.029884651807881125, 4.712359777693341]",0.0
522,1.5574401639092255,"[1.570097967196209, 4.712312010429266, 1.570551681908794, 4.7124275641769255, 3.1419963500831827, 4.713056707567994, 1.5702805987053043, 1.5704427594189478, 3.1414773697930354, 4.712894024977492, 3.1414987904263407, 1.5710408762093266, 4.7121798868070215, 4.715771432687447, -0.009616387710487338, -8.758237485089863e-05, -0.00045770398065442394, 0.00010559141320584797, 3.141601734676616, 1.5706955487910705, 3.141155707352261, 0.0003128893718991254, 3.1414296879449912, -0.0003861411490721171, -0.00019975384991472077, 3.1424695756588306, 0.00012127335195323395, 1.5711035984835853, 0.000891298810014906, 4.71161188276738, 1.5710067404260462, 4.712572019705221, 1.5708092603441346, 1.5707560821464757, 3.1427858914460036, -0.002334248487513363, 4.71197069626627, 3.141026027452138, 0.02988465347531314, 4.712359780792629]",0.0
523,1.5606008182639326,"[1.570097967399827, 4.7123120081186345, 1.5705516829694848, 4.71242756147581, 3.1419963528370163, 4.713056703529264, 1.5702805990054165, 1.5704427689054115, 3.1414773723574716, 4.71289403214399, 3.141498788711389, 1.5710408784220449, 4.712179900277904, 4.71577143576799, -0.009616389625889067, -8.75732316263816e-05, -0.00045770438384265365, 0.00010559765971043457, 3.141601734590179, 1.5706955486124603, 3.1411557109189254, 0.0003128829753978605, 3.141429684749092, -0.0003861421739917979, -0.00019975240909478792, 3.14246958288112, 0.00012127593762428138, 1.5711035874625134, 0.0008913012661564901, 4.711611886023736, 1.571006742666001, 4.712572029246406, 1.5708092577830508, 1.5707560826223104, 3.1427858865839493, -0.0023342420840318447, 4.711970699972473, 3.1410260177172673, 0.02988465505116318, 4.712359771744571]",0.0
524,1.5578069222656037,"[1.570097965500297, 4.712312012058977, 1.5705516827491757, 4.7124275628614285, 3.1419963503747694, 4.713056704058992, 1.5702805917128153, 1.570442760912548, 3.141477367860222, 4.712894036377631, 3.141498789605072, 1.5710408724984866, 4.712179889273768, 4.715771433074243, -0.00961638752454747, -8.758209858161537e-05, -0.00045770812286716276, 0.00010558994303042238, 3.1416017333730935, 1.5706955413439512, 3.1411557113619604, 0.00031288678089444217, 3.141429686439405, -0.0003861424461012748, -0.00019975151098438224, 3.1424695769808344, 0.00012126896545617484, 1.571103597675487, 0.0008913004150818475, 4.7116118802551945, 1.5710067452030152, 4.712572020447528, 1.5708092625140246, 1.570756084212504, 3.142785889713362, -0.0023342427943062014, 4.711970695278904, 3.141026024930945, 0.02988465222857883, 4.712359782289823]",0.0
525,1.5599741311069582,"[1.5700979654285259, 4.712312011045056, 1.5705516783822175, 4.7124275608229595, 3.1419963435718095, 4.7130566996372, 1.570280594265452, 1.5704427658258633, 3.1414773652656645, 4.712894034184361, 3.1414988001449213, 1.571040869650541, 4.712179887483393, 4.715771430852373, -0.00961638095379185, -8.758293948150556e-05, -0.00045771357431055056, 0.00010558737485429605, 3.1416017291872786, 1.5706955525904651, 3.1411557122465426, 0.00031288995922184904, 3.1414296861169886, -0.00038613298860451387, -0.0001997598593049143, 3.142469572106599, 0.00012128082251930801, 1.5711035982734276, 0.0008912895577310756, 4.711611882021119, 1.5710067455246461, 4.712572027322312, 1.570809255956253, 1.5707560825409492, 3.142785890500899, -0.0023342462469598388, 4.711970702675549, 3.141026021873379, 0.029884649125780184, 4.712359779714377]",0.0
526,1.5569674584699265,"[1.5700979720349038, 4.712312006663873, 1.570551677930484, 4.712427563918288, 3.1419963472760286, 4.71305670938191, 1.570280596894684, 1.5704427657275917, 3.141477370055898, 4.71289403613352, 3.1414987907448904, 1.5710408736791814, 4.712179889138209, 4.715771433768525, -0.00961639104960008, -8.758150169652331e-05, -0.00045770833622145625, 0.00010559185221630534, 3.1416017371307565, 1.5706955460668794, 3.141155711936246, 0.0003128879826565754, 3.1414296824004992, -0.0003861411591158862, -0.00019975242683214386, 3.1424695754434646, 0.00012127469119412874, 1.5711035958072697, 0.0008913004057666546, 4.711611880108501, 1.5710067416807516, 4.712572022011312, 1.570809261419815, 1.570756084366459, 3.1427858918238756, -0.002334246910241448, 4.711970701480291, 3.141026032776388, 0.029884650756511814, 4.712359781951202]",0.0
527,1.5616297731800421,"[1.5700979685547716, 4.7123120147869235, 1.5705516797240258, 4.712427566233482, 3.14199634543235, 4.713056702247151, 1.570280587731291, 1.5704427578247768, 3.141477367432583, 4.712894030809425, 3.1414987885339105, 1.5710408626773704, 4.7121798836749615, 4.715771433521305, -0.009616389695154144, -8.757538264250763e-05, -0.0004577080246223805, 0.0001055973495833066, 3.1416017452221596, 1.5706955537152492, 3.1411557119647755, 0.00031289157606526665, 3.1414296862260445, -0.00038614564645292137, -0.00019975868503951933, 3.142469577588483, 0.00012127173653719911, 1.5711035922321492, 0.0008913025850217025, 4.7116118784039935, 1.5710067377094352, 4.712572028941486, 1.5708092563378497, 1.5707560757930648, 3.1427858909476747, -0.002334239602588791, 4.7119706977123865, 3.141026029828978, 0.029884659617458058, 4.712359784402742]",0.0
528,1.5718798798868159,"[1.5700979669440063, 4.712312005193914, 1.570551682654229, 4.712427561011709, 3.1419963464346377, 4.713056707775723, 1.5702805976119372, 1.5704427613440395, 3.1414773681140304, 4.712894031311623, 3.141498796747994, 1.5710408699448135, 4.712179889115921, 4.715771436885216, -0.009616392215786999, -8.75802451062308e-05, -0.0004577077710198234, 0.00010559371303563438, 3.141601734339926, 1.5706955486063372, 3.1411557084641015, 0.000312888782159527, 3.141429683739536, -0.00038613984609373687, -0.00019975081399847084, 3.142469579224669, 0.0001212668330537703, 1.5711035993310924, 0.0008913000536173734, 4.711611879950167, 1.5710067454500714, 4.7125720251880105, 1.5708092575897052, 1.5707560861393073, 3.1427858921372467, -0.002334247240737858, 4.711970697576334, 3.141026024980765, 0.02988465584846258, 4.712359783644345]",0.0
529,1.5677465960836743,"[1.5700979668289037, 4.712312012634454, 1.5705516842679847, 4.71242755620058, 3.141996336969437, 4.713056711748159, 1.5702805872170753, 1.5704427674505348, 3.1414773716075186, 4.712894032079514, 3.1414987902659735, 1.5710408720678417, 4.712179889680436, 4.715771437053843, -0.00961638429165818, -8.757675234794442e-05, -0.00045770561686985596, 0.00010559083828836147, 3.141601729214244, 1.5706955444163286, 3.1411556973695713, 0.0003128869110116182, 3.141429686585976, -0.00038615138469611106, -0.0001997512638676305, 3.142469576077325, 0.00012127947898098758, 1.5711036007193404, 0.0008913041555321234, 4.711611881699656, 1.5710067395056346, 4.7125720257400845, 1.570809258754109, 1.5707560860224332, 3.1427858846467074, -0.002334250709127365, 4.7119707011751055, 3.1410260266933627, 0.029884654044146974, 4.7123597869628195]",0.0
530,1.5632407325445865,"[1.5700979683988452, 4.712312008377153, 1.5705516825923673, 4.712427568013598, 3.141996346371711, 4.713056707033238, 1.5702805958195718, 1.5704427666822613, 3.141477364371775, 4.712894033090247, 3.1414987927584237, 1.5710408740923296, 4.712179887289685, 4.715771436712893, -0.009616387493642848, -8.758387633493565e-05, -0.00045770982251364367, 0.00010559121577155362, 3.1416017324251224, 1.5706955462918835, 3.1411557088545923, 0.0003128859222493567, 3.1414296874639884, -0.000386139789316603, -0.00019975747407821644, 3.1424695822587543, 0.00012127065190327666, 1.5711035989828075, 0.0008913027372119951, 4.711611883290417, 1.5710067368866991, 4.712572021939766, 1.5708092586335305, 1.5707560858440797, 3.1427858896060816, -0.0023342432272264227, 4.711970697959106, 3.1410260285239633, 0.02988465710054548, 4.712359780287901]",0.0
531,1.5592497876999842,"[1.5700979674731679, 4.712312010609516, 1.570551676114703, 4.712427563670931, 3.141996342661525, 4.713056704019925, 1.5702805955530983, 1.570442765383825, 3.1414773754871903, 4.712894034573006, 3.1414987867164283, 1.5710408783700884, 4.712179889922757, 4.715771441721316, -0.009616392484992367, -8.758926475416613e-05, -0.00045771102350163783, 0.00010559893338827487, 3.1416017340288107, 1.5706955532757008, 3.1411557037251177, 0.0003128850515903743, 3.141429676360859, -0.0003861426241394852, -0.0001997582318715247, 3.142469569079625, 0.00012126754761133296, 1.5711036013124011, 0.0008912935042857525, 4.711611883135746, 1.5710067449497493, 4.712572015958375, 1.5708092583260935, 1.5707560812084684, 3.142785884048656, -0.002334238549201683, 4.711970693974299, 3.1410260247941064, 0.029884658637099427, 4.712359782492619]",0.0
532,1.5564558917016553,"[1.5700979663466834, 4.712312008807366, 1.5705516807848836, 4.712427559792408, 3.1419963511989955, 4.713056711144066, 1.5702805956586008, 1.5704427609958809, 3.141477367243611, 4.71289403244358, 3.14149879368207, 1.5710408748627016, 4.712179887700678, 4.715771436915645, -0.009616386608588363, -8.758330775886286e-05, -0.0004577134264538022, 0.00010559258135683064, 3.1416017322271617, 1.570695547836939, 3.1411557073170484, 0.00031288673886663114, 3.1414296870651612, -0.0003861434571664024, -0.00019975250146140645, 3.14246957543548, 0.0001212720786771141, 1.5711035895070142, 0.0008912983681387143, 4.711611880755321, 1.5710067404318708, 4.712572021331793, 1.5708092603246329, 1.5707560840100077, 3.1427858936298114, -0.0023342424113435563, 4.711970700792005, 3.141026026944532, 0.029884657981638967, 4.712359784158841]",0.0
533,1.5631430762945864,"[1.5700979715698349, 4.71231201269445, 1.5705516874451597, 4.7124275675628695, 3.141996350275547, 4.71305671000137, 1.5702805967906275, 1.570442766201208, 3.1414773656511743, 4.712894034727321, 3.1414987900986966, 1.5710408715316553, 4.712179885533118, 4.715771426259368, -0.00961639158015109, -8.75825662428037e-05, -0.00045770072479467936, 0.00010558685538029386, 3.141601727564914, 1.5706955518648114, 3.14115570783427, 0.00031287720746894744, 3.1414296827492754, -0.0003861486099501379, -0.00019975958975671052, 3.1424695703372745, 0.00012126028170387564, 1.5711035906394677, 0.0008912947693579154, 4.7116118862891545, 1.571006744184728, 4.712572028910825, 1.5708092563284004, 1.5707560846006619, 3.1427858917894107, -0.002334247703362531, 4.711970702377378, 3.1410260289174916, 0.029884652988200894, 4.712359784482772]",0.0
534,1.5603938630047969,"[1.5700979720836936, 4.712312003531662, 1.5705516792433993, 4.712427562644158, 3.1419963486981803, 4.713056707573588, 1.570280592341587, 1.5704427622885853, 3.141477368967921, 4.712894027300719, 3.1414987867376456, 1.5710408718596054, 4.7121798888290805, 4.715771434754407, -0.009616388953598088, -8.758497245706662e-05, -0.00045770875682044944, 0.0001055909744990569, 3.1416017310579027, 1.5706955489957792, 3.141155709959628, 0.00031288680122480055, 3.1414296884787904, -0.0003861434122582952, -0.00019975353886250434, 3.1424695799710927, 0.00012127225584966911, 1.571103597936436, 0.0008912988697067521, 4.711611883131569, 1.5710067448590508, 4.712572024981927, 1.5708092582111493, 1.5707560852598614, 3.1427858912296873, -0.0023342393980978165, 4.711970699859046, 3.1410260263399814, 0.029884650911676115, 4.712359784898569]",0.0
535,1.561319340291339,"[1.5700979660563963, 4.712312006598288, 1.5705516785024332, 4.712427566054207, 3.1419963519377814, 4.713056706492863, 1.5702805799178692, 1.5704427670291947, 3.1414773658939135, 4.712894030301568, 3.141498795864452, 1.5710408741546813, 4.712179894314864, 4.715771432966012, -0.009616387299830945, -8.758392639188321e-05, -0.0004577070366467361, 0.00010559160415072356, 3.1416017413034774, 1.5706955501910769, 3.1411556984362985, 0.00031287989493122565, 3.1414296822613834, -0.0003861370728365875, -0.00019975084091014675, 3.142469580714506, 0.00012127098218904545, 1.5711035915913807, 0.0008912980575169876, 4.711611884412235, 1.5710067418088605, 4.712572015094101, 1.570809252216219, 1.57075608143072, 3.1427858993630746, -0.0023342475939654435, 4.711970693809603, 3.1410260292971968, 0.029884646495796835, 4.712359782554404]",0.0
536,1.557191877867765,"[1.5700979703313027, 4.712312007208345, 1.5705516837788152, 4.7124275606125705, 3.1419963498718193, 4.713056705533836, 1.5702805948350023, 1.5704427654833155, 3.141477371882367, 4.71289402858889, 3.1414987929923517, 1.5710408692481845, 4.7121798882894455, 4.7157714351470466, -0.009616386201281671, -8.758406429629769e-05, -0.00045770916256862126, 0.00010559255188999424, 3.1416017405167165, 1.5706955431739962, 3.14115570602068, 0.00031288263070594196, 3.141429687526275, -0.00038613997775989033, -0.0001997575474797306, 3.1424695733888726, 0.00012127042419209167, 1.5711035973084957, 0.0008913007109524266, 4.711611883426622, 1.5710067434667245, 4.712572023375673, 1.5708092618134057, 1.5707560865492691, 3.142785892057906, -0.002334244047321596, 4.711970700948222, 3.141026026667356, 0.02988465536786112, 4.712359781019868]",0.0
537,1.5585312656725778,"[1.5700979628048246, 4.712312017014681, 1.570551673452139, 4.712427562943959, 3.14199634735879, 4.713056708095584, 1.570280589181366, 1.5704427644189751, 3.1414773646183427, 4.712894022470649, 3.1414987858569865, 1.571040870113701, 4.712179887287807, 4.715771439963532, -0.00961639646621313, -8.758742914753039e-05, -0.00045770978409185367, 0.00010558750071409426, 3.1416017336567124, 1.5706955461935828, 3.1411557141748463, 0.00031288582102802085, 3.1414296780363475, -0.00038613527799349906, -0.0001997531532803426, 3.1424695744152475, 0.00012127265492162877, 1.5711035903360302, 0.000891305929031166, 4.7116118898547406, 1.5710067413308904, 4.712572026152228, 1.5708092643130296, 1.5707560916187981, 3.142785891616863, -0.0023342515513052322, 4.711970700089156, 3.141026021944695, 0.02988465545360223, 4.712359783484569]",0.0
538,1.5506727872049972,"[1.5700979639224004, 4.712312009700235, 1.5705516857448028, 4.712427565004074, 3.1419963488044775, 4.713056710927194, 1.570280592260895, 1.5704427649226687, 3.1414773724917913, 4.7128940327200715, 3.1414987898729687, 1.571040870834726, 4.7121798887385395, 4.715771432100983, -0.009616391509798877, -8.758545907501725e-05, -0.000457708159342819, 0.00010559427987460199, 3.14160173502415, 1.570695547428283, 3.141155709601011, 0.0003128906859144306, 3.141429688637541, -0.00038613894333979013, -0.00019975488516334972, 3.142469577927572, 0.00012127274677304322, 1.5711035942414804, 0.0008912992114592378, 4.711611883299364, 1.571006745370181, 4.712572019372154, 1.5708092543840053, 1.5707560874168072, 3.142785889065107, -0.002334245266573728, 4.711970702107881, 3.1410260276979294, 0.029884655212915386, 4.712359782323084]",0.0
539,1.5643260129283711,"[1.5700979707659029, 4.712312006651336, 1.5705516841560936, 4.71242756601054, 3.1419963485599065, 4.713056705433322, 1.570280593655461, 1.5704427615488619, 3.1414773695924785, 4.712894030661661, 3.1414988025427526, 1.5710408731009367, 4.712179898998883, 4.71577143429528, -0.009616394852282066, -8.759089767711506e-05, -0.00045770221917563043, 0.00010558514378274243, 3.141601737660667, 1.5706955493455654, 3.1411557107815895, 0.0003128860972225386, 3.1414296888896267, -0.0003861424060989732, -0.00019975773375596441, 3.1424695754213783, 0.00012127827149900654, 1.5711035891092444, 0.000891300532181351, 4.711611878300039, 1.5710067403553785, 4.712572023075021, 1.570809263579844, 1.5707560861955077, 3.142785880764057, -0.0023342431882396176, 4.711970691945895, 3.141026026513668, 0.029884656086234054, 4.712359793291838]",0.0
540,1.5502588766867265,"[1.5700979708811165, 4.712312005229616, 1.5705516833364475, 4.712427564674435, 3.141996346137905, 4.7130567052132, 1.570280594259066, 1.5704427585388643, 3.1414773692101106, 4.712894034270408, 3.141498789737232, 1.5710408705322736, 4.712179891027547, 4.715771431133065, -0.009616391145836494, -8.758471555123267e-05, -0.000457714363229668, 0.00010559259671112313, 3.141601732677591, 1.5706955482997158, 3.1411557065125635, 0.0003128862028344809, 3.141429687517039, -0.00038614146951703577, -0.00019975308843267925, 3.1424695737925377, 0.00012127272581095992, 1.5711035945028786, 0.0008913035522757754, 4.711611886105144, 1.5710067409089, 4.712572022805306, 1.5708092583803626, 1.5707560840824712, 3.142785891601719, -0.0023342490361677594, 4.7119706955721, 3.141026025425717, 0.029884654578326116, 4.712359779989873]",0.0
541,1.5641132362896677,"[1.5700979749192565, 4.7123120170055035, 1.570551679946536, 4.7124275702500045, 3.1419963398936592, 4.713056709019216, 1.570280594458473, 1.5704427585192158, 3.1414773680702908, 4.712894028136245, 3.1414987927939264, 1.5710408786514438, 4.712179894357858, 4.715771440678154, -0.00961638959092452, -8.758179857267072e-05, -0.00045771278861876424, 0.00010559659522463013, 3.141601733726247, 1.5706955389934432, 3.141155709661806, 0.000312884584787512, 3.1414296926808363, -0.00038614240882421734, -0.00019976189458518492, 3.142469580294162, 0.00012127198945085131, 1.5711035911070723, 0.0008912974549115468, 4.711611881511953, 1.57100675637767, 4.712572023435793, 1.5708092575569061, 1.570756081804413, 3.142785896384801, -0.0023342511267012553, 4.711970697890186, 3.1410260298882666, 0.029884654046078013, 4.7123597833804425]",0.0
542,1.5600892514956617,"[1.5700979688377354, 4.712312008242711, 1.5705516816978649, 4.712427564246394, 3.141996342155608, 4.713056707262228, 1.570280594746947, 1.5704427652509847, 3.1414773663478313, 4.712894031732531, 3.141498792174549, 1.571040877014104, 4.7121798881340515, 4.715771433842915, -0.009616388592965337, -8.75872233227018e-05, -0.00045770642258379527, 0.00010559209620168778, 3.141601738790503, 1.570695544969585, 3.141155707881613, 0.0003128915428552914, 3.1414296882357013, -0.0003861424438671362, -0.0001997512882198651, 3.1424695738486927, 0.00012126834210138024, 1.5711035928720487, 0.0008913008266526789, 4.711611882946044, 1.5710067411763753, 4.71257202496135, 1.570809257328451, 1.5707560843374078, 3.1427858930554646, -0.0023342428588224466, 4.71197069941207, 3.141026022116356, 0.02988465139004105, 4.712359781816129]",0.0
543,1.5595200063850854,"[1.5700979755110338, 4.712312014116791, 1.5705516891178584, 4.712427570989224, 3.141996351357948, 4.713056719769589, 1.5702805927950907, 1.570442762020753, 3.141477373559198, 4.712894034497899, 3.141498789318219, 1.5710408739029822, 4.712179891992292, 4.715771428657274, -0.009616380553825687, -8.758168112272644e-05, -0.00045771532550797743, 0.00010559354551641115, 3.1416017388708575, 1.570695549622262, 3.1411557073003786, 0.0003128937938706357, 3.1414296787799567, -0.0003861349278933151, -0.00019975320734171042, 3.14246957807846, 0.00012127364855030193, 1.5711035978296588, 0.0008912972693905227, 4.711611892431604, 1.5710067422977023, 4.7125720259917605, 1.5708092676365404, 1.570756085188055, 3.1427858931551, -0.002334241715617212, 4.711970694935848, 3.1410260206985448, 0.029884653799509706, 4.712359789016542]",0.0
544,1.5599799524865259,"[1.5700979725020572, 4.712312011671222, 1.570551685551599, 4.712427567403027, 3.141996349700589, 4.713056714080419, 1.5702805933174673, 1.5704427624927382, 3.141477370874743, 4.712894033035534, 3.1414987905659055, 1.5710408736090713, 4.7121798906740215, 4.715771431021811, -0.00961638446629924, -8.758250953454236e-05, -0.0004577119344614659, 0.00010559326397472056, 3.141601736835697, 1.570695548209533, 3.141155707745197, 0.00031289054227199106, 3.1414296818081495, -0.00038613773922520486, -0.0001997537541587462, 3.1424695775483964, 0.00012127278869794647, 1.5711035968428508, 0.0008912986841603938, 4.711611887794631, 1.5710067426083978, 4.712572024617145, 1.570809263448392, 1.5707560849443003, 3.1427858922437637, -0.002334243251244585, 4.711970696561545, 3.1410260233136853, 0.029884654157901407, 4.712359786229164]",0.0
545,1.5540875489807329,"[1.570097968662948, 4.71231200746053, 1.570551682015275, 4.712427562619569, 3.141996349704129, 4.713056707149616, 1.5702805921637182, 1.570442763924283, 3.141477366691432, 4.712894032251606, 3.141498791151363, 1.57104087453179, 4.712179890618594, 4.715771434704409, -0.009616388684584948, -8.758220813288906e-05, -0.000457708856017259, 0.00010559289707331639, 3.141601735726897, 1.5706955468898827, 3.1411557073758436, 0.0003128890808609545, 3.1414296856791215, -0.00038614004506265466, -0.00019975575884866313, 3.142469577277094, 0.00012127015869257116, 1.5711035958086246, 0.0008912990449292835, 4.711611885592163, 1.5710067424975533, 4.7125720229319015, 1.5708092596982506, 1.5707560829024718, 3.142785890865903, -0.0023342469159158196, 4.7119706987108945, 3.1410260269699157, 0.029884653592168242, 4.712359785462012]",0.0
546,1.5542640203621,"[1.5700979684396852, 4.712312009414194, 1.5705516799643517, 4.7124275658838615, 3.1419963491923237, 4.713056708669283, 1.5702805878899613, 1.5704427641486112, 3.1414773679148396, 4.712894030561469, 3.1414987942922346, 1.5710408729010283, 4.7121798908422, 4.715771431965805, -0.009616387349143166, -8.758396605544928e-05, -0.00045770752011696356, 0.00010559252111650088, 3.1416017368491467, 1.5706955488127057, 3.141155703833148, 0.0003128820447606086, 3.1414296821499317, -0.0003861390575728397, -0.00019975127108708954, 3.1424695792293993, 0.00012127298903148938, 1.571103594108706, 0.0008912996924730355, 4.711611881875731, 1.5710067426317857, 4.712572019254068, 1.5708092553423654, 1.57075608422017, 3.14278589585743, -0.0023342445313536075, 4.711970695325146, 3.1410260270155232, 0.029884651206344884, 4.712359781630129]",0.0
547,1.5584336094225777,"[1.5700979710736622, 4.712312009502922, 1.5705516834435547, 4.712427563245749, 3.1419963475024946, 4.713056706624067, 1.5702805933024513, 1.570442760076552, 3.14147737010097, 4.712894032116259, 3.141498791415258, 1.5710408744195976, 4.712179889054451, 4.715771434729686, -0.009616388672593533, -8.758222290012879e-05, -0.0004577076917026028, 0.00010559203450744883, 3.141601734119953, 1.570695546124224, 3.1411557078694137, 0.00031288771905547144, 3.141429683255999, -0.00038613902303620236, -0.0001997558474033779, 3.1424695776384266, 0.00012127148758599194, 1.5711035948856982, 0.0008912998445592855, 4.711611882450823, 1.5710067405950119, 4.712572022307291, 1.570809257973428, 1.5707560866087216, 3.142785892243919, -0.00233424432715937, 4.711970699876508, 3.1410260252159987, 0.029884653357161298, 4.712359784101346]",0.0
548,1.5664815790105906,"[1.570097968314165, 4.712312009530713, 1.5705516805982198, 4.712427564003088, 3.1419963484103293, 4.713056707084395, 1.5702805953225374, 1.5704427609589005, 3.1414773659058195, 4.712894032979344, 3.1414987916202186, 1.5710408776982903, 4.712179888485316, 4.715771430354918, -0.009616389580284343, -8.758152944495675e-05, -0.00045770983073062567, 0.00010559205771929134, 3.14160173964638, 1.570695546667748, 3.1411557105378045, 0.00031288288091869064, 3.141429685642631, -0.00038614273604864203, -0.00019975253323636772, 3.1424695763769277, 0.00012127552455114493, 1.5711036000632974, 0.0008913002597575411, 4.711611886515638, 1.571006744153509, 4.71257202222012, 1.570809255060982, 1.570756087137306, 3.142785891809571, -0.002334244388016932, 4.711970700604034, 3.1410260241212185, 0.029884658237928328, 4.71235978769401]",0.0
549,1.5593649080886873,"[1.5700979704910651, 4.712312008394267, 1.5705516818940144, 4.712427566367163, 3.1419963479013564, 4.713056707307257, 1.5702805930114079, 1.5704427634214528, 3.141477368385204, 4.712894029845694, 3.1414987924081945, 1.5710408728523966, 4.712179890241711, 4.71577143327335, -0.009616388374811314, -8.758175690495112e-05, -0.0004577083663346151, 0.00010559140773595931, 3.141601733373225, 1.570695544838367, 3.141155707709476, 0.00031288831631804033, 3.141429684101859, -0.0003861394957948443, -0.00019975176264571318, 3.1424695752587866, 0.00012127158139738434, 1.571103595660956, 0.0008912995863422359, 4.711611883691667, 1.5710067432341845, 4.712572022497485, 1.5708092587236195, 1.570756083036847, 3.142785890661305, -0.0023342437807165476, 4.711970700028388, 3.1410260266217596, 0.029884657295975982, 4.712359783431111]",0.0
550,1.5529434736759202,"[1.5700979704569902, 4.7123120103793426, 1.5705516792268137, 4.712427560840601, 3.141996347388642, 4.713056706792122, 1.5702805936439923, 1.5704427621458836, 3.141477372221349, 4.7128940310886716, 3.1414987970367467, 1.571040874824653, 4.712179884864379, 4.715771429390602, -0.00961638665600562, -8.758590171805639e-05, -0.0004577087393953968, 0.00010559602206536218, 3.1416017330864143, 1.5706955461415515, 3.141155709527263, 0.0003128868973765228, 3.1414296837675235, -0.00038614075663441114, -0.00019975340188269045, 3.1424695808841334, 0.00012126992459517404, 1.571103593541568, 0.0008913039311462636, 4.711611887884689, 1.5710067442276208, 4.712572022981398, 1.5708092598198642, 1.5707560822528985, 3.1427858874345502, -0.002334244780398316, 4.711970698855076, 3.1410260281238744, 0.029884653379936163, 4.712359783809423]",0.0
551,1.5630842813735584,"[1.5700979697498332, 4.712312007270602, 1.5705516802497028, 4.712427565068574, 3.1419963476592234, 4.713056708395396, 1.5702805915279259, 1.570442763530647, 3.1414773699364367, 4.712894032986008, 3.1414987919877464, 1.5710408743162547, 4.712179887946679, 4.7157714332485146, -0.009616387408133371, -8.758239702317874e-05, -0.0004577065177980215, 0.00010559367606524791, 3.1416017339769104, 1.5706955482316354, 3.141155709246693, 0.0003128870078585302, 3.1414296866441824, -0.00038614013447060147, -0.0001997548802124144, 3.1424695765320276, 0.00012127160095924737, 1.5711035956168335, 0.000891300396567066, 4.711611882531998, 1.5710067433126382, 4.712572022731155, 1.5708092613416766, 1.5707560857199714, 3.1427858927751164, -0.002334246236351409, 4.711970698032498, 3.141026024083036, 0.02988465668944656, 4.712359783588308]",0.0
552,1.554806071008139,"[1.5700979677113225, 4.712312007841702, 1.570551679321969, 4.7124275646145435, 3.141996350727286, 4.713056709782247, 1.570280596623396, 1.5704427657823004, 3.1414773700320655, 4.712894031476568, 3.141498793009366, 1.5710408722815687, 4.7121798883220976, 4.71577143273985, -0.009616389388426221, -8.758065017624037e-05, -0.0004577091669274164, 0.00010559081200377834, 3.141601732859811, 1.570695543942111, 3.1411557069910323, 0.0003128904988602684, 3.1414296829601627, -0.00038614266297550253, -0.0001997601431711414, 3.142469574787984, 0.00012127343153098216, 1.5711035954034818, 0.000891305763389194, 4.711611883566532, 1.5710067446028937, 4.712572022117873, 1.5708092556126643, 1.5707560834090566, 3.142785894278014, -0.0023342426602637545, 4.71197069462282, 3.1410260233803955, 0.029884652909669865, 4.712359785483152]",0.0
553,1.564423669178371,"[1.5700979687088186, 4.712312010123437, 1.5705516822832846, 4.712427561877692, 3.141996345260735, 4.7130567089974456, 1.5702805920709546, 1.5704427640749479, 3.141477368938441, 4.712894031582628, 3.1414987915993176, 1.571040873069607, 4.712179889405951, 4.7157714342986825, -0.009616387569560712, -8.758173961587034e-05, -0.0004577076569033656, 0.0001055923977913833, 3.141601733377394, 1.570695546164507, 3.1411557055025803, 0.000312886848987136, 3.141429685255402, -0.0003861433345511487, -0.00019975357808772458, 3.1424695768190802, 0.00012127378729448352, 1.57110359690443, 0.0008913011950160053, 4.7116118827467295, 1.5710067422041039, 4.712572023734652, 1.5708092588596319, 1.5707560850062356, 3.142785889722704, -0.002334246412452636, 4.711970698936307, 3.141026026253497, 0.029884654356138147, 4.712359784304431]",0.0
554,1.5558408473038166,"[1.5700979713166094, 4.712312012948854, 1.570551685963336, 4.712427565963966, 3.1419963498636085, 4.713056714770219, 1.5702805964688704, 1.5704427628401951, 3.141477368327613, 4.712894032065385, 3.141498790213558, 1.5710408714415676, 4.7121798911030925, 4.715771431312291, -0.009616385800030457, -8.758587845170543e-05, -0.0004577128649871188, 0.00010559439857482415, 3.1416017374664302, 1.5706955488074978, 3.1411557085439905, 0.00031288954938394486, 3.141429682365462, -0.00038613862660125684, -0.00019975368915717474, 3.142469578155924, 0.00012127257000724084, 1.5711035966339502, 0.0008912982522629524, 4.711611885470775, 1.5710067433001225, 4.712572025970066, 1.5708092634524151, 1.570756084663242, 3.142785891474804, -0.002334242455646422, 4.711970694818288, 3.1410260248644173, 0.02988465222194225, 4.712359783277817]",0.0
555,1.5614932556010703,"[1.570097970723867, 4.712312011267354, 1.5705516814738247, 4.712427565325239, 3.1419963463389182, 4.713056708607697, 1.5702805943657228, 1.5704427618167645, 3.141477367875567, 4.7128940306073055, 3.1414987920775252, 1.5710408743428133, 4.712179890644387, 4.715771435098676, -0.009616388851591336, -8.758335660794126e-05, -0.00045770978267195057, 0.00010559404982741481, 3.141601734642758, 1.57069554503005, 3.1411557087459006, 0.0003128863728258402, 3.141429686697525, -0.0003861409304556859, -0.0001997562187424458, 3.1424695780101226, 0.00012127191779046813, 1.5711035946603842, 0.0008912993586810885, 4.711611882552309, 1.5710067463869966, 4.712572023330694, 1.5708092588267346, 1.5707560839344235, 3.1427858925682446, -0.002334246201723396, 4.7119706978269535, 3.1410260271533814, 0.02988465421103453, 4.7123597830905855]",0.0
556,1.5557373696742487,"[1.5700979692144001, 4.712312009751476, 1.5705516824939312, 4.712427564332769, 3.141996347997455, 4.713056707983289, 1.570280592650601, 1.5704427626238102, 3.1414773684797983, 4.712894030940588, 3.14149879186024, 1.5710408732502232, 4.712179888933068, 4.715771433671824, -0.009616388145451526, -8.758228989731765e-05, -0.000457709239329422, 0.00010559331858269038, 3.1416017357690706, 1.5706955480275109, 3.141155709378071, 0.00031288751186548227, 3.1414296848112646, -0.00038614108518812576, -0.00019975459431985208, 3.142469576361981, 0.00012127156643126657, 1.5711035958131712, 0.000891301031594825, 4.711611882381199, 1.5710067425097507, 4.71257202411551, 1.5708092587653562, 1.5707560839949302, 3.1427858911117466, -0.002334244344837201, 4.711970698011805, 3.1410260266556476, 0.029884654501592174, 4.712359783471859]",0.0
557,1.560710117273068,"[1.5700979697475703, 4.712312010339728, 1.5705516800402295, 4.71242756357452, 3.141996347477869, 4.713056707283652, 1.570280594374875, 1.57044276188536, 3.14147736711256, 4.712894032695479, 3.1414987904938223, 1.571040869454733, 4.712179888278195, 4.71577143246297, -0.009616389378251742, -8.758309560170092e-05, -0.00045770686614580324, 0.00010559386705518807, 3.1416017366179547, 1.570695546727829, 3.1411557069493807, 0.0003128882196337286, 3.1414296850771586, -0.00038614108430030616, -0.0001997551619239549, 3.1424695787590946, 0.00012127275084647438, 1.571103594549524, 0.0008912988650850933, 4.711611883299185, 1.5710067419310851, 4.7125720234074535, 1.5708092593890925, 1.5707560830132028, 3.1427858916941984, -0.0023342437722383633, 4.711970698147083, 3.1410260257329137, 0.02988465618148116, 4.712359783648487]",0.0
558,1.5687755509997838,"[1.5700979708937273, 4.712312009485432, 1.5705516818253276, 4.712427563642251, 3.1419963487274787, 4.71305670873727, 1.5702805931650887, 1.570442763012645, 3.1414773677508836, 4.712894031648962, 3.141498791867145, 1.571040873686666, 4.7121798877199845, 4.715771433264667, -0.009616389013929734, -8.75836869605607e-05, -0.00045770940025758645, 0.00010559174104951483, 3.141601735354804, 1.5706955469249908, 3.1411557072704226, 0.0003128879380205614, 3.1414296849121945, -0.00038614048384991287, -0.0001997543969567058, 3.1424695771910063, 0.00012127172676372433, 1.5711035960798043, 0.0008913000058810385, 4.711611882122184, 1.5710067435852402, 4.712572023062129, 1.5708092590206997, 1.5707560848442985, 3.1427858904346824, -0.00233424542526423, 4.7119706980386695, 3.141026025610982, 0.02988465485004707, 4.712359783118483]",0.0
559,1.5608135949026356,"[1.5700979696478194, 4.712312009140683, 1.570551682236691, 4.7124275629955505, 3.141996349957709, 4.713056707495873, 1.570280595035029, 1.5704427646034202, 3.1414773688135615, 4.71289403163203, 3.141498791013894, 1.571040874945635, 4.7121798914978035, 4.715771433618536, -0.009616388992369057, -8.758128029937938e-05, -0.0004577078356886106, 0.00010559371366719868, 3.141601734939882, 1.570695547359791, 3.141155708408924, 0.00031288637322416984, 3.141429684598072, -0.0003861407182910442, -0.00019975380837307933, 3.1424695785935697, 0.00012127300957153619, 1.571103593789679, 0.0008913003057385471, 4.711611883443768, 1.5710067432151158, 4.712572024690037, 1.5708092587860152, 1.5707560843107413, 3.1427858896190957, -0.0023342444307275236, 4.711970698390239, 3.141026023579013, 0.029884654655276274, 4.712359780068098]",0.0
560,1.5621529827074487,"[1.5700979694908532, 4.712312009161997, 1.5705516824102186, 4.712427564632043, 3.14199634940688, 4.713056708262015, 1.5702805937273352, 1.5704427624795598, 3.1414773672674983, 4.7128940314619685, 3.1414987924453395, 1.5710408728432208, 4.712179889281607, 4.715771432803614, -0.009616387965730909, -8.758335535916793e-05, -0.00045770819960670755, 0.00010559323372505295, 3.1416017346129457, 1.5706955461263152, 3.141155708012984, 0.0003128876769249424, 3.141429685589724, -0.0003861406195618055, -0.00019975383319194984, 3.1424695776059814, 0.0001212726014940635, 1.5711035956461148, 0.0008913011683646435, 4.711611882658675, 1.5710067427572245, 4.7125720244264375, 1.570809259479355, 1.5707560851242848, 3.142785891973082, -0.0023342456252823276, 4.711970699470911, 3.141026025884087, 0.029884653783400435, 4.712359783714905]",0.0
561,1.5657746997423194,"[1.57009796834216, 4.712312009706848, 1.5705516807205493, 4.712427565744396, 3.1419963490781133, 4.713056706628814, 1.5702805945686638, 1.5704427628283246, 3.1414773688973123, 4.7128940324907065, 3.141498791363435, 1.571040874066443, 4.7121798897977305, 4.715771435107166, -0.009616388881799304, -8.758611985788636e-05, -0.00045770865801798963, 0.00010559611879994885, 3.1416017339500644, 1.570695547825456, 3.141155706161622, 0.00031288699750728105, 3.14142968291327, -0.00038614134843679965, -0.00019975462784672525, 3.142469575250008, 0.00012127176785752957, 1.5711035975722722, 0.0008912998881395519, 4.711611882443522, 1.5710067432502905, 4.712572023036825, 1.5708092595830145, 1.5707560844208348, 3.1427858902367287, -0.0023342440989216717, 4.71197069928025, 3.1410260254858073, 0.029884654123907277, 4.712359783861452]",0.0
562,1.5645387895670744,"[1.5700979687972731, 4.712312010078589, 1.5705516810540747, 4.712427563494086, 3.1419963479424067, 4.713056708602665, 1.5702805934909094, 1.5704427632172693, 3.141477367718425, 4.712894030863112, 3.141498790337948, 1.5710408730498981, 4.712179888286133, 4.715771433885413, -0.009616388494750614, -8.758299806364276e-05, -0.0004577092014118754, 0.00010559320735576418, 3.141601734404774, 1.57069554650612, 3.141155708498986, 0.00031288725646147866, 3.1414296839037092, -0.0003861399389624106, -0.00019975389930253971, 3.142469576921966, 0.00012127138770063363, 1.5711035960214594, 0.0008913005579078615, 4.711611884116497, 1.5710067430000083, 4.712572023509646, 1.5708092593045049, 1.570756085161775, 3.142785892310659, -0.002334245510912939, 4.711970698917833, 3.1410260255675926, 0.029884654463281868, 4.712359782530393]",0.0
563,1.5704370144524356,"[1.5700979682273, 4.712312009680232, 1.570551681233741, 4.712427563576739, 3.1419963476826727, 4.7130567082394474, 1.5702805936782356, 1.5704427630833244, 3.1414773679021994, 4.712894029884711, 3.141498792975607, 1.5710408725257252, 4.7121798912981525, 4.715771434318683, -0.009616390611595147, -8.758568420158984e-05, -0.00045770749168148997, 0.00010559065092560813, 3.1416017349699787, 1.5706955471991118, 3.141155710160008, 0.00031288634214728984, 3.1414296843089855, -0.0003861397553002565, -0.00019975464123629297, 3.142469576342427, 0.00012127302960553947, 1.5711035939056088, 0.0008913006988361075, 4.711611883785531, 1.57100674202202, 4.712572023218986, 1.5708092609834952, 1.5707560861589722, 3.1427858897885224, -0.002334245048429004, 4.711970696664793, 3.141026025840957, 0.029884654725264255, 4.712359785274009]",0.0
564,1.5604915192547972,"[1.570097969328326, 4.712312009523095, 1.5705516814137772, 4.712427563557401, 3.1419963481654016, 4.713056709056697, 1.5702805935326474, 1.5704427621297958, 3.1414773683879234, 4.712894031978292, 3.1414987920778357, 1.5710408733508245, 4.7121798907720125, 4.715771433009569, -0.009616387952946026, -8.758410006813968e-05, -0.00045770806739072823, 0.00010559161156427756, 3.1416017349588423, 1.5706955473820883, 3.141155708243567, 0.00031288763791236266, 3.141429684395246, -0.00038614142339389075, -0.000199755097284802, 3.142469577247681, 0.00012127108581782046, 1.5711035965131057, 0.0008913005563584012, 4.711611883365863, 1.5710067431437664, 4.712572023469291, 1.57080925918242, 1.5707560843940476, 3.1427858917499183, -0.002334244866477883, 4.711970699287621, 3.141026026096257, 0.02988465518005864, 4.712359782329265]",0.0
565,1.5627738484848552,"[1.5700979699425126, 4.712312009616765, 1.57055168398729, 4.712427564592629, 3.1419963482888185, 4.713056708797709, 1.5702805952713201, 1.5704427642096819, 3.1414773674992964, 4.71289403246319, 3.141498791534011, 1.5710408728737177, 4.712179888060189, 4.715771431416079, -0.009616388967516579, -8.758276818846706e-05, -0.00045770678937231567, 0.00010559238086952987, 3.141601732826162, 1.5706955477780555, 3.141155708247961, 0.00031288443185387355, 3.141429684501348, -0.00038614200754048393, -0.0001997551171765246, 3.142469575362991, 0.00012126932550713044, 1.5711035945140444, 0.0008912981453613815, 4.711611883928482, 1.5710067430180992, 4.712572024120025, 1.5708092584861995, 1.5707560846399524, 3.142785891509074, -0.0023342450342751643, 4.711970698140212, 3.141026026964148, 0.02988465367631297, 4.712359784207864]",0.0
566,1.5520121750098101,"[1.5700979692744077, 4.7123120100063245, 1.570551682398864, 4.712427563258314, 3.1419963477295454, 4.713056707271419, 1.5702805941466889, 1.5704427636697802, 3.141477368409207, 4.712894031666075, 3.1414987914371704, 1.571040874094166, 4.712179889606144, 4.715771432596632, -0.009616389173702118, -8.758328432428823e-05, -0.0004577087111956999, 0.0001055925332459211, 3.141601734491795, 1.570695547714072, 3.1411557071606055, 0.0003128876044637521, 3.1414296852564836, -0.00038613973043501567, -0.000199754124565891, 3.142469577281047, 0.00012127201230770129, 1.5711035959059392, 0.000891300894595043, 4.7116118828399625, 1.571006743563155, 4.712572023678514, 1.5708092601225034, 1.5707560848581115, 3.142785892510387, -0.0023342440072689104, 4.7119706982505845, 3.1410260268665486, 0.029884654998138024, 4.712359783849304]",0.0
567,1.5540875489807326,"[1.5700979694595725, 4.712312008687721, 1.5705516797738641, 4.712427563129128, 3.14199634759234, 4.713056708845444, 1.57028059423085, 1.5704427622351116, 3.141477366726953, 4.712894030900558, 3.1414987915563555, 1.571040873518642, 4.712179891159591, 4.7157714309783785, -0.009616386904970861, -8.758179082233486e-05, -0.0004577088133935919, 0.00010559487403366834, 3.1416017347132987, 1.5706955464023546, 3.1411557073710963, 0.00031288814552139305, 3.1414296855827972, -0.00038613956697551176, -0.0001997549920441317, 3.142469575727042, 0.00012127056605557907, 1.5711035955144166, 0.0008912999209162773, 4.71161188229751, 1.5710067425588727, 4.712572022619442, 1.5708092587376643, 1.5707560881285265, 3.1427858894235143, -0.0023342437415063855, 4.711970697117918, 3.1410260274072277, 0.029884654241414902, 4.7123597830828485]",0.0
568,1.552627219407649,"[1.5700979690369614, 4.71231200906568, 1.5705516818746694, 4.712427563842614, 3.1419963475851125, 4.713056709709786, 1.5702805935242974, 1.5704427621774897, 3.14147736776853, 4.712894031694731, 3.141498792186148, 1.5710408735189523, 4.712179889173819, 4.715771433162049, -0.009616389681031625, -8.758263556285483e-05, -0.00045770843805013585, 0.00010559311600167633, 3.141601734728914, 1.5706955467581407, 3.1411557077235286, 0.0003128863806720471, 3.1414296854605763, -0.00038613941075147566, -0.00019975477897405874, 3.1424695766051753, 0.00012127190914331139, 1.5711035962742521, 0.0008913005590635722, 4.711611883111555, 1.5710067428271222, 4.712572023105607, 1.5708092600199428, 1.5707560835803378, 3.1427858907828297, -0.0023342438975863036, 4.7119706990468035, 3.1410260253551705, 0.029884653697656846, 4.712359783178553]",0.0
569,1.560296206754797,"[1.570097969265128, 4.712312007992042, 1.5705516833674833, 4.712427562343816, 3.1419963479372597, 4.713056708364419, 1.5702805921461824, 1.5704427634820135, 3.14147736815562, 4.712894030599878, 3.141498792948596, 1.5710408744185285, 4.712179889483251, 4.7157714314779025, -0.009616390511460106, -8.758422905014801e-05, -0.0004577090527565173, 0.00010559504961384382, 3.141601733958895, 1.570695544517177, 3.141155709381549, 0.0003128880460759832, 3.141429683888738, -0.0003861419734293266, -0.00019975524158609905, 3.142469577111792, 0.00012127308169791066, 1.5711035972126564, 0.0008912978720306077, 4.711611882732643, 1.571006741344756, 4.712572023531941, 1.5708092597285692, 1.5707560844053503, 3.1427858930052586, -0.0023342442352975745, 4.711970697095897, 3.1410260263278507, 0.0298846553615676, 4.712359782151487]",0.0
570,1.5624387530979513,"[1.5700979687463381, 4.71231200809758, 1.5705516826920813, 4.71242756421431, 3.1419963476864887, 4.713056708273433, 1.5702805936016997, 1.5704427620631956, 3.1414773674539385, 4.7128940318136054, 3.1414987918984187, 1.571040873688683, 4.7121798884382, 4.715771433948742, -0.00961638809009142, -8.758314375395517e-05, -0.0004577079351021065, 0.00010559271258104009, 3.1416017351372734, 1.5706955468555837, 3.141155707674526, 0.0003128876017348048, 3.141429683935122, -0.0003861408906812568, -0.000199754604952032, 3.1424695769144866, 0.00012127279934238906, 1.5711035952464587, 0.0008913000962152716, 4.7116118840099634, 1.5710067441984008, 4.712572023564729, 1.5708092598379249, 1.5707560853614528, 3.142785891123887, -0.0023342441845294517, 4.711970697881414, 3.1410260268072356, 0.029884654551745805, 4.712359782569516]",0.0
571,1.5666083421584291,"[1.5700979722464885, 4.712312010719617, 1.5705516826313348, 4.712427561863536, 3.1419963491778424, 4.713056708751101, 1.570280593464524, 1.5704427631686093, 3.1414773668536218, 4.712894032839842, 3.1414987929040645, 1.571040872578392, 4.712179889673568, 4.715771435507363, -0.009616388456998325, -8.758366376469608e-05, -0.00045770653430691517, 0.00010559435966556089, 3.1416017338865903, 1.5706955476051978, 3.1411557092329123, 0.00031288797407786793, 3.141429686329677, -0.00038613990073905157, -0.00019975334233641965, 3.142469575084524, 0.00012127283972707488, 1.571103596942746, 0.0008913011528106186, 4.711611884953499, 1.5710067431496282, 4.712572021922478, 1.5708092579403614, 1.5707560847754665, 3.142785892115664, -0.0023342436287412376, 4.7119706972753805, 3.141026026617254, 0.029884654562497386, 4.712359782672854]",0.0
572,1.560491519254797,"[1.5700979694526944, 4.712312008852469, 1.5705516819006384, 4.712427563809431, 3.1419963486948217, 4.713056709452531, 1.5702805937444737, 1.5704427623979518, 3.1414773689580495, 4.71289403186689, 3.1414987906977307, 1.5710408739840722, 4.71217988931841, 4.715771433847153, -0.009616388763628657, -8.758386439547432e-05, -0.000457707757960891, 0.00010559321814704072, 3.141601735164409, 1.570695545669266, 3.141155707726784, 0.00031288677044803855, 3.1414296849871763, -0.0003861401633200517, -0.00019975374688287824, 3.1424695771552384, 0.0001212713063094975, 1.571103595770531, 0.0008913008451601139, 4.711611883035691, 1.571006742470081, 4.71257202444608, 1.5708092586654385, 1.5707560844852524, 3.1427858913028865, -0.0023342447536104575, 4.711970697209121, 3.1410260268661148, 0.02988465540922888, 4.712359783802012]",0.0
573,1.5604856978752295,"[1.5700979680505955, 4.7123120091449735, 1.5705516808806406, 4.712427562889898, 3.141996347472576, 4.713056707388743, 1.5702805941948303, 1.5704427630795115, 3.141477368789806, 4.712894032925808, 3.1414987926830324, 1.5710408731379326, 4.712179888947745, 4.7157714331052025, -0.009616386057417452, -8.758411506034026e-05, -0.00045770912153155375, 0.00010559168337604548, 3.1416017337653495, 1.5706955468373403, 3.141155708867409, 0.0003128871763903927, 3.141429685465371, -0.00038613734648228155, -0.00019975496777544074, 3.142469575952754, 0.00012127388312251021, 1.5711035965658515, 0.000891297674095242, 4.71161188265459, 1.5710067429829295, 4.712572026015315, 1.570809257244665, 1.570756083346421, 3.142785891101876, -0.002334245090697485, 4.711970697681959, 3.141026025960454, 0.02988465396213051, 4.712359783129166]",0.0
574,1.5603433589166897,"[1.5700979681202982, 4.71231200933526, 1.5705516829717452, 4.712427564158667, 3.1419963481757938, 4.713056709075624, 1.5702805935385498, 1.5704427635043707, 3.141477369356255, 4.71289403186367, 3.141498791360446, 1.571040872663184, 4.71217988928971, 4.715771433013008, -0.009616389040523306, -8.758386274768001e-05, -0.00045770853994372144, 0.00010559336385324764, 3.1416017349286443, 1.570695546974049, 3.1411557085530557, 0.0003128881035459786, 3.141429685765843, -0.0003861401498400558, -0.00019975437901796666, 3.142469577349427, 0.0001212721474156649, 1.5711035954579697, 0.0008912998103833335, 4.711611883255228, 1.571006743508994, 4.712572022132045, 1.5708092580664292, 1.570756085332888, 3.142785890804461, -0.002334244854795866, 4.7119706990752475, 3.141026026311865, 0.029884654610744507, 4.71235978325964]",0.0
575,1.5528857953336146,"[1.5700979691245134, 4.712312009828148, 1.5705516818727892, 4.712427563669138, 3.1419963483824196, 4.713056708521744, 1.5702805936797601, 1.5704427633572304, 3.141477368057334, 4.712894031522116, 3.1414987919317783, 1.5710408735870396, 4.7121798891621065, 4.715771433624972, -0.009616388020221111, -8.758311633769769e-05, -0.0004577078621489527, 0.00010559286519140291, 3.1416017349653513, 1.570695546337927, 3.141155708547896, 0.0003128873868638287, 3.1414296846176697, -0.00038614054685753065, -0.00019975429056321808, 3.142469577381617, 0.0001212716817080886, 1.5711035961055957, 0.0008912997246327504, 4.711611882670235, 1.5710067432676358, 4.712572023144059, 1.5708092595321446, 1.5707560847446933, 3.142785891216214, -0.0023342442002129062, 4.711970698329385, 3.141026025932963, 0.0298846543881479, 4.712359783771669]",0.0
576,1.5583243104134423,"[1.5700979689069043, 4.712312009351031, 1.5705516823550714, 4.712427563788656, 3.141996348194589, 4.713056707156418, 1.570280593647705, 1.5704427620869448, 3.141477368370802, 4.7128940329195, 3.1414987911888756, 1.5710408727817813, 4.71217988972788, 4.715771432964554, -0.009616388214076836, -8.758318828282078e-05, -0.0004577093287580073, 0.00010559238253965661, 3.1416017343956346, 1.5706955458215741, 3.141155708685785, 0.00031288693125853444, 3.1414296853982595, -0.00038614109221181837, -0.00019975340307200635, 3.1424695768447157, 0.0001212713976347568, 1.5711035961275364, 0.0008913004379424344, 4.711611883000313, 1.5710067430990604, 4.712572022335, 1.5708092599839343, 1.5707560843866213, 3.1427858911263415, -0.00233424473020814, 4.7119706970041735, 3.141026025504042, 0.029884653848540582, 4.712359783014812]",0.0
577,1.5593590867091196,"[1.5700979697121686, 4.712312009193196, 1.57055168236651, 4.712427563455453, 3.1419963479929125, 4.713056708026079, 1.5702805936778044, 1.5704427629591253, 3.1414773683661146, 4.712894031306589, 3.1414987918370794, 1.5710408730261007, 4.712179889353593, 4.715771433572718, -0.009616388090591996, -8.758365319352186e-05, -0.0004577085602209889, 0.00010559313957026088, 3.14160173550802, 1.5706955467162984, 3.1411557080746952, 0.0003128865587299468, 3.141429685221637, -0.00038614032489202104, -0.00019975408863172898, 3.1424695768946433, 0.00012127168228817234, 1.5711035960211435, 0.000891299675798624, 4.711611883163097, 1.5710067428368146, 4.712572023346354, 1.570809259784121, 1.5707560849753648, 3.142785891151552, -0.002334244893232818, 4.711970698714204, 3.1410260262231255, 0.02988465470179638, 4.7123597830406485]",0.0
578,1.5542945042398681,"[1.5700979695441564, 4.712312008466193, 1.570551681796753, 4.712427563624459, 3.1419963485763396, 4.713056708396598, 1.5702805948682264, 1.5704427639935794, 3.1414773692605995, 4.7128940309956455, 3.141498792335826, 1.5710408725071232, 4.712179889219802, 4.715771433478314, -0.009616387951145484, -8.758287522478637e-05, -0.00045770899081154867, 0.00010559267649310318, 3.1416017354207812, 1.5706955458942176, 3.1411557075966376, 0.0003128871687097779, 3.141429684771326, -0.0003861408380342302, -0.00019975581780814523, 3.1424695762470485, 0.00012127206018443362, 1.571103595979333, 0.0008913011247198068, 4.711611883480391, 1.57100674313293, 4.7125720228405905, 1.5708092590245226, 1.570756084585443, 3.1427858921713026, -0.00233424422313165, 4.711970697752191, 3.1410260253775295, 0.029884654254126786, 4.71235978376704]",0.0
579,1.5499484437980233,"[1.5700979695624218, 4.712312009425913, 1.5705516819999923, 4.712427564447723, 3.1419963479862556, 4.713056708295679, 1.5702805937742499, 1.570442763461979, 3.141477367803624, 4.712894031747591, 3.14149879155888, 1.571040873635206, 4.712179889160694, 4.715771433478526, -0.009616388014376686, -8.758361369199752e-05, -0.0004577087298150749, 0.00010559274894712489, 3.141601734589453, 1.5706955466159709, 3.1411557082387196, 0.0003128870438431767, 3.1414296851843413, -0.00038614052260511206, -0.00019975487535855464, 3.1424695773991687, 0.00012127216095922207, 1.5711035959294049, 0.0008913003730690925, 4.711611883399925, 1.5710067421192526, 4.71257202297008, 1.5708092593149685, 1.570756084715411, 3.1427858910977906, -0.0023342444518066967, 4.711970698207363, 3.1410260262628835, 0.029884654686695187, 4.712359783103493]",0.0
580,1.5644811112247692,"[1.5700979691979988, 4.712312008277302, 1.5705516821643914, 4.712427564105651, 3.14199634708923, 4.713056708533784, 1.5702805951971306, 1.5704427631213052, 3.1414773677617127, 4.712894031673451, 3.1414987930553377, 1.5710408729310155, 4.712179889475036, 4.715771434210123, -0.009616388680264784, -8.758276369098177e-05, -0.0004577088985131782, 0.00010559324890259156, 3.1416017344350524, 1.570695547585667, 3.1411557083128843, 0.0003128874574951498, 3.1414296845849465, -0.0003861403128680558, -0.0001997536254985104, 3.1424695786095294, 0.00012127100960251355, 1.5711035968036826, 0.0008913001211185019, 4.711611882882569, 1.5710067424259024, 4.712572023154563, 1.5708092588117548, 1.5707560848094981, 3.142785891488152, -0.0023342450430364936, 4.711970697590736, 3.1410260258076383, 0.0298846548311334, 4.712359783630171]",0.0
581,1.5710404160911389,"[1.570097969045403, 4.7123120091577535, 1.5705516817524299, 4.7124275632963455, 3.1419963484494873, 4.713056708619006, 1.5702805940433047, 1.5704427627272555, 3.1414773680393697, 4.712894031671529, 3.1414987921258892, 1.5710408734958556, 4.712179889134399, 4.715771433830154, -0.00961638824423796, -8.75833374624086e-05, -0.0004577091044351616, 0.00010559293925745488, 3.1416017344701435, 1.5706955468971218, 3.1411557080776706, 0.0003128871309608085, 3.141429685130561, -0.0003861409272164106, -0.00019975410493302046, 3.1424695768387827, 0.00012127192381312825, 1.5711035950532197, 0.0008912999135948366, 4.711611882828874, 1.5710067426359344, 4.712572022971073, 1.5708092592859333, 1.5707560846239321, 3.1427858916234794, -0.0023342445087904356, 4.71197069849702, 3.1410260260915175, 0.02988465495323736, 4.712359783486693]",0.0
582,1.5528011347173805,"[1.570097970572048, 4.712312009563078, 1.5705516825345855, 4.712427564395578, 3.1419963475385266, 4.713056709651212, 1.5702805940126394, 1.5704427629060316, 3.141477368724619, 4.712894031508095, 3.141498791016039, 1.5710408736695494, 4.712179890092286, 4.715771432563599, -0.009616387318431674, -8.758342087288441e-05, -0.0004577090179593565, 0.00010559335805965109, 3.141601735143337, 1.5706955474083761, 3.141155708189815, 0.00031288799667189565, 3.1414296841734117, -0.00038614039646819333, -0.00019975380239820582, 3.142469577106204, 0.00012127268263157116, 1.571103595732367, 0.0008912995150235575, 4.7116118839893275, 1.5710067427468044, 4.712572023198746, 1.5708092600558003, 1.5707560841969095, 3.1427858914667057, -0.002334244670919548, 4.71197069775914, 3.14102602528022, 0.029884653852057515, 4.712359784441229]",0.0
583,1.5660851326310223,"[1.5700979691760142, 4.712312009812785, 1.570551682448956, 4.712427563837246, 3.1419963479702915, 4.713056708512139, 1.5702805938936157, 1.5704427630812308, 3.1414773680854795, 4.712894032012373, 3.141498792462456, 1.5710408735569363, 4.712179889401687, 4.71577143310506, -0.009616388482293452, -8.75831906451336e-05, -0.00045770857098879013, 0.00010559333482745292, 3.1416017351481833, 1.5706955463660548, 3.1411557080763948, 0.0003128874808418342, 3.1414296843457103, -0.00038614031510569326, -0.00019975448489954888, 3.142469576633441, 0.00012127195115993047, 1.571103595746276, 0.0008913001046346399, 4.711611883098061, 1.571006742555847, 4.712572023115987, 1.5708092594732288, 1.5707560846310462, 3.1427858914542988, -0.0023342454044526836, 4.7119706979571845, 3.1410260258885803, 0.029884655035160298, 4.712359783154448]",0.0
584,1.5619402060687455,"[1.5700979698511093, 4.712312008171204, 1.5705516821265393, 4.712427563202415, 3.14199634793884, 4.713056708111734, 1.5702805928323744, 1.5704427631695441, 3.1414773682167225, 4.712894030606039, 3.141498791776304, 1.5710408736312156, 4.712179889486461, 4.715771432386564, -0.009616389626521867, -8.758385027019669e-05, -0.00045770866096529175, 0.0001055937002610785, 3.141601733984396, 1.57069554609179, 3.1411557089194293, 0.00031288763768925185, 3.1414296846300127, -0.0003861414531856162, -0.00019975476817977368, 3.142469577335315, 0.00012127251467577785, 1.5711035968024565, 0.0008912991230393333, 4.711611883012049, 1.5710067425073957, 4.712572023618418, 1.5708092591861063, 1.5707560845655957, 3.1427858920402887, -0.0023342442240951093, 4.7119706977926015, 3.1410260259674923, 0.02988465432507535, 4.712359783065354]",0.0
585,1.5658263204091498,"[1.5700979694973618, 4.712312009331249, 1.5705516819466885, 4.712427563756357, 3.1419963486743807, 4.713056708400288, 1.5702805938781477, 1.5704427625693165, 3.141477368233545, 4.712894031656813, 3.1414987917309234, 1.5710408732432455, 4.7121798894165225, 4.715771433156887, -0.009616388441023903, -8.758279912448081e-05, -0.0004577088392675117, 0.00010559300709143144, 3.1416017346977116, 1.570695546964685, 3.141155708405107, 0.00031288659482974705, 3.141429684537554, -0.00038614049046782736, -0.0001997545308094879, 3.142469577294037, 0.00012127253169039672, 1.5711035964498077, 0.0008913000380075594, 4.711611883398679, 1.5710067431640486, 4.712572022993914, 1.5708092591965783, 1.5707560848965894, 3.142785891164849, -0.0023342449806366588, 4.711970698257022, 3.141026026208113, 0.029884655092918388, 4.712359783914338]",0.0
586,1.565949519965773,"[1.5700979693132078, 4.712312009102785, 1.5705516814757448, 4.712427563975281, 3.1419963471257946, 4.713056707732484, 1.5702805943278866, 1.5704427628665563, 3.1414773675162007, 4.7128940318093315, 3.1414987917821686, 1.5710408747436244, 4.712179889127773, 4.715771432778168, -0.009616388674755144, -8.758356219565282e-05, -0.0004577083156701193, 0.00010559272117285711, 3.141601736356075, 1.5706955465826722, 3.141155708630638, 0.0003128869566736532, 3.1414296854340016, -0.0003861412008523495, -0.0001997535693544794, 3.142469576539508, 0.00012127212219995628, 1.571103596143314, 0.0008913002829934866, 4.711611883885653, 1.5710067429959125, 4.712572023146807, 1.570809257935319, 1.5707560850161402, 3.1427858916128204, -0.0023342445040794085, 4.711970698768224, 3.14102602500205, 0.02988465452256253, 4.712359784193919]",0.0
587,1.5582091900247392,"[1.5700979692407506, 4.71231200926155, 1.5705516826412187, 4.712427563568876, 3.141996347998701, 4.7130567082443005, 1.570280593580659, 1.570442762693483, 3.1414773677066683, 4.712894031009121, 3.1414987916536448, 1.5710408732851133, 4.712179889387703, 4.715771433269783, -0.00961638789054753, -8.758370760669774e-05, -0.000457708451172957, 0.00010559318496562641, 3.1416017344953446, 1.5706955468717887, 3.1411557079405443, 0.00031288715017711106, 3.141429684925245, -0.0003861403495252151, -0.00019975460539920577, 3.1424695771563864, 0.00012127165845256992, 1.5711035957932935, 0.0008913003385382784, 4.7116118831480645, 1.5710067431731662, 4.712572023158347, 1.5708092589653084, 1.5707560844863697, 3.1427858912275477, -0.002334244683721057, 4.7119706979543485, 3.1410260251440305, 0.029884655067398406, 4.712359783677351]",0.0
588,1.5593590867091196,"[1.5700979699991846, 4.712312008115109, 1.5705516819671315, 4.71242756318006, 3.141996347427344, 4.713056708281705, 1.5702805944051916, 1.5704427634884444, 3.1414773675857997, 4.712894031845315, 3.141498790832403, 1.5710408732813677, 4.712179889488694, 4.7157714331336384, -0.009616388069895872, -8.758373827418963e-05, -0.0004577080089988721, 0.00010559316703137985, 3.141601734890648, 1.5706955467872206, 3.1411557090895315, 0.00031288707871190036, 3.1414296838917957, -0.00038614013118054173, -0.0001997543700483449, 3.1424695768340736, 0.0001212723447598816, 1.5711035954557067, 0.000891301047893825, 4.7116118816865935, 1.5710067432417667, 4.712572022285641, 1.5708092592061749, 1.5707560837214452, 3.1427858912230255, -0.002334245489549795, 4.711970698819809, 3.141026026690048, 0.02988465419629252, 4.7123597834763515]",0.0
589,1.556875623599494,"[1.5700979695721653, 4.7123120091164115, 1.5705516818093972, 4.712427563955248, 3.141996348006963, 4.713056708463854, 1.5702805928783006, 1.5704427633763935, 3.1414773680107593, 4.7128940320308725, 3.1414987921403377, 1.5710408730608192, 4.712179889718201, 4.715771433335936, -0.009616388345116451, -8.758345538369618e-05, -0.00045770882832415257, 0.0001055930674689817, 3.141601735010529, 1.5706955468177073, 3.141155707851671, 0.00031288667508058747, 3.1414296843531773, -0.00038614035873133623, -0.00019975408709587127, 3.1424695773332583, 0.00012127188039144907, 1.571103595482885, 0.0008913001506580059, 4.711611883112319, 1.5710067430899237, 4.712572023165832, 1.5708092588246132, 1.5707560848370408, 3.142785891724736, -0.0023342444955318235, 4.71197069809367, 3.1410260259192437, 0.029884654287415543, 4.712359783526367]",0.0
590,1.5588558107737696,"[1.5700979689407348, 4.7123120094681425, 1.570551681500956, 4.712427564277525, 3.1419963485974307, 4.713056708174038, 1.570280593775225, 1.570442762541375, 3.141477368497431, 4.712894030125808, 3.1414987919742963, 1.5710408737621422, 4.712179889217016, 4.715771433041954, -0.009616388123211708, -8.758325347158474e-05, -0.00045770744440356664, 0.00010559264732225214, 3.1416017350934227, 1.570695547553659, 3.1411557072681386, 0.00031288688902742645, 3.1414296850235433, -0.0003861404014603742, -0.00019975376789184616, 3.142469577188253, 0.00012127228996406953, 1.571103595982871, 0.0008912997457348853, 4.71161188301005, 1.5710067424351666, 4.712572021914867, 1.5708092588019804, 1.570756084036785, 3.142785892031266, -0.0023342455108870583, 4.711970697253908, 3.141026026434509, 0.029884653564712402, 4.7123597826944055]",0.0
591,1.5535254781243544,"[1.5700979696061839, 4.712312009337235, 1.5705516816141494, 4.7124275634588555, 3.141996347970815, 4.7130567080434895, 1.5702805937916726, 1.5704427628463535, 3.1414773686813597, 4.7128940315007295, 3.1414987925026248, 1.5710408734876828, 4.7121798888167, 4.715771432951574, -0.009616388252874477, -8.758359737268131e-05, -0.000457708513095196, 0.00010559332412101879, 3.1416017345377116, 1.5706955466427148, 3.141155708344957, 0.00031288724411902776, 3.1414296847056917, -0.00038614053904833563, -0.00019975423996347163, 3.1424695774797207, 0.0001212716164952195, 1.5711035955511723, 0.0008913005757770217, 4.711611883735377, 1.571006743075436, 4.7125720231878265, 1.570809259248775, 1.5707560843986603, 3.142785890822883, -0.0023342448057043696, 4.711970698316264, 3.141026026231665, 0.02988465440821185, 4.712359783476857]",0.0
592,1.5569849226086294,"[1.5700979706725706, 4.712312009449401, 1.5705516822583425, 4.712427564437219, 3.141996347488032, 4.713056709638151, 1.5702805942294094, 1.5704427629706825, 3.1414773690007363, 4.71289403147679, 3.1414987909075496, 1.5710408734280772, 4.712179889897438, 4.715771433047762, -0.00961638735497429, -8.758348880029193e-05, -0.0004577089621210641, 0.00010559310084514814, 3.141601734897031, 1.5706955474745838, 3.1411557081851504, 0.0003128883730428748, 3.1414296846385237, -0.0003861405219840858, -0.00019975371417458223, 3.142469577098695, 0.00012127231287769356, 1.5711035955487307, 0.0008912995368869558, 4.711611883970852, 1.5710067427564869, 4.712572023553633, 1.5708092603027728, 1.5707560843025623, 3.1427858912499524, -0.00233424439677527, 4.71197069793197, 3.1410260254402975, 0.029884653475205036, 4.712359784234865]",0.0
593,1.561641415939178,"[1.5700979695574593, 4.712312009129171, 1.5705516813479423, 4.712427563736321, 3.1419963479176327, 4.713056708424976, 1.5702805939339066, 1.5704427628257482, 3.141477367840088, 4.712894031385042, 3.1414987916882495, 1.5710408732737535, 4.712179889815098, 4.715771432845479, -0.00961638811799363, -8.758293097430072e-05, -0.00045770855611646226, 0.0001055933485560943, 3.141601734705236, 1.5706955467550638, 3.141155707975759, 0.00031288761099401697, 3.1414296850523282, -0.00038614033005564925, -0.0001997545208564009, 3.142469576659348, 0.00012127152590769069, 1.571103595790745, 0.0008913001122131563, 4.711611882913877, 1.5710067428668295, 4.7125720232186294, 1.5708092591216636, 1.5707560855861085, 3.1427858908273896, -0.002334244602135284, 4.711970697943732, 3.141026026242995, 0.02988465436094309, 4.712359783318409]",0.0
594,1.5626645494757194,"[1.570097969401449, 4.712312009217939, 1.5705516821765222, 4.7124275636597215, 3.141996347851104, 4.713056708556245, 1.5702805936729862, 1.5704427631583566, 3.1414773683339625, 4.7128940314779815, 3.141498791910022, 1.5710408736237254, 4.712179889461711, 4.715771433538898, -0.009616388228239587, -8.758324831983048e-05, -0.0004577086191649215, 0.0001055928593683701, 3.141601734518081, 1.5706955467346781, 3.141155708055917, 0.000312887160322358, 3.1414296848532044, -0.0003861407491105349, -0.00019975416259490093, 3.142469576864063, 0.0001212720284093571, 1.571103596062584, 0.0008913002925598828, 4.71161188311483, 1.5710067429601844, 4.712572023269517, 1.5708092592153835, 1.5707560848789117, 3.1427858911620388, -0.002334245015994811, 4.711970698244165, 3.1410260259735434, 0.02988465434472646, 4.7123597834896715]",0.0
595,1.5621588040870162,"[1.570097969492017, 4.712312009575823, 1.5705516816386564, 4.712427563618312, 3.1419963474184662, 4.713056708148318, 1.5702805937223936, 1.5704427629963789, 3.1414773682077164, 4.712894031780467, 3.1414987914999353, 1.5710408724543974, 4.712179889232342, 4.715771433516538, -0.009616388576565613, -8.758301919421785e-05, -0.0004577079991579488, 0.00010559301812648206, 3.1416017348484577, 1.5706955467323447, 3.1411557076133976, 0.0003128874420802901, 3.141429685003049, -0.00038614112587366696, -0.00019975442003322908, 3.142469577284316, 0.00012127235905545715, 1.5711035957478714, 0.0008913000131602132, 4.711611883125309, 1.5710067426663754, 4.712572023448452, 1.5708092592100282, 1.5707560843524548, 3.1427858911235895, -0.0023342448787414573, 4.711970698232399, 3.1410260258678178, 0.029884654699968257, 4.712359783636363]",0.0
596,1.5604454836716273,"[1.5700979696011645, 4.712312009180067, 1.570551682062818, 4.712427563739906, 3.141996348257352, 4.713056708299215, 1.5702805939761681, 1.5704427631360225, 3.141477368293936, 4.712894031686962, 3.141498791673866, 1.5710408735520645, 4.712179889485995, 4.715771433361755, -0.00961638832329708, -8.758298076349097e-05, -0.0004577085259494119, 0.00010559318437906536, 3.141601734816546, 1.5706955468487327, 3.141155708097247, 0.00031288724528346186, 3.1414296848468686, -0.0003861406211055606, -0.00019975424321955017, 3.142469577220893, 0.00012127197871547085, 1.5711035957426958, 0.000891300066741292, 4.711611883138639, 1.571006743007926, 4.712572023381362, 1.5708092591047524, 1.5707560845609534, 3.1427858912103894, -0.002334244716669506, 4.711970698271202, 3.1410260256845506, 0.029884654533570625, 4.712359782979932]",0.0
597,1.561227505420907,"[1.5700979694327861, 4.712312009277546, 1.5705516817832605, 4.712427564005044, 3.1419963482838043, 4.713056708122292, 1.5702805939719706, 1.5704427631516549, 3.1414773681931694, 4.712894031193481, 3.1414987919275683, 1.5710408731533267, 4.712179889798456, 4.7157714337322005, -0.009616389127521571, -8.7583736752261e-05, -0.00045770827862464346, 0.00010559243267974505, 3.141601734827433, 1.5706955470208808, 3.1411557088047504, 0.0003128871955055797, 3.1414296847211443, -0.00038614025872574643, -0.0001997543944018875, 3.1424695769567244, 0.00012127208680525027, 1.571103595269122, 0.0008913002360545718, 4.711611883291872, 1.571006742843884, 4.712572023500706, 1.5708092595854521, 1.570756084928557, 3.142785890934138, -0.002334244871533181, 4.711970697850935, 3.1410260255629283, 0.029884654413942797, 4.712359783511511]",0.0
598,1.569654992703156,"[1.5700979695841297, 4.712312009558888, 1.570551682098962, 4.71242756384157, 3.1419963479349056, 4.713056708391713, 1.5702805940726545, 1.5704427628108744, 3.141477368017246, 4.7128940313654635, 3.141498791819694, 1.5710408733218735, 4.712179889593668, 4.71577143355269, -0.009616388505126406, -8.758340456665584e-05, -0.0004577088198011415, 0.00010559300006547476, 3.14160173485152, 1.5706955465109962, 3.1411557081388755, 0.0003128872505177183, 3.141429684828596, -0.0003861406048717683, -0.00019975441204623932, 3.1424695771392748, 0.00012127194686394182, 1.5711035957703137, 0.0008913000035725342, 4.711611883168065, 1.5710067431671237, 4.71257202328535, 1.5708092590361409, 1.5707560845423418, 3.142785891311065, -0.0023342447805174446, 4.7119706981887015, 3.1410260261956355, 0.029884654307423066, 4.712359783408983]",0.0
599,1.565975833621887,"[1.5700979698059874, 4.712312009112875, 1.5705516815738185, 4.712427564438536, 3.1419963476671433, 4.71305670836404, 1.5702805935592674, 1.570442762861973, 3.141477368512916, 4.712894031733813, 3.1414987918797137, 1.571040873587008, 4.712179889261242, 4.715771433669679, -0.00961638829750807, -8.758321692965488e-05, -0.00045770834095557847, 0.00010559328822349392, 3.1416017345715286, 1.5706955467892298, 3.141155708520127, 0.000312887174999779, 3.1414296854929895, -0.00038614048491586217, -0.0001997547588593467, 3.1424695770276867, 0.00012127175713472705, 1.5711035957000312, 0.0008912999584764173, 4.7116118829691835, 1.571006743567588, 4.712572023135228, 1.5708092595722463, 1.5707560847140691, 3.1427858919046128, -0.0023342452508994345, 4.711970698077054, 3.141026025785476, 0.029884654802998668, 4.712359783486482]",0.0
600,1.5557431910538169,"[1.5700979692989572, 4.712312009312875, 1.570551681929189, 4.71242756348016, 3.1419963480340862, 4.713056708458623, 1.5702805939328004, 1.570442762905289, 3.1414773681958437, 4.712894031840485, 3.141498791793046, 1.571040873362025, 4.712179889219081, 4.715771433385455, -0.009616388244784507, -8.758355154442044e-05, -0.0004577085985196474, 0.00010559305928273145, 3.1416017349035417, 1.5706955470091362, 3.141155708275624, 0.0003128871834139316, 3.1414296849519343, -0.00038614046555384335, -0.00019975461848574622, 3.142469577152259, 0.00012127208104846286, 1.571103595920019, 0.000891300029999066, 4.711611883069157, 1.5710067428954455, 4.712572023505912, 1.5708092591985834, 1.570756084803486, 3.1427858913981597, -0.002334244919883702, 4.711970697966855, 3.1410260258638654, 0.02988465418514263, 4.712359783410668]",0.0
601,1.5647457448262099,"[1.5700979693344834, 4.712312008979285, 1.570551681752929, 4.712427564028154, 3.141996347967931, 4.713056708045553, 1.570280593827178, 1.5704427630260824, 3.141477368349328, 4.712894031708726, 3.14149879202517, 1.5710408731016545, 4.712179889236517, 4.715771433275617, -0.009616387926646245, -8.758336707602472e-05, -0.0004577085886617093, 0.00010559244670290965, 3.141601734408926, 1.5706955466343733, 3.141155708276419, 0.00031288753207980266, 3.1414296848263543, -0.00038613970246469966, -0.0001997540791446619, 3.1424695765068518, 0.00012127218381459233, 1.5711035961175226, 0.0008912995707118449, 4.711611883158165, 1.5710067429118004, 4.712572023757532, 1.5708092587996454, 1.5707560841972221, 3.142785891278131, -0.002334244642319236, 4.711970698306631, 3.141026026013614, 0.029884654702934336, 4.712359783396458]",0.0
602,1.558628921922578,"[1.570097969294334, 4.712312009025444, 1.5705516818832277, 4.712427563735782, 3.1419963482518, 4.713056708391935, 1.5702805937074762, 1.570442763270989, 3.1414773678994603, 4.712894031603264, 3.1414987917747097, 1.5710408733597196, 4.7121798895064115, 4.715771433424033, -0.009616388388804147, -8.758330301591464e-05, -0.00045770863675688396, 0.00010559304208379759, 3.1416017349441985, 1.5706955468548143, 3.141155708130014, 0.0003128874425482122, 3.141429685036363, -0.000386140609115106, -0.0001997543382878761, 3.1424695770000293, 0.00012127177994490933, 1.571103595921184, 0.0008913000096669306, 4.711611883457189, 1.5710067430436718, 4.712572023278266, 1.570809259397769, 1.5707560843793498, 3.142785891219059, -0.0023342450373931103, 4.711970698118873, 3.1410260260865264, 0.029884654505542087, 4.712359783600474]",0.0
603,1.560083430116094,"[1.5700979697299307, 4.712312008975032, 1.5705516823108847, 4.71242756359086, 3.1419963481793034, 4.713056707848867, 1.5702805935413384, 1.570442762517626, 3.141477368396542, 4.7128940318061305, 3.141498791620688, 1.5710408736390635, 4.712179889426337, 4.715771433823212, -0.0096163885181227, -8.758298891669474e-05, -0.00045770837272415143, 0.00010559279202566138, 3.141601734784674, 1.5706955467190291, 3.141155708021596, 0.00031288767339559355, 3.1414296845964262, -0.00038614019688088425, -0.0001997547950583319, 3.1424695771514135, 0.0001212715190990376, 1.5711035957108748, 0.0008912999125999562, 4.711611883371187, 1.5710067423320166, 4.712572022955909, 1.5708092590920442, 1.57075608485752, 3.1427858914892752, -0.0023342449293910876, 4.711970698588459, 3.1410260259002762, 0.029884654116033416, 4.712359783898787]",0.0
604,1.564486932604337,"[1.5700979696185602, 4.712312009229653, 1.5705516822468748, 4.7124275637018265, 3.1419963479673205, 4.713056708592488, 1.5702805938915438, 1.5704427630776505, 3.1414773680673953, 4.7128940315624135, 3.141498791811145, 1.5710408732077892, 4.712179889213126, 4.7157714330705325, -0.009616388380088693, -8.758304652708807e-05, -0.00045770838608050603, 0.00010559264300589887, 3.1416017347031078, 1.570695546790154, 3.141155708381471, 0.0003128870755248272, 3.1414296849596375, -0.00038614060339313134, -0.0001997543445201719, 3.1424695770360493, 0.0001212717059335342, 1.5711035955993533, 0.000891299960704657, 4.711611883306739, 1.5710067429006436, 4.712572023338129, 1.5708092591667084, 1.570756084722918, 3.142785891464346, -0.002334244876920943, 4.711970698106317, 3.141026026052663, 0.02988465448738026, 4.712359783444689]",0.0
605,1.5520063536302426,"[1.570097969494208, 4.712312009313352, 1.5705516820987844, 4.7124275644441065, 3.1419963483733797, 4.713056708194429, 1.5702805942081104, 1.5704427631151145, 3.1414773681999537, 4.712894031874924, 3.141498791673559, 1.571040873179825, 4.712179888998812, 4.71577143328026, -0.00961638863380481, -8.758383253847836e-05, -0.0004577082837541224, 0.00010559338815683727, 3.1416017343926415, 1.5706955472441249, 3.141155707873449, 0.00031288695870316103, 3.1414296843937195, -0.0003861410066755386, -0.0001997543799742724, 3.1424695764187653, 0.00012127136701248578, 1.571103596110773, 0.0008912999179509957, 4.711611883066864, 1.5710067429282668, 4.7125720233186845, 1.5708092592584453, 1.5707560847106625, 3.1427858912494155, -0.0023342446266045682, 4.711970698388306, 3.1410260259272995, 0.02988465427269565, 4.712359783624959]",0.0
606,1.5626645494757194,"[1.5700979701840334, 4.712312009507644, 1.5705516821171097, 4.7124275634066155, 3.141996348318633, 4.713056708512149, 1.5702805937427693, 1.5704427629601745, 3.1414773678831684, 4.712894031862173, 3.1414987920618778, 1.57104087303303, 4.712179889340634, 4.715771433882784, -0.009616388434769963, -8.75834643915155e-05, -0.00045770806819323077, 0.00010559328457324544, 3.1416017346525984, 1.5706955470347868, 3.1411557084615542, 0.0003128876146215865, 3.141429685158909, -0.0003861403900627977, -0.00019975399102357668, 3.142469576579762, 0.00012127214853448716, 1.5711035962366873, 0.0008913004944567397, 4.711611883577649, 1.5710067429511623, 4.712572022871553, 1.5708092590351463, 1.570756084767918, 3.1427858915929416, -0.002334244405951433, 4.711970697960795, 3.141026026035946, 0.02988465452746152, 4.712359783209759]",0.0
607,1.5651596553444809,"[1.5700979694753496, 4.712312008990655, 1.5705516819399763, 4.712427563817629, 3.141996348171848, 4.713056708413756, 1.5702805940628106, 1.5704427631721773, 3.1414773684901043, 4.712894031406215, 3.141498791896807, 1.5710408730643775, 4.712179889253138, 4.7157714333891185, -0.009616388288647526, -8.758327685741982e-05, -0.00045770865194035796, 0.00010559288261452076, 3.141601735047941, 1.5706955465726167, 3.1411557080537236, 0.0003128873249004858, 3.1414296848001757, -0.0003861406050558072, -0.00019975459621098598, 3.142469576889754, 0.00012127192160880167, 1.5711035959601003, 0.00089130039530432, 4.711611883186816, 1.5710067429563288, 4.712572023139157, 1.5708092593001877, 1.570756084721258, 3.1427858915482036, -0.0023342445922351954, 4.7119706981151435, 3.1410260257820974, 0.029884654471119636, 4.712359783488527]",0.0
608,1.5580080561451717,"[1.570097969531082, 4.712312009175421, 1.5705516819728198, 4.71242756378992, 3.1419963479868986, 4.713056708394184, 1.5702805939650704, 1.5704427630042284, 3.1414773681258135, 4.712894031657528, 3.1414987917054398, 1.571040873289129, 4.712179889368605, 4.715771433417378, -0.009616388262005263, -8.758334442085962e-05, -0.0004577084761423707, 0.00010559295820415784, 3.141601734857177, 1.5706955468470782, 3.1411557082395416, 0.00031288723846882127, 3.14142968474631, -0.00038614044645119577, -0.0001997542855790948, 3.1424695769777062, 0.00012127194490576902, 1.5711035957580264, 0.0008913002618117052, 4.711611883019698, 1.5710067429862193, 4.71257202311504, 1.57080925925333, 1.5707560846045678, 3.1427858912708255, -0.0023342448973142976, 4.711970698274831, 3.1410260259992633, 0.029884654496143873, 4.712359783483954]",0.0
609,1.553817093999724,"[1.5700979695662625, 4.712312008900956, 1.570551681996891, 4.712427563683953, 3.1419963479420447, 4.713056708366518, 1.5702805936372441, 1.5704427629651379, 3.1414773681302397, 4.712894031406233, 3.1414987916916437, 1.571040873391632, 4.71217988934066, 4.7157714331113585, -0.009616388633608279, -8.758356932764417e-05, -0.00045770853239976325, 0.00010559317597697383, 3.1416017346882823, 1.5706955466879315, 3.1411557084566173, 0.00031288743314952084, 3.1414296846603, -0.0003861406956078404, -0.00019975427065572368, 3.142469577109918, 0.00012127209671029636, 1.571103596013412, 0.000891299956255171, 4.711611882920365, 1.571006742744565, 4.712572023195573, 1.5708092593803353, 1.5707560846226742, 3.1427858914731703, -0.0023342446858692174, 4.711970698200738, 3.141026025990905, 0.029884654541412172, 4.712359783351296]",0.0
610,1.5639179237896679,"[1.5700979695036332, 4.71231200921475, 1.5705516820668348, 4.712427563900932, 3.141996348232511, 4.713056708414198, 1.5702805938043691, 1.5704427629226092, 3.141477368139732, 4.71289403154936, 3.1414987918819097, 1.571040873161116, 4.712179889369263, 4.715771433366508, -0.009616388319382349, -8.758332526649485e-05, -0.0004577085209716444, 0.00010559302513680876, 3.14160173467227, 1.5706955467435835, 3.1411557081474895, 0.00031288736166806206, 3.1414296848819987, -0.0003861405149601872, -0.00019975428899230712, 3.14246957712537, 0.00012127197532581508, 1.5711035958250668, 0.0008913002027473637, 4.711611883056706, 1.5710067428983585, 4.712572023370691, 1.5708092593646465, 1.5707560847238802, 3.1427858913792868, -0.0023342448928769396, 4.711970698272211, 3.1410260259771396, 0.029884654423952137, 4.712359783421517]",0.0
611,1.5554327581651135,"[1.5700979694216852, 4.7123120092360615, 1.5705516818861276, 4.712427564015973, 3.141996347974118, 4.713056708262004, 1.570280593917691, 1.5704427628157192, 3.1414773679864587, 4.712894031625718, 3.141498791872672, 1.5710408735712733, 4.712179889279249, 4.71577143318317, -0.009616388412293881, -8.758340978916699e-05, -0.0004577084789459949, 0.00010559294932672139, 3.141601735152889, 1.570695546742121, 3.141155708258028, 0.0003128873102551719, 3.141429685039917, -0.00038614069486735077, -0.00019975399775100692, 3.142469577006433, 0.0001212720347439411, 1.571103595916597, 0.0008913002031420041, 4.711611883296933, 1.5710067428478975, 4.71257202333228, 1.5708092590771767, 1.5707560848757292, 3.142785891437131, -0.002334244758070331, 4.711970698427395, 3.1410260256734253, 0.02988465450211614, 4.712359783658536]",0.0
612,1.566711819787997,"[1.5700979695360553, 4.712312009141451, 1.570551681939597, 4.712427563889424, 3.141996348082667, 4.713056708555239, 1.5702805937988613, 1.5704427628736872, 3.14147736817391, 4.712894031558486, 3.1414987918490285, 1.5710408732266286, 4.71217988932784, 4.715771433477141, -0.009616388258047252, -8.758334820310016e-05, -0.0004577085335404504, 0.00010559304162622382, 3.141601734844419, 1.5706955466932773, 3.1411557083118598, 0.0003128872604085411, 3.1414296847756074, -0.00038614064933167056, -0.00019975431735298283, 3.142469576985137, 0.00012127192776085224, 1.571103595837834, 0.0008912999911995508, 4.711611883211309, 1.5710067428372387, 4.712572023191522, 1.5708092591724179, 1.5707560846736357, 3.1427858911862283, -0.0023342448770669044, 4.711970698180899, 3.141026025809193, 0.02988465445211267, 4.71235978340322]",0.0
613,1.5585967868868957,"[1.5700979696066955, 4.7123120094351405, 1.570551682037234, 4.712427563902817, 3.1419963478832473, 4.713056708597166, 1.570280593848428, 1.570442762922536, 3.141477368445442, 4.712894031580289, 3.1414987916245147, 1.5710408734202364, 4.712179889421532, 4.715771433276126, -0.009616388249507056, -8.758339752673411e-05, -0.0004577087204162605, 0.00010559296687542073, 3.141601734840743, 1.570695547117195, 3.1411557080555204, 0.0003128874994625361, 3.1414296847460386, -0.0003861404323818413, -0.00019975409057336246, 3.142469577108903, 0.00012127193945601218, 1.5711035958051007, 0.0008912999590310974, 4.711611883344959, 1.5710067428726864, 4.712572023221345, 1.5708092596276173, 1.5707560846829387, 3.1427858913506013, -0.0023342445367451133, 4.711970698053687, 3.1410260258858584, 0.029884654558386924, 4.712359783615718]",0.0
614,1.5634865491326937,"[1.5700979695136228, 4.712312009356947, 1.5705516818782341, 4.712427563814507, 3.1419963481348576, 4.713056708387835, 1.5702805938441884, 1.5704427630072122, 3.141477368278737, 4.712894031421015, 3.1414987918201827, 1.57104087332844, 4.712179889422522, 4.715771433303406, -0.009616388377054672, -8.758335011021894e-05, -0.0004577085020859977, 0.00010559297956987868, 3.1416017348003993, 1.5706955468550328, 3.1411557081494856, 0.0003128872191520353, 3.141429684927335, -0.00038614050635876057, -0.0001997542373299874, 3.142469577031406, 0.00012127189231598019, 1.571103595910961, 0.0008913000665868904, 4.7116118830696205, 1.5710067427630168, 4.71257202310079, 1.5708092591705953, 1.5707560845834279, 3.1427858914147713, -0.002334244903067166, 4.711970698142009, 3.1410260258970673, 0.029884654441639832, 4.7123597834562885]",0.0
615,1.5634981918918291,"[1.5700979692133303, 4.712312009060127, 1.5705516820112935, 4.712427563968263, 3.141996348034045, 4.713056708273243, 1.5702805937818451, 1.5704427627267767, 3.1414773681166817, 4.712894031394244, 3.141498791864454, 1.5710408734473071, 4.712179889159081, 4.715771433444638, -0.009616388357139466, -8.758329162989691e-05, -0.00045770824456765023, 0.00010559286103882402, 3.1416017349014216, 1.5706955469627377, 3.1411557079360195, 0.00031288728117760797, 3.141429684707315, -0.0003861405746457425, -0.00019975425158878386, 3.1424695770385225, 0.00012127211056210663, 1.5711035958015014, 0.0008913000349477653, 4.711611883272624, 1.5710067430638515, 4.712572023058613, 1.5708092592935705, 1.57075608475123, 3.142785891405163, -0.0023342447557187437, 4.711970697938577, 3.14102602617122, 0.029884654425443958, 4.712359783144084]",0.0
616,1.56014804641669,"[1.5700979695135509, 4.712312009199739, 1.5705516819225775, 4.71242756380227, 3.141996347982662, 4.7130567085007655, 1.5702805938235185, 1.5704427628489737, 3.1414773680810413, 4.712894031572072, 3.1414987918826442, 1.5710408733716288, 4.712179889341987, 4.7157714333800245, -0.009616388489246465, -8.758323026901041e-05, -0.0004577085301426982, 0.00010559298019201474, 3.14160173478382, 1.5706955467828443, 3.1411557081188892, 0.0003128871440137159, 3.1414296848589465, -0.00038614044346093506, -0.00019975435053924323, 3.1424695769542144, 0.0001212719182617769, 1.571103595922952, 0.0008913001632869968, 4.711611883148281, 1.5710067428767633, 4.7125720232834745, 1.5708092594106882, 1.570756084541169, 3.1427858912984235, -0.0023342446812532705, 4.7119706982361125, 3.141026025843078, 0.029884654416744625, 4.71235978342461]",0.0
617,1.5660274542887174,"[1.5700979691154944, 4.712312009225484, 1.5705516821778922, 4.712427563897938, 3.1419963479834974, 4.713056708635858, 1.570280593744286, 1.5704427630068234, 3.1414773684164436, 4.712894031688156, 3.141498791740604, 1.5710408731687262, 4.712179889312655, 4.715771433303285, -0.009616388724171506, -8.758338852135046e-05, -0.00045770855154772636, 0.0001055930575651273, 3.1416017348115277, 1.5706955468472639, 3.141155708240538, 0.00031288740543395895, 3.141429685107486, -0.0003861403428436651, -0.00019975434626698206, 3.142469577073826, 0.00012127191377981527, 1.5711035958553325, 0.0008913000963793527, 4.711611883159075, 1.5710067430434809, 4.712572022992227, 1.5708092590700689, 1.5707560847681834, 3.142785891143114, -0.0023342446826464447, 4.71197069844533, 3.141026025947177, 0.02988465450679424, 4.712359783362148]",0.0
618,1.5660346285429154,"[1.5700979695184323, 4.712312009145055, 1.570551681927524, 4.712427563763905, 3.1419963480953843, 4.713056708510046, 1.5702805939536417, 1.5704427629580169, 3.141477368216867, 4.712894031658812, 3.1414987917275017, 1.5710408733705221, 4.712179889395946, 4.715771433390957, -0.00961638843052198, -8.758348274296305e-05, -0.0004577084154894742, 0.00010559296548688097, 3.141601734728724, 1.5706955465896375, 3.1411557080356123, 0.0003128872302863359, 3.1414296848498857, -0.00038614046804048103, -0.00019975423079356274, 3.1424695770949578, 0.00012127192025654822, 1.5711035958541615, 0.0008913000586364455, 4.711611883227605, 1.5710067429279204, 4.712572023241638, 1.5708092592671272, 1.5707560847564943, 3.14278589135268, -0.002334244829329456, 4.711970698133744, 3.141026025923362, 0.02988465458288698, 4.712359783464995]",0.0
619,1.5634749063735582,"[1.5700979694349868, 4.712312009218449, 1.5705516820306165, 4.712427563895725, 3.1419963481176203, 4.713056708462541, 1.5702805936613116, 1.5704427628121667, 3.1414773683835384, 4.712894031565837, 3.1414987916095036, 1.571040873415354, 4.712179889290004, 4.715771433544027, -0.009616388453239064, -8.75832809375078e-05, -0.0004577085114509249, 0.000105593064550634, 3.1416017350024443, 1.5706955467796568, 3.1411557083027644, 0.00031288724386565686, 3.1414296848518712, -0.000386140571813559, -0.00019975421333774752, 3.142469576965968, 0.00012127170575590136, 1.5711035958702482, 0.0008913003885668359, 4.711611883003091, 1.5710067427624177, 4.712572023624341, 1.570809259079901, 1.5707560845932305, 3.142785891289075, -0.0023342446857031285, 4.71197069792303, 3.141026026212401, 0.02988465473362428, 4.712359783521106]",0.0
620,1.5628254691516852,"[1.5700979696578328, 4.712312009218637, 1.570551681946878, 4.712427563812104, 3.1419963480725124, 4.713056708532111, 1.5702805938169322, 1.570442763053502, 3.1414773681449093, 4.712894031447747, 3.141498791885498, 1.571040873392573, 4.712179889206125, 4.715771433416029, -0.009616388444579833, -8.75833778735389e-05, -0.00045770853091430853, 0.00010559296158447719, 3.1416017348792855, 1.570695546906196, 3.14115570807077, 0.000312887369102159, 3.1414296847958023, -0.0003861404916751501, -0.00019975439541648939, 3.1424695770433013, 0.00012127197718342117, 1.5711035958380508, 0.0008913000578346983, 4.711611883099341, 1.5710067429426158, 4.712572023318294, 1.570809259169006, 1.570756084739999, 3.142785891283582, -0.0023342448385838183, 4.711970698283154, 3.1410260259500284, 0.029884654604331068, 4.712359783468754]",0.0
621,1.5566226327571888,"[1.5700979696586288, 4.712312009300945, 1.5705516819746528, 4.712427563776015, 3.141996348126179, 4.713056708167148, 1.5702805937025013, 1.570442762875987, 3.1414773681102854, 4.712894031811564, 3.141498791757965, 1.5710408732716896, 4.712179889096693, 4.715771433332905, -0.00961638851127743, -8.758337020576899e-05, -0.00045770885211983414, 0.00010559262219016869, 3.1416017348228142, 1.5706955467247044, 3.1411557081330415, 0.00031288740882694493, 3.141429684899738, -0.00038614064562500635, -0.00019975417234555624, 3.142469577057903, 0.00012127174772101703, 1.571103596000971, 0.0008913001203036809, 4.711611882919851, 1.5710067430802575, 4.712572023077971, 1.5708092593466487, 1.570756084747213, 3.142785891132802, -0.0023342448625099073, 4.711970697961005, 3.1410260257738694, 0.029884654532896165, 4.712359783306937]",0.0
622,1.554806071008139,"[1.5700979694545132, 4.712312009263639, 1.5705516819678802, 4.712427563816749, 3.141996348023432, 4.713056708343088, 1.570280593842355, 1.570442763065781, 3.1414773681340313, 4.712894031478031, 3.14149879167209, 1.5710408732908756, 4.712179889134014, 4.715771433462169, -0.009616388429307423, -8.75832371200018e-05, -0.00045770864136489693, 0.00010559313347151547, 3.1416017347540786, 1.570695546717045, 3.141155708209049, 0.0003128872542015031, 3.141429684806081, -0.00038614041763726335, -0.00019975419197435561, 3.142469576988455, 0.00012127196841216164, 1.5711035958050887, 0.0008913000904361286, 4.711611883212638, 1.5710067429035814, 4.7125720232414245, 1.5708092592712892, 1.57075608476656, 3.1427858913685633, -0.0023342448359398686, 4.7119706981375, 3.141026025884189, 0.029884654447547218, 4.712359783478522]",0.0
623,1.557348329038793,"[1.5700979693131405, 4.712312009415725, 1.5705516817029888, 4.7124275637221, 3.1419963479678383, 4.713056708450331, 1.5702805937637045, 1.5704427629103412, 3.1414773681264547, 4.712894031512188, 3.1414987916139134, 1.5710408732390737, 4.712179889411731, 4.71577143344761, -0.009616388356169046, -8.758338171698885e-05, -0.00045770859496323653, 0.00010559281797820561, 3.141601734725615, 1.5706955468865516, 3.1411557082985357, 0.00031288736526876817, 3.141429684568863, -0.00038614059241939765, -0.00019975434769875324, 3.1424695770554036, 0.00012127166404766391, 1.5711035960254274, 0.000891300246408067, 4.711611883378197, 1.5710067429538073, 4.712572023343485, 1.5708092592696936, 1.5707560847885411, 3.1427858915965374, -0.002334244894705147, 4.711970698483447, 3.1410260258755205, 0.02988465465206072, 4.712359783105517]",0.0
624,1.5682523414723775,"[1.5700979694173145, 4.712312009015633, 1.5705516820440548, 4.712427563878754, 3.141996347772411, 4.713056708319146, 1.5702805941616607, 1.5704427630550728, 3.1414773680901944, 4.7128940315945975, 3.141498792137178, 1.571040873204061, 4.712179889406432, 4.715771433613634, -0.009616388423148558, -8.758321997146713e-05, -0.00045770859843904683, 0.000105593052320774, 3.1416017347486633, 1.5706955469916255, 3.1411557082590176, 0.0003128872984550882, 3.1414296847991214, -0.00038614050267253406, -0.00019975415031998176, 3.142469577405524, 0.00012127168684336286, 1.5711035961163042, 0.0008913000512670996, 4.71161188307912, 1.5710067427801093, 4.71257202322827, 1.5708092592197938, 1.5707560847858024, 3.142785891344122, -0.0023342447734435987, 4.711970698070548, 3.1410260259237224, 0.02988465463323986, 4.712359783484685]",0.0
625,1.5586347433021457,"[1.5700979694936334, 4.7123120092569675, 1.5705516819655674, 4.712427563803057, 3.1419963481763897, 4.7130567083312, 1.5702805938402635, 1.5704427628786948, 3.1414773682136325, 4.712894031603546, 3.141498791791923, 1.5710408732898118, 4.71217988939666, 4.7157714333164185, -0.009616388406362107, -8.758321192170788e-05, -0.00045770860624247764, 0.0001055929887974022, 3.141601734765483, 1.5706955468540789, 3.14115570826369, 0.0003128871378460906, 3.14142968476062, -0.0003861405606637072, -0.0001997543768607517, 3.1424695770492486, 0.00012127209479842551, 1.5711035959909636, 0.000891300075550969, 4.711611883223317, 1.5710067429842027, 4.712572023191503, 1.5708092592604141, 1.5707560847730102, 3.142785891289613, -0.002334244796656618, 4.7119706981976535, 3.141026025992204, 0.029884654673607187, 4.712359783573789]",0.0
626,1.5678384309541067,"[1.5700979695698063, 4.7123120092479995, 1.5705516820161016, 4.712427563765686, 3.141996348053499, 4.713056708427583, 1.5702805938271827, 1.5704427629451172, 3.141477368153938, 4.712894031626882, 3.1414987918245156, 1.5710408732953947, 4.712179889320373, 4.715771433406505, -0.009616388335646528, -8.758332489389204e-05, -0.0004577085203348309, 0.00010559304492229511, 3.1416017347906093, 1.5706955468039066, 3.1411557081820316, 0.00031288733365378963, 3.141429684879201, -0.000386140552562169, -0.00019975426835008793, 3.1424695769847237, 0.00012127193713484196, 1.571103595940091, 0.0008913001234485677, 4.711611883197196, 1.57100674293385, 4.712572023188765, 1.5708092592123286, 1.5707560846837265, 3.142785891396463, -0.0023342447454715396, 4.711970698184079, 3.141026025974227, 0.029884654515223628, 4.712359783419804]",0.0
627,1.5582208327838747,"[1.5700979695190471, 4.712312009279733, 1.5705516819785308, 4.71242756378234, 3.141996348065834, 4.7130567082551496, 1.5702805938267503, 1.5704427630600029, 3.141477368186636, 4.71289403154179, 3.1414987918846666, 1.571040873296783, 4.7121798894898275, 4.715771433494471, -0.00961638851511337, -8.758343537338368e-05, -0.00045770844811625876, 0.00010559291314417421, 3.1416017347703695, 1.570695546864841, 3.1411557083381756, 0.00031288731585336584, 3.141429684847835, -0.00038614053861015353, -0.00019975430635855846, 3.1424695769082254, 0.00012127198620971707, 1.5711035957161628, 0.0008913001517940503, 4.71161188321424, 1.5710067429089793, 4.712572023285961, 1.5708092593235936, 1.570756084778803, 3.142785891267375, -0.002334244714097585, 4.711970698106351, 3.141026025842504, 0.0298846545167194, 4.712359783416291]",0.0
628,1.5651596553444809,"[1.5700979694607813, 4.712312009209652, 1.5705516820190963, 4.712427563836827, 3.141996348068988, 4.713056708441803, 1.5702805938541433, 1.5704427629685616, 3.141477368126145, 4.712894031585859, 3.141498791745835, 1.5710408733025458, 4.712179889409733, 4.715771433456302, -0.009616388387864886, -8.758330742418239e-05, -0.0004577085707917081, 0.00010559294042706581, 3.1416017348174146, 1.5706955468191788, 3.1411557081670303, 0.00031288728936805277, 3.1414296848641916, -0.00038614056789715664, -0.00019975429982836264, 3.142469576956465, 0.00012127196535608848, 1.5711035958578126, 0.0008913000349993882, 4.711611883075779, 1.5710067428886934, 4.712572023237439, 1.5708092592626823, 1.570756084732787, 3.142785891404689, -0.0023342447728548683, 4.711970698185221, 3.1410260259001253, 0.02988465454754627, 4.712359783439568]",0.0
629,1.5725007456642226,"[1.5700979693793724, 4.712312009207911, 1.5705516818754541, 4.7124275636885224, 3.1419963480747835, 4.713056708350478, 1.5702805938740478, 1.5704427629052387, 3.1414773682359405, 4.71289403158941, 3.1414987919378166, 1.5710408733759007, 4.712179889255903, 4.715771433394104, -0.009616388328192432, -8.758336711009084e-05, -0.0004577086731952745, 0.00010559300945426703, 3.141601734699928, 1.5706955467991142, 3.141155708169174, 0.00031288727124883234, 3.141429684876478, -0.0003861406655612708, -0.0001997542768412924, 3.14246957701387, 0.00012127188476012601, 1.5711035956295485, 0.0008913000824356518, 4.71161188312639, 1.571006742872519, 4.712572023199447, 1.5708092592832221, 1.5707560846613005, 3.1427858913405498, -0.0023342447064484467, 4.711970698279618, 3.1410260259927245, 0.02988465460554892, 4.712359783475396]",0.0
630,1.5614344606800423,"[1.5700979694993982, 4.712312009238758, 1.5705516819937146, 4.712427563799342, 3.1419963480251716, 4.713056708392807, 1.5702805938447795, 1.5704427629943836, 3.141477368194314, 4.7128940315295855, 3.141498791828529, 1.5710408732561831, 4.712179889347969, 4.715771433370152, -0.009616388340043457, -8.75833936952394e-05, -0.00045770855299491725, 0.00010559301165456596, 3.1416017348715113, 1.5706955467958146, 3.141155708190381, 0.0003128871919148975, 3.14142968489379, -0.0003861405533022998, -0.00019975424294576467, 3.142469576993785, 0.00012127193404936484, 1.5711035958828103, 0.0008913000698528097, 4.71161188314097, 1.5710067429508099, 4.712572023273197, 1.5708092593267047, 1.570756084719906, 3.142785891302516, -0.0023342447847356338, 4.711970698210843, 3.1410260259602225, 0.02988465456739647, 4.712359783369901]",0.0
631,1.5580668510661995,"[1.570097969558642, 4.712312009167711, 1.5705516821061247, 4.71242756375008, 3.1419963480190884, 4.713056708184231, 1.5702805937487725, 1.5704427628909676, 3.1414773682818304, 4.712894031583004, 3.14149879176463, 1.5710408733585322, 4.712179889382986, 4.715771433453987, -0.009616388365337982, -8.758331622862391e-05, -0.0004577085132546525, 0.00010559297060467182, 3.1416017349006964, 1.5706955467592716, 3.141155708137014, 0.00031288728642444474, 3.141429684815374, -0.0003861404653735047, -0.00019975440088735043, 3.1424695770349387, 0.00012127180308127032, 1.5711035958578914, 0.000891299996324383, 4.711611883206054, 1.5710067428075651, 4.712572023225995, 1.5708092593039216, 1.5707560847662703, 3.142785891325693, -0.0023342448282800037, 4.711970698336778, 3.141026025956605, 0.029884654439253797, 4.71235978349193]",0.0
632,1.5690859838884872,"[1.5700979694895134, 4.712312009197181, 1.570551681974218, 4.712427563753101, 3.1419963480477073, 4.713056708405938, 1.5702805937954976, 1.5704427629307767, 3.1414773682242503, 4.712894031578121, 3.141498791859913, 1.5710408732653645, 4.712179889397263, 4.715771433373234, -0.00961638841807343, -8.758331315622925e-05, -0.00045770853771768486, 0.00010559301335169875, 3.1416017348356524, 1.570695546818331, 3.141155708166312, 0.00031288728539228237, 3.1414296847710785, -0.00038614054338733674, -0.0001997542246625391, 3.142469576992314, 0.00012127190005044334, 1.571103595827684, 0.0008913000707851709, 4.711611883127886, 1.5710067430185266, 4.71257202326914, 1.5708092592306253, 1.5707560847062139, 3.1427858913800115, -0.002334244808995837, 4.711970698179936, 3.1410260258906213, 0.02988465448475066, 4.712359783484504]",0.0
633,1.566202722473079,"[1.570097969511104, 4.71231200922299, 1.5705516819353669, 4.712427563945105, 3.14199634800075, 4.71305670837586, 1.5702805936206639, 1.5704427631212345, 3.141477368117663, 4.712894031695089, 3.1414987918461037, 1.5710408732988421, 4.712179889414314, 4.715771433353865, -0.009616388329841989, -8.758339566228589e-05, -0.0004577086225508533, 0.00010559297443281901, 3.141601734815273, 1.570695546777635, 3.1411557081220782, 0.00031288714658894045, 3.1414296847586427, -0.00038614051789065016, -0.00019975433653418093, 3.1424695771326663, 0.00012127194597390461, 1.5711035957863562, 0.0008913001443436289, 4.71161188317533, 1.5710067428700933, 4.712572023206744, 1.5708092591726939, 1.5707560847312876, 3.142785891383512, -0.002334244677085623, 4.71197069815972, 3.141026025959735, 0.02988465448064129, 4.712359783430959]",0.0
634,1.5616355945596099,"[1.5700979695225068, 4.712312009184554, 1.5705516819870087, 4.712427563885818, 3.1419963480787856, 4.713056708409638, 1.5702805938371698, 1.570442762950946, 3.1414773682126262, 4.7128940315646854, 3.1414987918449873, 1.571040873417252, 4.712179889362649, 4.715771433398161, -0.00961638835866114, -8.758335989287854e-05, -0.000457708585330948, 0.00010559300292900258, 3.1416017347823293, 1.5706955468018642, 3.141155708272461, 0.0003128872661397836, 3.141429684870821, -0.00038614049058127573, -0.00019975432463184925, 3.142469577000336, 0.00012127187564336984, 1.5711035958503585, 0.0008913000925604868, 4.711611883148834, 1.5710067429971994, 4.712572023216833, 1.5708092592844916, 1.5707560847276125, 3.1427858913983218, -0.0023342448089285848, 4.711970698176623, 3.1410260259260374, 0.029884654516639263, 4.712359783421133]",0.0
635,1.5595660419682553,"[1.5700979695135338, 4.712312009282046, 1.5705516818804697, 4.712427563936855, 3.14199634782149, 4.7130567083101775, 1.5702805938038003, 1.5704427629771496, 3.1414773682737525, 4.712894031611641, 3.1414987917573267, 1.5710408732819823, 4.7121798893245215, 4.715771433392372, -0.009616388383585384, -8.758326612388614e-05, -0.0004577084222273145, 0.00010559303362473223, 3.1416017347358647, 1.570695546757247, 3.141155708163298, 0.00031288734612476294, 3.1414296849475662, -0.0003861406674474385, -0.00019975444028610378, 3.1424695770543676, 0.00012127197516717505, 1.5711035958434507, 0.000891300077995892, 4.711611883121328, 1.5710067429993808, 4.712572023285746, 1.570809259312711, 1.5707560846378457, 3.142785891353698, -0.0023342448818220295, 4.711970698159476, 3.1410260258819513, 0.02988465458445501, 4.712359783486636]",0.0
636,1.55521998152641,"[1.5700979695311517, 4.7123120091483965, 1.5705516819951648, 4.712427563839619, 3.141996347999329, 4.713056708364519, 1.5702805938599271, 1.5704427629203939, 3.1414773682116555, 4.71289403158376, 3.1414987918073836, 1.5710408732784864, 4.7121798893764995, 4.71577143335623, -0.009616388406061303, -8.758336544343889e-05, -0.0004577086288862922, 0.0001055929790187697, 3.1416017347672414, 1.5706955468445154, 3.141155708148892, 0.0003128872854311137, 3.141429684861695, -0.00038614052359031643, -0.00019975429567107802, 3.1424695769590745, 0.00012127196890193499, 1.5711035958350348, 0.0008913001260750597, 4.711611883215929, 1.5710067428790933, 4.712572023273416, 1.5708092592097211, 1.570756084675928, 3.1427858913441526, -0.0023342448545742123, 4.711970698174114, 3.1410260259306626, 0.02988465453618806, 4.712359783398636]",0.0
637,1.5577092660156038,"[1.5700979694009147, 4.712312009232286, 1.5705516819532654, 4.71242756386078, 3.1419963480362267, 4.713056708300433, 1.5702805938669704, 1.570442763022276, 3.1414773682208965, 4.712894031581648, 3.1414987918521313, 1.5710408733247103, 4.712179889321916, 4.715771433328326, -0.009616388248346607, -8.758333975215572e-05, -0.0004577085209234512, 0.00010559284345625628, 3.141601734718619, 1.5706955467135488, 3.1411557082405723, 0.00031288738514687417, 3.141429684779117, -0.0003861403835966911, -0.00019975427066245852, 3.1424695769354094, 0.000121271976648283, 1.5711035959556712, 0.0008912999656908267, 4.711611883129709, 1.5710067429348045, 4.712572023377085, 1.5708092591686986, 1.5707560845844595, 3.142785891269448, -0.002334244692155741, 4.7119706982139915, 3.1410260259462395, 0.02988465451830708, 4.712359783450916]",0.0
638,1.5613309830504747,"[1.5700979694634405, 4.71231200928002, 1.570551682078431, 4.712427563826867, 3.1419963480494966, 4.713056708398004, 1.570280593836175, 1.5704427629877586, 3.141477368216732, 4.7128940316268855, 3.14149879187617, 1.571040873337872, 4.71217988931622, 4.715771433415592, -0.009616388413004811, -8.7583363231058e-05, -0.0004577085447061178, 0.00010559297472284537, 3.141601734837515, 1.5706955467670665, 3.1411557082021875, 0.0003128872759609834, 3.141429684777806, -0.00038614055369685517, -0.00019975429351791674, 3.1424695770215894, 0.00012127196927482471, 1.5711035958538833, 0.0008913000972367938, 4.711611883175883, 1.5710067428949015, 4.7125720232352775, 1.5708092592908025, 1.5707560846131188, 3.1427858913895017, -0.002334244852371246, 4.7119706981930705, 3.1410260258992433, 0.02988465456896012, 4.712359783430194]",0.0
639,1.5653666106036164,"[1.5700979694284913, 4.71231200931955, 1.570551681980465, 4.712427563819491, 3.141996348004114, 4.713056708405019, 1.570280593887629, 1.5704427629691928, 3.1414773681137205, 4.712894031605536, 3.141498791889988, 1.5710408733689292, 4.712179889434448, 4.715771433200728, -0.00961638836654103, -8.758325915717256e-05, -0.00045770854962499117, 0.00010559310665323583, 3.14160173485473, 1.5706955467158783, 3.1411557081425467, 0.0003128874049020199, 3.14142968475265, -0.0003861405032434602, -0.00019975438614196642, 3.142469576899522, 0.00012127185968314746, 1.5711035958358075, 0.0008913001257280063, 4.711611883116592, 1.5710067428269627, 4.712572023213031, 1.5708092592949425, 1.5707560848430657, 3.1427858912477444, -0.002334244848282154, 4.711970698095417, 3.1410260259644085, 0.029884654574371422, 4.712359783380134]",0.0
640,1.5571918778677647,"[1.5700979694655468, 4.712312009221412, 1.5705516820447103, 4.712427563759123, 3.1419963480199113, 4.713056708383164, 1.570280593787262, 1.5704427629217235, 3.1414773681403907, 4.7128940314948595, 3.1414987918048776, 1.571040873315043, 4.7121798893758235, 4.715771433379352, -0.009616388311538862, -8.75833548365002e-05, -0.0004577085447109227, 0.0001055929829496249, 3.1416017347921152, 1.570695546781311, 3.1411557081818096, 0.0003128872986626178, 3.141429684868025, -0.0003861404982224005, -0.00019975432729836155, 3.1424695770655258, 0.00012127193288449574, 1.5711035958363464, 0.000891300137959031, 4.711611883158939, 1.5710067429411931, 4.71257202322385, 1.5708092592332479, 1.570756084679735, 3.142785891327862, -0.0023342447795629004, 4.711970698151551, 3.141026025838957, 0.029884654597623666, 4.712359783459848]",0.0
641,1.558071319571137,"[1.5700979694563766, 4.712312009249523, 1.5705516821093963, 4.712427563913533, 3.1419963481034188, 4.713056708330811, 1.5702805939196691, 1.570442762989057, 3.1414773681343355, 4.7128940315504195, 3.1414987917316752, 1.5710408733110905, 4.712179889288698, 4.715771433321772, -0.00961638838892934, -8.758348342798444e-05, -0.00045770849083311035, 0.00010559307073000999, 3.1416017346772245, 1.5706955469047954, 3.1411557081071075, 0.000312887209276908, 3.1414296847467997, -0.0003861406768666491, -0.00019975436670299773, 3.1424695769381104, 0.00012127177522049081, 1.5711035959089654, 0.0008913000995563, 4.711611883161135, 1.571006742958657, 4.712572023268724, 1.5708092592243315, 1.5707560846707542, 3.1427858912759343, -0.002334244730072615, 4.711970698197964, 3.1410260258506773, 0.02988465447745047, 4.7123597835124]",0.0
642,1.569287117768055,"[1.5700979695207435, 4.71231200921823, 1.5705516820441703, 4.7124275637912705, 3.1419963480192643, 4.713056708434389, 1.570280593861267, 1.570442762995, 3.1414773681706136, 4.712894031558697, 3.141498791796772, 1.5710408732966479, 4.712179889318464, 4.715771433292832, -0.00961638838856548, -8.758326924831484e-05, -0.000457708508096255, 0.00010559288446206556, 3.1416017347865135, 1.5706955467968904, 3.1411557082524437, 0.00031288725701770283, 3.141429684859126, -0.00038614058116321893, -0.00019975431122201136, 3.1424695770425033, 0.000121271884390906, 1.571103595798856, 0.0008913000790004432, 4.711611883202724, 1.5710067429051873, 4.712572023264905, 1.5708092592511498, 1.570756084710697, 3.1427858913551403, -0.0023342447917452953, 4.711970698166618, 3.141026025961449, 0.029884654495228015, 4.712359783448614]",0.0
643,1.5527365184167843,"[1.5700979695074029, 4.712312009215937, 1.5705516820040915, 4.712427563841791, 3.141996348031302, 4.713056708395216, 1.570280593818843, 1.570442762983986, 3.1414773681993435, 4.712894031538589, 3.14149879182223, 1.571040873330926, 4.712179889377275, 4.71577143339668, -0.009616388382800578, -8.758330940603681e-05, -0.00045770854268733054, 0.00010559296606980356, 3.141601734770718, 1.5706955467702428, 3.141155708171988, 0.00031288729323680157, 3.1414296848252845, -0.0003861405728462181, -0.00019975425820528277, 3.1424695769938564, 0.00012127191947638863, 1.5711035958631572, 0.0008913001191940345, 4.711611883164117, 1.5710067429243448, 4.712572023216565, 1.5708092592637355, 1.5707560847016595, 3.1427858913140603, -0.0023342447882213004, 4.711970698214303, 3.1410260259386775, 0.029884654539701554, 4.712359783448281]",0.0
644,1.5657170214000142,"[1.5700979694409225, 4.7123120092283575, 1.5705516820024301, 4.712427563744125, 3.141996348001157, 4.713056708421537, 1.5702805938268254, 1.5704427629936888, 3.1414773682329806, 4.712894031581231, 3.141498791814395, 1.571040873393276, 4.71217988935935, 4.715771433410351, -0.00961638833907487, -8.758336162070122e-05, -0.00045770857387592706, 0.00010559296497302064, 3.141601734771564, 1.5706955468163706, 3.141155708184716, 0.0003128872742425013, 3.141429684845309, -0.0003861405929515175, -0.00019975431683645685, 3.1424695770251097, 0.00012127198625025961, 1.571103595918866, 0.0008913001447373436, 4.711611883140398, 1.5710067429154964, 4.712572023281256, 1.5708092592585667, 1.570756084754078, 3.1427858912950533, -0.002334244831914714, 4.711970698168972, 3.1410260259269793, 0.029884654423205093, 4.712359783452564]",0.0
645,1.5556092295464805,"[1.57009796950535, 4.712312009235599, 1.5705516819958805, 4.712427563809161, 3.1419963480560016, 4.7130567083804245, 1.5702805938373776, 1.5704427629677347, 3.141477368182607, 4.712894031597283, 3.1414987917939374, 1.57104087335592, 4.712179889373713, 4.715771433382423, -0.009616388378429604, -8.758330575482744e-05, -0.00045770853206408173, 0.00010559300925794629, 3.1416017347844183, 1.5706955468189872, 3.1411557081905044, 0.00031288728344771867, 3.1414296848391503, -0.00038614055337860605, -0.0001997542741667153, 3.1424695770467883, 0.00012127193482206162, 1.5711035958378436, 0.0008913000764856647, 4.711611883152535, 1.5710067429233903, 4.712572023263152, 1.5708092592428007, 1.5707560846873387, 3.1427858913060023, -0.002334244792118022, 4.711970698200875, 3.141026025911782, 0.029884654522545108, 4.712359783391611]",0.0
646,1.561616753440977,"[1.5700979695002526, 4.712312009170796, 1.5705516819668655, 4.7124275638214606, 3.141996348098376, 4.713056708364493, 1.5702805939145308, 1.5704427630176279, 3.141477368262569, 4.712894031542467, 3.1414987917912107, 1.5710408732981336, 4.712179889357881, 4.715771433375025, -0.009616388373659706, -8.758329691723153e-05, -0.0004577085728787146, 0.00010559298958753997, 3.141601734874553, 1.5706955467595856, 3.1411557081656856, 0.00031288732458733637, 3.141429684819773, -0.000386140580985165, -0.00019975435272488057, 3.142469577046455, 0.00012127194552991059, 1.5711035958666095, 0.0008913001599169855, 4.711611883170323, 1.5710067429325039, 4.71257202323476, 1.570809259265103, 1.5707560846775055, 3.1427858913476863, -0.002334244714013759, 4.711970698184638, 3.1410260258745204, 0.02988465450101732, 4.712359783398616]",0.0
647,1.5610205501617713,"[1.5700979694504769, 4.712312009200296, 1.5705516819923402, 4.712427563821979, 3.141996348051032, 4.713056708415163, 1.570280593812766, 1.570442762981916, 3.141477368225504, 4.712894031601221, 3.1414987918099997, 1.5710408732967986, 4.712179889332605, 4.715771433369976, -0.009616388397948164, -8.758333278539864e-05, -0.00045770852000832305, 0.00010559298668616322, 3.141601734795113, 1.5706955468235135, 3.1411557081966266, 0.0003128872994540286, 3.14142968486412, -0.00038614052464765403, -0.00019975430017728026, 3.1424695770114197, 0.00012127192272837466, 1.5711035958622521, 0.0008913001085024666, 4.711611883156089, 1.5710067429101895, 4.712572023215571, 1.570809259258371, 1.5707560847176605, 3.142785891314, -0.0023342447822767313, 4.711970698210537, 3.1410260259078293, 0.029884654530448758, 4.7123597834351445]",0.0
648,1.5553118163968425,"[1.570097969453072, 4.712312009296318, 1.5705516820108594, 4.712427563849165, 3.1419963480104443, 4.7130567084106545, 1.5702805938699997, 1.5704427629180648, 3.1414773681807464, 4.712894031543375, 3.1414987917923654, 1.571040873292131, 4.712179889394301, 4.715771433403034, -0.00961638846849399, -8.758338099252269e-05, -0.0004577085956035129, 0.00010559299073094713, 3.1416017348184804, 1.5706955467579795, 3.141155708207435, 0.00031288732188338407, 3.1414296848633554, -0.0003861405331794357, -0.00019975432436836473, 3.142469577067993, 0.00012127193674357031, 1.571103595843696, 0.0008913000829965987, 4.71161188316317, 1.5710067429679755, 4.712572023208646, 1.5708092592097331, 1.570756084678575, 3.142785891285496, -0.0023342447599844617, 4.711970698223639, 3.1410260259937557, 0.029884654468620743, 4.712359783441005]",0.0
649,1.5682639842315131,"[1.570097969508467, 4.712312009237176, 1.5705516819765788, 4.7124275638245345, 3.141996348038428, 4.713056708388109, 1.5702805938522058, 1.5704427629701256, 3.1414773681735664, 4.7128940315943035, 3.141498791812869, 1.5710408733278864, 4.712179889364763, 4.715771433360529, -0.009616388382144403, -8.758334932794793e-05, -0.00045770856098568724, 0.00010559298966329675, 3.1416017348250387, 1.570695546780215, 3.1411557082158, 0.00031288729737124257, 3.1414296848649492, -0.0003861405599847205, -0.00019975427424018634, 3.142469577018139, 0.00012127192657278485, 1.5711035958642563, 0.0008913001182849486, 4.711611883159674, 1.571006742903315, 4.712572023268016, 1.5708092592468033, 1.5707560847122315, 3.1427858913376014, -0.002334244787550928, 4.71197069823267, 3.1410260258891856, 0.029884654521506685, 4.712359783487933]",0.0
650,1.556461713081223,"[1.5700979694354542, 4.712312009196933, 1.570551681955116, 4.712427563885801, 3.141996348046076, 4.713056708335658, 1.5702805938407143, 1.5704427628842026, 3.141477368135635, 4.712894031539287, 3.1414987918251547, 1.571040873363022, 4.712179889308556, 4.71577143337609, -0.009616388367784804, -8.75833505673835e-05, -0.0004577084687682473, 0.0001055929477269612, 3.1416017348659597, 1.570695546830895, 3.1411557081597135, 0.00031288730646913157, 3.14142968482324, -0.0003861405754111944, -0.00019975424807403198, 3.142469577035151, 0.00012127198200459824, 1.5711035958504045, 0.000891300110292814, 4.711611883195455, 1.5710067429226033, 4.712572023218703, 1.570809259266961, 1.5707560847268573, 3.1427858913499755, -0.0023342447879049376, 4.71197069816369, 3.1410260259556804, 0.029884654487695516, 4.71235978342609]",0.0
651,1.5569674584699262,"[1.5700979694932313, 4.7123120092418285, 1.5705516819845293, 4.712427563819287, 3.1419963480723965, 4.713056708403643, 1.5702805937970608, 1.570442762941668, 3.141477368216698, 4.71289403157221, 3.1414987917678863, 1.5710408733327406, 4.712179889347132, 4.71577143338231, -0.009616388381489573, -8.758334258202917e-05, -0.00045770853603135784, 0.00010559298345857116, 3.1416017348231695, 1.570695546778809, 3.1411557081955817, 0.00031288728546161656, 3.1414296848409236, -0.0003861405571232692, -0.00019975430409591524, 3.142469576982629, 0.00012127192621008889, 1.5711035958372213, 0.0008913001304971413, 4.711611883149256, 1.571006742915282, 4.712572023278698, 1.5708092592477256, 1.570756084682635, 3.14278589132733, -0.002334244778725262, 4.711970698171283, 3.1410260259554224, 0.02988465452680204, 4.712359783445004]",0.0
652,1.5619460274483132,"[1.5700979694830555, 4.712312009190451, 1.5705516819772805, 4.712427563837378, 3.1419963480130293, 4.713056708381112, 1.57028059387905, 1.5704427629535966, 3.1414773681973474, 4.712894031568022, 3.1414987918425927, 1.5710408732954309, 4.71217988935664, 4.715771433470044, -0.009616388399325807, -8.758331569865586e-05, -0.0004577085423420697, 0.00010559300128003527, 3.141601734803461, 1.5706955468307255, 3.141155708220618, 0.00031288728556763754, 3.1414296848131475, -0.0003861405373406584, -0.0001997542758798538, 3.1424695770929527, 0.00012127184710653258, 1.5711035959066773, 0.000891300128858315, 4.711611883119894, 1.571006742855684, 4.712572023293333, 1.5708092592458658, 1.5707560846935553, 3.1427858913127347, -0.002334244773790832, 4.711970698108779, 3.141026025981123, 0.02988465456717857, 4.712359783466777]",0.0
653,1.5664990431492938,"[1.5700979694843262, 4.712312009190773, 1.5705516819960916, 4.712427563814073, 3.1419963480666935, 4.713056708384921, 1.5702805938293527, 1.5704427630001632, 3.1414773681659742, 4.712894031580959, 3.1414987918211663, 1.5710408733261567, 4.712179889368893, 4.715771433383004, -0.00961638838215494, -8.75833329708507e-05, -0.00045770855179137033, 0.00010559300040375578, 3.1416017348205867, 1.5706955467990946, 3.141155708179622, 0.0003128873048284305, 3.141429684873436, -0.00038614055639368914, -0.00019975430071343434, 3.1424695770144475, 0.00012127193246546618, 1.5711035958521316, 0.0008913000780885334, 4.71161188317336, 1.5710067429297185, 4.712572023238816, 1.5708092592770333, 1.5707560846612876, 3.142785891303913, -0.0023342448013712563, 4.7119706981586775, 3.1410260259501612, 0.029884654507321223, 4.7123597834813]",0.0
654,1.5645271468079387,"[1.5700979694447967, 4.712312009245526, 1.5705516818957794, 4.712427563782918, 3.1419963480582798, 4.713056708401706, 1.570280593808733, 1.5704427629891902, 3.141477368137808, 4.712894031556188, 3.1414987917624204, 1.571040873296447, 4.7121798893847044, 4.715771433406935, -0.009616388375319179, -8.75833534519725e-05, -0.0004577085635838277, 0.000105592950663069, 3.14160173478791, 1.570695546823279, 3.1411557082046415, 0.00031288733010611966, 3.141429684788631, -0.0003861405610398867, -0.00019975432645870833, 3.142469577028964, 0.00012127186175568851, 1.5711035958967687, 0.0008913001095931095, 4.711611883241892, 1.5710067429350512, 4.712572023258781, 1.5708092592995082, 1.5707560846760242, 3.142785891365581, -0.0023342448433644873, 4.711970698236204, 3.1410260259388787, 0.029884654537021545, 4.712359783392371]",0.0
655,1.565567744483184,"[1.5700979694900745, 4.712312009272078, 1.5705516819872163, 4.712427563839655, 3.141996348052856, 4.713056708407229, 1.57028059385927, 1.5704427629592694, 3.141477368209315, 4.712894031590083, 3.1414987918232673, 1.5710408733073773, 4.712179889359924, 4.715771433413666, -0.009616388342676523, -8.758331387815439e-05, -0.0004577085538528434, 0.00010559296188608259, 3.141601734812664, 1.5706955468200612, 3.141155708153593, 0.00031288728577445594, 3.14142968485411, -0.00038614053210281514, -0.00019975429518739746, 3.1424695770141216, 0.00012127191041219927, 1.5711035958369053, 0.0008913001048045662, 4.71161188319617, 1.5710067429335215, 4.71257202325112, 1.570809259263672, 1.5707560847107882, 3.1427858913163877, -0.0023342447880075855, 4.711970698178832, 3.141026025916526, 0.029884654512931284, 4.712359783458185]",0.0
656,1.5602903853752292,"[1.5700979695489539, 4.712312009235119, 1.5705516819906915, 4.712427563829317, 3.1419963480065656, 4.713056708433019, 1.5702805938285158, 1.5704427629388646, 3.1414773682355754, 4.712894031558232, 3.141498791758848, 1.5710408733152548, 4.712179889365445, 4.715771433343816, -0.009616388352830432, -8.758338528842686e-05, -0.0004577085716499925, 0.00010559299685528155, 3.1416017347790195, 1.5706955468483457, 3.141155708205909, 0.0003128873534395784, 3.1414296847696837, -0.0003861405376212584, -0.00019975426509034866, 3.1424695770523585, 0.0001212719658446359, 1.5711035958434205, 0.0008913000572652396, 4.711611883152438, 1.5710067428829153, 4.712572023216221, 1.5708092593698801, 1.5707560846881585, 3.1427858913288986, -0.002334244735023559, 4.711970698163697, 3.1410260259270415, 0.029884654509571694, 4.712359783468188]",0.0
657,1.5604915192547968,"[1.5700979695478614, 4.712312009244335, 1.5705516819687644, 4.7124275638037005, 3.1419963480719284, 4.713056708335197, 1.570280593812299, 1.5704427629373259, 3.141477368166843, 4.712894031624024, 3.1414987918073076, 1.571040873297114, 4.712179889288475, 4.715771433378182, -0.009616388415159364, -8.758335328150802e-05, -0.0004577086054758797, 0.00010559288995584033, 3.1416017347927876, 1.5706955467682095, 3.1411557081732058, 0.00031288731059532217, 3.1414296848434384, -0.00038614056835158627, -0.000199754284093724, 3.1424695770298814, 0.00012127189292989681, 1.5711035958888337, 0.0008913001019830083, 4.711611883088165, 1.571006742950791, 4.712572023195174, 1.5708092592811376, 1.570756084712508, 3.142785891276563, -0.002334244812219405, 4.7119706981330625, 3.1410260258901705, 0.029884654513578888, 4.712359783405618]",0.0
658,1.5549178394706278,"[1.570097969498691, 4.7123120092254425, 1.570551681969352, 4.712427563845398, 3.1419963480277144, 4.713056708383904, 1.570280593790135, 1.570442763001303, 3.1414773681716963, 4.712894031598281, 3.1414987918241164, 1.5710408733051913, 4.712179889368937, 4.715771433379845, -0.009616388366620108, -8.758335339500296e-05, -0.0004577085569377926, 0.00010559298259076968, 3.1416017347988996, 1.5706955467880004, 3.1411557081719277, 0.0003128872523681748, 3.14142968481107, -0.00038614054416972934, -0.00019975431741626776, 3.1424695770445448, 0.00012127193729991601, 1.5711035958400281, 0.0008913001048146044, 4.711611883155579, 1.5710067429080363, 4.71257202323247, 1.570809259236496, 1.5707560847106068, 3.142785891350175, -0.0023342447567012824, 4.711970698179995, 3.141026025940448, 0.02988465450412058, 4.71235978343503]",0.0
659,1.552115652639378,"[1.5700979694929016, 4.712312009222281, 1.570551681987366, 4.712427563814369, 3.1419963480531936, 4.713056708389042, 1.5702805938499276, 1.570442762975872, 3.1414773682032506, 4.712894031579631, 3.1414987918002586, 1.5710408733135854, 4.712179889360117, 4.715771433387325, -0.009616388371496387, -8.758335952055419e-05, -0.00045770853526120393, 0.0001055929814014925, 3.1416017347968914, 1.5706955467828416, 3.1411557081857184, 0.0003128873009497729, 3.141429684835073, -0.00038614055521145254, -0.00019975429078320428, 3.1424695770304676, 0.00012127192927334373, 1.5711035958491715, 0.0008913000894663299, 4.7116118831637905, 1.571006742924007, 4.7125720232383435, 1.5708092592456178, 1.5707560847207307, 3.1427858913373505, -0.0023342448006478424, 4.711970698178357, 3.1410260259370477, 0.029884654531248618, 4.712359783445235]",0.0
660,1.571471790748113,"[1.5700979695025785, 4.712312009209413, 1.5705516819600176, 4.712427563798236, 3.1419963480418702, 4.713056708417087, 1.570280593866471, 1.5704427629413311, 3.1414773681806443, 4.712894031582015, 3.1414987918129116, 1.5710408733313967, 4.712179889361551, 4.715771433390271, -0.009616388410742197, -8.75833497814188e-05, -0.00045770850841273924, 0.00010559297818498363, 3.1416017347739724, 1.5706955467534713, 3.1411557081563015, 0.0003128872544617791, 3.1414296848359515, -0.0003861405202905123, -0.00019975430961533837, 3.142469577018821, 0.00012127193344838417, 1.57110359586404, 0.000891300097890592, 4.7116118831684, 1.5710067429121795, 4.712572023246856, 1.5708092592869143, 1.5707560846914146, 3.14278589132973, -0.002334244773688686, 4.711970698184571, 3.1410260259183422, 0.029884654512733762, 4.712359783442308]",0.0
661,1.5536445315646232,"[1.5700979694767923, 4.712312009228489, 1.570551681984066, 4.712427563824262, 3.1419963480276265, 4.713056708374396, 1.5702805938399023, 1.5704427629549684, 3.141477368199401, 4.712894031589108, 3.1414987918024426, 1.5710408733038805, 4.7121798893699385, 4.715771433383834, -0.00961638836992251, -8.758332919121894e-05, -0.0004577085386743077, 0.00010559298952771617, 3.1416017347895524, 1.5706955467822814, 3.141155708200464, 0.00031288728473712356, 3.1414296848481893, -0.00038614056316201375, -0.00019975429611220958, 3.142469577016488, 0.00012127192478923545, 1.571103595858212, 0.0008913001008382386, 4.711611883159526, 1.5710067429229877, 4.712572023236221, 1.5708092592726377, 1.5707560846921447, 3.142785891342192, -0.002334244787840984, 4.711970698175614, 3.1410260259237717, 0.029884654509782286, 4.712359783440348]",0.0
662,1.5544004513227891,"[1.5700979695214115, 4.712312009239157, 1.5705516819599092, 4.712427563833836, 3.1419963480026216, 4.713056708382071, 1.5702805938331275, 1.5704427629733677, 3.1414773682009374, 4.712894031551049, 3.1414987918212964, 1.5710408733094263, 4.712179889327229, 4.715771433397542, -0.009616388384484297, -8.758332529925501e-05, -0.0004577085168793343, 0.00010559299542136656, 3.141601734794141, 1.5706955468101487, 3.14115570818123, 0.00031288731218626417, 3.1414296848465186, -0.0003861405704738187, -0.00019975435143971133, 3.142469577017145, 0.00012127194950731675, 1.5711035958509751, 0.0008913000816481786, 4.7116118831307, 1.5710067429412964, 4.7125720232564605, 1.5708092592559848, 1.5707560846982094, 3.142785891338456, -0.002334244809347028, 4.711970698197962, 3.1410260259287903, 0.029884654535957348, 4.712359783448135]",0.0
663,1.5558982893502145,"[1.5700979694855863, 4.712312009225274, 1.570551681970649, 4.712427563800339, 3.1419963480244286, 4.713056708389113, 1.5702805938459397, 1.5704427629653301, 3.141477368197079, 4.712894031577237, 3.1414987918121, 1.5710408733350303, 4.712179889347327, 4.715771433389783, -0.00961638838026846, -8.758334030391643e-05, -0.00045770855394597495, 0.00010559298030583995, 3.141601734809108, 1.5706955468021133, 3.141155708191748, 0.00031288728256447385, 3.1414296848347933, -0.0003861405613299073, -0.00019975429982395344, 3.1424695770058757, 0.00012127192051863808, 1.5711035958472581, 0.000891300085778918, 4.711611883165106, 1.5710067429176853, 4.712572023224835, 1.5708092592489666, 1.5707560846946342, 3.142785891330019, -0.002334244771186962, 4.711970698183998, 3.1410260259275677, 0.02988465453075692, 4.712359783445264]",0.0
664,1.5548635130545372,"[1.5700979694739852, 4.712312009223955, 1.5705516819811116, 4.7124275637956226, 3.141996348081992, 4.71305670837737, 1.5702805938475932, 1.5704427629441038, 3.1414773681864427, 4.712894031562021, 3.1414987918515984, 1.5710408733002896, 4.7121798893366424, 4.7157714333910095, -0.009616388358556126, -8.758333992611315e-05, -0.0004577085664999212, 0.00010559299207278503, 3.141601734760574, 1.5706955467961146, 3.1411557081903814, 0.00031288729903824856, 3.141429684839732, -0.00038614056820911646, -0.000199754303798576, 3.142469577023597, 0.0001212719325665194, 1.5711035958111172, 0.0008913001068351664, 4.711611883132907, 1.5710067428976762, 4.712572023244651, 1.5708092592728107, 1.5707560847015574, 3.142785891341873, -0.0023342447778977467, 4.711970698219896, 3.1410260259552674, 0.02988465451278309, 4.712359783439847]",0.0
665,1.5561454588129524,"[1.5700979694954698, 4.712312009221924, 1.5705516819944876, 4.7124275638218505, 3.1419963480481217, 4.713056708395512, 1.570280593843506, 1.570442762953954, 3.1414773681934824, 4.712894031582862, 3.141498791825617, 1.571040873317582, 4.712179889377002, 4.715771433374276, -0.009616388372604555, -8.758335703187702e-05, -0.0004577085304559427, 0.00010559297067738792, 3.1416017348002776, 1.5706955468111348, 3.1411557081825467, 0.00031288729047015306, 3.141429684835573, -0.0003861405719300196, -0.00019975431562535423, 3.1424695770173168, 0.00012127191577057795, 1.571103595864804, 0.0008913000995406386, 4.711611883150559, 1.5710067429236303, 4.712572023243766, 1.5708092592566871, 1.570756084690565, 3.142785891327231, -0.0023342447793950716, 4.711970698193461, 3.1410260259294804, 0.029884654522367167, 4.712359783440493]",0.0
666,1.559119996414302,"[1.5700979694831885, 4.712312009235899, 1.5705516820180205, 4.712427563836114, 3.1419963480555504, 4.713056708370227, 1.5702805938586315, 1.5704427629798348, 3.1414773681691908, 4.712894031549719, 3.1414987917832815, 1.571040873307126, 4.712179889317912, 4.715771433381802, -0.00961638838714922, -8.758335818016754e-05, -0.00045770854329619897, 0.0001055930187868151, 3.141601734771415, 1.5706955468144734, 3.141155708180058, 0.0003128872685538159, 3.1414296848059227, -0.00038614055854721384, -0.0001997543061118523, 3.1424695769931734, 0.00012127190354164379, 1.5711035958672575, 0.0008913000973151033, 4.711611883162077, 1.5710067429267052, 4.712572023247084, 1.5708092592508949, 1.570756084704233, 3.142785891327655, -0.0023342447808587475, 4.711970698182305, 3.141026025907457, 0.029884654496096244, 4.712359783455568]",0.0
667,1.5638086247805325,"[1.5700979694837758, 4.712312009239957, 1.5705516819903396, 4.712427563810423, 3.141996348035584, 4.7130567083796295, 1.5702805938476152, 1.570442762973378, 3.141477368185791, 4.712894031577557, 3.141498791816101, 1.5710408733278343, 4.712179889363281, 4.7157714333629865, -0.0096163883885307, -8.758333108891321e-05, -0.0004577085464125305, 0.0001055929875210753, 3.1416017348016663, 1.570695546800362, 3.141155708172463, 0.0003128873020956667, 3.1414296848364818, -0.000386140537395047, -0.00019975430385402065, 3.14246957701219, 0.0001212719223823894, 1.5711035958567405, 0.0008913001108404441, 4.711611883147466, 1.5710067429212493, 4.712572023245095, 1.5708092592709615, 1.5707560847124962, 3.1427858913434004, -0.0023342447844032386, 4.711970698181122, 3.1410260259431846, 0.02988465452688501, 4.712359783439521]",0.0
668,1.5627738484848552,"[1.5700979694935844, 4.712312009228978, 1.5705516819804806, 4.712427563825837, 3.1419963480443993, 4.713056708416276, 1.570280593841488, 1.5704427629495614, 3.1414773681737898, 4.712894031567298, 3.14149879183788, 1.5710408733041454, 4.712179889367555, 4.715771433373699, -0.009616388359676537, -8.758332159336193e-05, -0.0004577085432510813, 0.00010559301010891611, 3.1416017348220913, 1.5706955467670753, 3.141155708214111, 0.0003128873068096369, 3.1414296848034926, -0.00038614055147414677, -0.00019975432201050627, 3.1424695769899853, 0.00012127192680184006, 1.5711035958543502, 0.0008913000847852993, 4.711611883158802, 1.5710067428876744, 4.712572023227849, 1.5708092592500913, 1.5707560847266384, 3.142785891295438, -0.0023342448131245417, 4.71197069816853, 3.1410260259192997, 0.029884654509076528, 4.712359783417287]",0.0
669,1.5598764748569582,"[1.5700979694946229, 4.71231200921459, 1.5705516819978638, 4.712427563814835, 3.141996348038264, 4.713056708383229, 1.5702805938324969, 1.5704427629509574, 3.1414773681986814, 4.712894031575341, 3.1414987918024537, 1.5710408733202808, 4.712179889348436, 4.715771433384943, -0.00961638836731617, -8.758332895353008e-05, -0.00045770854969735776, 0.00010559298530229116, 3.1416017348138428, 1.5706955467872177, 3.1411557081724704, 0.00031288728699048056, 3.1414296848338976, -0.0003861405443887375, -0.00019975430989930407, 3.142469577028226, 0.00012127191230984053, 1.5711035958656157, 0.0008913000825951653, 4.711611883155714, 1.5710067429093189, 4.712572023240413, 1.5708092592617298, 1.5707560847021707, 3.142785891336408, -0.0023342447963658614, 4.711970698208108, 3.1410260259370206, 0.02988465451010697, 4.71235978344727]",0.0
670,1.561694389480638,"[1.5700979695212482, 4.712312009231568, 1.5705516820036785, 4.7124275637919, 3.141996348049303, 4.713056708334419, 1.5702805938250783, 1.5704427629719222, 3.1414773681998955, 4.712894031562912, 3.141498791818422, 1.5710408733084618, 4.712179889382526, 4.715771433425977, -0.009616388397555298, -8.75833496641621e-05, -0.00045770851615695016, 0.00010559296514253763, 3.1416017348102385, 1.5706955468108803, 3.1411557082207167, 0.0003128872939183676, 3.1414296848378482, -0.0003861405299772767, -0.00019975431302045115, 3.1424695769990465, 0.00012127193491470766, 1.5711035958457018, 0.0008913000967213088, 4.71161188317554, 1.5710067428999912, 4.712572023237616, 1.5708092592694185, 1.5707560847206719, 3.1427858913279856, -0.0023342447743235697, 4.711970698195482, 3.141026025926274, 0.029884654497518526, 4.712359783439394]",0.0
671,1.5591463100704166,"[1.5700979694847381, 4.712312009231035, 1.570551681985492, 4.712427563821784, 3.1419963480490916, 4.713056708387195, 1.5702805938269062, 1.5704427629631856, 3.141477368198958, 4.712894031564111, 3.141498791828147, 1.5710408733181085, 4.712179889353038, 4.71577143338037, -0.009616388384664776, -8.758333784698325e-05, -0.00045770855013258475, 0.00010559297857713281, 3.1416017347905325, 1.5706955467872805, 3.1411557081866874, 0.0003128873015099316, 3.1414296848445473, -0.0003861405529023936, -0.00019975429947351208, 3.142469577016867, 0.00012127192883599074, 1.5711035958724455, 0.0008913000729506285, 4.711611883170807, 1.5710067429132497, 4.712572023263849, 1.5708092592557312, 1.5707560847050774, 3.142785891338151, -0.0023342447697344416, 4.711970698178625, 3.141026025921559, 0.029884654518311654, 4.712359783436459]",0.0
672,1.5611853787840029,"[1.5700979694807264, 4.712312009217898, 1.570551681975649, 4.712427563822942, 3.14199634803721, 4.713056708378174, 1.5702805938613644, 1.5704427629801336, 3.1414773681884895, 4.712894031578099, 3.1414987918104487, 1.5710408733080017, 4.71217988934858, 4.715771433380553, -0.009616388337443695, -8.758333703518915e-05, -0.00045770853510410624, 0.00010559294745636456, 3.141601734789771, 1.5706955467890533, 3.1411557082128887, 0.0003128873016356343, 3.141429684812514, -0.0003861405009683546, -0.00019975428807831761, 3.142469576996703, 0.00012127194961554971, 1.5711035958715842, 0.0008913000888481125, 4.711611883132219, 1.5710067429373835, 4.712572023256747, 1.570809259235364, 1.5707560846633535, 3.1427858913189928, -0.002334244778884842, 4.711970698201394, 3.1410260259431078, 0.029884654510735832, 4.71235978344408]",0.0
673,1.5652573115944808,"[1.570097969491632, 4.712312009219082, 1.5705516819912588, 4.712427563815668, 3.141996348049417, 4.713056708385687, 1.5702805938395668, 1.5704427629532909, 3.1414773681860786, 4.7128940315872345, 3.141498791811013, 1.571040873311736, 4.712179889354827, 4.715771433385646, -0.009616388381568426, -8.758332486064306e-05, -0.0004577085525175084, 0.00010559298325832906, 3.1416017347971543, 1.5706955467980885, 3.141155708200109, 0.00031288728111359294, 3.14142968482236, -0.0003861405547673553, -0.00019975431297399447, 3.1424695770203686, 0.00012127194757724688, 1.5711035958650839, 0.0008913000990329457, 4.711611883170451, 1.5710067429368082, 4.712572023247956, 1.570809259266816, 1.5707560847161228, 3.1427858913222617, -0.0023342447793216372, 4.711970698191558, 3.1410260259372818, 0.02988465453697669, 4.7123597834535]",0.0
674,1.5659816550014551,"[1.5700979694985358, 4.712312009256507, 1.5705516819586234, 4.712427563814909, 3.141996348081324, 4.713056708385008, 1.5702805938423172, 1.5704427629609887, 3.1414773682111696, 4.7128940315408805, 3.141498791811034, 1.5710408733116912, 4.712179889372971, 4.715771433361246, -0.00961638838499191, -8.758332107270391e-05, -0.0004577085450753043, 0.00010559298080718229, 3.1416017347953646, 1.5706955468190704, 3.141155708196061, 0.0003128872522173705, 3.141429684842058, -0.00038614054553168475, -0.00019975429984466452, 3.1424695770319584, 0.00012127195022093942, 1.5711035958867139, 0.0008913000931684272, 4.7116118831483575, 1.5710067428970669, 4.712572023204503, 1.570809259241318, 1.5707560846867281, 3.1427858913433226, -0.0023342448128454265, 4.711970698178268, 3.1410260259327343, 0.02988465451964514, 4.712359783462033]",0.0
675,1.5659816550014547,"[1.5700979694932253, 4.712312009217001, 1.5705516819815102, 4.712427563801822, 3.141996348041681, 4.713056708398976, 1.570280593830291, 1.570442762957692, 3.141477368197364, 4.712894031569158, 3.141498791824687, 1.5710408733008157, 4.7121798893627815, 4.715771433386574, -0.009616388390489044, -8.758333291866297e-05, -0.0004577085420336994, 0.0001055929881153246, 3.1416017348097895, 1.5706955468028592, 3.1411557081865134, 0.0003128872907337259, 3.141429684819298, -0.0003861405512216872, -0.00019975428185120447, 3.1424695770174784, 0.00012127192353496072, 1.571103595846317, 0.0008913000965558281, 4.711611883148716, 1.5710067429436567, 4.712572023249026, 1.570809259252683, 1.5707560847008069, 3.142785891344876, -0.0023342447924610647, 4.711970698184257, 3.1410260259195453, 0.02988465450203078, 4.712359783448224]",0.0
676,1.561124027791339,"[1.5700979694852901, 4.7123120092230995, 1.570551681988086, 4.712427563817471, 3.141996348047741, 4.713056708392711, 1.5702805938430873, 1.570442762966703, 3.141477368180729, 4.712894031574382, 3.141498791811095, 1.57104087331366, 4.712179889360032, 4.715771433396401, -0.009616388382241258, -8.75833314522198e-05, -0.00045770854383739106, 0.00010559297648979274, 3.141601734803605, 1.5706955467946908, 3.1411557081868686, 0.0003128872857579333, 3.14142968484295, -0.00038614055385088967, -0.0001997543045633243, 3.1424695770108158, 0.00012127192996488339, 1.5711035958574353, 0.0008913000959671614, 4.71161188314963, 1.5710067429188725, 4.712572023243786, 1.5708092592518672, 1.5707560847051028, 3.142785891340083, -0.002334244788953675, 4.711970698188366, 3.14102602592689, 0.029884654518706547, 4.712359783438632]",0.0
677,1.563252375303722,"[1.570097969503283, 4.7123120092255535, 1.5705516819898886, 4.71242756382577, 3.141996348037526, 4.7130567084109485, 1.5702805938396254, 1.5704427629635358, 3.1414773681890913, 4.712894031568403, 3.141498791792462, 1.5710408733137076, 4.712179889359561, 4.715771433390242, -0.009616388373820523, -8.758334609529484e-05, -0.0004577085529763214, 0.00010559297920545977, 3.141601734798121, 1.5706955468112784, 3.1411557081933608, 0.0003128873053647168, 3.141429684830119, -0.0003861405513199344, -0.000199754293016255, 3.142469577022561, 0.0001212719428755214, 1.5711035958506885, 0.0008913000888491959, 4.711611883147331, 1.5710067429046772, 4.7125720232361585, 1.5708092592847462, 1.5707560846989372, 3.142785891338432, -0.0023342447752175075, 4.711970698182263, 3.1410260259245897, 0.029884654515153854, 4.7123597834432545]",0.0
678,1.562612692512982,"[1.5700979694982473, 4.712312009219642, 1.570551681992967, 4.712427563819955, 3.1419963480456485, 4.713056708388323, 1.570280593849599, 1.5704427629665665, 3.1414773682011545, 4.712894031571125, 3.141498791816565, 1.5710408733158723, 4.712179889353292, 4.715771433383987, -0.009616388378325572, -8.758333280324025e-05, -0.0004577085443585969, 0.00010559298537286305, 3.1416017348074354, 1.5706955467914, 3.1411557081868406, 0.00031288728950509484, 3.1414296848387715, -0.00038614055243180753, -0.00019975430285412474, 3.142469577020661, 0.00012127193642417103, 1.5711035958537751, 0.0008913001034033782, 4.711611883151825, 1.571006742919499, 4.712572023240056, 1.5708092592567982, 1.5707560847008444, 3.1427858913313296, -0.0023342447758221284, 4.711970698182414, 3.141026025924006, 0.02988465451299605, 4.712359783440478]",0.0
679,1.5649080173768057,"[1.5700979694892758, 4.712312009221714, 1.5705516819655923, 4.712427563812328, 3.1419963480509634, 4.713056708390709, 1.5702805938424396, 1.5704427629796864, 3.141477368189253, 4.712894031562268, 3.141498791804108, 1.571040873311334, 4.712179889354685, 4.715771433389002, -0.009616388376927435, -8.758333850054116e-05, -0.0004577085496423734, 0.00010559297966465515, 3.1416017348062355, 1.5706955467954529, 3.141155708194067, 0.0003128873026037137, 3.141429684828408, -0.00038614055719980267, -0.00019975431156295869, 3.142469577030335, 0.00012127191846015123, 1.5711035958636177, 0.000891300117895642, 4.7116118831793825, 1.5710067429235657, 4.7125720232442205, 1.5708092592675518, 1.5707560846880013, 3.1427858913365485, -0.0023342447907430705, 4.711970698197286, 3.141026025924984, 0.029884654515254253, 4.712359783420834]",0.0
680,1.5730123124324935,"[1.5700979694923598, 4.712312009225078, 1.570551681990473, 4.712427563814171, 3.141996348042948, 4.713056708388529, 1.570280593834837, 1.5704427629583269, 3.1414773681823607, 4.712894031564016, 3.141498791812202, 1.5710408733108219, 4.712179889357879, 4.715771433384151, -0.009616388373600666, -8.758333843788592e-05, -0.00045770854171811007, 0.00010559298319184336, 3.1416017348011787, 1.570695546794142, 3.141155708189317, 0.0003128872926665909, 3.1414296848391325, -0.00038614054253287516, -0.00019975430353606338, 3.142469577023687, 0.00012127192619277942, 1.571103595850121, 0.0008913001006529103, 4.711611883158447, 1.5710067429214876, 4.712572023238675, 1.570809259257254, 1.570756084695573, 3.142785891333502, -0.0023342447834294898, 4.711970698184095, 3.141026025918714, 0.02988465452986889, 4.712359783443626]",0.0
681,1.5634923705122616,"[1.5700979694821753, 4.712312009228649, 1.5705516819949195, 4.712427563798216, 3.141996348026485, 4.713056708399557, 1.5702805938302604, 1.5704427629661972, 3.14147736819276, 4.712894031566984, 3.14149879181762, 1.5710408733331296, 4.712179889352625, 4.715771433392472, -0.009616388365630554, -8.75833489298903e-05, -0.00045770854795407884, 0.00010559297833356978, 3.1416017347889333, 1.5706955468001988, 3.1411557081922603, 0.000312887285429916, 3.141429684842603, -0.0003861405550943976, -0.00019975430373536394, 3.142469577025908, 0.00012127194134531912, 1.5711035958673403, 0.0008913001145983414, 4.711611883155686, 1.5710067429192383, 4.712572023248585, 1.570809259257096, 1.5707560847098954, 3.1427858913216196, -0.0023342448007900567, 4.711970698180346, 3.1410260259274705, 0.029884654499502516, 4.712359783443886]",0.0
682,1.56252085764255,"[1.5700979694921722, 4.712312009221987, 1.570551681984201, 4.712427563820146, 3.141996348043783, 4.7130567083907255, 1.5702805938410274, 1.5704427629610835, 3.141477368190722, 4.712894031578489, 3.1414987918136, 1.571040873320989, 4.712179889356558, 4.715771433392921, -0.009616388384106013, -8.758333051504001e-05, -0.00045770854235768364, 0.00010559298109662384, 3.141601734793189, 1.5706955467989843, 3.1411557081922026, 0.0003128873010538498, 3.141429684829419, -0.0003861405493317105, -0.00019975430483864604, 3.142469577024803, 0.00012127192325952192, 1.5711035958565611, 0.0008913001045964417, 4.711611883157183, 1.5710067429115397, 4.712572023242607, 1.5708092592519078, 1.5707560846979456, 3.1427858913346127, -0.0023342447864867903, 4.711970698180783, 3.141026025927829, 0.02988465451469481, 4.7123597834511415]",0.0
683,1.5588933192281111,"[1.57009796949651, 4.712312009223631, 1.570551681981389, 4.712427563824389, 3.141996348033427, 4.713056708391256, 1.5702805938465432, 1.5704427629669782, 3.1414773681912562, 4.71289403157032, 3.1414987918236377, 1.571040873303251, 4.712179889348687, 4.715771433399043, -0.00961638838243293, -8.758334393026646e-05, -0.00045770854072579506, 0.0001055929911722671, 3.1416017348084, 1.570695546803866, 3.1411557082008774, 0.00031288727477766707, 3.1414296848412504, -0.00038614054896333983, -0.00019975428339034834, 3.1424695770284985, 0.00012127191215096745, 1.5711035958667456, 0.0008913001012007777, 4.711611883149246, 1.571006742908322, 4.7125720232572474, 1.5708092592663963, 1.5707560847014037, 3.1427858913222466, -0.002334244787268564, 4.71197069818007, 3.1410260259494116, 0.02988465452963116, 4.71235978343555]",0.0
684,1.5743244816674697,"[1.5700979694848887, 4.712312009229984, 1.5705516819902516, 4.712427563821051, 3.141996348037527, 4.713056708398194, 1.5702805938445226, 1.5704427629626156, 3.141477368191655, 4.712894031566472, 3.1414987918123765, 1.571040873314862, 4.712179889364143, 4.715771433388027, -0.009616388384598381, -8.758334003195037e-05, -0.00045770854228472405, 0.00010559299070353077, 3.1416017348018843, 1.5706955467961186, 3.1411557081936623, 0.0003128872918152934, 3.1414296848382306, -0.00038614054724441215, -0.00019975430401091972, 3.142469577022072, 0.00012127193259308697, 1.5711035958523336, 0.000891300097147841, 4.711611883164294, 1.571006742921067, 4.712572023242217, 1.5708092592534046, 1.570756084697599, 3.1427858913334012, -0.002334244782481521, 4.711970698195548, 3.141026025938247, 0.029884654512529224, 4.712359783442973]",0.0
685,1.5587382209317133,"[1.570097969502161, 4.7123120092415185, 1.570551681984046, 4.712427563822481, 3.1419963480451636, 4.713056708385154, 1.5702805938356135, 1.5704427629552276, 3.141477368184102, 4.712894031583475, 3.141498791811454, 1.5710408733092478, 4.712179889343045, 4.715771433384163, -0.009616388400066374, -8.758334809487591e-05, -0.0004577085595182195, 0.00010559296605379683, 3.141601734798356, 1.570695546786805, 3.141155708190312, 0.000312887297985535, 3.141429684843868, -0.000386140551729074, -0.0001997542980945546, 3.142469577023531, 0.00012127192418202934, 1.571103595856775, 0.000891300095828224, 4.7116118831482146, 1.5710067429325478, 4.71257202322622, 1.5708092592587115, 1.5707560846990227, 3.142785891313567, -0.0023342447919145214, 4.711970698186852, 3.141026025932922, 0.0298846545051739, 4.712359783432243]",0.0
686,1.5630842813735581,"[1.5700979694876704, 4.712312009232006, 1.5705516819911054, 4.712427563819458, 3.1419963480453417, 4.7130567083890185, 1.570280593838116, 1.5704427629654303, 3.1414773681943458, 4.712894031579442, 3.1414987918210393, 1.5710408733185275, 4.712179889354111, 4.715771433395304, -0.009616388381926928, -8.758334489451784e-05, -0.00045770854557505126, 0.0001055929875318456, 3.1416017348054726, 1.5706955467935402, 3.1411557081871337, 0.00031288729118646305, 3.141429684828405, -0.00038614054919070597, -0.00019975429962692265, 3.142469577017484, 0.00012127193595722947, 1.571103595859143, 0.0008913000998725667, 4.7116118831563885, 1.5710067429172074, 4.712572023240619, 1.570809259264265, 1.5707560846908268, 3.14278589133636, -0.0023342447933502384, 4.71197069818925, 3.141026025923449, 0.029884654523086206, 4.712359783440416]",0.0
687,1.553725259129292,"[1.5700979695006754, 4.712312009229884, 1.5705516820039225, 4.712427563814141, 3.1419963480397644, 4.713056708400574, 1.5702805938420212, 1.5704427629749969, 3.141477368187712, 4.71289403157876, 3.1414987918203994, 1.5710408733145746, 4.7121798893379365, 4.715771433368357, -0.009616388382004543, -8.758332841729633e-05, -0.0004577085320010166, 0.00010559296135278121, 3.141601734799203, 1.5706955467948773, 3.141155708204492, 0.00031288727994777663, 3.141429684832889, -0.00038614055842189215, -0.00019975430106298646, 3.1424695770189994, 0.0001212719261573805, 1.5711035958418023, 0.0008913000935477984, 4.711611883171038, 1.571006742912155, 4.712572023245864, 1.570809259265343, 1.5707560846932827, 3.1427858913467857, -0.0023342447990073235, 4.71197069818469, 3.1410260259336553, 0.02988465451480194, 4.712359783439942]",0.0
688,1.5575023107564683,"[1.57009796949107, 4.712312009230993, 1.57055168198442, 4.712427563819102, 3.1419963480502506, 4.713056708395302, 1.570280593837552, 1.5704427629684508, 3.141477368189553, 4.71289403157148, 3.1414987918163684, 1.5710408733259222, 4.7121798893540365, 4.715771433390312, -0.009616388374543882, -8.758333654100232e-05, -0.0004577085372670877, 0.00010559298417856654, 3.1416017348028045, 1.5706955467921315, 3.141155708199916, 0.0003128872895645106, 3.1414296848360106, -0.0003861405493338109, -0.00019975430313381795, 3.142469577023344, 0.00012127192103591117, 1.5711035958578665, 0.0008913000956461767, 4.711611883150937, 1.5710067429285821, 4.712572023237544, 1.5708092592671945, 1.570756084704964, 3.142785891335653, -0.0023342447812481648, 4.711970698187904, 3.141026025928444, 0.029884654514225412, 4.712359783444923]",0.0
689,1.5585370870521458,"[1.5700979695066004, 4.712312009205739, 1.5705516819819576, 4.712427563834991, 3.1419963480448247, 4.713056708390118, 1.5702805938409117, 1.570442762956285, 3.141477368196795, 4.712894031573048, 3.141498791819774, 1.5710408733307517, 4.712179889358076, 4.715771433383734, -0.009616388376615896, -8.75833474691229e-05, -0.00045770856132950114, 0.00010559298663014222, 3.141601734790478, 1.570695546805555, 3.1411557082000487, 0.00031288728409093743, 3.1414296848460768, -0.00038614053535026557, -0.0001997543045811301, 3.1424695770040203, 0.00012127192453927764, 1.5711035958506359, 0.0008913001007162081, 4.711611883163761, 1.571006742928788, 4.7125720232417665, 1.5708092592602865, 1.5707560847045232, 3.142785891347006, -0.0023342448017234477, 4.711970698184134, 3.1410260259291065, 0.029884654516512413, 4.7123597834310855]",0.0
690,1.5539782499715973,"[1.5700979695047443, 4.712312009230184, 1.570551681990449, 4.712427563806073, 3.141996348043803, 4.71305670839903, 1.5702805938390074, 1.5704427629696165, 3.141477368191851, 4.712894031579912, 3.141498791813697, 1.5710408733087557, 4.712179889356707, 4.715771433389678, -0.009616388375705895, -8.758333609801586e-05, -0.00045770854811755674, 0.00010559299045299149, 3.1416017347938983, 1.5706955467943424, 3.141155708191519, 0.00031288729272923807, 3.141429684840223, -0.00038614054852519395, -0.000199754303988942, 3.142469577014001, 0.00012127192501609924, 1.5711035958635562, 0.000891300099557659, 4.711611883157677, 1.5710067429204024, 4.712572023239916, 1.5708092592560212, 1.570756084696442, 3.1427858913368802, -0.0023342447832514516, 4.711970698187464, 3.1410260259315135, 0.029884654518176897, 4.712359783440905]",0.0
691,1.5577376011641628,"[1.570097969499673, 4.712312009224043, 1.5705516819784877, 4.712427563820193, 3.1419963480456268, 4.713056708386735, 1.570280593835501, 1.5704427629499502, 3.141477368173345, 4.712894031578811, 3.141498791817478, 1.5710408733186847, 4.712179889339124, 4.715771433385374, -0.009616388367733642, -8.758333853087727e-05, -0.0004577085225391875, 0.00010559298865262693, 3.1416017348074146, 1.5706955468053703, 3.1411557081815626, 0.00031288730032233035, 3.14142968484163, -0.00038614055714302885, -0.00019975428330310476, 3.1424695770119158, 0.00012127194115916984, 1.571103595868145, 0.0008913001050614105, 4.7116118831707485, 1.5710067429192587, 4.712572023230181, 1.5708092592548462, 1.5707560847049433, 3.1427858913436837, -0.0023342447809236028, 4.711970698187234, 3.141026025939884, 0.0298846545085407, 4.712359783435661]",0.0
692,1.5607101172730682,"[1.570097969494133, 4.7123120092368405, 1.5705516819814498, 4.712427563821996, 3.1419963480454527, 4.713056708394344, 1.5702805938437425, 1.5704427629652118, 3.1414773681949226, 4.71289403157734, 3.1414987918159683, 1.5710408733115686, 4.712179889355967, 4.715771433392213, -0.00961638836907451, -8.758333295913419e-05, -0.000457708544693111, 0.00010559297750152006, 3.1416017348013097, 1.5706955468028372, 3.1411557081798183, 0.000312887288306931, 3.1414296848392675, -0.0003861405469273319, -0.00019975430015329055, 3.1424695770154267, 0.00012127192493365127, 1.5711035958495276, 0.0008913000993698611, 4.711611883166075, 1.571006742921113, 4.7125720232458725, 1.5708092592631, 1.5707560847041377, 3.1427858913266955, -0.002334244788170767, 4.711970698186168, 3.141026025925758, 0.029884654513522273, 4.712359783445897]",0.0
693,1.5579103998951713,"[1.5700979694945523, 4.712312009225085, 1.5705516819883298, 4.712427563820459, 3.1419963480416566, 4.713056708390873, 1.5702805938364615, 1.5704427629676918, 3.141477368191608, 4.712894031568596, 3.1414987918148034, 1.5710408733164174, 4.71217988935813, 4.715771433387568, -0.00961638837818819, -8.758333411542018e-05, -0.00045770854449906663, 0.00010559298049999286, 3.1416017347976983, 1.5706955467950217, 3.141155708188846, 0.0003128872919726401, 3.1414296848347556, -0.000386140554160547, -0.00019975429574424763, 3.1424695770154174, 0.0001212719275930286, 1.5711035958566681, 0.0008913001014065699, 4.711611883158041, 1.5710067429199377, 4.712572023239188, 1.5708092592598688, 1.5707560847009856, 3.142785891330456, -0.0023342447873220974, 4.711970698190505, 3.1410260259304064, 0.029884654519092117, 4.7123597834423725]",0.0
694,1.5524260855280811,"[1.5700979694976342, 4.712312009219519, 1.5705516819754666, 4.712427563812209, 3.1419963480432522, 4.713056708395483, 1.570280593843073, 1.5704427629635629, 3.1414773681883874, 4.712894031574196, 3.141498791812425, 1.5710408733180685, 4.712179889356719, 4.71577143338488, -0.009616388386150811, -8.758334158665484e-05, -0.0004577085335992702, 0.000105592982456283, 3.1416017347913083, 1.57069554678613, 3.141155708182334, 0.0003128872828334135, 3.141429684835253, -0.00038614054693828637, -0.00019975430103997028, 3.142469577015043, 0.0001212719307512225, 1.571103595856129, 0.0008913000978925658, 4.7116118831579135, 1.5710067429154355, 4.7125720232443875, 1.5708092592681215, 1.570756084699584, 3.14278589132844, -0.00233424478626807, 4.7119706981896625, 3.1410260259268723, 0.02988465451483168, 4.712359783442872]",0.0
695,1.55833013179301,"[1.5700979694972554, 4.712312009226946, 1.5705516819836896, 4.712427563820467, 3.141996348036669, 4.713056708391614, 1.570280593838376, 1.5704427629673638, 3.141477368191478, 4.712894031572319, 3.1414987918109287, 1.5710408733156451, 4.71217988935509, 4.715771433386783, -0.00961638838096478, -8.75833366543435e-05, -0.0004577085389178528, 0.0001055929828823639, 3.1416017348033014, 1.570695546797878, 3.141155708189226, 0.00031288729197585227, 3.1414296848371395, -0.0003861405506778576, -0.00019975430510690227, 3.1424695770180024, 0.00012127193047428761, 1.5711035958595276, 0.0008913000969487091, 4.71161188315732, 1.571006742922892, 4.7125720232438715, 1.5708092592589087, 1.5707560847003277, 3.142785891332155, -0.002334244789880465, 4.71197069818544, 3.141026025926544, 0.029884654518135028, 4.71235978344256]",0.0
696,1.5610205501617713,"[1.5700979694929573, 4.712312009226164, 1.570551681977634, 4.712427563814509, 3.141996348044724, 4.713056708384707, 1.5702805938381037, 1.5704427629654205, 3.141477368191742, 4.712894031571305, 3.141498791818851, 1.5710408733105312, 4.712179889347839, 4.715771433385686, -0.009616388374705702, -8.758333845934913e-05, -0.0004577085436191395, 0.00010559298836295557, 3.141601734793194, 1.5706955467997088, 3.1411557081914645, 0.00031288729576500263, 3.141429684839782, -0.0003861405591845202, -0.00019975430806687717, 3.1424695770178084, 0.00012127193281142303, 1.5711035958452373, 0.0008913000961221104, 4.711611883148178, 1.571006742916838, 4.712572023246069, 1.570809259261725, 1.5707560847008102, 3.1427858913335314, -0.0023342447899706133, 4.711970698194614, 3.141026025932999, 0.029884654517290627, 4.7123597834434685]",0.0
697,1.558324310413442,"[1.5700979694884467, 4.712312009220977, 1.5705516819877885, 4.712427563817721, 3.1419963480414324, 4.713056708394179, 1.5702805938366662, 1.5704427629670985, 3.1414773681922825, 4.712894031578119, 3.1414987918134805, 1.571040873313198, 4.712179889352151, 4.715771433386543, -0.0096163883802343, -8.758333874927172e-05, -0.0004577085407489851, 0.00010559298305328998, 3.1416017348002816, 1.5706955467980834, 3.1411557081904413, 0.0003128872939796112, 3.1414296848384904, -0.00038614054799033625, -0.00019975430105192578, 3.1424695770166045, 0.00012127192681576918, 1.57110359585439, 0.000891300100453103, 4.711611883158031, 1.5710067429194243, 4.712572023242102, 1.570809259261106, 1.5707560847032844, 3.1427858913296998, -0.002334244784615572, 4.7119706981901714, 3.1410260259262444, 0.029884654517110917, 4.712359783439519]",0.0
698,1.5648492224557775,"[1.5700979694887043, 4.7123120092282225, 1.570551681979375, 4.712427563815177, 3.141996348053206, 4.713056708391928, 1.5702805938366613, 1.5704427629663966, 3.141477368198526, 4.712894031571047, 3.1414987918112507, 1.5710408733114263, 4.712179889357116, 4.715771433376672, -0.00961638838183224, -8.75833352189581e-05, -0.0004577085424036283, 0.00010559298186396294, 3.1416017347997434, 1.570695546806112, 3.141155708193029, 0.0003128872828402546, 3.141429684838965, -0.00038614054658280797, -0.00019975429944278506, 3.142469577019912, 0.00012127193217281496, 1.5711035958642063, 0.0008913000979465187, 4.711611883155721, 1.571006742912085, 4.712572023232152, 1.5708092592573657, 1.570756084700798, 3.142785891332021, -0.0023342447916204845, 4.711970698187235, 3.1410260259274287, 0.029884654516709335, 4.712359783444431]",0.0
699,1.5666025207788612,"[1.5700979694902775, 4.712312009221742, 1.5705516819847671, 4.712427563818801, 3.1419963480452036, 4.713056708395316, 1.570280593839624, 1.570442762967901, 3.1414773681868633, 4.712894031574344, 3.1414987918142616, 1.571040873316183, 4.7121798893546964, 4.715771433383457, -0.009616388377702281, -8.75833366189748e-05, -0.0004577085463375969, 0.00010559298544787798, 3.1416017348014496, 1.5706955467960204, 3.1411557081869064, 0.00031288729150653823, 3.141429684839444, -0.000386140552494764, -0.00019975430011399216, 3.1424695770195674, 0.00012127192920754431, 1.5711035958563386, 0.0008913000971859492, 4.711611883157916, 1.5710067429215586, 4.712572023242479, 1.5708092592610705, 1.5707560846952273, 3.142785891329905, -0.0023342447891228535, 4.7119706981836105, 3.141026025930923, 0.029884654516449134, 4.712359783445575]",0.0
700,1.5600315731533563,"[1.570097969498234, 4.712312009222067, 1.570551681989532, 4.712427563809529, 3.141996348047211, 4.713056708377093, 1.5702805938361153, 1.5704427629710365, 3.1414773681872923, 4.712894031573537, 3.1414987918138015, 1.5710408733155299, 4.712179889364256, 4.7157714333915, -0.009616388381196472, -8.758334193799908e-05, -0.00045770854085466756, 0.00010559298091283119, 3.1416017348068066, 1.5706955468000159, 3.141155708195174, 0.00031288729266379167, 3.1414296848384278, -0.00038614054814474415, -0.00019975430218097543, 3.142469577012996, 0.00012127192891071115, 1.5711035958534376, 0.0008913000948522491, 4.711611883162988, 1.5710067429153038, 4.712572023242788, 1.570809259265368, 1.5707560847001691, 3.1427858913277658, -0.0023342447861465026, 4.711970698183913, 3.1410260259319474, 0.02988465450864196, 4.712359783445434]",0.0
701,1.562684483067776,"[1.5700979694907835, 4.712312009225775, 1.5705516819891683, 4.712427563817894, 3.1419963480447444, 4.713056708389385, 1.5702805938409437, 1.5704427629654567, 3.14147736818993, 4.712894031569574, 3.1414987918104753, 1.5710408733137133, 4.712179889351686, 4.715771433387791, -0.009616388379201665, -8.758333918170595e-05, -0.00045770854184436075, 0.00010559298532931525, 3.1416017347958762, 1.570695546799784, 3.1411557081871764, 0.00031288728810809324, 3.1414296848314294, -0.000386140551102423, -0.00019975430341969468, 3.1424695770157496, 0.00012127192633076895, 1.5711035958564346, 0.0008913000971303112, 4.711611883157961, 1.5710067429211665, 4.712572023240953, 1.5708092592602523, 1.5707560846998028, 3.14278589133147, -0.0023342447862267613, 4.711970698183196, 3.1410260259298033, 0.02988465451430496, 4.712359783439533]",0.0
702,1.5633442101741544,"[1.5700979694955715, 4.712312009230017, 1.5705516819862242, 4.712427563820234, 3.1419963480431687, 4.713056708387774, 1.5702805938453726, 1.5704427629670645, 3.141477368183245, 4.712894031574965, 3.1414987918081785, 1.5710408733158965, 4.712179889352804, 4.7157714333792375, -0.00961638837883817, -8.758334499565329e-05, -0.0004577085481520729, 0.00010559298785230265, 3.1416017348017293, 1.570695546795747, 3.141155708194879, 0.0003128872877976925, 3.1414296848342613, -0.000386140554541165, -0.0001997542952325687, 3.1424695770146345, 0.00012127192432954093, 1.5711035958590736, 0.0008913001026273129, 4.711611883158027, 1.5710067429158678, 4.712572023249566, 1.5708092592561298, 1.5707560847046824, 3.1427858913333684, -0.0023342447855874055, 4.7119706981950715, 3.1410260259176113, 0.029884654512748247, 4.712359783450563]",0.0
703,1.5655100661408787,"[1.5700979694936286, 4.712312009224361, 1.5705516819839784, 4.712427563819223, 3.141996348039494, 4.713056708389531, 1.5702805938387396, 1.5704427629699562, 3.1414773681864157, 4.7128940315756385, 3.1414987918181847, 1.5710408733129746, 4.712179889357725, 4.715771433386063, -0.009616388377436983, -8.75833388678864e-05, -0.00045770854521069547, 0.00010559298246444412, 3.1416017347984937, 1.5706955467975363, 3.141155708187908, 0.00031288728755529644, 3.1414296848336645, -0.0003861405494501646, -0.00019975430213104442, 3.142469577023734, 0.0001212719298566279, 1.5711035958560302, 0.0008913000968304231, 4.711611883158129, 1.571006742918404, 4.712572023238756, 1.5708092592590142, 1.570756084702869, 3.142785891334369, -0.002334244784784068, 4.711970698187921, 3.1410260259276748, 0.02988465451434916, 4.712359783440718]",0.0
704,1.5597727609314833,"[1.5700979694946566, 4.712312009228918, 1.570551681981386, 4.712427563820859, 3.141996348046174, 4.713056708393031, 1.5702805938237516, 1.5704427629651634, 3.1414773681923926, 4.712894031577284, 3.141498791806299, 1.5710408733168353, 4.712179889356742, 4.715771433384209, -0.009616388376562911, -8.758334136763143e-05, -0.0004577085446249679, 0.00010559298163918375, 3.141601734805179, 1.5706955467917811, 3.141155708188962, 0.00031288728368514685, 3.1414296848319347, -0.0003861405507785825, -0.00019975430341535682, 3.1424695770158824, 0.00012127193002033696, 1.5711035958496198, 0.0008913001059526712, 4.71161188315523, 1.5710067429160002, 4.7125720232487724, 1.5708092592544736, 1.570756084699149, 3.1427858913343183, -0.002334244780690838, 4.7119706981827845, 3.1410260259360614, 0.029884654515703168, 4.71235978343949]",0.0
705,1.5664990431492938,"[1.5700979694946675, 4.712312009226509, 1.5705516819867562, 4.712427563815632, 3.1419963480448336, 4.713056708389013, 1.570280593839299, 1.5704427629657718, 3.141477368190083, 4.712894031575962, 3.1414987918102044, 1.5710408733201375, 4.712179889356985, 4.715771433386809, -0.009616388379655463, -8.75833349408716e-05, -0.0004577085421720521, 0.00010559298417301456, 3.141601734797671, 1.5706955468007355, 3.1411557081890975, 0.0003128872889954096, 3.141429684838197, -0.00038614055068317466, -0.0001997542968595503, 3.142469577023045, 0.00012127192984574676, 1.5711035958540567, 0.0008913000970329304, 4.711611883157086, 1.5710067429210075, 4.7125720232457144, 1.570809259258722, 1.57075608469772, 3.142785891331048, -0.002334244786318357, 4.711970698189837, 3.1410260259271836, 0.029884654517084608, 4.7123597834372335]",0.0
706,1.5461197715040171,"[1.5700979694940183, 4.712312009227888, 1.5705516819835696, 4.712427563815519, 3.141996348043449, 4.713056708396011, 1.570280593842267, 1.5704427629594988, 3.1414773681869708, 4.7128940315746375, 3.1414987918170145, 1.5710408733166514, 4.712179889361364, 4.71577143338158, -0.009616388373583215, -8.758333226964572e-05, -0.00045770854279836336, 0.00010559298882984181, 3.1416017348048273, 1.570695546792089, 3.1411557081960577, 0.0003128872951147216, 3.1414296848281706, -0.0003861405517409914, -0.00019975430220948206, 3.142469577013666, 0.00012127192817255533, 1.571103595854346, 0.0008913000940184595, 4.71161188315656, 1.571006742912269, 4.712572023241736, 1.5708092592580816, 1.570756084706106, 3.142785891322713, -0.00233424479353173, 4.711970698183384, 3.141026025926239, 0.029884654515592267, 4.712359783430038]",0.0
707,1.5488171278310687,"[1.5700979694897916, 4.712312009223861, 1.570551681981973, 4.712427563816366, 3.141996348040894, 4.713056708387936, 1.5702805938461428, 1.5704427629665063, 3.1414773681912784, 4.712894031574258, 3.1414987918126673, 1.5710408733133672, 4.712179889354293, 4.715771433384, -0.009616388368262304, -8.75833386333273e-05, -0.0004577085422531578, 0.00010559297168389414, 3.141601734798705, 1.5706955467945167, 3.141155708195336, 0.0003128872944492631, 3.1414296848302374, -0.0003861405389712305, -0.0001997542972434086, 3.1424695770127795, 0.0001212719329747759, 1.5711035958608717, 0.0008913000961066001, 4.711611883151228, 1.5710067429231958, 4.712572023246948, 1.5708092592558276, 1.5707560846922797, 3.1427858913307807, -0.002334244784767056, 4.711970698190436, 3.141026025933286, 0.0298846545149061, 4.712359783441803]",0.0
708,1.5527365184167843,"[1.5700979694933037, 4.712312009223714, 1.5705516819835779, 4.71242756381165, 3.1419963480424924, 4.713056708393257, 1.5702805938385007, 1.5704427629609865, 3.1414773681928327, 4.712894031572152, 3.1414987918158523, 1.5710408733116203, 4.712179889357414, 4.715771433386017, -0.00961638838151193, -8.758333743231446e-05, -0.0004577085441530437, 0.00010559298193094174, 3.1416017348033662, 1.570695546798026, 3.1411557081894093, 0.00031288729127375195, 3.141429684832193, -0.0003861405516802106, -0.00019975429644552068, 3.142469577018202, 0.00012127192737848642, 1.5711035958546677, 0.0008913000986034748, 4.711611883155988, 1.5710067429243328, 4.7125720232448005, 1.5708092592606202, 1.5707560847019624, 3.1427858913364166, -0.0023342447881013226, 4.711970698186311, 3.141026025927536, 0.029884654513295517, 4.7123597834428725]",0.0
709,1.5700818988551928,"[1.5700979694939676, 4.712312009224868, 1.570551681986218, 4.71242756381693, 3.141996348043247, 4.713056708391981, 1.5702805938412154, 1.5704427629637965, 3.141477368189918, 4.712894031574821, 3.1414987918136195, 1.5710408733151646, 4.712179889358032, 4.715771433385642, -0.009616388377710268, -8.758333981107971e-05, -0.0004577085416269267, 0.00010559298159186751, 3.1416017348012963, 1.5706955467989456, 3.14115570818955, 0.00031288728980314906, 3.1414296848356242, -0.0003861405524525172, -0.0001997543025190043, 3.142469577018349, 0.00012127192757421293, 1.571103595855608, 0.000891300101028467, 4.711611883155936, 1.5710067429199934, 4.712572023240977, 1.5708092592602516, 1.5707560846992186, 3.142785891331472, -0.0023342447874894045, 4.711970698188524, 3.14102602592946, 0.029884654516725676, 4.712359783442078]",0.0
710,1.5617448935687457,"[1.57009796949208, 4.712312009226582, 1.5705516819858334, 4.712427563817991, 3.1419963480450748, 4.713056708391341, 1.570280593838261, 1.5704427629622655, 3.141477368192629, 4.712894031572035, 3.1414987918177886, 1.5710408733159957, 4.71217988935747, 4.715771433383821, -0.00961638837902606, -8.758334095837742e-05, -0.0004577085436798863, 0.00010559297892328139, 3.1416017347985754, 1.5706955467964614, 3.1411557081888994, 0.0003128872932703095, 3.1414296848383754, -0.00038614055407026665, -0.00019975430256357655, 3.1424695770179687, 0.00012127192739543094, 1.5711035958609996, 0.000891300094083658, 4.711611883159816, 1.5710067429173566, 4.712572023247425, 1.5708092592601965, 1.5707560847006852, 3.142785891333226, -0.0023342447824337216, 4.711970698186095, 3.141026025927749, 0.029884654517392854, 4.712359783439919]",0.0
711,1.5575999670064684,"[1.5700979694930655, 4.712312009226121, 1.5705516819876162, 4.712427563816333, 3.1419963480426265, 4.713056708392397, 1.5702805938404667, 1.5704427629668551, 3.1414773681915285, 4.71289403157312, 3.1414987918137918, 1.5710408733147565, 4.7121798893556575, 4.715771433384861, -0.009616388380095228, -8.758333706901073e-05, -0.00045770854429962114, 0.00010559297998302447, 3.141601734799868, 1.570695546795899, 3.1411557081919512, 0.0003128872889087942, 3.1414296848355607, -0.00038614055069084187, -0.0001997543025312479, 3.1424695770190234, 0.0001212719276171189, 1.5711035958536959, 0.000891300097976531, 4.711611883157713, 1.5710067429183912, 4.712572023243929, 1.57080925926112, 1.5707560846994955, 3.1427858913326547, -0.0023342447884850495, 4.711970698187001, 3.141026025928277, 0.029884654516896182, 4.712359783442133]",0.0
712,1.5545014594990039,"[1.5700979694949855, 4.712312009226926, 1.5705516819862788, 4.71242756381616, 3.141996348043016, 4.7130567083915, 1.5702805938403908, 1.5704427629621651, 3.1414773681869446, 4.712894031573769, 3.1414987918148274, 1.5710408733157843, 4.712179889348846, 4.715771433385137, -0.00961638837785787, -8.758333584063836e-05, -0.00045770853912944153, 0.0001055929805330239, 3.1416017348020775, 1.5706955467958776, 3.1411557081915884, 0.00031288729138173897, 3.1414296848376653, -0.00038614055104732137, -0.00019975429763024118, 3.1424695770174815, 0.00012127193193072771, 1.5711035958558637, 0.0008913000999550644, 4.711611883162821, 1.5710067429167234, 4.712572023240654, 1.570809259260521, 1.5707560847012918, 3.1427858913376876, -0.0023342447876395804, 4.711970698186416, 3.1410260259318483, 0.029884654515003408, 4.712359783440558]",0.0
713,1.5618425498187454,"[1.5700979694940655, 4.712312009225348, 1.570551681984302, 4.712427563814807, 3.141996348043256, 4.7130567083927115, 1.57028059384032, 1.570442762965716, 3.141477368189942, 4.712894031571945, 3.1414987918145534, 1.5710408733178234, 4.7121798893537115, 4.7157714333868626, -0.00961638837974803, -8.758333898051071e-05, -0.0004577085447064346, 0.00010559298157787612, 3.141601734802278, 1.5706955467986299, 3.1411557081891406, 0.00031288729060721394, 3.141429684835073, -0.0003861405501880375, -0.00019975430135569776, 3.142469577017527, 0.00012127192858018441, 1.5711035958551385, 0.0008913000977059623, 4.711611883158066, 1.571006742918605, 4.712572023241742, 1.5708092592581522, 1.5707560847008915, 3.142785891331291, -0.0023342447855383064, 4.711970698188112, 3.1410260259292158, 0.029884654518066874, 4.712359783442199]",0.0
714,1.5626645494757196,"[1.570097969489066, 4.712312009226197, 1.5705516819813035, 4.712427563814678, 3.1419963480371527, 4.713056708388039, 1.5702805938411988, 1.5704427629629452, 3.1414773681932013, 4.712894031575884, 3.1414987918106823, 1.5710408733167358, 4.71217988935631, 4.715771433387399, -0.009616388377532793, -8.758333708328634e-05, -0.000457708545591076, 0.00010559298318469051, 3.1416017348003185, 1.5706955467949775, 3.1411557081923025, 0.0003128872886270781, 3.141429684838342, -0.0003861405541379816, -0.0001997542996634647, 3.1424695770158397, 0.00012127192706644714, 1.5711035958551562, 0.0008913000972294647, 4.711611883159275, 1.5710067429188639, 4.712572023238437, 1.570809259261225, 1.570756084698764, 3.142785891333449, -0.0023342447842071923, 4.711970698184527, 3.1410260259277765, 0.02988465451762614, 4.712359783441858]",0.0
715,1.5671257303062678,"[1.5700979694932873, 4.712312009224213, 1.5705516819857335, 4.71242756381625, 3.141996348043042, 4.713056708392775, 1.5702805938384403, 1.5704427629637243, 3.141477368190836, 4.712894031572235, 3.1414987918136976, 1.5710408733149155, 4.712179889354777, 4.715771433389171, -0.009616388376841303, -8.758333918386797e-05, -0.00045770854331698784, 0.0001055929816713435, 3.1416017347997984, 1.5706955467964003, 3.1411557081918766, 0.00031288728896203044, 3.141429684836896, -0.0003861405520949067, -0.00019975430100079909, 3.142469577019498, 0.00012127193034159287, 1.5711035958566026, 0.0008913000986929671, 4.711611883158499, 1.571006742919031, 4.712572023242593, 1.5708092592585703, 1.5707560846999578, 3.1427858913305875, -0.0023342447879169045, 4.711970698187369, 3.1410260259270464, 0.02988465451442297, 4.7123597834422695]",0.0
716,1.5622564603370164,"[1.5700979694900747, 4.712312009228373, 1.570551681986696, 4.712427563812571, 3.1419963480401596, 4.713056708390212, 1.5702805938398081, 1.5704427629652606, 3.1414773681898387, 4.7128940315711345, 3.1414987918133446, 1.571040873318694, 4.7121798893563085, 4.715771433385201, -0.00961638837784997, -8.758333839648705e-05, -0.00045770854613743137, 0.00010559298267767083, 3.141601734798864, 1.570695546796256, 3.1411557081877324, 0.0003128872923637998, 3.14142968483853, -0.0003861405474718434, -0.00019975430168887886, 3.142469577019372, 0.00012127193108575294, 1.5711035958588526, 0.0008913001046964979, 4.711611883155061, 1.5710067429186352, 4.712572023244874, 1.5708092592630485, 1.5707560847057673, 3.1427858913322, -0.0023342447891940956, 4.711970698184698, 3.14102602593048, 0.02988465451497137, 4.71235978344124]",0.0
717,1.5591002744872466,"[1.570097969494064, 4.712312009224028, 1.5705516819852692, 4.712427563818175, 3.1419963480440005, 4.713056708391243, 1.5702805938394409, 1.5704427629637732, 3.141477368190996, 4.712894031573377, 3.1414987918137145, 1.5710408733177297, 4.712179889356556, 4.715771433385173, -0.009616388378355522, -8.758333867291586e-05, -0.00045770854530192257, 0.0001055929824453949, 3.1416017347989507, 1.5706955467972057, 3.141155708190355, 0.0003128872910388876, 3.1414296848369587, -0.00038614054908597817, -0.00019975430250467822, 3.142469577016049, 0.00012127192964956842, 1.5711035958547273, 0.0008913000988585547, 4.711611883158959, 1.5710067429209134, 4.712572023241432, 1.5708092592598677, 1.5707560847008233, 3.142785891334636, -0.0023342447884294962, 4.711970698187599, 3.1410260259275735, 0.029884654515197666, 4.712359783441172]",0.0
718,1.568160506601945,"[1.5700979694959094, 4.712312009222682, 1.5705516819830978, 4.712427563821597, 3.141996348043315, 4.713056708389991, 1.570280593842156, 1.5704427629629498, 3.1414773681910235, 4.712894031571936, 3.141498791815348, 1.5710408733128816, 4.712179889354936, 4.7157714333895155, -0.009616388380116355, -8.758333889587911e-05, -0.00045770854556000237, 0.00010559298515074481, 3.1416017348014065, 1.5706955467975503, 3.141155708193269, 0.00031288728801657617, 3.1414296848386676, -0.00038614054659336723, -0.0001997542979989326, 3.142469577018931, 0.00012127192505236603, 1.5711035958572714, 0.0008913000997535422, 4.711611883156343, 1.5710067429174126, 4.712572023245534, 1.5708092592620997, 1.5707560847017978, 3.1427858913328883, -0.0023342447880491833, 4.711970698185389, 3.1410260259325278, 0.029884654519859964, 4.712359783439452]",0.0
719,1.5647341020670744,"[1.5700979694932495, 4.712312009225484, 1.5705516819870002, 4.712427563816978, 3.141996348043183, 4.713056708390861, 1.5702805938393822, 1.570442762962524, 3.141477368189809, 4.712894031575297, 3.1414987918139605, 1.5710408733150607, 4.712179889355736, 4.715771433385979, -0.009616388379173448, -8.758333683600075e-05, -0.0004577085439096488, 0.00010559298272892717, 3.1416017347995533, 1.570695546797297, 3.1411557081909844, 0.0003128872890664123, 3.141429684835283, -0.00038614055045451485, -0.00019975430132985656, 3.1424695770177684, 0.00012127193136162229, 1.5711035958564274, 0.0008913000976910867, 4.7116118831577305, 1.5710067429205616, 4.712572023242991, 1.5708092592607503, 1.5707560847028068, 3.142785891330998, -0.0023342447859398215, 4.7119706981870015, 3.141026025930007, 0.02988465451846324, 4.712359783444429]",0.0
720,1.5598764748569582,"[1.5700979694924222, 4.712312009224466, 1.5705516819813723, 4.712427563816012, 3.1419963480472597, 4.713056708390066, 1.5702805938413047, 1.5704427629663176, 3.141477368189662, 4.712894031572527, 3.14149879180957, 1.5710408733123042, 4.712179889355596, 4.7157714333872995, -0.009616388379343538, -8.758333511620538e-05, -0.0004577085461160996, 0.00010559298159468093, 3.1416017348022613, 1.5706955467950108, 3.141155708190944, 0.00031288729325342835, 3.141429684833053, -0.0003861405523086253, -0.00019975430456025425, 3.142469577020755, 0.00012127193025271928, 1.5711035958586255, 0.0008913001021600493, 4.71161188316268, 1.5710067429212697, 4.712572023243349, 1.5708092592635663, 1.570756084700823, 3.142785891332534, -0.0023342447857453473, 4.711970698190332, 3.1410260259285967, 0.029884654517883802, 4.712359783438913]",0.0
721,1.5549153700172746,"[1.5700979694929567, 4.712312009223611, 1.5705516819866505, 4.71242756381629, 3.141996348042558, 4.7130567083907655, 1.570280593839135, 1.5704427629637783, 3.1414773681915813, 4.712894031572995, 3.14149879181235, 1.5710408733160537, 4.712179889355484, 4.7157714333862515, -0.009616388376261612, -8.758333653708693e-05, -0.00045770854336495045, 0.00010559298350714632, 3.1416017348020944, 1.5706955467964392, 3.141155708188041, 0.00031288728987338384, 3.1414296848355727, -0.00038614054992366166, -0.00019975430195122266, 3.1424695770190416, 0.00012127192729105247, 1.5711035958571746, 0.0008913000971400157, 4.711611883157868, 1.5710067429171892, 4.712572023243184, 1.5708092592609182, 1.5707560847008792, 3.142785891333838, -0.002334244787764057, 4.711970698189593, 3.1410260259295546, 0.0298846545160814, 4.71235978344283]",0.0
722,1.5604468365462574,"[1.5700979694949686, 4.712312009229055, 1.570551681986016, 4.712427563818143, 3.141996348043734, 4.713056708389049, 1.5702805938386388, 1.5704427629607651, 3.141477368189596, 4.712894031574729, 3.141498791811354, 1.5710408733132408, 4.712179889353021, 4.715771433385974, -0.009616388382983305, -8.75833386761181e-05, -0.0004577085468540873, 0.0001055929795251191, 3.1416017348015943, 1.5706955467924368, 3.1411557081876134, 0.00031288729333997945, 3.141429684838245, -0.0003861405490888407, -0.00019975430087131792, 3.142469577020423, 0.00012127192648588673, 1.5711035958561728, 0.0008913000962018717, 4.711611883154693, 1.57100674291993, 4.712572023238464, 1.5708092592597218, 1.5707560847002573, 3.1427858913292135, -0.0023342447880941664, 4.711970698189273, 3.141026025930052, 0.0298846545125975, 4.712359783440916]",0.0
723,1.5572895341177648,"[1.570097969493394, 4.712312009226011, 1.5705516819853154, 4.712427563817475, 3.1419963480419, 4.713056708392293, 1.570280593838695, 1.570442762963395, 3.141477368188592, 4.71289403157224, 3.1414987918143025, 1.5710408733152688, 4.712179889355443, 4.715771433386518, -0.009616388379480785, -8.758333564385133e-05, -0.00045770854474929003, 0.00010559298234935892, 3.1416017348009113, 1.5706955467989774, 3.141155708190608, 0.00031288728997235285, 3.1414296848363383, -0.0003861405500843517, -0.00019975430191081464, 3.142469577016972, 0.00012127192935553748, 1.57110359585666, 0.0008913000996098805, 4.71161188315643, 1.5710067429179535, 4.71257202324279, 1.570809259262801, 1.570756084698174, 3.1427858913321844, -0.0023342447848297525, 4.711970698188106, 3.1410260259276703, 0.029884654514525495, 4.7123597834413955]",0.0
724,1.5682406987132422,"[1.570097969494836, 4.712312009225765, 1.5705516819859366, 4.712427563818569, 3.1419963480436044, 4.713056708395623, 1.5702805938410538, 1.5704427629658624, 3.141477368190494, 4.712894031572498, 3.1414987918072805, 1.5710408733139756, 4.712179889357636, 4.715771433388006, -0.009616388377303631, -8.758334110618914e-05, -0.000457708544247061, 0.00010559298135952514, 3.1416017347998024, 1.5706955467983907, 3.141155708189872, 0.0003128872950989057, 3.141429684835362, -0.00038614055108768665, -0.00019975429789953323, 3.1424695770192406, 0.00012127193244189775, 1.5711035958539739, 0.0008913000953958061, 4.71161188315503, 1.5710067429155132, 4.712572023241068, 1.5708092592643725, 1.5707560847024968, 3.142785891335098, -0.0023342447854469857, 4.711970698185263, 3.141026025928195, 0.029884654517128278, 4.712359783442446]",0.0
725,1.5729146561824936,"[1.5700979694915465, 4.712312009227473, 1.5705516819857588, 4.712427563817222, 3.14199634804401, 4.7130567083903925, 1.5702805938387214, 1.5704427629655622, 3.1414773681914996, 4.712894031573702, 3.141498791815304, 1.5710408733156058, 4.7121798893546964, 4.715771433388599, -0.009616388379955166, -8.758333839422465e-05, -0.0004577085443341263, 0.00010559298427575683, 3.141601734801162, 1.570695546795035, 3.141155708189437, 0.0003128872910340809, 3.1414296848347263, -0.00038614054911253337, -0.0001997542999175779, 3.142469577017702, 0.00012127193101468808, 1.5711035958564756, 0.0008913000979644574, 4.7116118831579765, 1.571006742918225, 4.712572023242962, 1.570809259260945, 1.5707560846989852, 3.1427858913334292, -0.0023342447880357613, 4.711970698187322, 3.141026025926991, 0.029884654517292174, 4.712359783441884]",0.0
726,1.5588358771817132,"[1.5700979694934747, 4.71231200922674, 1.570551681987039, 4.7124275638170605, 3.141996348043747, 4.713056708391137, 1.5702805938431124, 1.5704427629626592, 3.141477368189999, 4.712894031577315, 3.1414987918154322, 1.5710408733152712, 4.7121798893591045, 4.715771433385668, -0.009616388377448862, -8.758334301296083e-05, -0.00045770853918686446, 0.00010559298103174328, 3.141601734803079, 1.570695546799134, 3.1411557081883568, 0.0003128872905000877, 3.1414296848349412, -0.0003861405542917299, -0.0001997543026104446, 3.142469577018384, 0.00012127192717081187, 1.571103595856857, 0.0008913001044282053, 4.711611883155096, 1.5710067429195476, 4.7125720232396855, 1.570809259261805, 1.5707560846970592, 3.142785891332671, -0.0023342447891969154, 4.711970698188992, 3.1410260259304454, 0.029884654518204698, 4.7123597834406095]",0.0
727,1.5593474439499841,"[1.570097969493304, 4.7123120092285085, 1.5705516819839596, 4.712427563817744, 3.1419963480441195, 4.713056708391867, 1.5702805938412014, 1.5704427629648003, 3.1414773681911865, 4.712894031573672, 3.1414987918141644, 1.5710408733138137, 4.712179889356441, 4.71577143338734, -0.009616388376523025, -8.758333634984456e-05, -0.00045770854266247125, 0.00010559298152176976, 3.141601734800632, 1.5706955467977521, 3.141155708187608, 0.00031288729046029674, 3.141429684837516, -0.00038614054945888734, -0.00019975430084962281, 3.142469577017513, 0.00012127192751695256, 1.5711035958541317, 0.000891300099387701, 4.711611883159471, 1.5710067429194412, 4.712572023243346, 1.570809259260374, 1.5707560847015822, 3.14278589133127, -0.0023342447866600575, 4.71197069818695, 3.1410260259282157, 0.029884654515322892, 4.712359783443091]",0.0
728,1.5639767187106959,"[1.5700979694942578, 4.712312009226473, 1.57055168198626, 4.71242756381573, 3.1419963480433037, 4.713056708391916, 1.5702805938395896, 1.5704427629653444, 3.1414773681905714, 4.712894031574028, 3.14149879181365, 1.5710408733142542, 4.712179889355719, 4.715771433386724, -0.00961638837805857, -8.758333766738284e-05, -0.0004577085444335771, 0.00010559298332680754, 3.141601734800213, 1.570695546797095, 3.1411557081905297, 0.000312887291227302, 3.141429684836823, -0.00038614055050964426, -0.0001997543013035243, 3.1424695770179487, 0.00012127192833498763, 1.5711035958569466, 0.0008913000990039461, 4.71161188315767, 1.57100674291938, 4.712572023242225, 1.5708092592595106, 1.5707560847001434, 3.1427858913330935, -0.0023342447865801258, 4.711970698187121, 3.1410260259292384, 0.029884654516503878, 4.71235978344158]",0.0
729,1.5627278129016853,"[1.570097969494784, 4.7123120092243855, 1.5705516819834682, 4.712427563814952, 3.141996348043431, 4.7130567083924895, 1.5702805938406046, 1.5704427629648556, 3.1414773681897055, 4.712894031572969, 3.1414987918133384, 1.5710408733151762, 4.712179889356742, 4.715771433385845, -0.009616388380525656, -8.758333817453067e-05, -0.00045770854066011735, 0.00010559298324609896, 3.1416017347978595, 1.5706955467935708, 3.1411557081886996, 0.00031288728954047626, 3.1414296848366057, -0.00038614054968670315, -0.00019975430104585522, 3.1424695770172217, 0.00012127192873435687, 1.5711035958564126, 0.0008913000991741015, 4.711611883157308, 1.5710067429182686, 4.7125720232424735, 1.5708092592610443, 1.5707560847001198, 3.142785891332113, -0.0023342447859718996, 4.7119706981879625, 3.141026025928814, 0.029884654516099875, 4.712359783442195]",0.0
730,1.5626703708552871,"[1.5700979694928479, 4.71231200922614, 1.5705516819849137, 4.712427563817218, 3.141996348042982, 4.713056708392611, 1.5702805938403177, 1.5704427629638493, 3.1414773681900736, 4.7128940315733425, 3.141498791813891, 1.5710408733153198, 4.71217988935576, 4.7157714333855125, -0.009616388378061043, -8.758333709370517e-05, -0.0004577085435220613, 0.00010559298326448214, 3.1416017348004472, 1.5706955467961876, 3.1411557081902273, 0.00031288729088186073, 3.141429684835259, -0.0003861405508408063, -0.00019975430100348468, 3.142469577018303, 0.00012127192876303536, 1.5711035958560096, 0.000891300098630825, 4.711611883157189, 1.5710067429186652, 4.712572023242431, 1.5708092592596246, 1.5707560847011406, 3.1427858913317275, -0.002334244787557391, 4.711970698187059, 3.1410260259283187, 0.029884654516681194, 4.712359783440205]",0.0
731,1.552924632557287,"[1.5700979694933315, 4.712312009224612, 1.5705516819858383, 4.712427563815853, 3.1419963480440343, 4.713056708388227, 1.5702805938390956, 1.5704427629658904, 3.1414773681889328, 4.712894031572697, 3.141498791813841, 1.5710408733152585, 4.712179889358281, 4.715771433385954, -0.009616388379006914, -8.75833378463243e-05, -0.0004577085419333212, 0.00010559298283387454, 3.1416017348028737, 1.570695546797126, 3.141155708191932, 0.0003128872922583866, 3.141429684836283, -0.00038614055055148357, -0.0001997543010038338, 3.1424695770169926, 0.0001212719285901615, 1.5711035958550734, 0.0008913000978410663, 4.7116118831582865, 1.5710067429178785, 4.712572023242492, 1.5708092592605172, 1.5707560847011688, 3.1427858913304423, -0.0023342447873585426, 4.711970698185926, 3.141026025929396, 0.029884654514445386, 4.712359783441545]",0.0
732,1.5588475199408487,"[1.570097969493199, 4.712312009225848, 1.5705516819855216, 4.712427563817358, 3.1419963480434183, 4.713056708391936, 1.5702805938384108, 1.5704427629647715, 3.1414773681903103, 4.712894031573852, 3.1414987918125266, 1.5710408733156358, 4.712179889356364, 4.715771433386159, -0.009616388378825952, -8.758333833100761e-05, -0.0004577085435815716, 0.00010559298191374506, 3.141601734801499, 1.5706955467961332, 3.141155708189716, 0.0003128872895590816, 3.141429684835604, -0.0003861405499184704, -0.00019975430064383886, 3.1424695770181374, 0.00012127192862744089, 1.5711035958562383, 0.0008913000997744831, 4.7116118831581995, 1.5710067429189698, 4.712572023242883, 1.5708092592596825, 1.5707560847003839, 3.142785891332479, -0.0023342447860463097, 4.711970698186175, 3.1410260259292526, 0.02988465451606799, 4.712359783441361]",0.0
733,1.5575999670064682,"[1.570097969492682, 4.712312009226046, 1.570551681983157, 4.712427563817519, 3.141996348043674, 4.713056708389662, 1.5702805938373414, 1.5704427629650206, 3.141477368190844, 4.712894031572471, 3.1414987918134347, 1.571040873314294, 4.712179889354304, 4.715771433385471, -0.009616388378070165, -8.758333841560444e-05, -0.0004577085429380964, 0.0001055929830562307, 3.141601734799958, 1.5706955467968167, 3.1411557081901345, 0.0003128872910296073, 3.1414296848367695, -0.00038614055249673433, -0.0001997543024181882, 3.1424695770183124, 0.00012127192966165735, 1.5711035958531112, 0.0008913000998646003, 4.711611883155188, 1.571006742918702, 4.71257202324402, 1.5708092592592953, 1.5707560847004902, 3.14278589133357, -0.002334244786335586, 4.711970698188135, 3.141026025930789, 0.02988465451643374, 4.7123597834423165]",0.0
734,1.5657805211218876,"[1.5700979694940267, 4.712312009226111, 1.5705516819851792, 4.712427563817043, 3.1419963480426816, 4.71305670839095, 1.5702805938397653, 1.570442762964688, 3.141477368190948, 4.71289403157307, 3.1414987918135524, 1.571040873315383, 4.7121798893550855, 4.715771433384863, -0.00961638837840403, -8.758333900950185e-05, -0.000457708543588941, 0.00010559298346978617, 3.14160173480024, 1.5706955467969657, 3.141155708190585, 0.00031288729112214297, 3.1414296848354955, -0.00038614055040773093, -0.00019975430030371726, 3.142469577018979, 0.0001212719284415363, 1.5711035958560322, 0.0008913000994569248, 4.711611883158582, 1.5710067429190346, 4.7125720232427355, 1.5708092592609155, 1.5707560847002018, 3.142785891331579, -0.0023342447865340576, 4.711970698187497, 3.141026025928429, 0.02988465451586537, 4.712359783442651]",0.0
735,1.563913218988823,"[1.5700979694918598, 4.712312009225825, 1.5705516819859267, 4.712427563817877, 3.141996348043695, 4.713056708390399, 1.570280593841853, 1.5704427629655195, 3.1414773681875654, 4.712894031573044, 3.1414987918120905, 1.5710408733149088, 4.712179889355476, 4.715771433385762, -0.009616388379647586, -8.758333849320592e-05, -0.0004577085438715571, 0.00010559298239180017, 3.141601734801259, 1.5706955467966615, 3.141155708190462, 0.00031288728982117257, 3.1414296848371572, -0.00038614055187612925, -0.0001997542998049526, 3.1424695770169, 0.00012127192781602357, 1.571103595857209, 0.0008913000995252932, 4.711611883156714, 1.5710067429189403, 4.712572023243926, 1.5708092592583494, 1.5707560847019733, 3.1427858913339284, -0.002334244786867965, 4.71197069818886, 3.141026025926334, 0.029884654515785158, 4.712359783443529]",0.0
736,1.5660676684923196,"[1.5700979694932684, 4.712312009225129, 1.5705516819854766, 4.712427563817191, 3.1419963480427855, 4.713056708391105, 1.5702805938402107, 1.5704427629641868, 3.141477368189798, 4.712894031573951, 3.1414987918137456, 1.5710408733160084, 4.712179889355735, 4.715771433387618, -0.009616388379139258, -8.758333735711135e-05, -0.0004577085434405936, 0.00010559298227667198, 3.1416017347997642, 1.5706955467965134, 3.1411557081900567, 0.00031288729219632484, 3.141429684835402, -0.00038614055070393584, -0.00019975430145434162, 3.142469577018917, 0.00012127192804982239, 1.5711035958556323, 0.0008913000995742416, 4.711611883157717, 1.5710067429186187, 4.7125720232432196, 1.570809259259571, 1.5707560847002506, 3.142785891332717, -0.002334244786614556, 4.711970698186499, 3.141026025928849, 0.029884654516018853, 4.712359783442621]",0.0
737,1.569499894406758,"[1.570097969491478, 4.712312009225461, 1.5705516819839922, 4.712427563816915, 3.141996348045138, 4.713056708391149, 1.5702805938394282, 1.5704427629646087, 3.1414773681923975, 4.712894031572641, 3.141498791813258, 1.5710408733147532, 4.712179889356237, 4.715771433384964, -0.009616388380365394, -8.758333627027064e-05, -0.000457708542333554, 0.00010559298150070423, 3.141601734799814, 1.5706955467992167, 3.141155708190786, 0.000312887290530747, 3.1414296848367083, -0.00038614054941613356, -0.00019975430085419197, 3.142469577019689, 0.00012127192900020311, 1.5711035958579946, 0.0008913000994715207, 4.711611883157144, 1.5710067429173307, 4.712572023239925, 1.5708092592588305, 1.5707560847004338, 3.1427858913329247, -0.0023342447877589276, 4.711970698186533, 3.141026025928684, 0.02988465451640536, 4.71235978344321]",0.0
738,1.547671935947533,"[1.5700979694936645, 4.712312009224671, 1.570551681985995, 4.712427563816831, 3.1419963480427007, 4.713056708390623, 1.5702805938407947, 1.5704427629644833, 3.1414773681911634, 4.712894031573187, 3.141498791813531, 1.5710408733141268, 4.712179889355743, 4.715771433385773, -0.009616388379166604, -8.758333770887209e-05, -0.000457708544105014, 0.00010559298247368551, 3.1416017348008163, 1.570695546796877, 3.141155708188782, 0.00031288729069909194, 3.1414296848365555, -0.00038614055081881795, -0.00019975430089651881, 3.142469577017999, 0.00012127193019271165, 1.5711035958556916, 0.0008913000995916108, 4.711611883157906, 1.5710067429181658, 4.71257202324285, 1.570809259259288, 1.5707560847001214, 3.1427858913320206, -0.0023342447866245746, 4.7119706981868195, 3.1410260259285088, 0.029884654516258623, 4.712359783441372]",0.0
739,1.562457594216584,"[1.5700979694936237, 4.7123120092251325, 1.5705516819866354, 4.712427563817599, 3.14199634804466, 4.71305670839106, 1.570280593841655, 1.570442762965537, 3.1414773681923025, 4.712894031572283, 3.141498791814746, 1.5710408733167225, 4.712179889354988, 4.715771433386443, -0.009616388378079658, -8.758333680536615e-05, -0.0004577085424797964, 0.00010559298283897137, 3.1416017348024416, 1.570695546795049, 3.141155708190688, 0.000312887290307449, 3.1414296848370693, -0.00038614055082236926, -0.00019975430145262657, 3.1424695770195576, 0.0001212719292758394, 1.5711035958558774, 0.0008913000992838403, 4.711611883155489, 1.5710067429209165, 4.712572023241346, 1.570809259260924, 1.5707560847013615, 3.1427858913329163, -0.002334244783877681, 4.711970698186365, 3.1410260259280887, 0.029884654515286414, 4.712359783441701]",0.0
740,1.5619918267355755,"[1.5700979694927284, 4.7123120092254425, 1.5705516819847272, 4.7124275638170765, 3.141996348042924, 4.713056708391112, 1.5702805938407827, 1.5704427629654925, 3.141477368190862, 4.712894031573892, 3.141498791813559, 1.5710408733152845, 4.712179889355461, 4.715771433386247, -0.009616388378040682, -8.758333793557573e-05, -0.00045770854337902166, 0.00010559298136305752, 3.1416017348002163, 1.5706955467968127, 3.1411557081905266, 0.00031288729091846393, 3.141429684835517, -0.0003861405498785712, -0.00019975430040033388, 3.1424695770174798, 0.00012127192945812525, 1.571103595856926, 0.0008913000984465866, 4.711611883156965, 1.5710067429194736, 4.712572023243207, 1.5708092592599223, 1.5707560846999389, 3.1427858913321187, -0.0023342447868590624, 4.711970698187804, 3.1410260259299707, 0.029884654515253448, 4.712359783441623]",0.0
741,1.563545344053722,"[1.5700979694921686, 4.712312009225135, 1.5705516819859464, 4.712427563816018, 3.1419963480426216, 4.713056708390033, 1.5702805938396271, 1.5704427629635345, 3.141477368188452, 4.712894031571025, 3.1414987918133206, 1.5710408733137395, 4.7121798893560545, 4.715771433385579, -0.009616388376520431, -8.758333826909153e-05, -0.00045770854260048785, 0.00010559298081117107, 3.1416017348005583, 1.5706955467961417, 3.1411557081901407, 0.0003128872915833519, 3.1414296848366257, -0.00038614054757045495, -0.00019975430074472783, 3.1424695770189195, 0.00012127192881477085, 1.5711035958553432, 0.000891300098787949, 4.711611883157197, 1.5710067429206362, 4.71257202324228, 1.5708092592595055, 1.5707560846985558, 3.142785891332721, -0.002334244786063207, 4.711970698186983, 3.1410260259276113, 0.029884654519060385, 4.712359783441732]",0.0
742,1.5667001770288613,"[1.5700979694908888, 4.712312009226688, 1.5705516819864314, 4.71242756381761, 3.1419963480417397, 4.713056708392824, 1.570280593841043, 1.5704427629639925, 3.1414773681905017, 4.712894031571277, 3.141498791813464, 1.5710408733148926, 4.712179889357861, 4.715771433386811, -0.009616388380530978, -8.758333861465821e-05, -0.00045770854294221807, 0.00010559298417053793, 3.141601734801089, 1.5706955467967656, 3.141155708190617, 0.00031288729091156564, 3.1414296848372683, -0.00038614055012215116, -0.00019975430153349903, 3.142469577019336, 0.0001212719297324125, 1.5711035958550663, 0.0008913000984799277, 4.711611883159511, 1.5710067429198022, 4.712572023242466, 1.5708092592590819, 1.570756084700153, 3.142785891332986, -0.0023342447860218193, 4.711970698189255, 3.1410260259314593, 0.029884654515327243, 4.712359783441745]",0.0
743,1.5609054297730682,"[1.570097969493511, 4.7123120092255695, 1.5705516819854615, 4.7124275638171875, 3.141996348043373, 4.7130567083922195, 1.5702805938401139, 1.5704427629649835, 3.141477368190228, 4.712894031572952, 3.1414987918120865, 1.571040873314845, 4.712179889356267, 4.715771433386841, -0.009616388378468612, -8.758333881446663e-05, -0.00045770854352193593, 0.00010559298198526096, 3.141601734800427, 1.5706955467973538, 3.1411557081898054, 0.00031288729157032287, 3.141429684836343, -0.0003861405508964627, -0.00019975430030928513, 3.1424695770185096, 0.00012127192973268967, 1.5711035958554234, 0.000891300098008729, 4.711611883157012, 1.5710067429182724, 4.712572023242083, 1.5708092592615464, 1.5707560847011435, 3.1427858913330398, -0.002334244786685027, 4.711970698186821, 3.141026025928692, 0.02988465451657005, 4.712359783441888]",0.0
744,1.5602180361359452,"[1.5700979694933208, 4.712312009225737, 1.5705516819852743, 4.712427563816267, 3.1419963480429423, 4.713056708391095, 1.5702805938396764, 1.5704427629642508, 3.1414773681907713, 4.712894031573003, 3.1414987918137274, 1.571040873314766, 4.712179889355971, 4.71577143338656, -0.009616388379130128, -8.758333796004204e-05, -0.00045770854321647747, 0.00010559298219542597, 3.141601734800645, 1.570695546797053, 3.14115570819013, 0.00031288729063669356, 3.1414296848356806, -0.00038614055051860194, -0.0001997543005998844, 3.1424695770182733, 0.00012127192866886926, 1.5711035958558903, 0.0008913000989894018, 4.711611883157486, 1.5710067429194614, 4.712572023242714, 1.5708092592601843, 1.5707560847010857, 3.1427858913329567, -0.0023342447867945983, 4.7119706981874545, 3.141026025928506, 0.02988465451600718, 4.712359783441522]",0.0
745,1.5606008182639326,"[1.5700979694924264, 4.712312009224512, 1.5705516819849203, 4.712427563816448, 3.1419963480434583, 4.713056708391996, 1.5702805938395403, 1.570442762964933, 3.141477368189717, 4.712894031573215, 3.141498791814261, 1.571040873314867, 4.712179889355586, 4.715771433385708, -0.00961638837911635, -8.75833375900452e-05, -0.0004577085438909456, 0.00010559298274539178, 3.1416017348011236, 1.5706955467969306, 3.141155708188941, 0.00031288729074233003, 3.1414296848368655, -0.00038614055142663806, -0.00019975430013894444, 3.1424695770186433, 0.0001212719285847051, 1.5711035958559996, 0.0008913000985775482, 4.711611883157707, 1.5710067429205168, 4.7125720232427915, 1.5708092592608252, 1.570756084699854, 3.1427858913325024, -0.0023342447877235297, 4.711970698186322, 3.1410260259292513, 0.029884654515984682, 4.712359783442299]",0.0
746,1.5616414159391778,"[1.5700979694927955, 4.712312009225651, 1.5705516819856542, 4.712427563816923, 3.1419963480433877, 4.713056708391018, 1.5702805938398725, 1.5704427629648867, 3.1414773681902233, 4.712894031572536, 3.1414987918131283, 1.5710408733149495, 4.712179889355123, 4.71577143338647, -0.009616388378870983, -8.758333785115372e-05, -0.00045770854336814613, 0.00010559298279400433, 3.141601734799889, 1.570695546797008, 3.1411557081897645, 0.00031288729045946825, 3.1414296848359244, -0.0003861405504759192, -0.00019975430113835233, 3.14246957701805, 0.00012127192858651382, 1.5711035958560784, 0.000891300098525278, 4.711611883157838, 1.5710067429192835, 4.712572023242495, 1.5708092592601852, 1.570756084700672, 3.1427858913323607, -0.002334244786661682, 4.711970698186633, 3.141026025928943, 0.02988465451595013, 4.712359783441535]",0.0
747,1.5499484437980233,"[1.5700979694929473, 4.712312009225926, 1.5705516819860021, 4.712427563817059, 3.141996348043477, 4.71305670839065, 1.5702805938404825, 1.5704427629643942, 3.1414773681900368, 4.712894031573875, 3.1414987918140636, 1.5710408733154477, 4.7121798893559825, 4.715771433386631, -0.00961638837859135, -8.758333919488647e-05, -0.0004577085424806664, 0.00010559298204449244, 3.1416017348008163, 1.5706955467974517, 3.141155708189376, 0.00031288728998059637, 3.141429684836328, -0.00038614055148069004, -0.00019975430194335504, 3.1424695770181, 0.00012127192854772107, 1.5711035958562989, 0.0008913000999363924, 4.711611883157414, 1.5710067429190806, 4.712572023241681, 1.5708092592609817, 1.5707560846998228, 3.142785891332107, -0.002334244787633299, 4.71197069818769, 3.1410260259292113, 0.029884654516969096, 4.71235978344118]",0.0
748,1.5611007422730683,"[1.5700979694927273, 4.712312009225692, 1.5705516819852952, 4.712427563816647, 3.141996348042796, 4.713056708391471, 1.5702805938398572, 1.5704427629647353, 3.141477368190314, 4.712894031572718, 3.1414987918139343, 1.571040873314911, 4.71217988935565, 4.715771433386293, -0.009616388378617521, -8.75833383132642e-05, -0.00045770854377289474, 0.0001055929822335474, 3.1416017348007075, 1.5706955467963868, 3.141155708189985, 0.0003128872908915098, 3.141429684836265, -0.00038614055035710476, -0.00019975430148510865, 3.1424695770179527, 0.0001212719288887132, 1.5711035958564001, 0.0008913000994739772, 4.711611883157536, 1.57100674291888, 4.7125720232423385, 1.5708092592605194, 1.5707560847011761, 3.1427858913324584, -0.002334244787098387, 4.71197069818684, 3.141026025929035, 0.029884654516134715, 4.712359783442238]",0.0
749,1.5525237417780813,"[1.570097969492871, 4.712312009226219, 1.570551681985517, 4.712427563815859, 3.1419963480428157, 4.71305670839055, 1.5702805938396471, 1.570442762965192, 3.141477368190041, 4.712894031573165, 3.1414987918132087, 1.5710408733167283, 4.712179889355886, 4.71577143338633, -0.009616388378778177, -8.758333750091924e-05, -0.00045770854375318145, 0.00010559298228319627, 3.1416017347999086, 1.5706955467971067, 3.1411557081896184, 0.0003128872905369187, 3.1414296848377985, -0.000386140550179627, -0.00019975430057607373, 3.1424695770194195, 0.0001212719294552442, 1.5711035958562123, 0.0008913000995745234, 4.7116118831574605, 1.5710067429190182, 4.712572023243446, 1.5708092592605758, 1.5707560847012685, 3.142785891331953, -0.0023342447872654114, 4.711970698187401, 3.1410260259288694, 0.029884654516417617, 4.712359783440817]",0.0
750,1.5603938630047969,"[1.5700979694931416, 4.712312009225445, 1.5705516819850263, 4.712427563816612, 3.141996348043373, 4.713056708391191, 1.5702805938401092, 1.5704427629650404, 3.141477368190043, 4.712894031573225, 3.1414987918128774, 1.5710408733149195, 4.712179889355584, 4.715771433386694, -0.009616388378785206, -8.758333747658379e-05, -0.0004577085436567186, 0.00010559298271402993, 3.141601734800834, 1.570695546796731, 3.141155708190236, 0.0003128872905365391, 3.1414296848358823, -0.00038614055032594946, -0.0001997543011220307, 3.142469577018525, 0.00012127192911830426, 1.5711035958556963, 0.0008913000996107732, 4.711611883157785, 1.5710067429194536, 4.712572023242123, 1.5708092592604537, 1.5707560847005484, 3.1427858913322897, -0.0023342447872546183, 4.711970698187581, 3.141026025928891, 0.029884654516309717, 4.7123597834418245]",0.0
751,1.560083430116094,"[1.570097969493019, 4.7123120092253945, 1.570551681984493, 4.712427563817122, 3.1419963480442616, 4.713056708390914, 1.5702805938397635, 1.5704427629647302, 3.1414773681904036, 4.7128940315730175, 3.1414987918136354, 1.5710408733147454, 4.712179889355916, 4.715771433386205, -0.009616388378987746, -8.758333776863642e-05, -0.00045770854387802034, 0.00010559298150761503, 3.1416017348006378, 1.570695546796331, 3.141155708190187, 0.00031288729133970456, 3.141429684836489, -0.00038614055152355836, -0.0001997543019318491, 3.1424695770187228, 0.00012127192892360836, 1.5711035958571093, 0.0008913000985258698, 4.71161188315921, 1.5710067429191608, 4.712572023243262, 1.5708092592608172, 1.5707560847006892, 3.14278589133245, -0.0023342447859852943, 4.7119706981878915, 3.1410260259285976, 0.02988465451699759, 4.712359783440959]",0.0
752,1.5639248617479584,"[1.5700979694937898, 4.712312009225766, 1.5705516819854382, 4.712427563817358, 3.1419963480429733, 4.713056708391488, 1.5702805938396063, 1.5704427629650701, 3.1414773681901984, 4.712894031572904, 3.141498791813499, 1.5710408733150933, 4.7121798893556255, 4.715771433386318, -0.009616388379066953, -8.758333785846633e-05, -0.0004577085427642957, 0.0001055929824402908, 3.141601734800843, 1.5706955467970236, 3.141155708189789, 0.0003128872909595758, 3.1414296848363152, -0.0003861405503333324, -0.00019975430147100057, 3.142469577018461, 0.00012127192916016868, 1.571103595856484, 0.0008913000988576571, 4.711611883157533, 1.5710067429194994, 4.712572023242948, 1.570809259260054, 1.5707560847006403, 3.142785891332365, -0.0023342447873771466, 4.711970698187219, 3.1410260259286775, 0.029884654516370266, 4.712359783441855]",0.0
753,1.5628773261144226,"[1.570097969492877, 4.7123120092259185, 1.5705516819842182, 4.71242756381695, 3.1419963480411215, 4.713056708390544, 1.5702805938399402, 1.5704427629647528, 3.141477368190956, 4.712894031573693, 3.1414987918128143, 1.5710408733155863, 4.712179889355745, 4.715771433386597, -0.009616388378864762, -8.758333758784585e-05, -0.0004577085431910533, 0.00010559298252940483, 3.1416017348009295, 1.5706955467965311, 3.1411557081904267, 0.00031288729026811204, 3.1414296848372145, -0.0003861405513194798, -0.0001997543011138655, 3.1424695770177284, 0.00012127192854867106, 1.5711035958560737, 0.0008913000981404063, 4.711611883157966, 1.571006742919332, 4.712572023241734, 1.5708092592602287, 1.570756084700121, 3.142785891332568, -0.0023342447866944787, 4.711970698186537, 3.141026025928384, 0.029884654516927334, 4.712359783441908]",0.0
754,1.5615837375968722,"[1.5700979694937027, 4.712312009226325, 1.5705516819851306, 4.712427563816803, 3.1419963480434494, 4.713056708390817, 1.5702805938400974, 1.5704427629642377, 3.141477368190055, 4.712894031572714, 3.1414987918134796, 1.5710408733152907, 4.712179889356012, 4.715771433386322, -0.009616388378845288, -8.758333791341699e-05, -0.0004577085439590316, 0.00010559298218816193, 3.141601734800604, 1.5706955467964228, 3.1411557081898316, 0.00031288729042604533, 3.1414296848361896, -0.0003861405507541462, -0.0001997543010025642, 3.142469577018647, 0.00012127192893996221, 1.571103595856223, 0.0008913000985662127, 4.7116118831574365, 1.5710067429191277, 4.712572023242339, 1.5708092592600937, 1.5707560847002406, 3.1427858913324944, -0.002334244787194135, 4.7119706981870655, 3.1410260259291514, 0.029884654516000187, 4.71235978344202]",0.0
755,1.5624692369757196,"[1.570097969492963, 4.7123120092256086, 1.5705516819858576, 4.712427563817276, 3.1419963480433006, 4.713056708391136, 1.5702805938391344, 1.5704427629641236, 3.1414773681902926, 4.712894031574204, 3.14149879181336, 1.5710408733145829, 4.7121798893547195, 4.715771433386298, -0.00961638837976157, -8.75833382203946e-05, -0.00045770854376521626, 0.00010559298179657255, 3.1416017348006995, 1.57069554679605, 3.141155708189655, 0.00031288729139414116, 3.1414296848373313, -0.00038614054990605476, -0.00019975430084623495, 3.142469577018509, 0.0001212719280700453, 1.5711035958555923, 0.0008913000983690949, 4.711611883157146, 1.5710067429190886, 4.71257202324156, 1.5708092592601781, 1.570756084700876, 3.142785891331343, -0.002334244786849599, 4.71197069818822, 3.1410260259288245, 0.02988465451568976, 4.712359783441412]",0.0
756,1.5692987605271904,"[1.5700979694930444, 4.71231200922555, 1.5705516819848926, 4.712427563816616, 3.141996348043411, 4.713056708391265, 1.5702805938403224, 1.5704427629643267, 3.1414773681901926, 4.712894031573624, 3.141498791813543, 1.5710408733149406, 4.712179889355459, 4.715771433386372, -0.009616388378894085, -8.758333846704778e-05, -0.0004577085434393334, 0.00010559298276137815, 3.1416017348008833, 1.570695546797059, 3.1411557081903076, 0.0003128872903698539, 3.1414296848366137, -0.0003861405499622927, -0.00019975430148960285, 3.142469577018705, 0.00012127192881903992, 1.5711035958560042, 0.0008913000986534916, 4.711611883157549, 1.571006742918937, 4.712572023243046, 1.570809259260333, 1.5707560847005442, 3.1427858913326383, -0.00233424478688316, 4.711970698186798, 3.141026025928763, 0.029884654516122443, 4.712359783441624]",0.0
757,1.5631359020403885,"[1.5700979694938686, 4.7123120092247195, 1.5705516819851884, 4.712427563818235, 3.1419963480432784, 4.713056708391035, 1.570280593839934, 1.570442762964815, 3.141477368190489, 4.712894031572389, 3.141498791814452, 1.571040873314972, 4.712179889355894, 4.715771433387178, -0.009616388378815904, -8.758333781487378e-05, -0.00045770854386837663, 0.00010559298267942503, 3.1416017348003407, 1.570695546796873, 3.141155708190742, 0.00031288728995394353, 3.1414296848369907, -0.00038614055016436755, -0.0001997542996623888, 3.1424695770180504, 0.00012127192791481646, 1.5711035958560042, 0.0008913000992891483, 4.711611883157588, 1.571006742918561, 4.712572023242775, 1.5708092592604619, 1.5707560847008246, 3.1427858913323274, -0.002334244787170376, 4.711970698187345, 3.1410260259297185, 0.02988465451741854, 4.712359783441391]",0.0
758,1.5629866251235582,"[1.5700979694929247, 4.712312009225428, 1.5705516819850998, 4.712427563817068, 3.1419963480430217, 4.713056708391083, 1.5702805938397009, 1.5704427629652737, 3.14147736819034, 4.712894031573271, 3.1414987918137647, 1.5710408733149634, 4.712179889356579, 4.715771433386488, -0.009616388378744862, -8.758333824098752e-05, -0.00045770854394392536, 0.00010559298268686484, 3.141601734800263, 1.5706955467969679, 3.141155708189671, 0.00031288729043995824, 3.1414296848360523, -0.00038614055043152505, -0.0001997543013513232, 3.142469577018757, 0.0001212719286308283, 1.5711035958561177, 0.0008913000987120645, 4.711611883157167, 1.5710067429193044, 4.712572023242436, 1.5708092592601133, 1.5707560847006485, 3.1427858913320184, -0.0023342447866176253, 4.711970698187376, 3.1410260259284586, 0.029884654516280622, 4.712359783441831]",0.0
759,1.5563063784889177,"[1.5700979694933783, 4.71231200922561, 1.5705516819853245, 4.71242756381715, 3.1419963480425466, 4.713056708390952, 1.570280593839676, 1.570442762965581, 3.1414773681889416, 4.712894031573803, 3.141498791814838, 1.5710408733148418, 4.71217988935524, 4.71577143338595, -0.009616388378302906, -8.758333772332252e-05, -0.00045770854295318353, 0.00010559298202522743, 3.141601734800292, 1.5706955467967896, 3.141155708189834, 0.0003128872900741468, 3.141429684836135, -0.00038614055054094675, -0.0001997543006565109, 3.14246957701924, 0.00012127192951078297, 1.5711035958557686, 0.0008913000986375395, 4.711611883158587, 1.571006742918445, 4.712572023241466, 1.5708092592600555, 1.5707560847010604, 3.14278589133364, -0.0023342447865370404, 4.711970698187353, 3.141026025929009, 0.02988465451573752, 4.712359783441457]",0.0
760,1.568355819101945,"[1.570097969492913, 4.712312009225807, 1.5705516819849747, 4.712427563816886, 3.141996348043505, 4.713056708391042, 1.5702805938391227, 1.5704427629647872, 3.1414773681904227, 4.712894031573089, 3.141498791813616, 1.5710408733150856, 4.7121798893554985, 4.715771433386073, -0.009616388378477274, -8.758333796165147e-05, -0.00045770854322977754, 0.0001055929826180648, 3.141601734800392, 1.5706955467967665, 3.1411557081900643, 0.00031288729072138173, 3.1414296848365284, -0.0003861405511235962, -0.00019975430123426343, 3.1424695770181237, 0.00012127192909926562, 1.5711035958552704, 0.0008913000991537587, 4.711611883157111, 1.5710067429188805, 4.712572023242873, 1.5708092592599385, 1.5707560847004272, 3.142785891332676, -0.00233424478669639, 4.71197069818754, 3.1410260259292255, 0.02988465451643025, 4.712359783441927]",0.0
761,1.559255609079552,"[1.5700979694930552, 4.71231200922528, 1.5705516819855454, 4.712427563816726, 3.1419963480431097, 4.713056708391153, 1.5702805938397095, 1.5704427629646183, 3.1414773681903823, 4.712894031573121, 3.141498791813407, 1.5710408733153136, 4.7121798893557, 4.71577143338627, -0.009616388378595945, -8.758333786660265e-05, -0.00045770854342670937, 0.00010559298260153188, 3.1416017348007106, 1.5706955467967143, 3.1411557081899013, 0.0003128872906098394, 3.141429684836211, -0.00038614055054808194, -0.00019975430108497112, 3.1424695770184647, 0.00012127192871113334, 1.5711035958562714, 0.0008913000987202605, 4.711611883157584, 1.5710067429188614, 4.71257202324256, 1.570809259260314, 1.5707560847005393, 3.1427858913326494, -0.002334244786977554, 4.711970698187517, 3.1410260259289573, 0.02988465451631266, 4.712359783441826]",0.0
762,1.5611182064117712,"[1.5700979694930404, 4.712312009226095, 1.5705516819853087, 4.712427563816893, 3.141996348043494, 4.713056708391418, 1.570280593840111, 1.5704427629646602, 3.1414773681905666, 4.712894031573287, 3.1414987918137203, 1.5710408733150918, 4.712179889355983, 4.715771433386591, -0.00961638837807464, -8.758333742539236e-05, -0.0004577085431641933, 0.00010559298226143274, 3.141601734800686, 1.5706955467969936, 3.141155708189337, 0.0003128872905163852, 3.1414296848366248, -0.0003861405502694886, -0.0001997543009149826, 3.142469577018054, 0.00012127192850659512, 1.5711035958556923, 0.0008913000988151079, 4.711611883158215, 1.5710067429189503, 4.712572023242711, 1.5708092592603804, 1.5707560847007205, 3.142785891332195, -0.002334244786899786, 4.711970698187438, 3.1410260259285923, 0.029884654516106137, 4.712359783442257]",0.0
763,1.5644294905579388,"[1.5700979694930381, 4.712312009225712, 1.5705516819854153, 4.712427563817046, 3.141996348043096, 4.713056708391243, 1.5702805938396933, 1.5704427629645161, 3.1414773681901442, 4.712894031573167, 3.141498791813591, 1.5710408733149714, 4.712179889355873, 4.715771433386326, -0.009616388378770449, -8.758333763854613e-05, -0.0004577085434515269, 0.00010559298248879941, 3.1416017348004432, 1.5706955467968844, 3.1411557081901402, 0.00031288729060820696, 3.1414296848364374, -0.0003861405505374997, -0.00019975430104079156, 3.1424695770182574, 0.00012127192891649114, 1.5711035958561723, 0.0008913000990900492, 4.711611883157505, 1.5710067429190162, 4.712572023242615, 1.5708092592606562, 1.5707560847002822, 3.1427858913324878, -0.0023342447867677617, 4.7119706981872636, 3.141026025928681, 0.02988465451598332, 4.712359783441715]",0.0
764,1.5562042537339802,"[1.5700979694932686, 4.712312009225609, 1.5705516819851941, 4.7124275638164175, 3.1419963480431496, 4.713056708391706, 1.5702805938398536, 1.5704427629648008, 3.141477368189903, 4.712894031572795, 3.1414987918139223, 1.5710408733158017, 4.7121798893554, 4.715771433386421, -0.00961638837916043, -8.758333789582566e-05, -0.00045770854374362524, 0.0001055929821976199, 3.1416017348009238, 1.5706955467974617, 3.1411557081899737, 0.00031288729061973566, 3.1414296848361816, -0.0003861405504894424, -0.00019975430104596397, 3.1424695770179127, 0.00012127192888826272, 1.5711035958559465, 0.0008913000987974295, 4.711611883157618, 1.5710067429188372, 4.7125720232423145, 1.5708092592601532, 1.5707560847002535, 3.1427858913320983, -0.002334244786290188, 4.711970698187517, 3.1410260259287055, 0.02988465451647985, 4.712359783441797]",0.0
765,1.567721933585474,"[1.5700979694929593, 4.7123120092257675, 1.570551681985319, 4.712427563817035, 3.1419963480431763, 4.71305670839145, 1.5702805938400604, 1.570442762964674, 3.1414773681902175, 4.712894031573189, 3.1414987918134263, 1.5710408733151446, 4.712179889355477, 4.715771433386309, -0.009616388378819084, -8.758333802896962e-05, -0.0004577085435848151, 0.00010559298236973031, 3.1416017348003944, 1.5706955467967887, 3.141155708189845, 0.0003128872904569581, 3.1414296848364054, -0.00038614055065496784, -0.00019975430086097634, 3.1424695770183844, 0.00012127192876678955, 1.5711035958562172, 0.0008913000991162697, 4.711611883157543, 1.5710067429192023, 4.712572023242647, 1.5708092592600937, 1.5707560847005884, 3.142785891332727, -0.0023342447867932855, 4.711970698187487, 3.141026025928599, 0.02988465451641843, 4.712359783441959]",0.0
766,1.5573930117473327,"[1.5700979694929087, 4.712312009225564, 1.5705516819857421, 4.712427563816657, 3.14199634804362, 4.713056708390795, 1.5702805938400832, 1.570442762965108, 3.141477368189695, 4.712894031573244, 3.141498791813505, 1.5710408733152503, 4.712179889356263, 4.7157714333861, -0.00961638837895348, -8.758333814428569e-05, -0.0004577085431583324, 0.00010559298256051676, 3.141601734800884, 1.5706955467966532, 3.141155708190591, 0.00031288729088938216, 3.141429684836496, -0.0003861405508593068, -0.00019975430056979967, 3.1424695770178186, 0.000121271928759466, 1.5711035958561002, 0.0008913000988263641, 4.711611883157786, 1.5710067429189327, 4.712572023242578, 1.5708092592598368, 1.570756084700838, 3.142785891332215, -0.002334244787049887, 4.711970698187163, 3.141026025928431, 0.029884654516133355, 4.7123597834419275]",0.0
767,1.5656712221127518,"[1.5700979694929842, 4.712312009225677, 1.5705516819850989, 4.7124275638168305, 3.141996348043332, 4.7130567083913, 1.570280593839859, 1.5704427629649547, 3.1414773681904675, 4.712894031572922, 3.1414987918135364, 1.5710408733151604, 4.7121798893557685, 4.715771433386316, -0.009616388378798035, -8.758333797876598e-05, -0.00045770854332932427, 0.00010559298236487154, 3.141601734800606, 1.5706955467968786, 3.14115570818997, 0.0003128872908606269, 3.1414296848364494, -0.00038614055050471927, -0.00019975430092993268, 3.142469577018479, 0.00012127192856728223, 1.5711035958561068, 0.0008913000991061903, 4.711611883157637, 1.57100674291883, 4.712572023242346, 1.570809259260092, 1.5707560847002784, 3.1427858913326103, -0.0023342447870293537, 4.711970698187215, 3.141026025928674, 0.029884654516054036, 4.712359783441569]",0.0
768,1.562321076637612,"[1.5700979694928057, 4.712312009225579, 1.5705516819853915, 4.71242756381674, 3.1419963480436626, 4.713056708391294, 1.5702805938396867, 1.5704427629644073, 3.141477368190775, 4.7128940315734535, 3.141498791813699, 1.5710408733152093, 4.712179889355939, 4.715771433386031, -0.009616388379127875, -8.75833375706378e-05, -0.0004577085431407044, 0.00010559298225063788, 3.1416017348001275, 1.5706955467972459, 3.1411557081903108, 0.00031288729059838046, 3.1414296848362837, -0.00038614055035585533, -0.00019975430087907847, 3.142469577018619, 0.00012127192927982061, 1.571103595856385, 0.000891300098901846, 4.711611883157736, 1.5710067429190222, 4.712572023241929, 1.5708092592600618, 1.5707560847007125, 3.1427858913322027, -0.0023342447869209486, 4.711970698186904, 3.1410260259290697, 0.0298846545167876, 4.712359783442294]",0.0
769,1.5666943556492936,"[1.570097969493198, 4.712312009225518, 1.5705516819852985, 4.712427563816692, 3.1419963480433073, 4.71305670839101, 1.5702805938397209, 1.5704427629646849, 3.1414773681901136, 4.712894031573152, 3.141498791813581, 1.5710408733150634, 4.71217988935559, 4.71577143338624, -0.009616388378419787, -8.758333791564987e-05, -0.0004577085433876251, 0.00010559298214303595, 3.1416017348004868, 1.570695546796743, 3.1411557081899772, 0.00031288729073383927, 3.1414296848362793, -0.00038614055033256813, -0.00019975430090645634, 3.1424695770182955, 0.00012127192876533108, 1.5711035958560695, 0.0008913000989591631, 4.711611883157456, 1.571006742919165, 4.712572023242515, 1.5708092592602776, 1.5707560847004025, 3.1427858913324025, -0.0023342447868741224, 4.7119706981870415, 3.1410260259284875, 0.029884654516614984, 4.712359783441784]",0.0
770,1.5571860564881972,"[1.5700979694926338, 4.7123120092257595, 1.5705516819857668, 4.712427563816769, 3.141996348042825, 4.71305670839145, 1.5702805938400657, 1.5704427629644404, 3.1414773681901127, 4.712894031572676, 3.1414987918136505, 1.5710408733150503, 4.7121798893562135, 4.715771433386385, -0.009616388378660778, -8.758333826541335e-05, -0.0004577085431839255, 0.00010559298249705702, 3.1416017348005605, 1.57069554679653, 3.1411557081901402, 0.0003128872909999781, 3.1414296848365018, -0.00038614055012813314, -0.0001997543009317312, 3.1424695770185886, 0.00012127192908854754, 1.5711035958556268, 0.0008913000988152721, 4.711611883158077, 1.5710067429195989, 4.712572023242506, 1.5708092592599974, 1.5707560847000965, 3.142785891332417, -0.0023342447865619207, 4.711970698187469, 3.1410260259292686, 0.029884654516629233, 4.712359783441604]",0.0
771,1.5653089322613112,"[1.5700979694932107, 4.712312009225709, 1.5705516819851824, 4.712427563816721, 3.1419963480432713, 4.713056708391216, 1.5702805938400222, 1.5704427629648468, 3.141477368190211, 4.712894031573258, 3.1414987918135755, 1.5710408733151784, 4.712179889355914, 4.71577143338606, -0.009616388379087251, -8.758333784741799e-05, -0.00045770854324097876, 0.00010559298258867235, 3.141601734800384, 1.5706955467965784, 3.1411557081897525, 0.0003128872907506666, 3.1414296848363104, -0.0003861405503308989, -0.00019975430098829973, 3.14246957701812, 0.0001212719287022582, 1.5711035958560278, 0.0008913000989631455, 4.71161188315756, 1.5710067429190377, 4.712572023242517, 1.5708092592604543, 1.570756084700546, 3.1427858913325997, -0.002334244786717139, 4.711970698187286, 3.141026025928979, 0.029884654516459545, 4.7123597834417685]",0.0
772,1.5641706783360658,"[1.5700979694934987, 4.712312009225204, 1.5705516819851781, 4.712427563816315, 3.1419963480432833, 4.713056708391789, 1.5702805938397295, 1.5704427629646702, 3.141477368190365, 4.712894031573118, 3.1414987918136728, 1.5710408733152117, 4.712179889355766, 4.7157714333868475, -0.009616388378775919, -8.758333827571055e-05, -0.00045770854293999, 0.00010559298247972614, 3.141601734799901, 1.5706955467961112, 3.1411557081900776, 0.0003128872902060936, 3.1414296848365484, -0.0003861405508274848, -0.00019975430095850528, 3.1424695770182804, 0.00012127192915163782, 1.5711035958561423, 0.0008913000988903534, 4.711611883157827, 1.5710067429190064, 4.712572023242504, 1.5708092592602114, 1.5707560847003916, 3.1427858913320126, -0.0023342447869297662, 4.711970698187348, 3.1410260259286096, 0.029884654515976068, 4.712359783441839]",0.0
773,1.557174413729062,"[1.5700979694931463, 4.712312009225497, 1.5705516819852485, 4.71242756381693, 3.1419963480432354, 4.7130567083912505, 1.5702805938396958, 1.5704427629645723, 3.1414773681902397, 4.712894031573231, 3.141498791813535, 1.571040873315345, 4.7121798893558875, 4.715771433386215, -0.009616388378771436, -8.758333809502614e-05, -0.0004577085436659018, 0.0001055929823975787, 3.141601734800254, 1.5706955467969608, 3.1411557081900074, 0.00031288729072519124, 3.141429684836386, -0.00038614055038427905, -0.00019975430111565174, 3.1424695770180078, 0.00012127192891417102, 1.5711035958559079, 0.0008913000988946718, 4.711611883157923, 1.5710067429191914, 4.712572023242473, 1.57080925926017, 1.5707560847005348, 3.1427858913326405, -0.002334244787221098, 4.711970698187342, 3.141026025928738, 0.029884654516232702, 4.712359783441724]",0.0
774,1.5594509215795518,"[1.5700979694933324, 4.7123120092254, 1.5705516819857037, 4.712427563817167, 3.141996348043625, 4.713056708391227, 1.5702805938401796, 1.570442762964821, 3.1414773681908597, 4.71289403157313, 3.141498791813922, 1.5710408733158834, 4.712179889355661, 4.715771433386285, -0.009616388378555323, -8.758333783263594e-05, -0.0004577085434859266, 0.00010559298253330683, 3.141601734800815, 1.5706955467964987, 3.1411557081901953, 0.0003128872907108205, 3.141429684836546, -0.0003861405506091905, -0.00019975430119827532, 3.1424695770183635, 0.00012127192904900323, 1.5711035958557866, 0.0008913000990013763, 4.711611883157421, 1.5710067429197325, 4.71257202324216, 1.5708092592604117, 1.5707560847007973, 3.142785891332701, -0.0023342447864209987, 4.711970698187012, 3.141026025928611, 0.02988465451598006, 4.712359783441611]",0.0
775,1.5567216418818188,"[1.5700979694929997, 4.712312009225698, 1.5705516819851055, 4.712427563816908, 3.141996348043341, 4.713056708391073, 1.570280593839713, 1.5704427629645281, 3.141477368190213, 4.712894031573201, 3.1414987918136617, 1.57104087331523, 4.7121798893557045, 4.715771433386636, -0.00961638837868723, -8.758333806944496e-05, -0.00045770854336461467, 0.00010559298280861512, 3.1416017348006458, 1.570695546796811, 3.141155708189766, 0.00031288729089183875, 3.141429684836344, -0.0003861405504642603, -0.0001997543007433417, 3.142469577018221, 0.00012127192910092683, 1.5711035958563309, 0.000891300098985887, 4.711611883157669, 1.571006742919126, 4.712572023242394, 1.5708092592601826, 1.5707560847005797, 3.1427858913324553, -0.002334244786752603, 4.711970698187274, 3.141026025928789, 0.029884654516278843, 4.712359783441752]",0.0
776,1.558117355154307,"[1.5700979694927115, 4.712312009226137, 1.5705516819857386, 4.712427563816847, 3.1419963480433255, 4.713056708391179, 1.5702805938396542, 1.570442762965182, 3.1414773681906962, 4.712894031573365, 3.141498791814034, 1.5710408733152421, 4.712179889355506, 4.71577143338674, -0.009616388379187334, -8.758333800432206e-05, -0.0004577085437239094, 0.00010559298251985695, 3.1416017348006515, 1.5706955467963872, 3.1411557081900727, 0.00031288729058842694, 3.1414296848359307, -0.0003861405504349704, -0.00019975430084941988, 3.142469577018296, 0.00012127192921046436, 1.571103595855817, 0.0008913000985844852, 4.711611883157802, 1.5710067429188441, 4.712572023242795, 1.5708092592605825, 1.5707560847001405, 3.1427858913325686, -0.002334244787351254, 4.711970698187194, 3.1410260259284835, 0.029884654516630766, 4.712359783441775]",0.0
777,1.5678500737132421,"[1.5700979694931831, 4.712312009225662, 1.570551681985335, 4.712427563816915, 3.141996348043022, 4.713056708391163, 1.570280593839805, 1.5704427629649702, 3.1414773681899253, 4.712894031573357, 3.1414987918139343, 1.5710408733150518, 4.712179889355611, 4.7157714333862675, -0.009616388378652434, -8.758333790250913e-05, -0.0004577085433086093, 0.00010559298231619044, 3.141601734800504, 1.5706955467968318, 3.1411557081899897, 0.0003128872905121431, 3.141429684836267, -0.0003861405505947317, -0.00019975430090702826, 3.142469577018601, 0.00012127192902360323, 1.5711035958559367, 0.0008913000988277932, 4.711611883157933, 1.5710067429189374, 4.712572023242263, 1.5708092592601817, 1.5707560847007467, 3.142785891332688, -0.0023342447867895164, 4.711970698187237, 3.1410260259289418, 0.029884654516129726, 4.712359783441689]",0.0
778,1.5512820102232685,"[1.5700979694931818, 4.712312009225669, 1.5705516819854346, 4.712427563816835, 3.1419963480433886, 4.713056708391284, 1.5702805938398317, 1.5704427629647133, 3.1414773681902823, 4.712894031573122, 3.1414987918136674, 1.5710408733151553, 4.712179889355698, 4.715771433386175, -0.009616388378724512, -8.758333809961466e-05, -0.0004577085434536422, 0.0001055929825155321, 3.141601734800469, 1.5706955467968575, 3.141155708190016, 0.00031288729075197146, 3.1414296848361998, -0.00038614055049489764, -0.00019975430088529515, 3.1424695770184634, 0.00012127192883414396, 1.5711035958560355, 0.0008913000990530595, 4.711611883157717, 1.5710067429190624, 4.712572023242623, 1.570809259260333, 1.5707560847005397, 3.1427858913323297, -0.0023342447868591647, 4.7119706981873355, 3.1410260259288343, 0.029884654516202605, 4.712359783441847]",0.0
779,1.558996796857679,"[1.5700979694932031, 4.712312009225801, 1.5705516819851366, 4.712427563816871, 3.141996348042712, 4.713056708391079, 1.570280593839846, 1.5704427629647275, 3.141477368190581, 4.712894031573277, 3.1414987918134023, 1.5710408733152903, 4.712179889355637, 4.7157714333861875, -0.009616388378742584, -8.758333808743571e-05, -0.0004577085434124034, 0.0001055929825978919, 3.1416017348006107, 1.570695546796845, 3.141155708190208, 0.00031288729072768214, 3.141429684836376, -0.00038614055081965734, -0.00019975430086533908, 3.142469577018307, 0.00012127192869311573, 1.5711035958560011, 0.0008913000988738809, 4.711611883157913, 1.5710067429191843, 4.712572023242461, 1.5708092592603986, 1.5707560847004753, 3.14278589133216, -0.00233424478681279, 4.711970698187109, 3.1410260259287885, 0.02988465451637716, 4.712359783441924]",0.0
780,1.5664013868992936,"[1.570097969492942, 4.712312009225629, 1.5705516819853313, 4.712427563816651, 3.1419963480432407, 4.713056708391351, 1.5702805938398023, 1.5704427629647297, 3.1414773681902264, 4.712894031573279, 3.141498791813582, 1.5710408733151624, 4.7121798893557445, 4.715771433386219, -0.009616388378791196, -8.758333792544016e-05, -0.00045770854341665383, 0.00010559298241913347, 3.1416017348005973, 1.570695546796822, 3.141155708189834, 0.0003128872907640808, 3.1414296848363175, -0.0003861405507061565, -0.00019975430098961364, 3.142469577018383, 0.0001212719288963646, 1.5711035958560442, 0.0008913000988771568, 4.711611883157662, 1.5710067429192789, 4.712572023242536, 1.5708092592602823, 1.5707560847004518, 3.1427858913324505, -0.0023342447869175256, 4.711970698187152, 3.141026025928788, 0.029884654516166936, 4.712359783441837]",0.0
781,1.5549153700172746,"[1.5700979694931654, 4.712312009225323, 1.5705516819853018, 4.712427563817027, 3.1419963480433104, 4.713056708391352, 1.570280593839845, 1.570442762964732, 3.141477368190279, 4.712894031573049, 3.141498791813843, 1.5710408733150547, 4.712179889355792, 4.7157714333865615, -0.009616388378859527, -8.758333785892236e-05, -0.00045770854360334856, 0.00010559298245360081, 3.1416017348006378, 1.5706955467968924, 3.141155708190042, 0.0003128872905736407, 3.1414296848365235, -0.00038614055068308245, -0.0001997543006028617, 3.1424695770182853, 0.00012127192859841975, 1.571103595855992, 0.0008913000989507893, 4.711611883157621, 1.5710067429192187, 4.712572023242709, 1.5708092592603344, 1.570756084700615, 3.142785891332325, -0.002334244787094404, 4.711970698187077, 3.141026025929221, 0.02988465451649614, 4.7123597834416815]",0.0
782,1.5639121024101001,"[1.5700979694930426, 4.7123120092256015, 1.5705516819852072, 4.71242756381685, 3.1419963480431856, 4.713056708391272, 1.5702805938399018, 1.570442762964846, 3.141477368190362, 4.712894031573194, 3.141498791813566, 1.5710408733151653, 4.712179889355708, 4.7157714333862994, -0.009616388378702656, -8.758333786032708e-05, -0.00045770854347858595, 0.00010559298233472912, 3.1416017348004988, 1.5706955467967505, 3.141155708190123, 0.00031288729074635394, 3.1414296848362975, -0.0003861405504141725, -0.00019975430083937632, 3.1424695770182662, 0.00012127192895574795, 1.5711035958561197, 0.0008913000988008716, 4.711611883157602, 1.5710067429191303, 4.712572023242661, 1.5708092592601723, 1.57075608470052, 3.1427858913324034, -0.0023342447868241064, 4.711970698187296, 3.1410260259289244, 0.02988465451614221, 4.712359783441837]",0.0
783,1.5530353085463522,"[1.5700979694930202, 4.712312009225766, 1.570551681985509, 4.7124275638168855, 3.14199634804326, 4.713056708391095, 1.5702805938401225, 1.5704427629647209, 3.1414773681903623, 4.712894031573431, 3.141498791813597, 1.5710408733152414, 4.71217988935578, 4.715771433386525, -0.009616388378633876, -8.758333822324548e-05, -0.0004577085431944162, 0.00010559298214978315, 3.1416017348004948, 1.5706955467970038, 3.1411557081899746, 0.0003128872905960738, 3.141429684836143, -0.0003861405507155432, -0.00019975430114588656, 3.142469577018118, 0.00012127192884237548, 1.5711035958561868, 0.0008913000990802638, 4.711611883157503, 1.5710067429190944, 4.712572023242473, 1.5708092592603156, 1.570756084700429, 3.142785891332268, -0.0023342447869794535, 4.711970698187385, 3.141026025929123, 0.02988465451631309, 4.712359783441492]",0.0
784,1.5603996843843648,"[1.5700979694929966, 4.7123120092258, 1.570551681985257, 4.7124275638168065, 3.1419963480432904, 4.713056708391321, 1.5702805938397095, 1.5704427629647637, 3.141477368190165, 4.712894031573162, 3.141498791813592, 1.571040873315331, 4.7121798893557525, 4.715771433386427, -0.009616388378719656, -8.758333796812856e-05, -0.00045770854333108995, 0.00010559298242568258, 3.1416017348004823, 1.5706955467967991, 3.141155708190174, 0.0003128872906688288, 3.1414296848363366, -0.00038614055051170847, -0.0001997543009804917, 3.142469577018398, 0.00012127192867175473, 1.5711035958560964, 0.0008913000988571848, 4.71161188315762, 1.5710067429192183, 4.712572023242506, 1.5708092592603773, 1.5707560847006241, 3.1427858913324744, -0.0023342447869129155, 4.711970698187296, 3.1410260259288703, 0.029884654516296728, 4.712359783441818]",0.0
785,1.5715752683776807,"[1.5700979694930601, 4.712312009225798, 1.570551681985489, 4.712427563816542, 3.1419963480430853, 4.713056708391059, 1.5702805938398123, 1.570442762964792, 3.141477368190301, 4.7128940315731125, 3.1414987918134476, 1.5710408733154773, 4.712179889355789, 4.715771433386387, -0.009616388378813682, -8.75833378100136e-05, -0.0004577085435740824, 0.00010559298239109076, 3.141601734800367, 1.5706955467968793, 3.141155708189869, 0.0003128872906844447, 3.141429684836685, -0.0003861405504909105, -0.000199754300920074, 3.1424695770185624, 0.00012127192904811166, 1.5711035958560386, 0.0008913000991508985, 4.711611883157639, 1.5710067429189742, 4.712572023242797, 1.5708092592602432, 1.5707560847008544, 3.1427858913322666, -0.0023342447869150714, 4.7119706981871925, 3.1410260259288303, 0.02988465451633251, 4.712359783441471]",0.0
786,1.5733343880803323,"[1.5700979694930193, 4.712312009225638, 1.5705516819852559, 4.712427563816803, 3.141996348043293, 4.713056708391105, 1.570280593839811, 1.5704427629646984, 3.141477368190307, 4.712894031573156, 3.1414987918137536, 1.571040873315147, 4.7121798893556965, 4.715771433386286, -0.00961638837883024, -8.758333783923003e-05, -0.0004577085434398194, 0.00010559298240855376, 3.141601734800557, 1.5706955467967092, 3.141155708190051, 0.0003128872906193029, 3.1414296848363414, -0.0003861405505892235, -0.00019975430112839285, 3.142469577018337, 0.00012127192875764882, 1.5711035958561923, 0.0008913000990069113, 4.711611883157852, 1.5710067429192005, 4.712572023242629, 1.570809259260158, 1.5707560847005078, 3.1427858913323643, -0.00233424478682845, 4.71197069818734, 3.1410260259288227, 0.02988465451630795, 4.712359783441713]",0.0
787,1.5733285667007644,"[1.570097969493172, 4.712312009225607, 1.5705516819852567, 4.712427563816963, 3.1419963480434836, 4.7130567083913935, 1.5702805938398647, 1.570442762964723, 3.1414773681903267, 4.712894031573092, 3.1414987918133024, 1.5710408733149512, 4.712179889355886, 4.7157714333864815, -0.009616388378778963, -8.758333803858717e-05, -0.00045770854354741593, 0.00010559298219243092, 3.14160173480057, 1.5706955467967845, 3.141155708190062, 0.0003128872909953816, 3.141429684836309, -0.00038614055084273415, -0.0001997543011124773, 3.142469577018388, 0.00012127192898934128, 1.5711035958560728, 0.0008913000987107034, 4.711611883157887, 1.5710067429189059, 4.712572023242563, 1.5708092592605079, 1.5707560847007487, 3.142785891332499, -0.0023342447866181795, 4.711970698187264, 3.141026025928769, 0.029884654516515903, 4.712359783441642]",0.0
788,1.5569674584699262,"[1.5700979694929467, 4.7123120092256245, 1.5705516819852106, 4.712427563816973, 3.141996348043199, 4.713056708391322, 1.5702805938399154, 1.5704427629645774, 3.1414773681902397, 4.7128940315731045, 3.1414987918136164, 1.5710408733152614, 4.712179889355754, 4.715771433386228, -0.009616388378768439, -8.758333788699093e-05, -0.000457708543330045, 0.00010559298243253428, 3.141601734800558, 1.5706955467967147, 3.1411557081899883, 0.0003128872906422498, 3.141429684836189, -0.0003861405505900218, -0.00019975430094778407, 3.142469577018366, 0.00012127192888525662, 1.5711035958559547, 0.0008913000988932961, 4.711611883157611, 1.5710067429190235, 4.712572023242548, 1.5708092592602503, 1.5707560847006428, 3.142785891332294, -0.0023342447869681487, 4.711970698187235, 3.141026025928736, 0.029884654516312264, 4.712359783441646]",0.0
789,1.5632912366326939,"[1.5700979694932904, 4.712312009225919, 1.5705516819855103, 4.712427563816693, 3.1419963480432016, 4.713056708391638, 1.5702805938398756, 1.570442762964672, 3.141477368190323, 4.712894031573371, 3.1414987918136594, 1.5710408733149896, 4.712179889355759, 4.715771433386299, -0.00961638837850923, -8.758333774900723e-05, -0.0004577085436144245, 0.0001055929827884407, 3.1416017348004837, 1.5706955467967698, 3.141155708190178, 0.0003128872908032467, 3.141429684836274, -0.0003861405506054319, -0.00019975430103975761, 3.142469577018214, 0.00012127192873149337, 1.5711035958561355, 0.0008913000988819129, 4.711611883157549, 1.5710067429190306, 4.712572023242407, 1.5708092592599372, 1.5707560847005813, 3.142785891332395, -0.002334244786934774, 4.711970698187185, 3.141026025928828, 0.029884654516424643, 4.712359783441503]",0.0
790,1.5554799103270058,"[1.5700979694930794, 4.712312009225716, 1.57055168198535, 4.7124275638168625, 3.1419963480432864, 4.713056708391338, 1.5702805938396527, 1.5704427629647704, 3.141477368190328, 4.712894031573185, 3.1414987918134587, 1.571040873315149, 4.712179889355822, 4.7157714333862275, -0.009616388378750569, -8.758333803556755e-05, -0.00045770854343192866, 0.00010559298238602505, 3.1416017348007057, 1.57069554679675, 3.141155708189978, 0.0003128872904291142, 3.1414296848363312, -0.0003861405504731254, -0.0001997543009011067, 3.1424695770182653, 0.0001212719288821657, 1.5711035958560968, 0.0008913000989766133, 4.711611883157715, 1.5710067429191161, 4.712572023242516, 1.5708092592602316, 1.5707560847005497, 3.1427858913324105, -0.0023342447867979003, 4.711970698187178, 3.1410260259288725, 0.02988465451628866, 4.712359783441673]",0.0
791,1.5589451761908486,"[1.5700979694931518, 4.712312009225564, 1.570551681985457, 4.7124275638170054, 3.14199634804316, 4.7130567083913055, 1.5702805938397104, 1.570442762964597, 3.1414773681901953, 4.71289403157344, 3.1414987918134685, 1.5710408733154122, 4.712179889355849, 4.715771433386645, -0.009616388378885383, -8.758333789113595e-05, -0.0004577085434155137, 0.00010559298232977239, 3.14160173480053, 1.5706955467966617, 3.1411557081899955, 0.0003128872908362769, 3.1414296848360563, -0.00038614055049990866, -0.00019975430102844077, 3.1424695770184066, 0.00012127192863735093, 1.571103595855895, 0.0008913000991974311, 4.711611883157732, 1.5710067429189292, 4.712572023242702, 1.5708092592599732, 1.5707560847004574, 3.1427858913324687, -0.0023342447866822923, 4.711970698186917, 3.141026025928908, 0.029884654516208947, 4.712359783441977]",0.0
792,1.556415677498053,"[1.5700979694930912, 4.712312009225665, 1.5705516819855307, 4.712427563816949, 3.1419963480432385, 4.713056708391188, 1.5702805938396691, 1.5704427629645545, 3.1414773681903037, 4.712894031573363, 3.141498791813514, 1.571040873314957, 4.712179889355469, 4.715771433386383, -0.009616388379073193, -8.758333803210652e-05, -0.0004577085434775766, 0.0001055929822814185, 3.141601734800611, 1.5706955467966344, 3.141155708189927, 0.0003128872908430684, 3.1414296848366035, -0.00038614055037889544, -0.00019975430096592334, 3.1424695770183435, 0.00012127192866405504, 1.5711035958558537, 0.0008913000987766529, 4.711611883157487, 1.5710067429190904, 4.712572023242224, 1.5708092592601992, 1.57075608470067, 3.142785891332116, -0.0023342447869024066, 4.711970698187496, 3.1410260259288427, 0.029884654516122554, 4.712359783441765]",0.0
