iteration,energy,paramter,std
1,1.1280590275311941,"[4.71238898038469, 1.5707963267948966, 0.0, 3.141592653589793, 0.0, 3.141592653589793, 3.141592653589793, 0.0, 3.141592653589793, 3.141592653589793, 0.0, 0.0, 0.0, 0.0, 0.0, 1.5707963267948966, 4.71238898038469, 1.5707963267948966, 4.71238898038469, 1.5707963267948966, 3.141592653589793, 1.5707963267948966, 3.141592653589793, 0.0, 4.71238898038469, 4.71238898038469, 1.5707963267948966, 1.5707963267948966, 4.71238898038469, 3.141592653589793, 1.5707963267948966, 4.71238898038469, 1.5707963267948966, 0.0, 4.71238898038469, 1.5707963267948966, 0.0, 3.141592653589793, 4.71238898038469, 0.0]",0.0
2,2.7411810127685756,"[6.71238898038469, 1.5707963267948966, 0.0, 3.141592653589793, 0.0, 3.141592653589793, 3.141592653589793, 0.0, 3.141592653589793, 3.141592653589793, 0.0, 0.0, 0.0, 0.0, 0.0, 1.5707963267948966, 4.71238898038469, 1.5707963267948966, 4.71238898038469, 1.5707963267948966, 3.141592653589793, 1.5707963267948966, 3.141592653589793, 0.0, 4.71238898038469, 4.71238898038469, 1.5707963267948966, 1.5707963267948966, 4.71238898038469, 3.141592653589793, 1.5707963267948966, 4.71238898038469, 1.5707963267948966, 0.0, 4.71238898038469, 1.5707963267948966, 0.0, 3.141592653589793, 4.71238898038469, 0.0]",0.0
3,2.748674392865049,"[4.71238898038469, 3.5707963267948966, 0.0, 3.141592653589793, 0.0, 3.141592653589793, 3.141592653589793, 0.0, 3.141592653589793, 3.141592653589793, 0.0, 0.0, 0.0, 0.0, 0.0, 1.5707963267948966, 4.71238898038469, 1.5707963267948966, 4.71238898038469, 1.5707963267948966, 3.141592653589793, 1.5707963267948966, 3.141592653589793, 0.0, 4.71238898038469, 4.71238898038469, 1.5707963267948966, 1.5707963267948966, 4.71238898038469, 3.141592653589793, 1.5707963267948966, 4.71238898038469, 1.5707963267948966, 0.0, 4.71238898038469, 1.5707963267948966, 0.0, 3.141592653589793, 4.71238898038469, 0.0]",0.0
4,3.6757404016081687,"[4.71238898038469, 1.5707963267948966, 2.0, 3.141592653589793, 0.0, 3.141592653589793, 3.141592653589793, 0.0, 3.141592653589793, 3.141592653589793, 0.0, 0.0, 0.0, 0.0, 0.0, 1.5707963267948966, 4.71238898038469, 1.5707963267948966, 4.71238898038469, 1.5707963267948966, 3.141592653589793, 1.5707963267948966, 3.141592653589793, 0.0, 4.71238898038469, 4.71238898038469, 1.5707963267948966, 1.5707963267948966, 4.71238898038469, 3.141592653589793, 1.5707963267948966, 4.71238898038469, 1.5707963267948966, 0.0, 4.71238898038469, 1.5707963267948966, 0.0, 3.141592653589793, 4.71238898038469, 0.0]",0.0
5,1.129480033923188,"[4.71238898038469, 1.5707963267948966, 0.0, 5.141592653589793, 0.0, 3.141592653589793, 3.141592653589793, 0.0, 3.141592653589793, 3.141592653589793, 0.0, 0.0, 0.0, 0.0, 0.0, 1.5707963267948966, 4.71238898038469, 1.5707963267948966, 4.71238898038469, 1.5707963267948966, 3.141592653589793, 1.5707963267948966, 3.141592653589793, 0.0, 4.71238898038469, 4.71238898038469, 1.5707963267948966, 1.5707963267948966, 4.71238898038469, 3.141592653589793, 1.5707963267948966, 4.71238898038469, 1.5707963267948966, 0.0, 4.71238898038469, 1.5707963267948966, 0.0, 3.141592653589793, 4.71238898038469, 0.0]",0.0
6,3.57301817081021,"[4.71238898038469, 1.5707963267948966, 0.0, 3.141592653589793, 2.0, 3.141592653589793, 3.141592653589793, 0.0, 3.141592653589793, 3.141592653589793, 0.0, 0.0, 0.0, 0.0, 0.0, 1.5707963267948966, 4.71238898038469, 1.5707963267948966, 4.71238898038469, 1.5707963267948966, 3.141592653589793, 1.5707963267948966, 3.141592653589793, 0.0, 4.71238898038469, 4.71238898038469, 1.5707963267948966, 1.5707963267948966, 4.71238898038469, 3.141592653589793, 1.5707963267948966, 4.71238898038469, 1.5707963267948966, 0.0, 4.71238898038469, 1.5707963267948966, 0.0, 3.141592653589793, 4.71238898038469, 0.0]",0.0
7,3.5927438468085726,"[4.71238898038469, 1.5707963267948966, 0.0, 3.141592653589793, 0.0, 5.141592653589793, 3.141592653589793, 0.0, 3.141592653589793, 3.141592653589793, 0.0, 0.0, 0.0, 0.0, 0.0, 1.5707963267948966, 4.71238898038469, 1.5707963267948966, 4.71238898038469, 1.5707963267948966, 3.141592653589793, 1.5707963267948966, 3.141592653589793, 0.0, 4.71238898038469, 4.71238898038469, 1.5707963267948966, 1.5707963267948966, 4.71238898038469, 3.141592653589793, 1.5707963267948966, 4.71238898038469, 1.5707963267948966, 0.0, 4.71238898038469, 1.5707963267948966, 0.0, 3.141592653589793, 4.71238898038469, 0.0]",0.0
8,3.747285970528796,"[4.71238898038469, 1.5707963267948966, 0.0, 3.141592653589793, 0.0, 3.141592653589793, 5.141592653589793, 0.0, 3.141592653589793, 3.141592653589793, 0.0, 0.0, 0.0, 0.0, 0.0, 1.5707963267948966, 4.71238898038469, 1.5707963267948966, 4.71238898038469, 1.5707963267948966, 3.141592653589793, 1.5707963267948966, 3.141592653589793, 0.0, 4.71238898038469, 4.71238898038469, 1.5707963267948966, 1.5707963267948966, 4.71238898038469, 3.141592653589793, 1.5707963267948966, 4.71238898038469, 1.5707963267948966, 0.0, 4.71238898038469, 1.5707963267948966, 0.0, 3.141592653589793, 4.71238898038469, 0.0]",0.0
9,1.946444204212109,"[4.71238898038469, 1.5707963267948966, 0.0, 3.141592653589793, 0.0, 3.141592653589793, 3.141592653589793, 2.0, 3.141592653589793, 3.141592653589793, 0.0, 0.0, 0.0, 0.0, 0.0, 1.5707963267948966, 4.71238898038469, 1.5707963267948966, 4.71238898038469, 1.5707963267948966, 3.141592653589793, 1.5707963267948966, 3.141592653589793, 0.0, 4.71238898038469, 4.71238898038469, 1.5707963267948966, 1.5707963267948966, 4.71238898038469, 3.141592653589793, 1.5707963267948966, 4.71238898038469, 1.5707963267948966, 0.0, 4.71238898038469, 1.5707963267948966, 0.0, 3.141592653589793, 4.71238898038469, 0.0]",0.0
10,3.685069398591902,"[4.71238898038469, 1.5707963267948966, 0.0, 3.141592653589793, 0.0, 3.141592653589793, 3.141592653589793, 0.0, 5.141592653589793, 3.141592653589793, 0.0, 0.0, 0.0, 0.0, 0.0, 1.5707963267948966, 4.71238898038469, 1.5707963267948966, 4.71238898038469, 1.5707963267948966, 3.141592653589793, 1.5707963267948966, 3.141592653589793, 0.0, 4.71238898038469, 4.71238898038469, 1.5707963267948966, 1.5707963267948966, 4.71238898038469, 3.141592653589793, 1.5707963267948966, 4.71238898038469, 1.5707963267948966, 0.0, 4.71238898038469, 1.5707963267948966, 0.0, 3.141592653589793, 4.71238898038469, 0.0]",0.0
11,2.135908251275921,"[4.71238898038469, 1.5707963267948966, 0.0, 3.141592653589793, 0.0, 3.141592653589793, 3.141592653589793, 0.0, 3.141592653589793, 5.141592653589793, 0.0, 0.0, 0.0, 0.0, 0.0, 1.5707963267948966, 4.71238898038469, 1.5707963267948966, 4.71238898038469, 1.5707963267948966, 3.141592653589793, 1.5707963267948966, 3.141592653589793, 0.0, 4.71238898038469, 4.71238898038469, 1.5707963267948966, 1.5707963267948966, 4.71238898038469, 3.141592653589793, 1.5707963267948966, 4.71238898038469, 1.5707963267948966, 0.0, 4.71238898038469, 1.5707963267948966, 0.0, 3.141592653589793, 4.71238898038469, 0.0]",0.0
12,1.9419331014078944,"[4.71238898038469, 1.5707963267948966, 0.0, 3.141592653589793, 0.0, 3.141592653589793, 3.141592653589793, 0.0, 3.141592653589793, 3.141592653589793, 2.0, 0.0, 0.0, 0.0, 0.0, 1.5707963267948966, 4.71238898038469, 1.5707963267948966, 4.71238898038469, 1.5707963267948966, 3.141592653589793, 1.5707963267948966, 3.141592653589793, 0.0, 4.71238898038469, 4.71238898038469, 1.5707963267948966, 1.5707963267948966, 4.71238898038469, 3.141592653589793, 1.5707963267948966, 4.71238898038469, 1.5707963267948966, 0.0, 4.71238898038469, 1.5707963267948966, 0.0, 3.141592653589793, 4.71238898038469, 0.0]",0.0
13,1.9450432664669255,"[4.71238898038469, 1.5707963267948966, 0.0, 3.141592653589793, 0.0, 3.141592653589793, 3.141592653589793, 0.0, 3.141592653589793, 3.141592653589793, 0.0, 2.0, 0.0, 0.0, 0.0, 1.5707963267948966, 4.71238898038469, 1.5707963267948966, 4.71238898038469, 1.5707963267948966, 3.141592653589793, 1.5707963267948966, 3.141592653589793, 0.0, 4.71238898038469, 4.71238898038469, 1.5707963267948966, 1.5707963267948966, 4.71238898038469, 3.141592653589793, 1.5707963267948966, 4.71238898038469, 1.5707963267948966, 0.0, 4.71238898038469, 1.5707963267948966, 0.0, 3.141592653589793, 4.71238898038469, 0.0]",0.0
14,2.7568748385073656,"[4.71238898038469, 1.5707963267948966, 0.0, 3.141592653589793, 0.0, 3.141592653589793, 3.141592653589793, 0.0, 3.141592653589793, 3.141592653589793, 0.0, 0.0, 2.0, 0.0, 0.0, 1.5707963267948966, 4.71238898038469, 1.5707963267948966, 4.71238898038469, 1.5707963267948966, 3.141592653589793, 1.5707963267948966, 3.141592653589793, 0.0, 4.71238898038469, 4.71238898038469, 1.5707963267948966, 1.5707963267948966, 4.71238898038469, 3.141592653589793, 1.5707963267948966, 4.71238898038469, 1.5707963267948966, 0.0, 4.71238898038469, 1.5707963267948966, 0.0, 3.141592653589793, 4.71238898038469, 0.0]",0.0
15,3.60882444950937,"[4.71238898038469, 1.5707963267948966, 0.0, 3.141592653589793, 0.0, 3.141592653589793, 3.141592653589793, 0.0, 3.141592653589793, 3.141592653589793, 0.0, 0.0, 0.0, 2.0, 0.0, 1.5707963267948966, 4.71238898038469, 1.5707963267948966, 4.71238898038469, 1.5707963267948966, 3.141592653589793, 1.5707963267948966, 3.141592653589793, 0.0, 4.71238898038469, 4.71238898038469, 1.5707963267948966, 1.5707963267948966, 4.71238898038469, 3.141592653589793, 1.5707963267948966, 4.71238898038469, 1.5707963267948966, 0.0, 4.71238898038469, 1.5707963267948966, 0.0, 3.141592653589793, 4.71238898038469, 0.0]",0.0
16,5.384952689135889,"[4.71238898038469, 1.5707963267948966, 0.0, 3.141592653589793, 0.0, 3.141592653589793, 3.141592653589793, 0.0, 3.141592653589793, 3.141592653589793, 0.0, 0.0, 0.0, 0.0, 2.0, 1.5707963267948966, 4.71238898038469, 1.5707963267948966, 4.71238898038469, 1.5707963267948966, 3.141592653589793, 1.5707963267948966, 3.141592653589793, 0.0, 4.71238898038469, 4.71238898038469, 1.5707963267948966, 1.5707963267948966, 4.71238898038469, 3.141592653589793, 1.5707963267948966, 4.71238898038469, 1.5707963267948966, 0.0, 4.71238898038469, 1.5707963267948966, 0.0, 3.141592653589793, 4.71238898038469, 0.0]",0.0
17,1.1279438107967081,"[4.71238898038469, 1.5707963267948966, 0.0, 3.141592653589793, 0.0, 3.141592653589793, 3.141592653589793, 0.0, 3.141592653589793, 3.141592653589793, 0.0, 0.0, 0.0, 0.0, 0.0, 3.5707963267948966, 4.71238898038469, 1.5707963267948966, 4.71238898038469, 1.5707963267948966, 3.141592653589793, 1.5707963267948966, 3.141592653589793, 0.0, 4.71238898038469, 4.71238898038469, 1.5707963267948966, 1.5707963267948966, 4.71238898038469, 3.141592653589793, 1.5707963267948966, 4.71238898038469, 1.5707963267948966, 0.0, 4.71238898038469, 1.5707963267948966, 0.0, 3.141592653589793, 4.71238898038469, 0.0]",0.0
18,1.128961558618001,"[4.71238898038469, 1.5707963267948966, 0.0, 3.141592653589793, 0.0, 3.141592653589793, 3.141592653589793, 0.0, 3.141592653589793, 3.141592653589793, 0.0, 0.0, 0.0, 0.0, 0.0, 3.5707963267948966, 6.71238898038469, 1.5707963267948966, 4.71238898038469, 1.5707963267948966, 3.141592653589793, 1.5707963267948966, 3.141592653589793, 0.0, 4.71238898038469, 4.71238898038469, 1.5707963267948966, 1.5707963267948966, 4.71238898038469, 3.141592653589793, 1.5707963267948966, 4.71238898038469, 1.5707963267948966, 0.0, 4.71238898038469, 1.5707963267948966, 0.0, 3.141592653589793, 4.71238898038469, 0.0]",0.0
19,3.6767154285074772,"[4.71238898038469, 1.5707963267948966, 0.0, 3.141592653589793, 0.0, 3.141592653589793, 3.141592653589793, 0.0, 3.141592653589793, 3.141592653589793, 0.0, 0.0, 0.0, 0.0, 0.0, 3.5707963267948966, 4.71238898038469, 3.5707963267948966, 4.71238898038469, 1.5707963267948966, 3.141592653589793, 1.5707963267948966, 3.141592653589793, 0.0, 4.71238898038469, 4.71238898038469, 1.5707963267948966, 1.5707963267948966, 4.71238898038469, 3.141592653589793, 1.5707963267948966, 4.71238898038469, 1.5707963267948966, 0.0, 4.71238898038469, 1.5707963267948966, 0.0, 3.141592653589793, 4.71238898038469, 0.0]",0.0
20,1.952005274657859,"[4.71238898038469, 1.5707963267948966, 0.0, 3.141592653589793, 0.0, 3.141592653589793, 3.141592653589793, 0.0, 3.141592653589793, 3.141592653589793, 0.0, 0.0, 0.0, 0.0, 0.0, 3.5707963267948966, 4.71238898038469, 1.5707963267948966, 6.71238898038469, 1.5707963267948966, 3.141592653589793, 1.5707963267948966, 3.141592653589793, 0.0, 4.71238898038469, 4.71238898038469, 1.5707963267948966, 1.5707963267948966, 4.71238898038469, 3.141592653589793, 1.5707963267948966, 4.71238898038469, 1.5707963267948966, 0.0, 4.71238898038469, 1.5707963267948966, 0.0, 3.141592653589793, 4.71238898038469, 0.0]",0.0
21,1.1295568450795122,"[4.71238898038469, 1.5707963267948966, 0.0, 3.141592653589793, 0.0, 3.141592653589793, 3.141592653589793, 0.0, 3.141592653589793, 3.141592653589793, 0.0, 0.0, 0.0, 0.0, 0.0, 3.5707963267948966, 4.71238898038469, 1.5707963267948966, 4.71238898038469, 3.5707963267948966, 3.141592653589793, 1.5707963267948966, 3.141592653589793, 0.0, 4.71238898038469, 4.71238898038469, 1.5707963267948966, 1.5707963267948966, 4.71238898038469, 3.141592653589793, 1.5707963267948966, 4.71238898038469, 1.5707963267948966, 0.0, 4.71238898038469, 1.5707963267948966, 0.0, 3.141592653589793, 4.71238898038469, 0.0]",0.0
22,1.9436417992055288,"[4.71238898038469, 1.5707963267948966, 0.0, 3.141592653589793, 0.0, 3.141592653589793, 3.141592653589793, 0.0, 3.141592653589793, 3.141592653589793, 0.0, 0.0, 0.0, 0.0, 0.0, 3.5707963267948966, 4.71238898038469, 1.5707963267948966, 4.71238898038469, 1.5707963267948966, 5.141592653589793, 1.5707963267948966, 3.141592653589793, 0.0, 4.71238898038469, 4.71238898038469, 1.5707963267948966, 1.5707963267948966, 4.71238898038469, 3.141592653589793, 1.5707963267948966, 4.71238898038469, 1.5707963267948966, 0.0, 4.71238898038469, 1.5707963267948966, 0.0, 3.141592653589793, 4.71238898038469, 0.0]",0.0
23,1.9508299407507992,"[4.71238898038469, 1.5707963267948966, 0.0, 3.141592653589793, 0.0, 3.141592653589793, 3.141592653589793, 0.0, 3.141592653589793, 3.141592653589793, 0.0, 0.0, 0.0, 0.0, 0.0, 3.5707963267948966, 4.71238898038469, 1.5707963267948966, 4.71238898038469, 1.5707963267948966, 3.141592653589793, 3.5707963267948966, 3.141592653589793, 0.0, 4.71238898038469, 4.71238898038469, 1.5707963267948966, 1.5707963267948966, 4.71238898038469, 3.141592653589793, 1.5707963267948966, 4.71238898038469, 1.5707963267948966, 0.0, 4.71238898038469, 1.5707963267948966, 0.0, 3.141592653589793, 4.71238898038469, 0.0]",0.0
24,1.9433185701348632,"[4.71238898038469, 1.5707963267948966, 0.0, 3.141592653589793, 0.0, 3.141592653589793, 3.141592653589793, 0.0, 3.141592653589793, 3.141592653589793, 0.0, 0.0, 0.0, 0.0, 0.0, 3.5707963267948966, 4.71238898038469, 1.5707963267948966, 4.71238898038469, 1.5707963267948966, 3.141592653589793, 1.5707963267948966, 5.141592653589793, 0.0, 4.71238898038469, 4.71238898038469, 1.5707963267948966, 1.5707963267948966, 4.71238898038469, 3.141592653589793, 1.5707963267948966, 4.71238898038469, 1.5707963267948966, 0.0, 4.71238898038469, 1.5707963267948966, 0.0, 3.141592653589793, 4.71238898038469, 0.0]",0.0
25,4.191427193241526,"[4.71238898038469, 1.5707963267948966, 0.0, 3.141592653589793, 0.0, 3.141592653589793, 3.141592653589793, 0.0, 3.141592653589793, 3.141592653589793, 0.0, 0.0, 0.0, 0.0, 0.0, 3.5707963267948966, 4.71238898038469, 1.5707963267948966, 4.71238898038469, 1.5707963267948966, 3.141592653589793, 1.5707963267948966, 3.141592653589793, 2.0, 4.71238898038469, 4.71238898038469, 1.5707963267948966, 1.5707963267948966, 4.71238898038469, 3.141592653589793, 1.5707963267948966, 4.71238898038469, 1.5707963267948966, 0.0, 4.71238898038469, 1.5707963267948966, 0.0, 3.141592653589793, 4.71238898038469, 0.0]",0.0
26,5.271977622271965,"[4.71238898038469, 1.5707963267948966, 0.0, 3.141592653589793, 0.0, 3.141592653589793, 3.141592653589793, 0.0, 3.141592653589793, 3.141592653589793, 0.0, 0.0, 0.0, 0.0, 0.0, 3.5707963267948966, 4.71238898038469, 1.5707963267948966, 4.71238898038469, 1.5707963267948966, 3.141592653589793, 1.5707963267948966, 3.141592653589793, 0.0, 6.71238898038469, 4.71238898038469, 1.5707963267948966, 1.5707963267948966, 4.71238898038469, 3.141592653589793, 1.5707963267948966, 4.71238898038469, 1.5707963267948966, 0.0, 4.71238898038469, 1.5707963267948966, 0.0, 3.141592653589793, 4.71238898038469, 0.0]",0.0
27,3.7017538325685173,"[4.71238898038469, 1.5707963267948966, 0.0, 3.141592653589793, 0.0, 3.141592653589793, 3.141592653589793, 0.0, 3.141592653589793, 3.141592653589793, 0.0, 0.0, 0.0, 0.0, 0.0, 3.5707963267948966, 4.71238898038469, 1.5707963267948966, 4.71238898038469, 1.5707963267948966, 3.141592653589793, 1.5707963267948966, 3.141592653589793, 0.0, 4.71238898038469, 6.71238898038469, 1.5707963267948966, 1.5707963267948966, 4.71238898038469, 3.141592653589793, 1.5707963267948966, 4.71238898038469, 1.5707963267948966, 0.0, 4.71238898038469, 1.5707963267948966, 0.0, 3.141592653589793, 4.71238898038469, 0.0]",0.0
28,1.1289999641961632,"[4.71238898038469, 1.5707963267948966, 0.0, 3.141592653589793, 0.0, 3.141592653589793, 3.141592653589793, 0.0, 3.141592653589793, 3.141592653589793, 0.0, 0.0, 0.0, 0.0, 0.0, 3.5707963267948966, 4.71238898038469, 1.5707963267948966, 4.71238898038469, 1.5707963267948966, 3.141592653589793, 1.5707963267948966, 3.141592653589793, 0.0, 4.71238898038469, 4.71238898038469, 3.5707963267948966, 1.5707963267948966, 4.71238898038469, 3.141592653589793, 1.5707963267948966, 4.71238898038469, 1.5707963267948966, 0.0, 4.71238898038469, 1.5707963267948966, 0.0, 3.141592653589793, 4.71238898038469, 0.0]",0.0
29,1.1294416283450261,"[4.71238898038469, 1.5707963267948966, 0.0, 3.141592653589793, 0.0, 3.141592653589793, 3.141592653589793, 0.0, 3.141592653589793, 3.141592653589793, 0.0, 0.0, 0.0, 0.0, 0.0, 3.5707963267948966, 4.71238898038469, 1.5707963267948966, 4.71238898038469, 1.5707963267948966, 3.141592653589793, 1.5707963267948966, 3.141592653589793, 0.0, 4.71238898038469, 4.71238898038469, 1.5707963267948966, 3.5707963267948966, 4.71238898038469, 3.141592653589793, 1.5707963267948966, 4.71238898038469, 1.5707963267948966, 0.0, 4.71238898038469, 1.5707963267948966, 0.0, 3.141592653589793, 4.71238898038469, 0.0]",0.0
30,1.9537669051511721,"[4.71238898038469, 1.5707963267948966, 0.0, 3.141592653589793, 0.0, 3.141592653589793, 3.141592653589793, 0.0, 3.141592653589793, 3.141592653589793, 0.0, 0.0, 0.0, 0.0, 0.0, 3.5707963267948966, 4.71238898038469, 1.5707963267948966, 4.71238898038469, 1.5707963267948966, 3.141592653589793, 1.5707963267948966, 3.141592653589793, 0.0, 4.71238898038469, 4.71238898038469, 1.5707963267948966, 1.5707963267948966, 6.71238898038469, 3.141592653589793, 1.5707963267948966, 4.71238898038469, 1.5707963267948966, 0.0, 4.71238898038469, 1.5707963267948966, 0.0, 3.141592653589793, 4.71238898038469, 0.0]",0.0
31,2.7571247806123993,"[4.71238898038469, 1.5707963267948966, 0.0, 3.141592653589793, 0.0, 3.141592653589793, 3.141592653589793, 0.0, 3.141592653589793, 3.141592653589793, 0.0, 0.0, 0.0, 0.0, 0.0, 3.5707963267948966, 4.71238898038469, 1.5707963267948966, 4.71238898038469, 1.5707963267948966, 3.141592653589793, 1.5707963267948966, 3.141592653589793, 0.0, 4.71238898038469, 4.71238898038469, 1.5707963267948966, 1.5707963267948966, 4.71238898038469, 5.141592653589793, 1.5707963267948966, 4.71238898038469, 1.5707963267948966, 0.0, 4.71238898038469, 1.5707963267948966, 0.0, 3.141592653589793, 4.71238898038469, 0.0]",0.0
32,3.663884001520387,"[4.71238898038469, 1.5707963267948966, 0.0, 3.141592653589793, 0.0, 3.141592653589793, 3.141592653589793, 0.0, 3.141592653589793, 3.141592653589793, 0.0, 0.0, 0.0, 0.0, 0.0, 3.5707963267948966, 4.71238898038469, 1.5707963267948966, 4.71238898038469, 1.5707963267948966, 3.141592653589793, 1.5707963267948966, 3.141592653589793, 0.0, 4.71238898038469, 4.71238898038469, 1.5707963267948966, 1.5707963267948966, 4.71238898038469, 3.141592653589793, 3.5707963267948966, 4.71238898038469, 1.5707963267948966, 0.0, 4.71238898038469, 1.5707963267948966, 0.0, 3.141592653589793, 4.71238898038469, 0.0]",0.0
33,2.767078068041756,"[4.71238898038469, 1.5707963267948966, 0.0, 3.141592653589793, 0.0, 3.141592653589793, 3.141592653589793, 0.0, 3.141592653589793, 3.141592653589793, 0.0, 0.0, 0.0, 0.0, 0.0, 3.5707963267948966, 4.71238898038469, 1.5707963267948966, 4.71238898038469, 1.5707963267948966, 3.141592653589793, 1.5707963267948966, 3.141592653589793, 0.0, 4.71238898038469, 4.71238898038469, 1.5707963267948966, 1.5707963267948966, 4.71238898038469, 3.141592653589793, 1.5707963267948966, 6.71238898038469, 1.5707963267948966, 0.0, 4.71238898038469, 1.5707963267948966, 0.0, 3.141592653589793, 4.71238898038469, 0.0]",0.0
34,1.9466901995426644,"[4.71238898038469, 1.5707963267948966, 0.0, 3.141592653589793, 0.0, 3.141592653589793, 3.141592653589793, 0.0, 3.141592653589793, 3.141592653589793, 0.0, 0.0, 0.0, 0.0, 0.0, 3.5707963267948966, 4.71238898038469, 1.5707963267948966, 4.71238898038469, 1.5707963267948966, 3.141592653589793, 1.5707963267948966, 3.141592653589793, 0.0, 4.71238898038469, 4.71238898038469, 1.5707963267948966, 1.5707963267948966, 4.71238898038469, 3.141592653589793, 1.5707963267948966, 4.71238898038469, 3.5707963267948966, 0.0, 4.71238898038469, 1.5707963267948966, 0.0, 3.141592653589793, 4.71238898038469, 0.0]",0.0
35,1.945699752990624,"[4.71238898038469, 1.5707963267948966, 0.0, 3.141592653589793, 0.0, 3.141592653589793, 3.141592653589793, 0.0, 3.141592653589793, 3.141592653589793, 0.0, 0.0, 0.0, 0.0, 0.0, 3.5707963267948966, 4.71238898038469, 1.5707963267948966, 4.71238898038469, 1.5707963267948966, 3.141592653589793, 1.5707963267948966, 3.141592653589793, 0.0, 4.71238898038469, 4.71238898038469, 1.5707963267948966, 1.5707963267948966, 4.71238898038469, 3.141592653589793, 1.5707963267948966, 4.71238898038469, 1.5707963267948966, 2.0, 4.71238898038469, 1.5707963267948966, 0.0, 3.141592653589793, 4.71238898038469, 0.0]",0.0
36,5.274938076689586,"[4.71238898038469, 1.5707963267948966, 0.0, 3.141592653589793, 0.0, 3.141592653589793, 3.141592653589793, 0.0, 3.141592653589793, 3.141592653589793, 0.0, 0.0, 0.0, 0.0, 0.0, 3.5707963267948966, 4.71238898038469, 1.5707963267948966, 4.71238898038469, 1.5707963267948966, 3.141592653589793, 1.5707963267948966, 3.141592653589793, 0.0, 4.71238898038469, 4.71238898038469, 1.5707963267948966, 1.5707963267948966, 4.71238898038469, 3.141592653589793, 1.5707963267948966, 4.71238898038469, 1.5707963267948966, 0.0, 6.71238898038469, 1.5707963267948966, 0.0, 3.141592653589793, 4.71238898038469, 0.0]",0.0
37,3.6961760396624244,"[4.71238898038469, 1.5707963267948966, 0.0, 3.141592653589793, 0.0, 3.141592653589793, 3.141592653589793, 0.0, 3.141592653589793, 3.141592653589793, 0.0, 0.0, 0.0, 0.0, 0.0, 3.5707963267948966, 4.71238898038469, 1.5707963267948966, 4.71238898038469, 1.5707963267948966, 3.141592653589793, 1.5707963267948966, 3.141592653589793, 0.0, 4.71238898038469, 4.71238898038469, 1.5707963267948966, 1.5707963267948966, 4.71238898038469, 3.141592653589793, 1.5707963267948966, 4.71238898038469, 1.5707963267948966, 0.0, 4.71238898038469, 3.5707963267948966, 0.0, 3.141592653589793, 4.71238898038469, 0.0]",0.0
38,3.6632368819698957,"[4.71238898038469, 1.5707963267948966, 0.0, 3.141592653589793, 0.0, 3.141592653589793, 3.141592653589793, 0.0, 3.141592653589793, 3.141592653589793, 0.0, 0.0, 0.0, 0.0, 0.0, 3.5707963267948966, 4.71238898038469, 1.5707963267948966, 4.71238898038469, 1.5707963267948966, 3.141592653589793, 1.5707963267948966, 3.141592653589793, 0.0, 4.71238898038469, 4.71238898038469, 1.5707963267948966, 1.5707963267948966, 4.71238898038469, 3.141592653589793, 1.5707963267948966, 4.71238898038469, 1.5707963267948966, 0.0, 4.71238898038469, 1.5707963267948966, 2.0, 3.141592653589793, 4.71238898038469, 0.0]",0.0
39,2.7537290118857123,"[4.71238898038469, 1.5707963267948966, 0.0, 3.141592653589793, 0.0, 3.141592653589793, 3.141592653589793, 0.0, 3.141592653589793, 3.141592653589793, 0.0, 0.0, 0.0, 0.0, 0.0, 3.5707963267948966, 4.71238898038469, 1.5707963267948966, 4.71238898038469, 1.5707963267948966, 3.141592653589793, 1.5707963267948966, 3.141592653589793, 0.0, 4.71238898038469, 4.71238898038469, 1.5707963267948966, 1.5707963267948966, 4.71238898038469, 3.141592653589793, 1.5707963267948966, 4.71238898038469, 1.5707963267948966, 0.0, 4.71238898038469, 1.5707963267948966, 0.0, 5.141592653589793, 4.71238898038469, 0.0]",0.0
40,2.754298882992634,"[4.71238898038469, 1.5707963267948966, 0.0, 3.141592653589793, 0.0, 3.141592653589793, 3.141592653589793, 0.0, 3.141592653589793, 3.141592653589793, 0.0, 0.0, 0.0, 0.0, 0.0, 3.5707963267948966, 4.71238898038469, 1.5707963267948966, 4.71238898038469, 1.5707963267948966, 3.141592653589793, 1.5707963267948966, 3.141592653589793, 0.0, 4.71238898038469, 4.71238898038469, 1.5707963267948966, 1.5707963267948966, 4.71238898038469, 3.141592653589793, 1.5707963267948966, 4.71238898038469, 1.5707963267948966, 0.0, 4.71238898038469, 1.5707963267948966, 0.0, 3.141592653589793, 6.71238898038469, 0.0]",0.0
41,5.282788913655359,"[4.71238898038469, 1.5707963267948966, 0.0, 3.141592653589793, 0.0, 3.141592653589793, 3.141592653589793, 0.0, 3.141592653589793, 3.141592653589793, 0.0, 0.0, 0.0, 0.0, 0.0, 3.5707963267948966, 4.71238898038469, 1.5707963267948966, 4.71238898038469, 1.5707963267948966, 3.141592653589793, 1.5707963267948966, 3.141592653589793, 0.0, 4.71238898038469, 4.71238898038469, 1.5707963267948966, 1.5707963267948966, 4.71238898038469, 3.141592653589793, 1.5707963267948966, 4.71238898038469, 1.5707963267948966, 0.0, 4.71238898038469, 1.5707963267948966, 0.0, 3.141592653589793, 4.71238898038469, 2.0]",0.0
42,3.7671994556080812,"[4.46923230346833, 1.3265101225273488, -0.38402907060441493, 3.1413784557824878, -0.36854506101626766, 2.770074209364081, 2.7467790403741943, -0.12336067688647552, 2.756157360811056, 2.9896727924005995, -0.12268068815832024, -0.12314950416066617, -0.24552231234236613, -0.37394238113272943, -0.6416700821232613, 3.570813694184678, 4.71223556844162, 1.1866029164682232, 4.588172678727986, 1.5705531833379551, 3.018637034582679, 1.4467571910870318, 3.018685757064565, -0.4617793606936371, 4.087731019084216, 4.324421363778213, 1.5706371257218992, 1.5705705507277368, 4.5879071363693615, 2.896015298410756, 1.1885370833662194, 4.465311299552748, 1.447381201995491, -0.12326582815943554, 4.087284769969183, 1.1836694882572738, -0.3821616987662739, 2.896527165366085, 4.467237591673667, -0.6262876196338294]",0.0
43,2.6206542670710453,"[4.678092276703774, 1.5363403058155436, -0.05416643871929425, 3.1415624414696923, -0.05198245391010959, 3.0891908106497077, 3.0859050793336893, -0.017399746676534853, 3.0872278703881104, 3.1201646980488316, -0.01730383579219617, -0.01736996123739158, -0.03463037124971057, -0.05274373380195898, 0.9636459311461917, 3.570798776426256, 4.712367341974347, 1.5166067083265253, 4.694868549754176, 1.5707620319558635, 3.124250039418268, 1.5533008850239396, 3.124256911615014, -0.06513294267925981, 4.6242823765589725, 4.657667018589166, 1.5707738718407678, 1.570764481587223, 4.694831095600319, 3.106954518671476, 1.5168795182275787, 4.677539227899481, 1.553388900362414, -0.017386368476408676, 4.6242194341225975, 1.5161929548594355, -0.05390305011155786, 3.1070267163569913, 4.6778109270808965, -0.08833646347698786]",0.0
44,1.269702209030645,"[5.066760691390245, 1.218063155064486, 0.0, 3.141592653589793, 0.0, 3.141592653589793, 3.141592653589793, 0.0, 3.141592653589793, 3.141592653589793, 0.0, 0.0, 0.0, 0.0, 1.9580624440208063e-17, 3.5707963267948966, 4.71238898038469, 1.5707963267948966, 4.71238898038469, 1.5707963267948966, 3.141592653589793, 1.5707963267948966, 3.141592653589793, 0.0, 4.71238898038469, 4.71238898038469, 1.5707963267948966, 1.5707963267948966, 4.71238898038469, 3.141592653589793, 1.5707963267948966, 4.71238898038469, 1.5707963267948966, 0.0, 4.71238898038469, 1.5707963267948966, 0.0, 3.141592653589793, 4.71238898038469, 0.0]",0.0
45,1.6426690710423093,"[5.405847031648364, 2.276718630642364, -0.029297023262882402, 3.141576312748373, -0.02811577053013308, 3.113250047948142, 3.111472893143858, -0.009411007908281109, 3.1121883516678004, 3.130002906750189, -0.009359132550105988, -0.009394897845960083, -0.01873054267722482, -0.028527524288150256, -0.024445411698305386, 3.5707976517279847, 4.712377276809078, 1.5414867662919078, 4.7029126980982, 1.570777777731663, 3.1322125469622297, 1.5613335602428184, 3.132216263930018, -0.03522848062327115, 4.664734726515935, 4.682791491134525, 1.5707841815749222, 1.5707791026647508, 4.702892440255101, 3.12285791177404, 1.5416343210916412, 4.693539780891329, 1.5613811651339602, -0.009403772035855688, 4.664700682815328, 1.5412629792895307, -0.02915456416181392, 3.122896961364932, 4.6936867349356906, -0.04777857814979855]",0.0
46,1.1289999641961632,"[4.71238898038469, 1.5707963267948966, 0.00027888223884950044, 2.6415927313651024, 0.0, 3.141592653589793, 3.141592653589793, 0.0, 3.141592653589793, 3.141592653589793, 0.0, 0.0, 0.0, 0.0, 0.0, 3.5707963267948966, 4.71238898038469, 1.5707963267948966, 4.71238898038469, 1.5707963267948966, 3.141592653589793, 1.5707963267948966, 3.141592653589793, 0.0, 4.71238898038469, 4.71238898038469, 1.5707963267948966, 1.5707963267948966, 4.71238898038469, 3.141592653589793, 1.5707963267948966, 4.71238898038469, 1.5707963267948966, 0.0, 4.71238898038469, 1.5707963267948966, 0.0, 3.141592653589793, 4.71238898038469, 0.0]",0.0
47,1.9839077345230316,"[4.701843129700951, 1.5707503677179095, 0.9868774424600836, 3.1421985436689956, -0.032088207983351665, 3.109245561282837, 3.1072173147897395, -0.010740675905369257, 3.1080338594366346, 3.1283654078109504, -0.010681471151206462, -0.010722289675127844, -0.021376954560917368, -0.03255813784748329, -0.027899269343274375, 3.5707978389259067, 4.712375623227432, 1.5373456599418376, 4.701573807576534, 1.570775156960753, 3.1308872449633895, 1.559996579340152, 3.1308914870962994, -0.04020586282582837, 4.65800172438567, 4.678609703738992, 1.5707824655939693, 1.5707766690917633, 4.701550687531435, 3.1202109066000037, 1.5375140625505344, 4.690876604153905, 1.560050910259034, -0.010732417686762766, 4.6579628706987535, 1.5370902543904035, -0.033273771298055456, 3.1202554734523638, 4.691044321127352, -0.05452914588189664]",0.0
48,1.1777870256216745,"[4.71238898038469, 1.5707963267948966, -3.909429032729237e-17, 3.141592653589793, 0.35497101141143966, 2.7894625908891775, 3.141592653589793, 0.0, 3.141592653589793, 3.141592653589793, 0.0, 0.0, 0.0, 0.0, -3.940969899434595e-17, 3.5707963267948966, 4.71238898038469, 1.5707963267948966, 4.71238898038469, 1.5707963267948966, 3.141592653589793, 1.5707963267948966, 3.141592653589793, 0.0, 4.71238898038469, 4.71238898038469, 1.5707963267948966, 1.5707963267948966, 4.71238898038469, 3.141592653589793, 1.5707963267948966, 4.71238898038469, 1.5707963267948966, 0.0, 4.71238898038469, 1.5707963267948966, 0.0, 3.141592653589793, 4.71238898038469, 0.0]",0.0
49,2.394475189030124,"[4.697476502491214, 1.5707313378489949, -0.021540771722272787, 3.141659041266503, 0.6843570080194218, 3.836724800340801, 3.0929838219924566, -0.015187972673155086, 3.0941384660663234, 3.122888519026926, -0.01510425352956786, -0.015161973419017887, -0.030228321249707136, -0.04603919830307852, -0.03945127328298039, 3.570798465040633, 4.71237009254735, 1.5234950378872683, 4.697095664534465, 1.5707663913545853, 3.126454551006184, 1.555524823337871, 3.126460549641585, -0.05685354918809547, 4.635482073858624, 4.6646230171311736, 1.5707767262089785, 1.570768529600322, 4.697062971376579, 3.1113575555525363, 1.5237331694761465, 4.681969164610855, 1.5556016505802681, -0.015176295046939618, 4.635427132368876, 1.523133878815909, -0.04705114777320935, 3.111420575807662, 4.682206326669555, -0.07710754749901008]",0.0
50,1.2209976715142954,"[4.71238898038469, 1.5707963267948966, 2.6492496071195873e-17, 3.141592653589793, 0.0, 3.141592653589793, 3.290709691913896, -0.4772463817374083, 3.141592653589793, 3.141592653589793, 0.0, 0.0, 0.0, 0.0, 1.3246248035597936e-17, 3.5707963267948966, 4.71238898038469, 1.5707963267948966, 4.71238898038469, 1.5707963267948966, 3.141592653589793, 1.5707963267948966, 3.141592653589793, 0.0, 4.71238898038469, 4.71238898038469, 1.5707963267948966, 1.5707963267948966, 4.71238898038469, 3.141592653589793, 1.5707963267948966, 4.71238898038469, 1.5707963267948966, 0.0, 4.71238898038469, 1.5707963267948966, 0.0, 3.141592653589793, 4.71238898038469, 0.0]",0.0
51,1.9473450025904953,"[4.700381112203976, 1.5707439962096537, -0.017345121930746644, 3.1416461104650657, -0.019904827615267396, 3.1257577299509243, 4.07980221437079, 0.2989738100041985, 3.1033814567333673, 3.1265316567608554, -0.012162290307936174, -0.012208767682714016, -0.024340535455181323, -0.03707181518176645, -0.031767067319549994, 3.5707980485592556, 4.712373771466185, 1.5327082474000457, 4.700074452773161, 1.57077222209387, 3.1294031072495683, 1.5584993630211224, 3.129407937487955, -0.04577977778964951, 4.65046178073697, 4.6739267345815305, 1.5707805439549387, 1.5707739438582289, 4.700048127494886, 3.1172466613103227, 1.5328999964004024, 4.687894249160068, 1.558561226073392, -0.012220299784987416, 4.650417540593161, 1.5324174338577137, -0.0378866600338209, 3.1172974066607377, 4.6880852174725565, -0.06208876034688551]",0.0
52,1.23752134003707,"[4.71238898038469, 1.5707963267948966, 3.583543622944964e-34, 3.141592653589793, 0.0, 3.141592653589793, 3.141592653589793, 6.455538289984343e-18, 3.324940281149854, 2.676422096193802, 0.0, 0.0, 0.0, 0.0, 1.2911076579968686e-17, 3.5707963267948966, 4.71238898038469, 1.5707963267948966, 4.71238898038469, 1.5707963267948966, 3.141592653589793, 1.5707963267948966, 3.141592653589793, 0.0, 4.71238898038469, 4.71238898038469, 1.5707963267948966, 1.5707963267948966, 4.71238898038469, 3.141592653589793, 1.5707963267948966, 4.71238898038469, 1.5707963267948966, 0.0, 4.71238898038469, 1.5707963267948966, 0.0, 3.141592653589793, 4.71238898038469, 0.0]",0.0
53,1.7826051796259417,"[4.700025092343565, 1.5707424446663343, -0.01785938539497412, 3.1416476954016246, -0.02049498348993628, 3.1252882421768504, 3.1259723725399082, 0.0011196430857709652, 4.055064975439354, 3.5088881919346844, -0.012522888611693981, -0.012570743988647697, -0.0250622051058365, -0.03817095303601129, -0.0327089253331936, 3.570798099607643, 4.712373320538763, 1.5315789784486038, 4.699709340803633, 1.5707715074164463, 3.12904170083494, 1.5581347717997387, 3.1290466742844916, -0.04713709699511075, 4.648625708534774, 4.672786372014598, 1.5707800760113875, 1.5707732802291927, 4.699682235010304, 3.1165248298709307, 1.531776412592344, 4.687168007777322, 1.5581984690223125, -0.012582618004854515, 4.648580156720185, 1.5312795426100247, -0.03900995712650169, 3.1165770797642254, 4.687364638086671, -0.06392962264310142]",0.0
54,1.1993425721873536,"[4.71238898038469, 1.5707963267948966, 1.9663548478260678e-17, 3.141592653589793, -1.9626120044210767e-17, 3.141592653589793, 3.141592653589793, 4.915887119565169e-18, 3.141592653589793, 3.141592653589793, 0.3542269983979059, -0.35287849694478396, 0.0, 0.0, -9.831774239130334e-18, 3.5707963267948966, 4.71238898038469, 1.5707963267948966, 4.71238898038469, 1.5707963267948966, 3.141592653589793, 1.5707963267948966, 3.141592653589793, 0.0, 4.71238898038469, 4.71238898038469, 1.5707963267948966, 1.5707963267948966, 4.71238898038469, 3.141592653589793, 1.5707963267948966, 4.71238898038469, 1.5707963267948966, 0.0, 4.71238898038469, 1.5707963267948966, 0.0, 3.141592653589793, 4.71238898038469, 0.0]",0.0
55,1.4331402194027294,"[4.707142497135866, 1.5707734624916956, -0.007578438594506576, 3.141616009992148, -0.008696826371058558, 3.134674051522595, 3.134964354902717, 0.0004751085317676842, 3.1369990316001206, 3.142858166517128, 0.7024957304492201, 0.7078224117688374, -0.010634877866007735, -0.01619743441779434, -0.013879681559459909, 3.5707970790689667, 4.712382335297072, 1.5541548657530517, 4.70700851135732, 1.5707857949579167, 3.1362667914365536, 1.5654235317675393, 3.136268901866515, -0.02000212141685891, 4.685331720035999, 4.695584038384866, 1.570789430949255, 1.5707865472319869, 4.7069970093047155, 3.130955391525625, 1.5542386448138483, 4.7016867312326855, 1.5654505610005862, -0.005339298962368434, 4.6853123906121645, 1.554027803367338, -0.016553456802647006, 3.130977563207301, 4.701770169194982, -0.027127849523145686]",0.0
56,1.2860131806474235,"[4.71238898038469, 1.5707963267948966, 0.0, 3.141592653589793, 3.739289100901248e-33, 3.141592653589793, 3.141592653589793, -3.632842774148216e-18, 3.141592653589793, 3.141592653589793, 0.0, 6.093437196284171e-17, 0.4179610748202221, -0.2744240148659091, -2.3201500433124423e-17, 3.5707963267948966, 4.71238898038469, 1.5707963267948966, 4.71238898038469, 1.5707963267948966, 3.141592653589793, 1.5707963267948966, 3.141592653589793, 0.0, 4.71238898038469, 4.71238898038469, 1.5707963267948966, 1.5707963267948966, 4.71238898038469, 3.141592653589793, 1.5707963267948966, 4.71238898038469, 1.5707963267948966, 0.0, 4.71238898038469, 1.5707963267948966, 0.0, 3.141592653589793, 4.71238898038469, 0.0]",0.0
57,1.8479752421614661,"[4.698427929490964, 1.5707354841912902, -0.02016645472690701, 3.141654805684159, -0.023142518487496114, 3.1231820438551208, 3.1239545499458283, 0.0012642781988371217, 3.129368886288385, 3.144960221834512, -0.007192479764883924, -0.0001891477858146772, 0.5295920859613718, 0.8266098914534769, -0.036934253184505356, 3.5707983286189906, 4.712371297605191, 1.5265128947257605, 4.698071389274481, 1.5707683012575784, 3.127420373026234, 1.556499156431243, 3.127425988944308, -0.053226251155162024, 4.640388790760995, 4.667670520532894, 1.5707779767407002, 1.5707703030816724, 4.698040781963987, 3.113286576927671, 1.5267358333450485, 4.683909971112725, 1.5565710820393672, -0.014208036319786873, 4.640337354578488, 1.5261747778673824, -0.04404925012209916, 3.113345576444413, 4.684132002058569, -0.07218802955577419]",0.0
58,1.339431266294729,"[4.706191129653356, 1.5707693164087781, -0.00895266961842615, 3.141620245309532, -0.010273859484108132, 3.1334194715079478, 3.1337624168546623, 0.0005612620152249761, 3.136166050271362, 3.143087647445716, -0.0031930200892626047, -8.397002142336479e-05, -0.0066173276947537555, -0.001192865839045622, -0.016396544203825726, 3.570797215482075, 4.712381130314614, 2.0639468066029343, 4.706032847654508, 1.5707838851743992, 3.1353010298342356, 1.5644492596243162, 3.135303522957583, -0.02362919254140133, 4.680425310077041, 4.692536725622041, 1.5707881804957613, 1.5707847738615777, 4.706019259884993, 3.129026490821892, 1.5512361687788714, 4.6997460461394445, 1.5644811901850104, -0.006307497119359078, 4.680402475565241, 1.5509870945416209, -0.019555166667763402, 3.129052682990431, 4.699844614268059, -0.032047059722189936]",0.0
59,1.1286543139927052,"[4.71238898038469, 1.5707963267948966, -2.775557534433993e-17, 3.141592653589793, -1.1102230137735974e-16, 3.141592653589793, 3.141592653589793, -2.0816681508254952e-17, 3.141592653589793, 3.141592653589793, 1.1102230137735973e-16, 5.551503135401266e-17, -2.622680402288389e-17, 4.619717649170838e-18, 7.632783219693483e-17, 3.8207963243513428, 4.71238898038469, 1.5707963267948966, 4.712423934310583, 1.5707963267948966, 3.141592653589793, 1.5707963267948966, 3.141592653589793, 0.0, 4.71238898038469, 4.71238898038469, 1.5707963267948966, 1.5707963267948966, 4.71238898038469, 3.141592653589793, 1.5707963267948966, 4.71238898038469, 1.5707963267948966, 0.0, 4.71238898038469, 1.5707963267948966, 0.0, 3.141592653589793, 4.71238898038469, 0.0]",0.0
60,1.2001797617293548,"[4.710354739878972, 1.5707874615246764, -0.002938419132949355, 3.14160170966364, -0.003372056220549305, 3.138910075584575, 3.139022636106888, 0.00018421578304871145, 3.1398115496624253, 3.142083336116583, -0.0010480037488338155, -2.7560395732304907e-05, -0.002171920012243062, -0.00039151894952977543, -0.0053816259569780785, 3.5707121312158243, 4.712386403857566, 1.5705594004313983, 5.211659917377936, 1.5707922432424735, 3.1395276351753307, 1.5687131109043244, 3.1395284534610104, -0.007755504717486032, 4.701897957662487, 4.705873131178472, 1.5707936530403337, 1.5707925349247893, 4.710298329284449, 3.1374682242654988, 1.5643763487316487, 4.708239353349823, 1.5687235910599058, -0.0020702283236724525, 4.701890462985567, 1.564294598311332, -0.006418339817466754, 3.1374768209827293, 4.708271705093757, -0.010518392552835876]",0.0
61,1.1298256841266463,"[4.71238898038469, 1.5707963267948966, 1.7315326888849786e-20, 3.141592653589793, 4.894853162642183e-21, 3.141592653589793, 3.141592653589793, 3.3881291517667687e-21, 3.141592653589793, 3.141592653589793, 3.0092631957561347e-36, 7.52562056356542e-21, 1.5046315978780674e-36, 2.2210180051491968e-20, -8.657663444424902e-21, 3.5707963267948966, 4.462389174979425, 1.5707963267948966, 4.71238898038469, 1.5707963267948966, 3.141904578788691, 1.5707963267948966, 3.141592653589793, 0.0, 4.71238898038469, 4.71238898038469, 1.5707963267948966, 1.5707963267948966, 4.71238898038469, 3.141592653589793, 1.5707963267948966, 4.71238898038469, 1.5707963267948966, 0.0, 4.71238898038469, 1.5707963267948966, 0.0, 3.141592653589793, 4.71238898038469, 0.0]",0.0
62,1.198302576403299,"[4.710367479662226, 1.5707875170449657, -0.0029200167745457167, 3.14160165294841, -0.0033509381348304215, 3.138926875693635, 3.139038731286195, 0.0001830620998231801, 3.139822704134045, 3.1420802631323315, -0.0010414404439675656, -2.738779398385936e-05, -0.0021583179872490324, -0.00038906699434397405, -0.005347922592967157, 3.570782041854966, 4.713049812187218, 1.570560884223757, 4.712284532985097, 1.5707922688164273, 3.6408764759920733, 1.5687261574044036, 3.13954138087159, -0.007706934526864921, 4.7019636595080785, 4.705913937811894, 1.5707936697851845, 1.5707925586720322, 4.710311422348816, 3.137494054218001, 1.5644165549554438, 4.708265341107349, 1.5687365719261965, -0.0020572631604789723, 4.701956211767869, 1.5643353165112839, -0.006378143853469392, 3.137502597096802, 4.708297490242887, -0.010452519298943436]",0.0
63,1.1285390972582192,"[4.71238898038469, 1.5707963267948966, 2.7105002237441324e-20, 3.141592653589793, -4.920128062513617e-23, 3.141592653589793, 3.141592653589793, 6.776250559360325e-21, 3.141592653589793, 3.141592653589793, 5.440680959738311e-20, 1.9680512250052154e-22, 1.360170239934578e-20, 3.0092597566523723e-36, -1.360170239934579e-20, 3.5707963267948966, 4.71238898038469, 1.5707963267948966, 4.71238898038469, 1.3207968070991942, 3.141592653589793, 1.571286379769755, 3.141592653589793, 0.0, 4.71238898038469, 4.71238898038469, 1.5707963267948966, 1.5707963267948966, 4.71238898038469, 3.141592653589793, 1.5707963267948966, 4.71238898038469, 1.5707963267948966, 0.0, 4.71238898038469, 1.5707963267948966, 0.0, 3.141592653589793, 4.71238898038469, 0.0]",0.0
64,1.1981357904012513,"[4.710341522185874, 1.5707874039216445, -0.002957511822423364, 3.141601768506439, -0.00339396651291909, 3.1388926452499204, 3.139005937146146, 0.00018541274460621068, 3.139799976751051, 3.1420865243782607, -0.0010548132641679448, -2.7739472322025173e-05, -0.0021860322925134523, -0.00039406288536341435, -0.005416593641509441, 3.570781858426394, 4.712427228571476, 1.5705578609772626, 4.712283191807785, 1.5717871365798093, 3.1415023729697027, 2.0700654837624457, 3.1395150411020896, -0.007805896930640643, 4.701829791131425, 4.705830793758272, 1.5707936356673304, 1.5707925102867117, 4.710284745057541, 3.137441425349216, 1.564334634244353, 4.7082123907087485, 1.5687101232399796, -0.002083679851427958, 4.701822247757048, 1.5642523526420233, -0.0064600436600872465, 3.1374500779245276, 4.708244952661564, -0.01058673692227082]",0.0
65,1.1507576243723456,"[4.71238898038469, 1.5707963267948966, -1.3410895780222161e-17, 3.141592653589793, 1.585147729972259e-33, 3.141592653589793, 3.141592653589793, 2.167114179595836e-19, 3.141592653589793, 3.141592653589793, -1.4277741452060506e-17, 3.936584166882816e-17, 6.705447890111081e-18, -7.138870726030253e-18, -6.705447890111082e-18, 3.5707963267948966, 4.71238898038469, 1.5707963267948966, 4.71238898038469, 1.5707963267948966, 3.141592653589793, 1.5707963267948966, 3.3831818745438453, -0.06430123108319198, 4.71238898038469, 4.71238898038469, 1.5707963267948966, 1.5707963267948966, 4.71238898038469, 3.141592653589793, 1.5707963267948966, 4.71238898038469, 1.5707963267948966, 0.0, 4.71238898038469, 1.5707963267948966, 0.0, 3.141592653589793, 4.71238898038469, 0.0]",0.0
66,1.3780418317890368,"[4.704149306877868, 1.5707604180948396, -0.011902041186203475, 3.141629335138284, -0.013658484444623035, 3.1307268946702136, 3.131182820088573, 0.0007461644298489502, 3.1343783075958087, 3.1435801589043746, -0.004244930085721155, -0.0001116331436301779, -0.008797343152646101, -0.0015858441058424246, -0.021798229214633546, 3.5707381011213735, 4.712542904196922, 1.5698366586165782, 4.711963250894853, 1.5708445279755876, 3.1412293334331385, 1.570473680539129, 3.2655889874025266, 0.47314884153275555, 4.669895183933085, 4.685996589746512, 1.570785496775254, 1.5707809678579487, 4.703920816254523, 3.12488668842067, 1.5447922613889506, 4.695580952107665, 1.5624007286961274, -0.008385441850993826, 4.66986482680929, 1.5444611320212278, -0.025997429705633367, 3.124921509349174, 4.6957119925655855, -0.042604657712956066]",0.0
67,1.1937840740631906,"[4.71238898038469, 1.5707963267948966, -6.217010123984583e-33, 3.141592653589793, -1.4644040732552426e-17, 3.141592653589793, 3.141592653589793, 0.0, 3.141592653589793, 3.141592653589793, 1.1420079599286637e-17, 6.999624252949632e-17, 2.8550198998216578e-18, -2.6176884732566665e-33, 2.3578041665461525e-17, 3.5707963267948966, 4.71238898038469, 1.5707963267948966, 4.71238898038469, 1.5707963267948966, 3.141592653589793, 1.5707963267948966, 3.141592653589793, 0.0, 4.844290773157333, 4.500016861067293, 1.5707963267948966, 1.5707963267948966, 4.71238898038469, 3.141592653589793, 1.5707963267948966, 4.71238898038469, 1.5707963267948966, 0.0, 4.71238898038469, 1.5707963267948966, 0.0, 3.141592653589793, 4.71238898038469, 0.0]",0.0
68,1.3344640114329072,"[4.6978242356595805, 1.5707328532787062, -0.021038478216555773, 3.141657493220811, -0.02414323080922128, 3.122385945365585, 3.1231918556151346, 0.0013189472173515391, 3.1288403148382624, 3.1451058398249896, -0.007503491858419022, -0.00019732677981559648, -0.015550501748813743, -0.0028031953640266886, -0.03853133788708077, 3.5706934049897288, 4.712661061678982, 1.5690999826343608, 4.711636445549871, 1.5708815289441846, 3.1409504357481786, 1.5702260056107042, 3.1384065767095977, 0.0008912967315345203, 5.10950337545025, 4.970270779325026, 1.57077718326071, 1.5707691777827775, 4.697420347374644, 3.1120625856965183, 1.5248306008302566, 4.682678502052676, 1.5559559641249492, -0.014822410119268147, 4.637221749430174, 1.5242452845907388, -0.04595399646091068, 3.112124136428393, 4.682910133902736, -0.07530953297799464]",0.0
69,1.1288655446725961,"[4.71238898038469, 1.5707963267948966, 1.799317566534944e-20, 3.141592653589793, -8.996587832674724e-21, 3.141592653589793, 3.141592653589793, 7.886424993411098e-21, 3.141592653589793, 3.141592653589793, -6.018529811544469e-36, -2.7105048616589903e-20, -1.5046324528861172e-36, 4.9301133809348556e-37, 1.090858528342435e-35, 3.5707963267948966, 4.71238898038469, 1.5707963267948966, 4.71238898038469, 1.5707963267948966, 3.141592653589793, 1.5707963267948966, 3.141592653589793, 8.996587832674723e-21, 4.71238898038469, 4.71238898038469, 1.320796379327052, 1.5707963267948966, 4.71238898038469, 3.1417547217082364, 1.5707963267948966, 4.71238898038469, 1.5707963267948966, 0.0, 4.71238898038469, 1.5707963267948966, 0.0, 3.141592653589793, 4.71238898038469, 0.0]",0.0
70,1.2578747467006004,"[4.707003155053544, 1.5707728552354694, -0.007779715404976781, 3.1416166303181043, -0.00892780659889191, 3.134490299402731, 3.1347883129909246, 0.0004877270057064628, 3.1368770289512824, 3.142891777451946, -0.002774679356614564, -7.29684995724131e-05, -0.0057503435735748515, -0.0010365798292158175, -0.014248313963060217, 3.570758267846672, 4.712489591988572, 1.5701690440293836, 4.712110704228641, 1.5708278332787085, 3.141355171012188, 1.5705854305286946, 3.140414489887497, 0.00032958823548694745, 4.71527014664839, 4.718334371614774, 1.5711676416925064, 1.5707862874952079, 4.706853803190739, 3.638128582518852, 1.5537988870225348, 4.701402488700756, 1.565308582059254, -0.005481106150206768, 4.684593259677756, 1.5535824458085605, -0.016993102376856514, 3.1306956355373203, 4.701488142703562, -0.027848341872439477]",0.0
71,1.129652859024917,"[4.71238898038469, 1.5707963267948966, -1.9345342816540746e-21, 3.141592653589793, 1.3552504864891817e-20, 3.141592653589793, 3.141592653589793, -7.523151471173669e-37, 3.141592653589793, 3.141592653589793, -1.203704235387787e-35, 5.0340950896259145e-20, -1.451977200571884e-20, 1.1617970583237756e-20, 9.672671408270275e-22, 3.5707963267948966, 4.71238898038469, 1.5707963267948966, 4.71238898038469, 1.5707963267948966, 3.141592653589793, 1.5707963267948966, 3.141592653589793, -1.1617970583237759e-20, 4.71238898038469, 4.71238898038469, 1.5707963267948966, 1.3207967379945336, 4.712842411360086, 3.141592653589793, 1.5707963267948966, 4.71238898038469, 1.5707963267948966, 0.0, 4.71238898038469, 1.5707963267948966, 0.0, 3.141592653589793, 4.71238898038469, 0.0]",0.0
72,1.19879913127335,"[4.709626725771773, 1.5707842888212689, -0.003990020738381424, 3.1416049506518604, -0.004578847891408627, 3.1379500344164004, 3.138102878104802, 0.0002501429379013661, 3.139174128088199, 3.142258941607013, -0.001423063389718429, -3.742371171518979e-05, -0.0029492068690204704, -0.0005316357733231396, -0.007307602558727485, 3.570776807315739, 4.712440581550686, 1.5704746092110342, 4.71224625952977, 1.5708124856795418, 3.1414708547372228, 1.5706881633940535, 3.140988403002122, 0.00016903753238555115, 4.71386665823593, 4.715438222300487, 1.5708218248736368, 1.5717485551117985, 5.211487266914514, 3.141823450068031, 1.5620787666194011, 4.706754284591974, 1.567981800277879, -0.002811121753194809, 4.698133252985205, 1.5619677593540398, -0.008715335634221512, 3.1360038465766125, 4.706798214379856, -0.014282715474333092]",0.0
73,1.1685553982547496,"[4.71238898038469, 1.5707963267948966, -2.3310163269942257e-17, 3.141592653589793, -6.848648025768604e-33, 3.141592653589793, 3.141592653589793, 7.533396745219401e-18, 3.141592653589793, 3.141592653589793, -1.1866896410155336e-32, -1.6486739559006936e-17, 3.41171185546766e-18, 5.175895994012307e-33, 7.76384399101846e-33, 3.5707963267948966, 4.71238898038469, 1.5707963267948966, 4.71238898038469, 1.5707963267948966, 3.141592653589793, 1.5707963267948966, 3.141592653589793, -1.1655081634971131e-17, 4.71238898038469, 4.71238898038469, 1.5707963267948966, 1.5707963267948966, 4.71238898038469, 3.141592653589793, 1.7065059378933132, 4.502429695151775, 1.5707963267948966, 0.0, 4.71238898038469, 1.5707963267948966, 0.0, 3.141592653589793, 4.71238898038469, 0.0]",0.0
74,1.3248618287134653,"[4.701700055484834, 1.5707497441969522, -0.015439935124734525, 3.14164023876616, -0.017718482941533536, 3.127497036697307, 3.128088486413457, 0.0009679625712106922, 3.132233835856611, 3.144170946895716, -0.005506739903449805, -0.00014481620996383509, -0.011412362419341458, -0.002057237891306681, -0.02827777518516492, 3.570720793480255, 4.7125886582078325, 1.5695513962672083, 4.711836702367758, 1.5708588558259393, 3.1411213361442814, 1.5703777736089888, 3.139254422667087, 0.0006541140271710309, 4.718107058473593, 4.724188442203684, 1.5708949951245534, 1.5709786161923698, 4.712617856217348, 3.1424857523691383, 1.9782684635150707, 4.980909322360805, 1.559905128558362, -0.010878023033700947, 4.657224478584823, 1.5366329683892788, -0.033725192325003615, 3.119965994640854, 4.690754740847573, -0.055268935874804644]",0.0
75,1.1487346747021125,"[4.71238898038469, 1.5707963267948966, 9.26610219868463e-33, 3.141592653589793, 4.909507577549766e-18, 3.141592653589793, 3.141592653589793, 4.90653803477117e-18, 3.141592653589793, 3.141592653589793, 1.9638030310199075e-17, -2.3756342228776924e-20, -4.909507577549768e-18, -4.921385748664163e-18, -4.9035684919925786e-18, 3.5707963267948966, 4.71238898038469, 1.5707963267948966, 4.71238898038469, 1.5707963267948966, 3.141592653589793, 1.5707963267948966, 3.141592653589793, -4.9035684919925686e-18, 4.71238898038469, 4.71238898038469, 1.5707963267948966, 1.5707963267948966, 4.71238898038469, 3.141592653589793, 1.5707963267948966, 4.71238898038469, 1.7474660006614842, -0.17688365197460612, 4.71238898038469, 1.5707963267948966, 0.0, 3.141592653589793, 4.71238898038469, 0.0]",0.0
76,1.2040457006327479,"[4.708114622314543, 1.5707776990371645, -0.006174223499674514, 3.141611682265224, -0.007085384289014577, 3.135956004966796, 3.136192517795822, 0.00038707528274520677, 3.137850187581318, 3.142623678590214, -0.002202071617775679, -5.791006500149251e-05, -0.004563651055982785, -0.0008226619108377995, -0.01130790399417303, 3.5707661220328624, 4.712468828874859, 1.5702984957316557, 4.712168131794138, 1.570821331317892, 3.141404180048656, 1.5706289529752906, 3.1406576263248462, 0.0002615714486750672, 4.714675563315528, 4.717107427311946, 1.5708357829399335, 1.5708692218862637, 4.7124805047682505, 3.141949791843705, 1.57143491721103, 4.714859563680352, 1.922615334976165, 0.35264389236921634, 4.690329434110111, 1.5571348568086751, -0.013486253232405323, 3.1329444419993133, 4.703737737418411, -0.022101308064018783]",0.0
77,1.1868778712384842,"[4.71238898038469, 1.5707963267948966, 2.9227150215624655e-17, 3.141592653589793, 1.4613575107812343e-17, 3.141592653589793, 3.141592653589793, -1.1798468124328919e-17, 3.141592653589793, 3.141592653589793, 2.0958289547097514e-32, -8.312731706069758e-17, -1.4613575107812343e-17, -4.719387249731569e-17, -5.2395723867743784e-33, 3.5707963267948966, 4.71238898038469, 1.5707963267948966, 4.71238898038469, 1.5707963267948966, 3.141592653589793, 1.5707963267948966, 3.141592653589793, 4.7193872497315674e-17, 4.71238898038469, 4.71238898038469, 1.5707963267948966, 1.5707963267948966, 4.71238898038469, 3.141592653589793, 1.5707963267948966, 4.71238898038469, 1.5707963267948966, 4.719387249731566e-17, 4.8440163632048785, 1.358254020201815, 0.0, 3.141592653589793, 4.71238898038469, 0.0]",0.0
78,1.4734520079566784,"[4.690657556150847, 1.570701620712917, -0.031390601345057376, 3.1416893979924865, -0.03602306809993426, 3.1129351568444954, 3.114137620592259, 0.0019679439676618185, 3.122565441742721, 3.146834526477406, -0.011195634931340754, -0.00029442273419868467, -0.02320222955710282, -0.0041825262862990155, -0.05749093895742211, 3.570642761630987, 4.712794941089388, 1.5682652852081769, 4.711266155779464, 1.5709234532284018, 3.1406344281879695, 1.5699453752789485, 3.1368388463908388, 0.0013298652160941198, 4.724014282453551, 4.736378213438714, 1.5709969272622315, 1.5711669354638633, 4.712854302937049, 3.1434083935859585, 1.5740430082888008, 4.724949765611848, 1.570400650980661, 0.005962433066136867, 5.103514550086891, 1.8280182003063046, -0.06856596604888789, 3.0976239565708448, 4.66840487143431, -0.11236608954607676]",0.0
79,1.1730122682795439,"[4.71238898038469, 1.5707963267948966, 2.336433874932677e-17, 3.141592653589793, -1.2969813417322162e-33, 3.141592653589793, 3.141592653589793, 3.24245335433054e-33, 3.141592653589793, 3.141592653589793, 6.653630999752e-33, 6.600951341817088e-18, -7.491322522785973e-18, -1.9454720125983243e-32, -3.3004756709085597e-18, 3.5707963267948966, 4.71238898038469, 1.5707963267948966, 4.71238898038469, 1.5707963267948966, 3.141592653589793, 1.5707963267948966, 3.141592653589793, 1.1672832075589946e-32, 4.71238898038469, 4.71238898038469, 1.5707963267948966, 1.5707963267948966, 4.71238898038469, 3.141592653589793, 1.5707963267948966, 4.71238898038469, 1.5707963267948966, -2.9965290091143886e-17, 4.71238898038469, 1.5707963267948966, 0.13495166928852445, 2.931145399019341, 4.71238898038469, 0.0]",0.0
80,1.3062130467036315,"[4.696000561411863, 1.5707249056614239, -0.023672738662503672, 3.1416656118914466, -0.027166242136536418, 3.1199810436777775, 3.1208878631980226, 0.001484094641475982, 3.1272435747499014, 3.145545731315399, -0.008443015696867392, -0.000222034371574284, -0.017497604160399284, -0.0031541877976861156, -0.043355906388690225, 3.5706805179910788, 4.712695129399292, 1.568887580754395, 4.711542219497532, 1.5708921972372747, 3.1408700226574386, 1.5701545948118083, 3.1380076430882182, 0.0010028973759022314, 4.721156022937449, 4.730480091114279, 1.570947606548559, 1.5710758156160907, 4.712739896222672, 3.14296196594975, 1.57324476165222, 4.721861503157025, 1.5704979339720733, 0.004496477089297636, 4.72017683551155, 1.5869298030021621, 0.4048392290355938, 3.4099358824099864, 4.679219041872207, -0.08473915625609976]",0.0
81,1.1679421588926227,"[4.71238898038469, 1.5707963267948966, -7.862534864384424e-33, 3.141592653589793, -2.3040072932204598e-17, 3.141592653589793, 3.141592653589793, 5.677533524845595e-33, 3.141592653589793, 3.141592653589793, 2.5846026387021076e-17, 3.706984020628699e-17, -1.0117059738694065e-17, 4.6080145864409196e-17, 2.023411947738814e-17, 3.5707963267948966, 4.71238898038469, 1.5707963267948966, 4.71238898038469, 1.5707963267948966, 3.141592653589793, 1.5707963267948966, 3.141592653589793, -2.5846026387021088e-17, 4.71238898038469, 4.71238898038469, 1.5707963267948966, 1.5707963267948966, 4.71238898038469, 3.141592653589793, 1.5707963267948966, 4.71238898038469, 1.5707963267948966, -5.1692052774042164e-17, 4.71238898038469, 1.5707963267948966, 2.023411947738813e-17, 3.141592653589793, 4.945189289995882, -0.09112637293853527]",0.0
82,1.4705499411238536,"[4.678194401811209, 1.570647305979381, -0.04939337489398338, 3.141744881720073, -0.05668260024498392, 3.0964998417413043, 3.098391928548971, 0.0030965763636247676, 3.111653175921976, 3.149840784609597, -0.01761642560654412, -0.00046327664537974117, -0.03650890310423075, -0.006581240244244044, -0.09046247536695186, 3.570554690719555, 4.713027762963557, 1.5668137115977274, 4.710622206436764, 1.5709963613058648, 3.1400848778710375, 1.5694573474366547, 3.13411249803079, 0.00209255408824302, 4.730681490841278, 4.750136240102068, 1.5711119733152696, 1.571379482648587, 4.713121169329485, 3.1444497357257717, 1.575905007397316, 4.7321534814488135, 1.5701737275775638, 0.0093819385133363, 4.728638407769715, 1.6044589650730292, 0.018713239191044312, 3.1718194654614855, 4.871927550930519, 0.4449302446612912]",0.0
83,1.4445628976281235,"[4.632995843943094, 1.5135104296813775, -0.12235897026476122, 3.1416425399525574, -0.12352394753212631, 3.0249883917913754, 3.0207782465130317, -0.026844233966696322, 3.0316878268897587, 3.1114477837551835, -0.04029576035657165, -0.02913401167863095, -0.08146770221845112, -0.09186538601911128, -0.20966023808879863, 3.570641611146217, 4.712772816481453, 1.4782387323472856, 4.682148688258721, 1.570870850946894, 3.1118176804668027, 1.5408786175840816, 3.107904578124372, -0.10672859530508534, 4.578175269734787, 4.646368938627343, 1.5709664718224314, 1.571126669422701, 4.683728616785442, 3.0859798342556486, 1.4846655035054357, 4.667534959322419, 1.5414954403024395, -0.022691857573187937, 4.576728272179448, 1.5022890690186728, -0.07716830120579199, 3.1040845768713026, 4.658881941244128, -0.11214634057517278]",0.0
84,1.2180946737635279,"[4.688620094199028, 1.5618100621773865, -0.0355313237112577, 3.141651113123425, -0.03813966683598642, 3.108390740613439, 3.108363835415033, -0.0031568665562419157, 3.1144804505186734, 3.1396358530556543, -0.012150739721460522, -0.004699160105545023, -0.024862966202791742, -0.01652200383522159, 0.23167276516152135, 3.5706917496116604, 4.712661511871598, 1.5550314280524165, 4.70708330120077, 1.5708745447386159, 3.136445785925998, 1.5656833849917275, 3.1338471145650377, -0.015953145977354987, 4.697541145262499, 4.714655969188974, 1.5709279492809831, 1.571041994941142, 4.708161684009275, 3.1338681316400017, 1.559060530889899, 4.711971373115208, 1.5660180950832039, -0.0004166754389442303, 4.696635263608815, 1.5713155244586339, -0.005808634410472579, 3.145803956175011, 4.706009266987341, -3.2315969380713157e-05]",0.0
85,1.1441663171099523,"[4.7870428017325075, 1.6457969349723114, -0.06636712195863739, 3.1415556363609194, -0.0009366330850745669, 3.140648463846434, 3.140589260703301, -0.0003135130641839336, 3.140613095089195, 3.141206559233034, -0.00031178491745875915, -0.00031297638256050207, -0.0006239788432647445, -0.000950350019926093, -0.0008143607997640129, 3.5707963709329777, 4.712388590498305, 1.5698199244570459, 4.7120732928063065, 1.5707957088617581, 3.141280169953626, 1.570481089472145, 3.1412802937786157, -0.001173581938766364, 4.710801453172153, 4.711402986149279, 1.5707959221958179, 1.5707957529998395, 4.71207261794783, 3.1409685348587715, 1.5698248400152783, 4.711761048674487, 1.5704826753549153, -0.00031327201236906066, 4.710800319059315, 1.5698124693417679, -0.0009712388762604764, 3.140969835735045, 4.711765944219491, -0.0015916688822367393]",0.0
86,1.1907516575761972,"[4.792117500273177, 1.6629601596174823, 0.20516642720590236, 3.1417705014297677, -0.032771608098683576, 3.112806032509069, 3.1126657588777764, -0.003184803443138948, 3.1176685696206503, 3.1392347822050786, -0.010467345521852448, -0.004433152379018645, -0.021390373959910666, -0.015286436328478138, 0.0049330061342103, 3.57071169640619, 4.7126089798335125, 1.5560710906821407, 4.707459056943085, 1.5708584550959876, 3.136797796227703, 1.5660234423258426, 3.134692841922694, -0.015272333047109822, 4.697183678757881, 4.712252308949215, 1.5709021454194756, 1.5709941960221996, 4.708331311976937, 3.1340859749523737, 1.5593449325050102, 4.710794054616306, 1.5662977670195226, -0.0009644727868546018, 4.696447548013452, 1.5692480334942043, -0.006649262611890035, 3.143757874396949, 4.70597390712998, -0.0032114327865533955]",0.0
87,1.1492609500250803,"[4.712509689056565, 1.5709175961906157, 0.00034881819417747166, 3.141592848148221, 0.04775689021474609, 3.1897348414262416, 3.0414181298773832, -0.03129982512835736, 3.142361099484661, 3.1418955376169357, 0.00024458961844192915, 0.0002455243012258227, 0.0004895000965214094, 0.0007455323710159027, 0.0006388512918195639, 3.5707962921693714, 4.712389286243495, 1.5715622967372762, 4.7126366315699135, 1.570796811552247, 3.141837791340402, 1.5710436247627357, 3.1418376942019406, 0.0009206537665543135, 4.713634366718145, 4.713162474996907, 1.5707966441955428, 1.5707967769267221, 4.712637160984161, 3.142082263425725, 1.5715584405709089, 4.712881581433701, 1.5710423806664375, 0.00024575621745407723, 4.713635256409117, 1.5715681451401309, 0.0007619193003201012, 3.1420812429118596, 4.7128777409673495, 0.0012486353982909012]",0.0
88,1.2150380501301323,"[4.699637370227242, 1.582301122307058, 0.012506226624020874, 3.141727431893897, 0.12694260284684786, 3.2781236034752714, 3.2626168970942286, 0.04961147356415068, 3.095126522319654, 3.1375305104228417, -0.020538714126516207, -0.008375305065313398, -0.041995078284370664, -0.0291100547201439, 0.011397105555688061, 3.570625684300569, 4.712833062752407, 1.542863863883003, 4.703017330156412, 1.5709226439976898, 3.1324874897961252, 1.5617403675132144, 3.128244955067953, -0.028682746019322775, 4.684580992930869, 4.71387537087562, 1.571010316039373, 1.5711961366541392, 4.704776474092698, 3.1275789493865562, 1.5494531634727167, 4.7102966040685645, 1.5622904062539729, -0.0013840188109281034, 4.683099425533178, 1.5694339241094113, -0.011665416198564049, 3.1470693184896286, 4.700573357341284, -0.0036282087581780706]",0.0
89,1.135622938676367,"[4.712359727670594, 1.5707669381941742, -8.453310559181643e-05, 3.141592606440222, -8.669972605708054e-05, 3.1415052543793665, 3.141526803226099, -2.0575140184269776e-05, 3.190217777805429, 3.1607583144920173, -0.08013558332980414, -0.08044181607422646, -0.00011862616124149059, -0.00018067339288264697, -0.000154820145882034, 3.5707963351860963, 4.712388906262425, 1.5706107005314156, 4.712328964238342, 1.5707962093180992, 3.1415332465528247, 1.5707363962477607, 3.1415332700935, -0.00022311256511483774, 4.712087171659727, 4.712201530581839, 1.570796249875565, 1.5707962177092991, 4.712328835939328, 3.141474000834144, 1.5706116350403492, 4.712269602734137, 1.5707366977438566, -5.955691711804439e-05, 4.7120869560507295, 1.5706092832210106, -0.0001846446250268109, 3.14147424814695, 4.712270533438307, -0.00030259610803369454]",0.0
90,1.1668092130718914,"[4.7039469684168695, 1.5773335766169425, 0.006088770437172955, 3.1416749866633786, 0.0009593487575012079, 3.147849385086958, 3.1502478457366934, 0.009990776329571264, 3.340586967133248, 3.22882958164856, 0.06879928140584193, 0.07662336123927241, -0.028233463934375883, -0.02147564383090729, 0.004043717117324808, 3.570691092370205, 4.712661832216419, 1.5499521839584984, 4.705439337528208, 1.5708720731105856, 3.1348193910923636, 1.5640433257270752, 3.1321994586312334, -0.022032888204791243, 4.6893736647856405, 4.709680013634311, 1.5709270082261664, 1.5710411573362526, 4.706523384632215, 3.130641280961765, 1.5540401258372913, 4.7087867514206305, 1.5643888891421072, -0.0020072221638829466, 4.688454407544722, 1.5663356723474757, -0.01077785958351341, 3.14268423022199, 4.7027992278046264, -0.008095988243720724]",0.0
91,1.1886454684608578,"[4.702618399838836, 1.5782416851432344, 0.006802009137573142, 3.141687172873866, 0.0009015383388160063, 3.148581059740724, 3.1513876820877176, 0.011435072711605133, 3.144345095608207, 3.152795212527609, -0.00019339820876995164, 0.008496210168690364, 0.12013646677507064, 0.2077135229608424, 0.004288535361219744, 3.570675396197703, 4.712702407805626, 1.5464088196880805, 4.704262290006719, 1.570883112552496, 3.1336700967684603, 1.5628958430764015, 3.130658960061122, -0.025840719197192757, 4.685236602231061, 4.708840714356739, 1.5709463457021664, 1.5710774671570369, 4.705507930372924, 3.128730624653873, 1.5511094192538235, 4.707971929763093, 1.5632937119317851, -0.002445107037881923, 4.684179563717648, 1.5652357194290092, -0.012815655629388502, 3.1425726329394887, 4.701092392186892, -0.010006835246800216]",0.0
92,1.1366002342647155,"[4.710114327887754, 1.5719187054772616, 0.00034346585370786497, 3.141610755463156, -0.0008469728633975561, 3.1419390339576276, 3.1427478419992076, 0.002014188304301367, 3.141668660035256, 3.1436199658402035, -0.00022039543613880212, 0.0014943435659024054, -0.0018956813980422185, 0.0019967376235034808, -0.0009836446739389035, 3.5707723501764, 4.712451768476115, 1.5682700662064992, 4.711524464383659, 1.5708149074528048, 3.1407609278368316, 1.5699754116208633, 3.1401662023238432, -0.0023510654805303827, 4.710749029975358, 4.713999119677062, 1.570907935607563, 1.5708505377633388, 4.710319560530159, 3.265533098837665, 1.5647264990249514, 4.710105740613584, 1.568610295304301, -0.0011867646286798554, 4.7032496213945185, 1.5674874012731763, -0.004712801165053751, 3.1403863470190454, 4.708758638079873, -0.005552705446640137]",0.0
93,1.128884747461677,"[4.712718996546704, 1.570467836557289, -3.4859312382412275e-05, 3.2040909093120526, 7.623084956721271e-20, 3.141592653589793, 3.141592653589793, -2.7104302068342296e-20, 3.141592653589793, 3.141592653589793, -7.051353584967176e-20, -6.754900281094681e-20, 0.0, -3.3033368145792175e-20, 1.6940188792713934e-20, 3.5707963267948966, 4.71238898038469, 1.5707963267948966, 4.71238898038469, 1.5707963267948966, 3.141592653589793, 1.5707963267948966, 3.141592653589793, -5.653788009568276e-20, 4.71238898038469, 4.71238898038469, 1.5707963267948966, 1.5707963267948966, 4.71238898038469, 3.141592653589793, 1.5707963267948966, 4.71238898038469, 1.5707963267948966, 7.62308495672127e-21, 4.71238898038469, 1.5707963267948966, -5.420860413668459e-20, 3.141592653589793, 4.71238898038469, -6.776075517085574e-21]",0.0
94,1.1389019220479244,"[4.800763719100898, 1.4830192735301617, 0.002428245083737449, 3.140528010248192, 0.0011935495200280724, 3.1440931652837096, 3.144443237879251, 0.002677737799532245, 3.1426365176231887, 3.1441631193130433, 0.0001367193800676072, 0.001991686681698039, -0.0014655511330263589, 0.0030471666705421175, 0.0027029289975265274, 3.5707704203953017, 4.712456753993238, 1.567823379782104, 4.7113761794094975, 1.5708162581364113, 3.1406160917538752, 1.5698307675005756, 3.1399732583258944, -0.002832483115582286, 4.710222489447596, 4.71388486487775, 1.5708308480171134, 1.5708575793829171, 4.711615144671731, 3.1427175026860166, 1.5687280477999799, 4.712824938935293, 1.5698839029892515, 0.0001659715693251196, 4.709856975118371, 1.571769635589098, -0.0006025576091918096, 3.143169064956042, 4.711346157881319, 0.001358870463929453]",0.0
95,1.1297563563483592,"[4.71238898038469, 1.5707963267948966, -7.946205579697304e-18, 3.141592653589793, 0.039113716099553865, 3.1027919773097072, 3.1327915909851027, 0.02816764154344118, 3.141592653589793, 3.141592653589793, 1.2644838200192821e-18, -2.429875146683409e-19, -4.321881904978004e-18, -8.517281823078277e-18, 6.744422889915032e-18, 3.5707963267948966, 4.71238898038469, 1.5707963267948966, 4.71238898038469, 1.5707963267948966, 3.141592653589793, 1.5707963267948966, 3.141592653589793, 1.4812713748907178e-18, 4.71238898038469, 4.71238898038469, 1.5707963267948966, 1.5707963267948966, 4.71238898038469, 3.141592653589793, 1.5707963267948966, 4.71238898038469, 1.5707963267948966, -2.543113159121853e-19, 4.71238898038469, 1.5707963267948966, 3.843570537774142e-18, 3.141592653589793, 4.71238898038469, -3.005473557610958e-19]",0.0
96,1.1347536407070697,"[4.712944293111086, 1.5703872782552324, 0.0018452211377593063, 3.1414837215050633, 0.04309307072055324, 3.1016449181917296, 3.176971790826372, -0.1042608356526915, 3.142386052783834, 3.143546361513327, 0.0001039149185000587, 0.0015138011824215403, -0.0011139066493044253, 0.0023160291984126065, 0.0020543879466868096, 3.570776636379381, 4.712440492386904, 1.5685367089822169, 4.711619190975596, 1.5708114758083582, 3.1408504080973145, 1.5700624438930963, 3.140361816185585, -0.0021528568368503935, 4.710742317497191, 4.713525942204623, 1.5708225649916423, 1.5708428824308929, 4.711800818889189, 3.142447606282682, 1.569224310866461, 4.712720334997569, 1.5701028300473672, 0.00012614833457565586, 4.71046450471225, 1.5715360997808099, -0.00045797987688202463, 3.1427908206570025, 4.7115963728158565, 0.0010328229504955658]",0.0
97,1.1322162410052088,"[4.71238898038469, 1.5707963267948966, -3.467189765819863e-18, 3.141592653589793, 7.906440874869159e-18, 3.141592653589793, 3.141592653589793, -7.906440874869159e-18, 3.160427943568674, 3.093805712167161, -1.3841837648954393e-19, -5.554839181726291e-18, -0.02976505128038192, 0.019543075580819306, -1.7742525265251994e-18, 3.5707963267948966, 4.71238898038469, 1.5707963267948966, 4.71238898038469, 1.5707963267948966, 3.141592653589793, 1.5707963267948966, 3.141592653589793, -6.1928072886415924e-18, 4.71238898038469, 4.71238898038469, 1.5707963267948966, 1.5707963267948966, 4.71238898038469, 3.141592653589793, 1.5707963267948966, 4.71238898038469, 1.5707963267948966, -2.2772946267490802e-18, 4.71238898038469, 1.5707963267948966, -6.4445521348259136e-18, 3.141592653589793, 4.71238898038469, -1.1260416019594733e-18]",0.0
98,1.137144438874018,"[4.713442586494871, 1.5700202306957711, 0.0035009755277803038, 3.1413859745338115, 0.0027932584265387174, 3.1441350962883923, 3.1467863069269812, 0.0003957310657126033, 3.1698369424223514, 3.077460160255283, 0.00019715988463138128, 0.0028721657177731867, 0.08714105067095418, -0.05420827747322477, 0.003897831961025102, 3.570758967769769, 4.712486715152327, 1.5665091080423872, 4.710928443309955, 1.5708250693257044, 3.14018437614727, 1.5694039158654518, 3.1392573607933736, -0.004084658985524114, 4.709264733456412, 4.714546161129129, 1.5708461090582906, 1.5708846577482811, 4.711273049637965, 3.1432147726919233, 1.5678137090575899, 4.713017666219124, 1.5694805413359008, 0.0002393437963516465, 4.708737633619173, 1.5721999131005144, -0.0008689345186706252, 3.1438659602925263, 4.71088514995221, 0.001959595953147207]",0.0
99,1.1324125225822086,"[4.712395312613824, 1.5707963543909071, 9.146776494659927e-06, 3.141592625399845, 1.0496611674927207e-05, 3.1416010039783298, 3.14160065359743, -5.734309906567286e-07, 3.1415981978497505, 3.1415911261822997, 1.6677983716156378e-06, 1.6741717509761983e-06, 6.760800967271751e-06, 1.2187289024434176e-06, 1.6752045089240845e-05, 3.5707902474440516, 4.712388765032336, 1.5707905547271885, 4.7558701533165895, 1.5707083222140112, 3.1414200543681625, 1.5259009704128417, 3.141599079077909, 2.414150774430499e-05, 4.7124216370737795, 4.71240926306516, 1.5707963351178194, 1.5707963385983141, 4.712395488209978, 3.1416054922052155, 1.5708163110455389, 4.712401897436107, 1.5708027788528374, 6.444252815116631e-06, 4.712421660403376, 1.5708165655200672, 1.997915107443305e-05, 3.1416054654451626, 4.712401796730878, 3.274188650793729e-05]",0.0
100,1.1350270292376474,"[4.712233494085439, 1.570372391057416, 0.0008483730906931543, 3.1414838355338963, 0.0003097646992909652, 3.142012744382311, 3.143490337307189, 0.0002803588460397495, 3.1424749240566876, 3.1419955278361273, -8.451038318827078e-05, 0.0013650409193964074, 0.00110685506672218, 0.00025402926972170815, 0.00019072428927110474, 3.5707635177979955, 4.71244148763028, 1.5683703174820887, 4.801389664701622, 1.5709837262688233, 3.140443877932198, 1.6576932037450571, 3.1395891371217477, -0.004985109726999435, 4.706947334556084, 4.711230803428143, 1.5708223616067274, 1.5708428617526968, 4.711037104644259, 3.1409986957027933, 1.5668858025812933, 4.7112474205287596, 1.5693424977730088, -0.0006098034854745492, 4.706658884407688, 1.569234625106943, -0.0027639832318890776, 3.141354815037684, 4.7101028115598425, -0.0026951641536324994]",0.0
101,1.1316501379959483,"[4.713103609539387, 1.5707994411663515, 0.001032267313143685, 3.1415894721889805, 0.0011846041211493333, 3.1425350438562782, 3.1424955013190576, -6.471504669773888e-05, 3.1422183558066474, 3.141420276705959, 0.00018822081691260726, 0.00018894009011091782, 0.0007629959968136656, 0.00013754069647315857, 0.001890566428955327, 3.5707963203771533, 4.712388719013252, 1.5701449151387994, 4.712434881833268, 1.5707964013847369, 3.1413831712887497, 1.5708343786489245, 3.1516311772440453, 0.03771621582208803, 4.671467881617698, 4.686973373538832, 1.5707972660854856, 1.570797658879732, 4.713123426594138, 3.1430415665542846, 1.5730516665561574, 4.713846745310666, 1.5715244793324374, 0.0007272716833715529, 4.71607711194702, 1.5730803854975033, 0.0022547642451434076, 3.143038546525556, 4.713835380135626, 0.003695113708372896]",0.0
102,1.1453162496382983,"[4.710121297196245, 1.5692828693914656, 0.000535977203294292, 3.1412137265943856, -0.0017430224593963828, 3.140822941606754, 3.1461668315775437, 0.0011512784925382306, 3.1432249322741956, 3.143437576171947, -0.0007520028021105916, 0.004395631498247279, 0.0021005405355103497, 0.000572267905408307, -0.0038604327278978627, 3.570723998490021, 4.712577682705578, 1.563741807938256, 4.712267075036179, 1.57086178032653, 3.1392561676196125, 1.5732653127043355, 3.1628886303278256, 0.08904369814228622, 4.76764405365984, 4.754599094753131, 1.5708865578117135, 1.5709584393423395, 4.705823696987053, 3.1360048378071204, 1.5514911188044023, 4.704834625399527, 1.5638839731435379, -0.0039119377167776935, 4.683180803136994, 1.5597661004507237, -0.015230874368451153, 3.137277158951492, 4.70079581646771, -0.018443697694925192]",0.0
103,1.132190771007511,"[4.711677022648075, 1.5707932240655473, -0.0010284085039301376, 3.1415958230979317, -0.0011801758483183785, 3.1406537861552306, 3.140693180875015, 6.447312969108375e-05, 3.1409692903654154, 3.14176438609644, -0.04194370075685824, 0.04140898875864668, -0.0007601437743855362, -0.0001370265435013066, -0.0018834991363442324, 3.5707963327560153, 4.712389139263976, 1.5711921189126143, 4.712346344841553, 1.5707962592782891, 3.1417199911399747, 1.5707618833361638, 3.141586402651877, -2.348569686730009e-05, 4.712975777383222, 4.712753433008456, 1.5707963562279506, 1.5707965921017608, 4.712535257570344, 3.1416380558687886, 1.5712455152429095, 4.7126793185305935, 1.5709413504910477, 0.00014484825938365826, 4.713123533165165, 1.5712512350980343, 0.01695483572404897, 3.1524651327206965, 4.710947987547849, -0.0036813006788974953]",0.0
104,1.1382970827918542,"[4.709341194620161, 1.5697251871663345, -0.0017207700625775431, 3.1413325206695117, -0.0036337784883779404, 3.139135906821762, 3.1429760237345716, 0.0009415147212029196, 3.141469455799163, 3.1432409892782074, 0.030860483482800467, -0.02894251305322635, -7.276709141079727e-05, 0.00012310354778467025, -0.006558224498303562, 3.570745452757428, 4.712522352493197, 1.567349541043933, 4.712207573129118, 1.570842220620841, 3.14043642782853, 1.5724534405312296, 3.1408335291358886, 0.0035021211258108786, 4.716600427239812, 4.720557059240023, 1.5708634167092854, 1.5709167756789197, 4.711294542959746, 3.1432250621231086, 1.5680374112935875, 4.7140699119986404, 1.5694275004702936, 0.0007379234942131831, 4.7095387547186265, 1.573997193238923, 0.09442786189993992, 3.205981029985345, 4.70129297803925, -0.020485805174663783]",0.0
105,1.1350455633663463,"[4.710971671287488, 1.5707901501269477, -0.002047274231741886, 3.141598963195669, -0.0023494006457091808, 3.1397236306300877, 3.139802054519402, 0.00012834800232782768, 3.1403517114336297, 3.1419345250681667, -0.0007301718960708158, -1.920205574713475e-05, -0.0015132340463651637, -0.00027278159457342233, -0.003749520966240073, 3.5707962471914083, 4.712390325233105, 1.5180542866093343, 4.712958326211434, 1.5707974880205824, 3.1426705140620133, 1.5713887236960609, 3.1422616666226864, 0.00251358076201762, 4.717609109556406, 4.715631140412415, 1.570797303787424, 1.5707984084141746, 4.71353668310416, 3.143099724091499, 1.5743206959645242, 4.714666997138494, 1.571934194533574, 0.0011364912475027688, 4.718152341362522, 1.574365574413972, 0.0034236277934823743, 3.1437880934243307, 4.723652327067778, 0.02877444268356443]",0.0
106,1.1470150269566204,"[4.70512529032454, 1.5682193777489797, -0.004039869916195462, 3.1409664423143697, -0.008627905633908696, 3.135773216037366, 3.1450090127342887, 0.0022590663814848998, 3.141357115055794, 3.14554191436911, 0.003675331163309214, 0.0007074173294803615, -0.00010083826865153196, 0.00030958128240263667, -0.015595673215596878, 3.5706740469166065, 4.712708534627984, 1.6373251921550442, 4.711041745602849, 1.5709049452267447, 3.137728467345101, 1.5738621669535133, 3.138813398679247, 0.004846822388488932, 4.716796101473887, 4.728485731042002, 1.5709564630733521, 1.5710841436524368, 4.7086566667907555, 3.143534006846225, 1.5607833157259487, 4.714252084123738, 1.566413228091415, 0.0006872367607197047, 4.700012279269607, 1.5750800784593648, 0.006628073622862644, 3.155071390442766, 4.742058229771111, 0.09471047922471773]",0.0
107,1.1313934103749288,"[4.712264758315742, 1.5707957854320609, -0.00017943625795696907, 3.141593206604162, -0.00020591655664472158, 3.1414288404177593, 3.14143571399093, 1.1249242967470448e-05, 3.1414838894519015, 3.141622617401104, -6.399695295574982e-05, -1.6829914502622432e-06, -0.0001326295473673911, -2.3908330311053292e-05, -0.0003286320908464145, 3.5707963276922636, 4.712389027694618, 1.5707818587499534, 4.712382562170948, 1.5707963169236248, 3.141630571247591, 1.5707912909858683, 3.141592566993356, -3.253556020746152e-07, 4.712497334685975, 4.712456277950114, 1.5707963332835404, 1.5706900389956924, 4.653787103721209, 3.1416026627183062, 1.5890125251307683, 4.724163230754757, 1.570669753992586, -0.00012641968579324813, 4.711747882368729, 1.5703992949976757, -0.00039193962026323157, 3.141341317899419, 4.7121375565959935, -0.0006423117036774834]",0.0
108,1.1431340386901685,"[4.709558449166041, 1.5693039556391244, -0.00033671769553268586, 3.141222322615708, -0.002707588191003688, 3.1400459407478083, 3.145339278118404, 0.0011874397622038222, 3.1426754859139825, 3.1435530219741916, 0.0028548568040034092, 0.00043022334174333267, 0.0014288090335780868, 0.00044814776121111907, -0.005382942443603655, 3.570725159295306, 4.712574749810558, 1.5779155667030604, 4.712065340581234, 1.5708603655930122, 3.139309838932291, 1.5730276873867635, 3.140381865417631, 0.0043410653052201355, 4.716140541525493, 4.722487326577848, 1.570889914859401, 1.5710466348008971, 4.755952426439555, 3.143449802101287, 1.6629354494477855, 4.776790872603453, 1.564861970318199, -0.0029819656142718847, 4.6880435583957, 1.5626671009231161, -0.0064440316212981035, 3.1428264753642847, 4.706160656628992, -0.004913077970431015]",0.0
109,1.1322435574877705,"[4.717614134028651, 1.575843909816057, 0.008225122797774943, 3.1415961803877317, 0.007948253254344123, 3.149533941656531, 3.15000403071796, 0.0025302325305929727, 3.149732028529948, 3.144682489989941, 0.002638413705734187, 0.0025468768892643583, 0.005287682267725017, 0.007764104326386542, 0.013790075103071201, 3.570795966544678, 4.712392072869147, 1.5787568722311272, 4.714965588061531, 1.5708013659253202, 3.1440711981742013, 1.5733670288418795, 3.1441319252873887, 0.009540418758376579, 4.725117766807148, 4.720294677960901, 1.5707996051864905, 1.5708009837930852, 4.714956620654875, 3.1466497723750924, 1.5786199830717114, 4.71744589105914, 1.5732659115025347, 0.002466597223733206, 4.756377193633767, 1.5980382132584594, 0.0007099911162533478, 3.1420479433796933, 4.712770619106314, 0.0009749714565464226]",0.0
110,1.157999333459584,"[4.68668181441317, 1.5516620313888536, -0.02649876008977384, 3.140352900317043, -0.03398638461753698, 3.11205006488139, 3.128504017841418, -0.002976600688111605, 3.1209933182498544, 3.1398729712021756, 0.0013134259765120368, -0.005720494033170366, -0.01176362558963638, -0.020566575703161692, -0.06088340636447742, 3.5705596205259713, 4.713001472505738, 1.5720859579262658, 4.7040055266789595, 1.5709959947885908, 3.1275150221986423, 1.5709820625819613, 3.130432569204412, -0.012233426163736402, 4.690663974521062, 4.724844982857247, 1.5710998464210666, 1.5713707791166365, 4.7136335884794995, 3.1337572914203995, 1.5533455852261517, 4.717299380841816, 1.554664318048475, -0.0062743348335835315, 4.744492980643147, 1.6138869785568466, -0.02860220890417103, 3.14117613468767, 4.687251189644881, -0.02748048031222752]",0.0
111,1.129711259347348,"[4.71206123128067, 1.5721362546415234, 0.0011582681671121115, 3.141602072927072, 0.010203106119775386, 3.1524659843694507, 3.150341231505412, 0.0035433557100874686, 3.138163180534214, 3.14121931876636, -0.001486220386281742, -0.0006515285675212349, -0.003035534920400589, -0.002230880305950621, 0.002062050221711493, 3.5707964275442237, 4.7123146509169915, 1.5686399096085315, 4.7116683937601, 1.5707954171332583, 3.0820195491206053, 1.5703322647764713, 3.1412082079853083, -0.0014444189095926712, 4.712107646025251, 4.712214246966302, 1.5707959303013161, 1.5707956921613828, 4.7120390746083425, 3.1409810380836554, 1.5702997361961588, 4.712068003310706, 1.5710439839615238, 0.00024735757301669195, 4.711893666287843, 1.5704895789323794, 0.00028705635004918137, 3.141776731703324, 4.7126439334858, 0.000651328028987502]",0.0
112,1.1500552356384965,"[4.700589995276044, 1.5719983601005807, 0.0011729196711698316, 3.1408414569619523, 0.05538334820636347, 3.203558379037949, 3.2007759157717506, 0.023436860294155957, 3.1155042101286314, 3.1405751907877884, -0.005236215710283705, -0.005459878979554536, -0.020168583180645617, -0.019975919796464445, -0.007522261249576637, 3.570642500167179, 4.712845060279757, 1.5655770244620872, 4.70484977366952, 1.570922093711399, 3.1783441851952587, 1.5687566200305028, 3.1325215621906066, -0.014746173004231962, 4.696527800263996, 4.719433070869811, 1.5709920605915966, 1.5711673517783997, 4.7115473078669075, 3.133582763458289, 1.5569376735989082, 4.713972386839238, 1.561958519604678, -0.0024215695133721054, 4.695728086646065, 1.5755892098799464, -0.009812565792467264, 3.1469710394448747, 4.702062943476016, -0.0024594512945482457]",0.0
113,1.1340052021448717,"[4.708310354869527, 1.568376512322317, -0.0027946647015301878, 3.1413040596837463, -0.002602936623235092, 3.1401139249561205, 3.1436603142025, 0.0009590500091935337, 3.1390258643151405, 3.1421458834802465, 0.0010055149979879077, -0.00058957144095684, -0.0013705086919056642, -0.0025567774310418056, -0.008479259127533011, 3.5707406479708843, 4.712537823162307, 1.5734418139895125, 4.711176686465984, 1.5708446607626034, 3.1423300750146903, 1.5715829959147003, 3.139712489075252, -9.197036838813074e-05, 4.7111309637301675, 4.717699897356603, 1.5708685495826438, 1.5709325576382773, 4.713432560182414, 3.1412392472930213, 1.5690348654314472, 4.715051449152064, 1.6571272651268294, 0.08853627389865541, 4.704744260374748, 1.5715108068593866, -0.005794159370070137, 3.142085449929469, 4.707067759619221, -0.0049686528973216315]",0.0
114,1.1315965888400445,"[4.707831682195303, 1.571360217640545, 0.00015520289329540738, 3.141321318212305, -0.0002638648350845919, 3.143696996973852, 3.1457185059293424, 0.003278643531872429, 3.1401858630274035, 3.1446389695768824, 0.0008122576981819704, 0.0009392654350855512, 0.030397116200620678, 0.050767282520526986, -0.003247495383192554, 3.5707404471790856, 4.712536616848875, 1.5672456268911503, 4.709106884014594, 1.5708411384990064, 3.1403226753221825, 1.5695766054678713, 3.1378373950820087, -0.007075781169248694, 4.704698707809595, 4.713758371794981, 1.5708669595778026, 1.570930468621499, 4.711630686471961, 3.137805633702745, 1.5645032152384561, 4.712155726260715, 1.5686778141929159, 0.00021409418466465739, 4.704254567184326, 1.5712553647948193, -0.004703304845041036, 3.1428219096430383, 4.707921515979223, -0.0027118577976546696]",0.0
115,1.1293648171887023,"[4.712367545524732, 1.5707882229518255, -3.204226491425493e-05, 3.1415927063087934, -3.439447734711137e-05, 3.141562711995163, 3.141562687731966, -2.8468726725742585e-06, 3.1415682037156407, 3.1415908889406174, -1.0957577157092393e-05, -4.237718082226302e-06, -2.242150492613292e-05, -1.4899597552422268e-05, 0.00020892326373902847, 3.539547137012147, 4.712388974593921, 1.570782109957214, 4.712379826591389, 1.570796317756907, 3.1415880124414306, 1.570791716083099, 3.14158861569012, -1.517098537483963e-05, 4.712380234157515, 4.712383548207208, 1.5707963222790817, 1.570796319881377, 4.712385168609236, 3.1415856876702972, 1.5707886903675048, 4.71238404449157, 1.5707939817949188, -2.34216320537554e-06, 4.7123789215006875, 1.5707900973312356, -1.9861489402881797e-06, 3.141591379949443, 4.712388206092047, -1.9780834136327e-06]",0.0
116,1.1420193086702803,"[4.701267200016324, 1.5650531622285941, -0.011369865543598588, 3.1411711471216925, -0.011537541030647074, 3.132705914229834, 3.1377742821927117, 0.0006901658683758092, 3.1318184981186734, 3.1417952358401933, -0.0010420919379977396, -0.001976961297832731, -0.00391306613957505, -0.0024872205636988073, 0.05444073299591499, 3.5725675025869026, 4.712610289702465, 1.57002325527549, 4.708997554353225, 1.5708658066681431, 3.1411616276434304, 1.5704410937074418, 3.1373670004237586, -0.00542001573280549, 4.705912125373628, 4.7175031459685375, 1.5709029769351972, 1.5709981658444012, 4.712590487835759, 3.138492712745512, 1.5648500348170684, 4.714246091301719, 1.568727704661793, 0.001397960176108263, 4.705470804813046, 1.57468382147907, -0.004515074844572126, 3.1450088096186186, 4.707253948133343, -0.0001824231865306227]",0.0
117,1.1301905371191852,"[4.71238898038469, 1.5707963267948966, 3.241596776464694e-19, 3.141592653589793, -5.132528229402432e-19, 3.141592653589793, 3.141592653589793, -8.981924401454257e-19, 3.141592653589793, 3.141592653589793, -6.989693049251997e-19, -5.571494459548693e-20, -7.428659279398257e-20, 6.7533266176347796e-21, -1.2966387105858776e-18, 3.5707963267948966, 4.743533178083103, 1.5707963267948966, 4.71238898038469, 1.5707963267948966, 3.1415537949193, 1.5707963267948966, 3.1440752580389155, -0.0006607683974507267, 4.71238898038469, 4.71238898038469, 1.5707963267948966, 1.5707963267948966, 4.71238898038469, 3.141592653589793, 1.5707963267948966, 4.71238898038469, 1.5707963267948966, 7.006576365796084e-20, 4.71238898038469, 1.5707963267948966, -7.175409531236953e-20, 3.141592653589793, 4.71238898038469, -4.59226209999165e-19]",0.0
118,1.1300896574122077,"[4.7110940195031255, 1.5699350502878897, -0.0006659368536169909, 3.1414873873452485, -0.0005536703693889491, 3.141390234716153, 3.142616401847339, 0.0003516622345166077, 3.1408191275935864, 3.141756216701162, 0.0004599246272354774, -0.0002024171172643662, 0.0005108529190563789, 0.00036680004003138356, -0.000416172128270816, 3.5711191009528003, 4.706753391017462, 1.571532943945638, 4.711880318349222, 1.5708137011693035, 3.1417970589253206, 1.5710099691684847, 3.2014682868370543, -0.016462577035161328, 4.711392157324335, 4.713977464082303, 1.5708223883236536, 1.570845543078709, 4.712685247372671, 3.1412961086239983, 1.5698556124918044, 4.713158278112246, 1.5704488285422267, 0.0004898940556192475, 4.711370786676501, 1.5721402138067468, -0.0009619045579970927, 3.1425007710575463, 4.711198573454238, 8.440305072248891e-05]",0.0
119,1.1287119223599482,"[4.71238898038469, 1.5707963267948966, 1.432388985860463e-19, 3.141592653589793, 4.271942570344636e-20, 3.141592653589793, 3.141592653589793, 1.3111992501771717e-19, 3.141592653589793, 3.141592653589793, 7.920774645123896e-20, 1.4860282000915824e-19, -2.059518431275962e-19, -1.8497304427369618e-19, 1.3101059633056805e-20, 3.5707963267948966, 4.71238898038469, 1.5707963267948966, 4.71238898038469, 1.5707963267948966, 3.141592653589793, 1.5707963267948966, 3.141592653589793, -2.16767418773714e-19, 4.712816816269556, 4.711700131418506, 1.5707963267948966, 1.6020357527375413, 4.712332320597992, 3.141592653589793, 1.5707963267948966, 4.71238898038469, 1.5707963267948966, 7.022532377688472e-20, 4.71238898038469, 1.5707963267948966, 1.0720853498534002e-19, 3.141592653589793, 4.71238898038469, 2.638920930035767e-20]",0.0
120,1.1309225318196625,"[4.708371324093961, 1.5681241897244305, -0.0020660897385018765, 3.141266061801873, -0.0017177794898928349, 3.140964642757482, 3.1447688643044214, 0.0010910429873450128, 3.139192765200155, 3.1421001132147723, 0.0014269304178832411, -0.0006280053831013119, 0.0015849370225020677, 0.0011380084983654828, -0.0012911869331161255, 3.5717977436287547, 4.710780584083884, 1.5730817043469654, 4.7108108406464595, 1.5708502313302595, 3.142207018725824, 1.5714591588838287, 3.141367720638148, -0.001572426746919732, 4.7446905469096485, 4.660329826447173, 1.5708771834960118, 1.568664477484953, 4.713312301441418, 3.140672613637799, 1.5678777314987749, 4.714775750439725, 1.5697182026903524, 0.0015199114987712085, 4.709230002831685, 1.5749657779219952, -0.0029843387190566506, 3.144410116193475, 4.708695705969422, 0.00026186308213587886]",0.0
121,1.1301621516894382,"[4.71238898038469, 1.5707963267948966, -7.76472152229933e-18, 3.141592653589793, -3.0491144113777832e-18, 3.141592653589793, 3.141592653589793, -9.037681762580466e-18, 3.141592653589793, 3.141592653589793, 9.808973274431371e-19, 5.3009005540887585e-18, 6.855953721006281e-19, 3.4954942993739494e-18, -1.501648564274921e-18, 3.5707963267948966, 4.71238898038469, 1.5707963267948966, 4.71238898038469, 1.5707963267948966, 3.141592653589793, 1.5707963267948966, 3.141592653589793, -1.922831282023143e-19, 4.71238898038469, 4.71238898038469, 1.5707963267948966, 1.5707963267948966, 4.71238898038469, 3.141592653589793, 1.5847646720305553, 4.690778250254171, 1.5707963267948966, -6.938701625685741e-18, 4.7030529081708545, 1.5858715359218511, 2.239982631884731e-18, 3.141592653589793, 4.71238898038469, -1.7230619067667912e-18]",0.0
122,1.1327606744384606,"[4.707297292292781, 1.5674098528117837, -0.0026184132631312837, 3.1411787546902517, -0.002176989951429541, 3.1407967579120455, 3.1456179541886495, 0.0013827092674019398, 3.138551207967969, 3.1422357713536484, 0.0018083887946029537, -0.0007958887718123751, 0.0020086349801806875, 0.0014422299719841361, -0.0016363572829631988, 3.5720654503333535, 4.710350614805538, 1.5736926496322283, 4.7103889597928195, 1.5708646415189411, 3.1423712556953123, 1.5716363524242516, 3.1413075897743514, -0.001992780358331581, 4.713769917611896, 4.710100771067085, 1.5708987987517857, 1.5700406554296633, 4.713555601303239, 3.140426661247825, 1.5874669725574755, 4.683899762178796, 1.5694299899886903, 0.0019262263167978504, 4.738899978086161, 1.5268078650423138, -0.0037821358569450716, 3.145163302682318, 4.707708390508506, 0.0003318664018370348]",0.0
123,1.1285990628102511,"[4.71238898038469, 1.5707963267948966, -1.5974842142285427e-18, 3.141592653589793, 3.96937952985627e-18, 3.141592653589793, 3.141592653589793, 2.7294660916775268e-18, 3.141592653589793, 3.141592653589793, -1.530550753852776e-18, -2.3936761023477568e-18, -3.9835494218641394e-18, -1.4738049153662451e-18, -4.070672568744265e-18, 3.5707963267948966, 4.71238898038469, 1.5707963267948966, 4.71238898038469, 1.5707963267948966, 3.141592653589793, 1.5707963267948966, 3.141592653589793, 2.5948831453642042e-18, 4.71238898038469, 4.71238898038469, 1.5707963267948966, 1.5707963267948966, 4.71238898038469, 3.141592653589793, 1.5707963267948966, 4.71238898038469, 1.5707963267948966, 1.7593881823686835e-18, 4.71238898038469, 1.5707963267948966, 0.011197348344911876, 3.1241312080954238, 4.690624358817789, 0.008519451821536997]",0.0
124,1.1325032296670934,"[4.707412966761163, 1.5674867877242562, -0.002558927380109526, 3.141188157767248, -0.0021275324530988736, 3.1408148393042574, 3.145526506225136, 0.0013512964713808006, 3.1386203044245997, 3.1422211608150414, 0.0017673052858198737, -0.000777807536491327, 0.001963002219628002, 0.001409464967081421, -0.0015991820366845785, 3.5720366180113468, 4.710396922994587, 1.5736268501177204, 4.7104343968491635, 1.5708630895249376, 3.1423535671835627, 1.5716172684748129, 3.141314065937995, -0.0019475077877435664, 4.713738545073605, 4.710152755279704, 1.5708964707637152, 1.5700578229941071, 4.713529097665914, 3.1404531506049618, 1.5694620516878826, 4.711816853244709, 1.5694610308303203, 0.0018824657405099297, 4.713488620220227, 1.5678670915520758, 0.02353938247819878, 3.102610266434977, 4.750226693532602, -0.016277235208291798]",0.0
125,1.128596705625462,"[4.71238898038469, 1.5707963267948966, 1.7128752348240945e-19, 3.141592653589793, -1.7005068732994008e-20, 3.141592653589793, 3.141592653589793, -7.957977214828253e-20, 3.141592653589793, 3.141592653589793, -6.58202207743053e-20, -1.3272540777385328e-19, -2.1105946700947512e-19, -1.395122735021542e-19, -3.99742798549403e-19, 3.5707963267948966, 4.71238898038469, 1.5707963267948966, 4.71238898038469, 1.602033465305613, 3.141592653589793, 1.5707350952666446, 3.141592653589793, -7.901213159161598e-20, 4.71238898038469, 4.71238898038469, 1.5707963267948966, 1.5707963267948966, 4.71238898038469, 3.141592653589793, 1.5707963267948966, 4.71238898038469, 1.5714283711346293, -0.0006328098568078699, 4.71238898038469, 1.5707963267948966, -1.0837580320721432e-19, 3.141592653589793, 4.71238898038469, 3.6576833582434834e-19]",0.0
126,1.1320428808285792,"[4.710559046542974, 1.5695792405881364, -0.0009410480287304333, 3.1414438998582903, -0.0007824021254417311, 3.1413066116310366, 3.1430393317161753, 0.0004969405894468383, 3.140499569298169, 3.141823787732153, 0.0006499282348975765, -0.00028603947678872653, 0.0007218959723254518, 0.0005183321102218167, -0.0005881007467819541, 3.5712524450940575, 4.71165639934521, 1.5718372544952774, 4.711670180391617, 1.5688023119042493, 3.1418724803027422, 1.5711021857213687, 3.1414902027103384, -0.0007161978799550087, 4.712885284109453, 4.711566606430977, 1.5708331548366685, 1.5705247413050758, 4.712808259621903, 3.1411736002606743, 1.5703056458287232, 4.712178580073432, 1.6149353580016859, -0.04399186389124329, 4.712793374001949, 1.5697190976900885, -0.0001489134895961397, 3.1409884448696794, 4.712822564540223, -0.0007089168656599157]",0.0
127,1.1300753203846992,"[4.712538286530842, 1.5709682796236986, 0.00036955224674257276, 3.14159297509831, -5.9683599264960806e-05, 3.1415402205544503, 3.1415399619580575, -5.812777142284719e-06, 3.1415490663113883, 3.141588341363184, -1.9063828431999426e-05, -8.084214270579001e-06, -3.8956830416432955e-05, -2.786875305512048e-05, 8.929800892834221e-06, 3.5707961728058533, 4.712389380668612, 1.5707694777115597, 4.712379992103235, 1.5707964398071064, 3.1415839112532398, 1.5707876242835506, 3.1415800811328887, -2.785575145610617e-05, 4.71236122312553, 4.712388675780581, 1.6020430011188431, 1.570796686800737, 4.712381579200547, 3.1415587029719783, 1.5707754349990772, 4.71238604268111, 1.5707881235285175, -1.772699891224694e-06, 4.712359883614312, 1.5707934537566686, -1.2153931276236886e-05, 3.141596558054135, 4.712377272327114, -5.9337208449951666e-06]",0.0
128,1.1335710620380048,"[4.728505451111544, 1.592285055937985, 0.05168882564733037, 3.141151204196256, -0.011420177216237603, 3.1328793712909566, 3.1385383143361683, 0.0007722718661754465, 3.1315370820336774, 3.14171338353135, -0.000689054431614731, -0.002138930779858636, -0.0034013924621155807, -0.002427006383537354, -0.0006099386072825794, 3.572273240957714, 4.710039552871596, 1.5702388006561543, 4.708693089078115, 1.5701357446001036, 3.1412167604473096, 1.5705004084483642, 3.1393920275058447, -0.0064842807044782, 4.709906071514034, 4.709639815109803, 1.5676477697034095, 1.5699567068122215, 4.712670429395523, 3.1381868438898017, 1.5660859063817054, 4.71126168263814, 1.5696076660991405, 0.0003694475836942879, 4.709405294703767, 1.5668284349662003, -0.0022913547325330236, 3.1401847868014103, 4.712079006628471, -0.003210581876609034]",0.0
129,1.1378376756810293,"[4.708723754298544, 1.5726851770213626, 0.0036110710029768796, 3.141275141482414, -0.0017277706065093133, 3.1424666340543075, 3.1451282600226, 0.003216956977239242, 3.1897564570617125, 3.1645275772008996, 0.01850923016024237, 0.018503788628055875, -0.00609150005959638, -0.004681352664088528, -0.00019991989418822586, 3.5718174990052787, 4.7107774958616435, 1.5674935792829963, 4.70883326350565, 1.5703429386547936, 3.1403846904975876, 1.5696459504837035, 3.1387822158844316, -0.0076666365667136535, 4.7072632022066445, 4.709796282910583, 1.569225859088015, 1.5702385421795544, 4.7117525231955915, 3.1376398299958077, 1.565093914564127, 4.710941760882112, 1.5690641804258716, -9.552837332838456e-05, 4.706798206703481, 1.567133809156605, -0.0032673393238982808, 3.1405325129504003, 4.71077354644909, -0.003787382467120386]",0.0
130,1.1309567660631146,"[4.712441105285236, 1.5706569034875582, 0.0013191419725179967, 3.141507062781836, 0.00036367346951143994, 3.1420515567361487, 3.1430896195092473, 0.00023020678146208685, 3.148281358200003, 3.125567079967914, 0.0002925649216234631, 0.00048311702872394, 0.022010024128356204, -0.01334892618902192, 0.0006826950283925322, 3.57104317487984, 4.712002629694316, 1.5701930197827139, 4.711579595054786, 1.5706880047195446, 3.14135982988933, 1.5705803408990489, 3.140895670801648, -0.0015462879518125087, 4.711767040686448, 4.71246603468255, 1.570416729875011, 1.5706670667416838, 4.71231287711909, 3.141780554895424, 1.569680431282791, 4.7124141781916045, 1.5704352422845886, 0.0001600276899482516, 4.711572978554436, 1.5705271587009182, -0.0003559543549604052, 3.1418377984812387, 4.712204540807535, 6.324096202787293e-05]",0.0
131,1.1285763189406335,"[4.712079841703436, 1.5710727803099296, 9.088302245804622e-05, 3.141595789695903, 0.004005555572375937, 3.1458372821922294, 3.144967767185453, 0.0013393696042527151, 3.139882180463319, 3.1413086027545396, -0.0006823564651896776, -0.0003918575155176933, -0.0014589234923754852, -0.0012680499417466928, 0.00014066130329683127, 3.570793615257845, 4.712399441876577, 1.569734713315087, 4.712037587652397, 1.5707979437464898, 3.144116853447157, 1.5704412412091642, 3.141177699578011, -0.0012144027436887504, 4.7110806947639245, 4.711877569237799, 1.5707995104915635, 1.5707945806520998, 4.707764977891195, 3.140979161306165, 1.5603600103023667, 4.705831236253257, 1.570848748098906, 0.00016653337698297236, 4.713931455882277, 1.5720209264369278, 0.00014051556714644533, 3.141890786704537, 4.712423910620691, 0.000515605562397402]",0.0
132,1.1293299526910767,"[4.70938778624274, 1.571187827236219, 0.0015351428229254474, 3.141322852211676, 0.0108299688923465, 3.154250473377358, 3.1550615422591175, 0.0053725337900233944, 3.1350993013846415, 3.141911057570286, -0.0006675793179858442, -0.0013550341059689521, -0.0038382588180715348, -0.0029992592364251904, -0.0031949865187316183, 3.5716194044368983, 4.711123814107683, 1.5708674310156499, 4.710371085362673, 1.5704410541294107, 3.1492482114328455, 1.5707207109958816, 3.1394157121205906, -0.003090595654061648, 4.710139965924097, 4.713836302604309, 1.5695260981125654, 1.570399184701584, 4.718680887717248, 3.1398370624289154, 1.5808235000605926, 4.722191637447201, 1.5679905303275874, -0.0005572008906912069, 4.706027053905689, 1.5687974038841217, -0.002975888613979001, 3.142167644439805, 4.710162545402845, -0.0020722364333275885]",0.0
133,1.128788733516272,"[4.707655346356319, 1.5664124459741386, 0.004025585453598861, 3.1415968527921514, 2.4108382583108203e-05, 3.1417478874227007, 3.14165251819255, 0.00019906108839174748, 3.141682877572384, 3.1418461111942295, -4.143072738183018e-05, 0.0001455674190489084, -0.00016874798427345385, 0.00027578957025100784, -5.7640669518193074e-05, 3.5707937084417165, 4.712395853852426, 1.5705802816074343, 4.712313922012113, 1.5707983914863841, 3.1415209769703365, 1.5707259974701961, 3.1414560895242962, -0.00018490693693442185, 4.712306896744341, 4.712624769019972, 1.5708085271181471, 1.5708022757821665, 4.712182517600719, 3.155151649681908, 1.570193406394032, 4.712178193900677, 1.570576977253355, -0.00011036049674279742, 4.711488839191532, 1.5704953536769766, -0.0004548945494359295, 3.141499040190396, 4.712030936992583, -0.0005086819628071634]",0.0
134,1.128767162935696,"[4.72818495601018, 1.5881051101966626, -0.013980155530102692, 3.1414101230170557, -0.0009736411341196912, 3.141459677697931, 3.1432936074362976, 0.0009211328541170731, 3.1399893134989516, 3.1422477431727636, 0.0005715380692085418, -0.00021178420928006728, -0.00014009904590451188, 0.00028661175671120627, -0.0010921331116528345, 3.5713384189839457, 4.7115255864131464, 1.571244352074379, 4.71125433218552, 1.5705536314437083, 3.1420203410123912, 1.5708979307084572, 3.1410252287144105, -0.0016806353531426523, 4.712067096979611, 4.711571193332872, 1.5699750452443464, 1.5704862343990358, 4.713080796605311, 3.1557504772734, 1.5702771382918577, 4.712645204533346, 1.5702272173403464, -6.54970628391731e-05, 4.710658235569502, 1.568791063019047, -0.0012445021781271521, 3.1406954474365443, 4.71204434127089, -0.002014972215699723]",0.0
135,1.129373756856615,"[4.718615942016719, 1.5646177082085795, 0.00018001448044480968, 3.141527398349656, 0.00013503760964653585, 3.141820145344517, 3.1417119711638057, 0.00016313515764457588, 3.1366603982388788, 3.1398006476084515, 0.008260609119491632, 0.00842277578453004, -9.056664104902224e-05, 0.00023385542316324925, 0.00020685668372609432, 3.5707945014419065, 4.712393761242959, 1.5706067435764464, 4.712324051213465, 1.5707977429821927, 3.141530211633136, 1.5707347154953344, 3.1414849375710383, -0.00017569523803294897, 4.712268576180083, 4.712514309063161, 1.5707987661515617, 1.5708006521370832, 4.712340894021154, 3.14168451875451, 1.5706703552208772, 4.7124324076927975, 1.5707384254252144, 1.803695006505355e-05, 4.712242857811123, 1.5708848097712496, -2.2753149443007418e-05, 3.141716293671427, 4.712328165309868, 0.00012795334962887879]",0.0
136,1.1303188949484686,"[4.730796323099569, 1.5537183328667636, 0.0005071248392376472, 3.141264855148226, -0.00021755321860311756, 3.14218795614332, 3.1433933916612404, 0.0010815970622880347, 3.148048933135789, 3.145396270066414, -0.011534089607484314, -0.011960747400367244, -0.00015230730901402974, 0.0007970292936335325, -8.77993798427444e-05, 3.571212816863659, 4.711728894506845, 1.5708943566411373, 4.711423910507906, 1.5706109459945763, 3.141841058382186, 1.5707939590152964, 3.1409925389122546, -0.0015099716741505138, 4.712059613649854, 4.71205162489556, 1.570157537957825, 1.5705640279784971, 4.712997081259311, 3.141560236172192, 1.5706546556724266, 4.712971111172019, 1.5704100376825498, 0.00013449884515254358, 4.71157813315371, 1.5698806194563815, -0.0005250542111983863, 3.1414178717653845, 4.712323574517977, -0.0005561674872794492]",0.0
137,1.1308394218518492,"[4.7121973870036475, 1.5707672752592199, -0.0002050647412612183, 3.141593398208183, -0.00023112950375920764, 3.1413955389364405, 3.1414299166014614, -1.4238495927007092e-06, 3.141502969858588, 3.1416389315310114, 0.002054489732322101, -0.0020563564418299334, -0.00013554420642444354, -6.845386471487463e-06, -0.00046656150440214976, 3.570796263323293, 4.712392632031917, 1.5708130907656221, 4.703118584621826, 1.5707798758792255, 3.141633122153567, 1.561822794952717, 3.1417655705729475, 0.0008194089523428709, 4.713207573242225, 4.713045713662214, 1.5707982035898116, 1.57079971747593, 4.712455275892152, 3.1417669091820732, 1.5710159847666774, 4.712623493830915, 1.5708544742371606, 0.0001143081101562578, 4.712792563625306, 1.57117891722166, 0.006739596656465165, 3.146016947765666, 4.711869662443132, -0.0011167148466551043]",0.0
138,1.128647256170781,"[4.7119559963784505, 1.5715215974805201, -0.00020031237645346466, 3.141456983714308, -0.0008484390738352466, 3.141326116926615, 3.1430034914398353, 0.0006463591420621077, 3.1411688791473025, 3.1423119524481344, 0.005862753661473161, -0.006515955558687516, 0.00016730356620212525, 0.00036511455167938744, -0.0019293114140649665, 3.571204354192314, 4.711747599348659, 1.5704644887707255, 4.725299532117321, 1.5706433906491744, 3.141641386359453, 1.584241348544831, 3.1409233367264036, -0.0007557364235785185, 4.712478720859624, 4.7131952039032186, 1.570165645685253, 1.5705821658802874, 4.712740807349398, 3.1415910680974406, 1.569955872307377, 4.7130733973651555, 1.5701070408119444, 0.00016891145996803355, 4.710697670137455, 1.570124224647544, 0.018480737785090545, 3.154216655228553, 4.709947182062527, -0.005377345070395929]",0.0
139,1.1296912646030792,"[4.712018743819644, 1.570594366567491, -0.0003493575653222539, 3.1415933522288535, -0.00010643561985664203, 3.14149520949533, 3.141488219141157, -1.9062237298951974e-05, 3.141244624094821, 3.141522432526761, 5.1185348917590714e-05, -0.0001695113776131367, -0.00029704939910055276, -0.0002887009232730043, -0.0008080640156685258, 3.5707932005510097, 4.7123974591163424, 1.5712838228939399, 4.712313630235299, 1.5707988092487664, 3.1417293046352692, 1.570722016957873, 3.1403653699704335, -0.004219491379501623, 4.709595704056081, 4.710996287636118, 1.570800556142055, 1.5708044639600054, 4.712715340193185, 3.141839480918422, 1.571580910284885, 4.713109592651392, 1.5810054433216043, 0.010326497137077978, 4.713065565950155, 1.571521376495771, 0.00012114666556902194, 3.14190670751305, 4.712393080575817, 0.0004949324492474665]",0.0
140,1.1290532971426506,"[4.711815368933431, 1.5717696646646466, -5.3350539953726705e-05, 3.1413823124782616, -0.0007888494871446708, 3.141589467492916, 3.144141900842324, 0.0009538250154524443, 3.1409771955768813, 3.1425558549113357, -0.0006657548716015539, -0.0003000552894114746, 0.00041157271939484824, 0.00040309334848037513, -0.0026071420353329703, 3.5714261997077714, 4.711405185150049, 1.5703116555210086, 4.713657244588397, 1.5705267402279741, 3.1417344675805756, 1.5734765666415607, 3.146171023817291, 0.02016073903395816, 4.725382662275525, 4.721831960090051, 1.569825148229003, 1.570469117368501, 4.71199982955275, 3.139842780342559, 1.5664655004926336, 4.711617318056978, 1.5764555853592368, 0.007056261388962034, 4.704334474775159, 1.566579629095328, -0.005177261990923918, 3.1396135802893834, 4.709440023856916, -0.005901388856428157]",0.0
141,1.1292111948760541,"[4.712736882012135, 1.5708465108040495, 0.0003788895891869752, 3.1415912916258275, 0.005367015199958287, 3.1370557181956733, 3.145769215366088, -0.012397271108409616, 3.141664540749487, 3.1417574408386937, -5.154714571943064e-05, 7.724848497781732e-05, -7.008820713500329e-05, 0.00022690819640727757, 0.0008508669046899391, 3.570798689131909, 4.71238284024502, 1.5681402885758648, 4.712265451366112, 1.5707941238202001, 3.1416496545848775, 1.5706748166179823, 3.14153541676762, -0.0005078043945953282, 4.712071358623816, 4.711935896038665, 1.570793297124233, 1.570790809505112, 4.712457101548438, 3.1416120549348983, 1.570977783032862, 4.712346662686865, 1.570876938101858, -1.6473276295429786e-05, 4.712609168874249, 1.570703892648638, -0.0003529564693385073, 3.1411896073866306, 4.711125626285383, -0.0035896695336141812]",0.0
142,1.1303858631177786,"[4.711034671637191, 1.571974127774244, -0.0007727972892997185, 3.1413463399712898, 0.0009259359358301165, 3.137727907051143, 3.1462103245763524, -0.006274562246046185, 3.140730617554479, 3.143209270472259, -0.00019521400250330925, -0.0008057758589050366, -8.801526239674743e-05, 0.0008855965605398584, -0.0047959369499438395, 3.5715383793345423, 4.711235381133476, 1.5869643210372955, 4.713761820851336, 1.5704807037064399, 3.1413817871266865, 1.5738550054469416, 3.1408752316182, 0.0014882502785083253, 4.714307876865931, 4.715797233308412, 1.5696522345779256, 1.5704224595581648, 4.71272728920122, 3.1415844892292597, 1.568436850935566, 4.71363646722235, 1.5682050796771567, -0.0006995346913832876, 4.708273296156632, 1.5696883685528538, 0.00035138613275481704, 3.1438149610975454, 4.719884367152381, 0.021917163509939216]",0.0
143,1.1287695307271912,"[4.714035030423725, 1.5720075264362363, 0.0017091534834046903, 3.1415912811363986, 0.006862311900606472, 3.1483976645548517, 3.1323549021190975, -0.0030415581942587143, 3.1428465388988203, 3.1419924732084357, 0.00017616514422007083, 0.00013416507387303172, 0.0009639764913416868, 0.001237352478005042, 0.003930666327897914, 3.5708115595490173, 4.712349660710339, 1.5712597965149506, 4.712664031191153, 1.570784057209041, 3.1424970587413767, 1.5710642751807735, 3.142260996674246, 0.0006046109701148704, 4.713987058010484, 4.711715655883439, 1.5707768395049262, 1.5707599416739095, 4.712581066339448, 3.1420924651778623, 1.5718118359894229, 4.7120060153112355, 1.5718269729672565, 0.00039781371102395673, 4.710116519978247, 1.567899054063171, 0.0017663213476232843, 3.141574587941146, 4.7139417614341275, 0.001608334015699455]",0.0
144,1.1314947589336686,"[4.707352776724758, 1.5702449421056048, -0.005654975280475834, 3.1410972359638056, -0.0014865574728795954, 3.143415884246221, 3.1264493613260975, -0.0023611068618669263, 3.1355135587658163, 3.1424640060027893, -0.0016659829065047965, -0.0034153184214546725, -0.0023601670353904872, -0.003097193229585269, -0.015868262158236203, 3.5722801244948115, 4.710073765475818, 1.5732094742564569, 4.714018079067055, 1.5701603482704887, 3.1400184716788444, 1.575772848699968, 3.1392254870992358, -0.0013988293650103393, 4.710052056881777, 4.714621911305582, 1.5685087898251797, 1.5700383525918804, 4.714278031702332, 3.138962860346912, 1.5676447316557762, 4.715416667850791, 1.5642536347463725, -0.003051484191816004, 4.718457606892032, 1.5767721146855331, -0.0086029082110696, 3.139548354850563, 4.708127499437559, -0.006405586418254398]",0.0
145,1.130056117595618,"[4.71219708069911, 1.5711475188381878, -0.0003325754043756907, 3.1415360717494916, -0.0004891106852888468, 3.14150535442714, 3.1414615434199127, 0.0002646970338283578, 3.1411343007564647, 3.141860018414784, -0.010755103190930914, 0.010119511425680917, -0.00015266638515930533, 2.5623818407744325e-06, -0.0009635696440179229, 3.5709720374529157, 4.712109432664715, 1.5712962541882365, 4.712648502086577, 1.5707189770465413, 3.141746398933706, 1.571439904349066, 3.1415393987536304, -2.6380171361899826e-06, 4.712762310891958, 4.7124643755217255, 1.5705268247330948, 1.570696661803428, 4.712697263051173, 3.141451340809813, 1.5708629453819913, 4.712652081769902, 1.5704278132553986, -0.0001877757038948224, 4.712418309858221, 1.5705507628732815, 0.003878115225227592, 3.1440779513983057, 4.712050586776833, -0.0011704607292042427]",0.0
146,1.1270581120494494,"[4.711911025181615, 1.570380388962734, -0.0006024654441022679, 3.1415926551881306, -0.0005558244961979654, 3.141048690187699, 3.141164503361745, -0.000111261117968972, 3.1410016398792884, 3.1413733696730004, -0.00011981428471794448, -0.0001847588056611064, -0.00032589656632631993, -0.0004629425414253722, -0.0008673949145407978, 3.5707966485760347, 4.711838115498514, 1.5702983221569835, 4.712209899578397, 1.5707978377561713, 3.1414386695139793, 1.5706180189769758, 3.1478774440736017, -0.0023421405938341055, 4.711454256241166, 4.7120506671544495, 1.5707989815178025, 1.5708013636091593, 4.7122210548318035, 3.141244003787074, 1.5702187776553143, 4.712166805895513, 1.5706046202090467, -9.963639943318932e-05, 4.7095134236914475, 1.5692321460329755, -0.00014338458424695505, 3.141668034495338, 4.712251694567529, -7.768944269243769e-06]",0.0
147,1.1296116272464125,"[4.712836911123009, 1.5717538981318784, 0.0009799279349587448, 3.141526782835667, 0.0008663086368612437, 3.1428802527057114, 3.1432167485920295, 0.0007828721954703723, 3.1423059087294853, 3.1422678207187142, 0.00045743125785149943, -0.00020051161465385172, 0.000869142921920354, 0.0012840814326366807, 0.0015386421006318087, 3.571001802571283, 4.7108223133732565, 1.5724803609980882, 4.713058495308867, 1.5707110538686821, 3.142115950408902, 1.5719111719112617, 3.1564447826733133, -0.0024688847505718527, 4.714286729387903, 4.713931191805739, 1.5704890577432675, 1.5706927723850375, 4.713081593123226, 3.1421160440156415, 1.5717397200970395, 4.713595935007684, 1.570617804268639, 0.00023888978867626952, 4.718661788771863, 1.5748619137252722, -0.0006419756440457977, 3.1415562737833898, 4.71222639590558, 9.182449271381299e-07]",0.0
148,1.1285198944691381,"[4.712616683648413, 1.5714641386742336, 0.001888073723994516, 3.1415960143376265, -0.0012802272673967303, 3.1404361040329585, 3.140885546718532, -3.6344928536701077e-05, 3.140413555959416, 3.141306449376101, -0.00018402361923723962, -0.00032294145209307325, -0.0006713467684075543, -0.0005859287170167842, -0.0009392952829278393, 3.5707966757045906, 4.711839894490418, 1.5701676106033682, 4.712094975370484, 1.570797604124493, 3.141396555738224, 1.5705072007573593, 3.1466323038745823, -0.006933989793435959, 4.715918488867485, 4.714821213053589, 1.5707534860861376, 1.5708010322603414, 4.712064331521796, 3.1409011552148702, 1.5697984187564902, 4.711893769523965, 1.5705046935348421, -0.0002002519386512705, 4.708904944443944, 1.5688534047984821, -0.0005066878130790173, 3.1414335868661545, 4.712066150181359, -0.0004848025755620726]",0.0
149,1.1292880060323782,"[4.715162817953482, 1.5755009638286253, 0.010065037494115928, 3.1414892825795637, -0.003324991075093517, 3.1392807564007943, 3.1406447113308817, 0.0006273934089770826, 3.138233344221715, 3.141400518740443, -0.00038876938565982007, -0.0015964223062408542, -0.0012825743832251182, -0.0009145088980343978, -0.0011809771010220216, 3.571149837339958, 4.7112589610297855, 1.5700636785388988, 4.712270865294552, 1.5706415428200415, 3.1413498611936297, 1.5714588519926516, 3.148901744321023, 0.0011042790807411517, 4.705636221002755, 4.70812469230473, 1.5700699281417403, 1.5706005700193937, 4.712523956664619, 3.140320455820471, 1.5696303593049608, 4.7122298360626695, 1.5697793188299622, -0.0005609276671168265, 4.708308963523616, 1.567958048557055, -0.0012159293097808695, 3.1409784133767653, 4.712401867341722, -0.00023615479968866246]",0.0
150,1.1303057538536712,"[4.712252100966646, 1.570604179962758, -0.0004137287718676397, 3.141592135683518, -0.0004342982074202748, 3.141143741931634, 3.14092823514673, -0.00022290284553790478, 3.1411808905998266, 3.141429398704838, -0.00022686679938359737, -0.00012923396305263552, -0.00038373319769609006, -0.0005867865866712273, -0.0010008307925390655, 3.5707952493945254, 4.7118392272419, 1.5703008798469142, 4.712252210578852, 1.5707936490177181, 3.141443004522479, 1.570659381227837, 3.1479000110947726, -0.0022052077582668406, 4.709023219382811, 4.715977309184979, 1.570792421400249, 1.570910684886768, 4.706400098344871, 3.141322984879704, 1.5722395332659957, 4.7131260981170735, 1.570678434257889, -0.00023668092297524882, 4.709699902850428, 1.5688504184066885, 5.1401442838816416e-05, 3.1414089249450172, 4.7124908701116945, -0.0001838306337518726]",0.0
151,1.1273061060029073,"[4.71062130563696, 1.5698073978357616, -0.002123534651840276, 3.1415245574466013, -0.0010755223284545112, 3.1409998814663243, 3.1418832629578786, 0.00046407171538048264, 3.1401943076691348, 3.1414951892067764, 0.00010022266446413424, -0.0008724001612188776, -0.00012104077610563377, -0.00010664024507566172, -0.0013304511379875232, 3.5710112500086737, 4.711484604302924, 1.570753552237718, 4.712425843098898, 1.5707169281907674, 3.141584777965335, 1.5712941448906124, 3.1480737837695254, -0.0022294584470241145, 4.717965577299997, 4.700677988910728, 1.5705079136034619, 1.5703323714484458, 4.705048116117828, 3.1408764436187164, 1.571919975568716, 4.714506703810862, 1.5698549244052296, -3.8874723010632e-05, 4.708300317841472, 1.5695644644275195, -0.0013360951676992948, 3.141982418753797, 4.7115351210559275, 1.0618304158937854e-05]",0.0
152,1.1287503279381101,"[4.711743079119952, 1.5704363384463493, -0.0005956712953893086, 3.1339749758083406, -0.0005529707618173291, 3.141097947495658, 3.1412769660426205, -1.2233025931509845e-05, 3.1409718891416016, 3.141429314017733, -9.840657241523983e-05, -0.00015891472323951417, 0.0004961708056981195, 0.0009545748941374717, -0.0009605940269328086, 3.5707950964516155, 4.711842188780681, 1.5701467379020462, 4.712146672977016, 1.5707990249862998, 3.141389645377487, 1.57055649131556, 3.147773974099796, -0.0025360222927476904, 4.71124634593489, 4.712091815524591, 1.5708009394145073, 1.570805082189703, 4.712201108046826, 3.1411404382261163, 1.570047823560762, 4.712162546226243, 1.5705471246485174, -9.250414467926929e-05, 4.709293696916535, 1.5692483651254707, -0.00027019593688279984, 3.1417043394184123, 4.7121392335397525, -5.3990742788872276e-05]",0.0
153,1.1299005859003226,"[4.71058979394183, 1.5705060314449628, -0.0012810957247249366, 3.145752188693781, -0.0006159509748543366, 3.141667483257922, 3.1422457255789804, 0.0009394619947561096, 3.1405334057708996, 3.14204061962486, 3.75462972912527e-05, -0.00036082182707431213, 0.006786601808639204, 0.011695027165292363, -0.002163019360958529, 3.5709382472612545, 4.711615517033369, 1.569344962133728, 4.711911160701489, 1.5707404970502215, 3.141123395525766, 1.570669475931612, 3.1471799375344416, -0.0036536858816666696, 4.709728599852705, 4.711615184519134, 1.570589330978723, 1.5707321264784153, 4.71328764225466, 3.1402375077719005, 1.5683915875380081, 4.712135627459974, 1.569743080456606, -0.00022039369486521034, 4.707296965227555, 1.5689979187352343, -0.0016092923882021206, 3.14178519045935, 4.711301373452478, -0.0005352653342730847]",0.0
154,1.1307090124243722,"[4.711828256299351, 1.5703265861598392, -0.000646431801022668, 3.1415860840183343, -0.005092453739706526, 3.145501022459519, 3.142240769051101, -0.0033300656957110375, 3.140960063279656, 3.141360480035412, -9.227165835144253e-05, -0.00019767889879750256, -0.0003109338415984795, -0.0004316006361912179, -0.0008899985368810548, 3.570796627666658, 4.711837615759313, 1.5703008396707308, 4.712200419877971, 1.5707115252439199, 3.1414396604111605, 1.5706089375845231, 3.1478754902735018, -0.002373093941987374, 4.711479704968011, 4.712017435703433, 1.570800611081058, 1.570800317268684, 4.712240332233261, 3.14122637037546, 1.5701990235954904, 4.71216005882532, 1.5727398276172004, -0.002226743083859185, 4.709505451007947, 1.569235840102155, -0.0001604442798673867, 3.141663761263467, 4.71224811115638, -3.2598558497170356e-06]",0.0
155,1.1303249566427522,"[4.711356577554653, 1.5701381583958813, -0.0015357223060416109, 3.14216029345649, 0.0039846652695634975, 3.136417062991524, 3.1404285600479027, 0.0035944050743314643, 3.140608329081441, 3.1414800530545186, -3.62826562265385e-05, -0.0006760156380505372, -0.0006723281939673335, -0.001147266068643237, -0.0014364412747589162, 3.5709603581992284, 4.711562686167566, 1.5707624919198957, 4.712460269020384, 1.5703388166007313, 3.1415822761141508, 1.5712221197549903, 3.148128639838996, -0.0019987191192701653, 4.711750004911566, 4.711048525262727, 1.5705670333737778, 1.570688157384191, 4.713620668349568, 3.1411008311224027, 1.5698500845384782, 4.712144640458621, 1.579832348573461, -0.009840417680519763, 4.709256534438688, 1.5688466927450773, -0.0005438982855499313, 3.141423483667119, 4.712316050323383, -9.844752536707432e-05]",0.0
156,1.129384019977783,"[4.712356335140641, 1.5706890116619154, -0.0002140402310604538, 3.1416161117274486, -0.00019805866403746632, 3.141315564651804, 3.1411677329043766, -0.00013698309544885533, 3.141362978665106, 3.1414834866046424, -0.0001426755744190906, -7.959684089805544e-05, -0.00022676449274942458, -0.0003909527566935431, -0.004222390517213045, 3.5707733640410813, 4.711826362033894, 1.5645451443303477, 4.7123770266010325, 1.5707943730080964, 3.1416236533679656, 1.5707844285171475, 3.1481795170243614, -0.0017720661160344443, 4.712378012589016, 4.712130824230295, 1.5707933278905524, 1.570790689412225, 4.71233655493174, 3.141577529528242, 1.5709276783402288, 4.712317065228456, 1.5708412389601618, -5.0434864406487244e-05, 4.710520880584169, 1.569414613464687, 0.00047655176226783574, 3.1417246259826825, 4.713766767389636, 0.0031639741600543157]",0.0
157,1.1301563438084639,"[4.709068247157453, 1.5692526524689803, -0.0051828293218677155, 3.143227990704781, -0.0010973559357077174, 3.1373937538308962, 3.1398261711229356, 0.00206715444421476, 3.138443722015236, 3.1416057606678303, -0.000551032901330977, -0.0018284799022480261, -0.0026758870843948714, -0.0032948447213826957, 0.00904661148139934, 3.571357592058266, 4.711101360950388, 1.5677740475767514, 4.712696438825795, 1.5707371611036045, 3.1416516346549397, 1.5721282996630923, 3.1477811715457875, -0.0018832137275283413, 4.7109323827766945, 4.710954832135873, 1.5701323811704178, 1.5705342095062536, 4.7160813163789905, 3.140536280047248, 1.5684344875323681, 4.712748555267127, 1.5659917720455443, 0.002941682141006644, 4.707830633639985, 1.5691383269238048, -0.0017608768747774252, 3.141900237618485, 4.7121862611204905, 0.0016225587853744416]",0.0
158,1.1299024952829702,"[4.711899753229655, 1.5703729359129788, -0.0006082263748430897, 3.1415917400346394, -0.0005603558250019186, 3.141047232452829, 3.141173649106961, -0.00010810399780217786, 3.1409960909039603, 3.141371544784575, -0.00011585718217094719, -0.00018653759085484437, -0.00032355660726541847, -0.000458492897653263, -0.000870936258399645, 3.570796639331214, 4.711838042098625, 1.5703046658445596, 4.712208535332999, 1.5707979825872778, 3.1414387042208385, 1.5706166830483101, 3.1478771566014707, -0.002346682289395075, 4.711457324940811, 4.712045568822685, 1.570799208144094, 1.5708012138179586, 4.712223622601254, 3.1412414081072133, 1.5686883598268941, 4.714528553112312, 1.5706016054667897, -9.536898881209453e-05, 4.707362008600621, 1.572703455732916, 0.002291316226933107, 3.137866169812414, 4.715981665340911, -0.001471107661262793]",0.0
159,1.128961558618001,"[4.710368395211254, 1.5694262814117625, -0.0019049004465123206, 3.142090628752644, -0.00019240995428169993, 3.1404549549443455, 3.142484768210466, 0.0010669901607867104, 3.140213705246725, 3.1413006255771845, 0.00045021946386104313, -0.0008495194162977879, -0.00027559914365971424, -0.0006334334378035835, -0.0029031890403226116, 3.5709566845271232, 4.711538738090942, 1.5731173755891696, 4.712343319625509, 1.5707907444645899, 3.1415852191923754, 1.5711196243774688, 3.1481770176757204, -0.0024481990976364595, 4.712080318727248, 4.71023504921911, 1.5705804873957168, 1.5706626430384485, 4.713921711283453, 3.1408281339748974, 1.5731391258404874, 4.706289231840674, 1.5686290235027571, 0.0014390764933195673, 4.714135769057256, 1.560405421379686, 0.0023028996929481274, 3.1362281625139317, 4.716750109942278, -0.003171965140707424]",0.0
160,1.129960103650213,"[4.711948882312591, 1.570225618672393, -0.0007362528722595425, 3.14159156719405, -0.0017343489223539056, 3.139792750499621, 3.1401539863048167, -0.0005205415082614477, 3.1422977822321974, 3.139133064771447, 5.185373552239667e-05, -0.00010950306273847416, -0.0013975511738540895, 0.000728575110203933, -0.0011055749869343556, 3.570796636938839, 4.711846701030433, 1.57054740222116, 4.712293131971383, 1.5707979428279453, 3.1483197465051127, 1.570671621126904, 3.1479218500152917, -0.002175300913194386, 4.711486752170408, 4.712070849988894, 1.570799027315363, 1.570801436913415, 4.712261471201038, 3.141314649314518, 1.5702761370656293, 4.712203880813433, 1.570576014212328, -0.0001282077911616176, 4.709570635657578, 1.5692675773853895, -0.00017654144023225617, 3.14164677228846, 4.712222245843419, -8.300152370052248e-05]",0.0
161,1.1294404444492785,"[4.712077455678014, 1.570694641218453, -0.0006696083782993545, 3.1419665127286005, 0.00117925998770785, 3.1420124112776744, 3.141976147710335, 0.0006381826502735089, 3.1449533325998353, 3.130720955852996, -0.0003332453733823787, -0.00046366387176706696, -0.007540436157317073, 0.0031678654369753922, -0.0014707836943267526, 3.5708890916460883, 4.711665973162385, 1.571070182608332, 4.7123403182740065, 1.5707797561117283, 3.135146335713658, 1.5709837648014084, 3.1480353224088478, -0.002120598434041518, 4.711487195230551, 4.711483662064392, 1.5706521644946114, 1.5707363489737396, 4.712909513704742, 3.141190290202506, 1.5699555468578357, 4.712256424805355, 1.5697909333119704, 0.00039664394501578293, 4.709201171867, 1.5690921018206192, -0.0007939470337299371, 3.1423135479678357, 4.7114313246213, -9.222633710640645e-05]",0.0
162,1.1300916969734376,"[4.71209175691549, 1.570287036468797, -0.0007799757994867503, 3.1416082743372757, -0.0004694108601078107, 3.141006814877013, 3.1409916231363817, -0.0002695980388741051, 3.138632510366628, 3.140244692740319, -0.001030309128124398, -0.0010950236402072792, -2.5260805907743465e-05, -0.00023236319258070935, -0.0008560229397132717, 3.570797548095565, 4.71183570038194, 1.5704602689034977, 4.7173260062192135, 1.5707863380898053, 3.141478625107947, 1.5655728851687127, 3.1480099891052573, -0.0019603314804380705, 4.711709882061776, 4.712181173612532, 1.5707985084610794, 1.5708007987439703, 4.712253186900928, 3.141440058164824, 1.5704655290467315, 4.712295463124292, 1.5706901265601587, -9.371299700567173e-05, 4.709816498187582, 1.5693756394592788, 1.1124341828510129e-05, 3.1417350037295275, 4.71234931719952, 0.00017581199959249564]",0.0
163,1.128961558618001,"[4.71154400233036, 1.5711944985545145, -0.0002019425385410357, 3.142336809671975, 0.0006675894673180837, 3.1410151534860518, 3.1418364873636673, 0.0014694462454829065, 3.151154134498621, 3.147956109834405, 0.0037837618322399827, 0.003396298011217939, -0.0013501356236012498, -0.0032000909377759876, -0.002666070019289833, 3.570990792018838, 4.711489070430187, 1.5717201441236803, 4.715079618272472, 1.570758755084244, 3.1401832270565224, 1.5679494072070304, 3.14771830087954, -0.0032340566620776496, 4.710468151074474, 4.710282216106548, 1.5704808566774675, 1.5706621729458647, 4.713658831675496, 3.140393046516534, 1.5686647093956172, 4.711866207739013, 1.5683997265349916, 0.0009075672777333503, 4.707608942409101, 1.5683656790900344, -0.0022999218996325693, 3.1427465102125294, 4.7099804484418915, -0.0011290975160268522]",0.0
164,1.1288655446725961,"[4.711691965813408, 1.5707534092115423, -0.0005433571833371003, 3.141557927530023, -0.0012766731165804136, 3.1408608443925674, 3.1419120043390687, 0.0007026209697213098, 3.1411480896671464, 3.141614264574853, -1.4678283356231732e-05, -0.0006086624781045365, -0.0001350459035794406, -0.00027439150984340417, -0.001264056700677699, 3.5710677822689996, 4.7116513304962995, 1.5701768463985464, 4.712455146643576, 1.5705270644913536, 3.141345757488725, 1.5711094172171447, 3.1481520844168553, 0.0029911264313872057, 4.714755281081485, 4.714378165957516, 1.5705252831994714, 1.5705303453769932, 4.712193474636899, 3.1404410434016246, 1.5694774256931372, 4.7121560491873495, 1.5719310499320216, 0.00149006848579122, 4.708108642463131, 1.5684594848626956, -0.0016916123004768594, 3.1411071056336213, 4.711741700671887, -0.0014414641691279913]",0.0
165,1.128155041476599,"[4.713653546301935, 1.5680133039590909, -0.001101268798098032, 3.1424464016130593, 0.004535357001144967, 3.1418148111857893, 3.140090484443914, -0.002762535212146276, 3.1369856041094675, 3.141523113927526, -0.0012899883891394175, 0.0010973131314376517, 0.0006751524697469487, -0.003498977070549601, -0.004565867609583033, 3.569314041831009, 4.7126541037033105, 1.5728926788950228, 4.708798622912615, 1.5724752392341361, 3.141059094327923, 1.5723498785369974, 3.153759567649059, -0.0037219381725301154, 4.711057295922484, 4.710760025759799, 1.5721421226209003, 1.572355525424639, 4.713289293062539, 3.1445729616301916, 1.5676615963101217, 4.709898077173125, 1.5706954016157129, 0.003842384087619849, 4.705226462340085, 1.5684208002614455, 0.0017700814846397183, 3.144710273005631, 4.7083254468246425, -0.00046746206082677323]",0.0
166,1.1302165655979928,"[4.710839665352527, 1.5702797312468864, -0.0017437862836090343, 3.1416998205209787, -0.0008720577861535907, 3.1410429510956512, 3.1376445590749635, -0.0003497388296663766, 3.1396585581165755, 3.1417030134466675, -0.00010181558987677159, -0.001563466227434393, -0.0005136621131902368, -0.00141187853490875, -0.004375175601724639, 3.5712048187780887, 4.711512169154888, 1.5713460520594453, 4.711886141734455, 1.5704283874077474, 3.140659947530076, 1.5717676226662136, 3.1462595399725606, -0.0022658461589282063, 4.710948632931287, 4.712118359883251, 1.570358334139152, 1.5704094353024638, 4.713044396293653, 3.140283399207939, 1.56989358121952, 4.712941624643259, 1.568781382784722, -0.000632979588669488, 4.711667299051954, 1.5710390111923516, -0.0024667852211985013, 3.141542408742015, 4.711196592536241, -0.001365838654683303]",0.0
167,1.128039824742113,"[4.711834234979437, 1.5704867932556221, -0.0006198894415192638, 3.141592787925431, -0.0006809768996326297, 3.1409420154761984, 3.141224945693579, -6.904655071108164e-05, 3.1410579766496096, 3.141427852383115, -8.987137826269274e-05, -0.000304228553309542, -0.00033734510483311866, -0.0004133941896058862, -0.0009065043502496981, 3.570871431293018, 4.711785137698317, 1.5705216983551922, 4.712285885846842, 1.5746451153073524, 3.141396155320793, 1.5706899585973308, 3.1476397931037643, -0.0021764179251209225, 4.711530787404404, 4.712119303404372, 1.5707240067204495, 1.5707267393546578, 4.712257069640147, 3.14110507511225, 1.570259411978319, 4.7122790991462935, 1.5705763460957312, -0.0002731257016204681, 4.709624398312295, 1.5692684583162895, -0.00030022033404527914, 3.141640300172084, 4.712408778708098, 0.00026724209835226925]",0.0
168,1.1288079363053534,"[4.711613565284275, 1.570722011483019, -0.0006470584261606833, 3.141656670495025, -0.00047216072771717895, 3.139743346153192, 3.1425683372465336, -0.0013320341025365333, 3.1409178790353773, 3.1418424174008206, 4.721349189216129e-05, -0.0006398795408593287, -0.0001791509498085446, -0.00030561669165677643, -0.0017519860133051362, 3.5710232485898845, 4.711659464040879, 1.5743869563534774, 4.712214447828243, 1.5697345290313236, 3.141156873505413, 1.5713233889312102, 3.1471365099465927, -0.0017080953918526907, 4.71196579467363, 4.712621450602186, 1.5705565837976814, 1.570584098375055, 4.712469439057191, 3.141019833520813, 1.569886768529307, 4.712502777483883, 1.569841153673358, -0.0001795597813215258, 4.70892540145893, 1.569140142424577, -0.00022811321734000743, 3.1423588549475983, 4.714082767122115, 0.005386029909647317]",0.0
169,1.129057572563406,"[4.711703903457158, 1.5704012798666027, -0.00048244826874223323, 3.14157290718648, 0.0002456810882772541, 3.1419746490304243, 3.1421436774730434, 0.0002673753374588464, 3.140553749575677, 3.1413346157861572, -0.0001693396774586407, -0.00027136143681636966, -0.0005225571285428451, -0.0007307621039249709, -0.0011142681721584098, 3.574009364097475, 4.711850223996079, 1.5702951244646848, 4.712056235932651, 1.5707719371350406, 3.141995655846686, 1.570605594293741, 3.1477449691753443, -0.002585071690120222, 4.711283836965469, 4.712149504256421, 1.5708076537037403, 1.5708126445952697, 4.712650143987564, 3.1411295132095964, 1.570931580102324, 4.7127656483024465, 1.570411175354312, -0.00012978452705118815, 4.709021775273619, 1.5691380703869644, -0.00033165849121981317, 3.141699514381922, 4.71206611882069, -0.0001479222040766195]",0.0
170,1.130209739908266,"[4.711204948193021, 1.570825412683921, -0.0003129664231849206, 3.1415927286547016, 0.0013173355295071497, 3.1434439417782496, 3.1440097952558714, 0.0014480173539276144, 3.1399288104931027, 3.141438314540286, -0.00024099379265441514, -0.0008000656626938572, -0.0009130791383602706, -0.0011282198403189045, -0.0013276849100443669, 3.566369715128415, 4.7116883281732385, 1.5704298370533374, 4.71200532966954, 1.5706858663820606, 3.1428439192258097, 1.570896506463097, 3.146834448542951, -0.0025858381751089742, 4.711119709528142, 4.712287857729177, 1.57057738794087, 1.5705956125516096, 4.713595193336078, 3.1405031713185503, 1.5724601120760882, 4.714197797155609, 1.5697062017314913, -0.00048405525729750345, 4.708599341443331, 1.569027044646315, -0.0012090868515613768, 3.141642137291512, 4.71190653213429, -0.0003385142874805682]",0.0
171,1.128788733516272,"[4.711900893992155, 1.5703584467574088, -0.0006357296678694077, 3.141592485331256, -0.0005433015820912745, 3.1410559336422845, 3.1411681410061942, -0.00011791852029428361, 3.1410023145126913, 3.141371403861346, -0.00011914682188421814, -0.0001775941430808097, -0.0003212034794041, -0.00046255096977557033, -0.0008688021791786773, 3.570796930265997, 4.714472761403158, 1.5702982395061111, 4.712206259707515, 1.570797704485522, 3.1414378890235533, 1.5706150713993743, 3.1481011177129603, -0.002403669783826412, 4.7114537801957805, 4.712048859669937, 1.567924765216454, 1.5708054543886485, 4.712219406222342, 3.14125515452818, 1.5702163964793225, 4.712160425921405, 1.570610607713383, -9.381803890069873e-05, 4.709507913624865, 1.5692303464716983, -0.00013248677111749794, 3.1416708779192084, 4.712248636113318, -8.944370841206521e-06]",0.0
172,1.1289999641961632,"[4.711969732491127, 1.5707783857369422, -0.0005669989315626188, 3.141694469965108, -0.0009197705278830918, 3.1407087027379714, 3.141172379879548, 0.00035221598725351073, 3.141215040542669, 3.1415665283968086, -0.00014284608783980202, -0.0004871886680351738, -0.0002876524271303282, -0.00039326444509344067, -0.0005962679113135901, 3.570699971422874, 4.717377760753287, 1.5704164572845105, 4.712391072066199, 1.570716454338505, 3.141166078556187, 1.5709933961924547, 3.1478558879120047, -0.0020997384978656978, 4.711563842998157, 4.711846887262589, 1.5761230698750344, 1.5706009087180597, 4.7123526696181175, 3.140953265576057, 1.5703283243417265, 4.7123546423766385, 1.5702701636250909, -0.00031705911571329026, 4.709961330584607, 1.569231146441734, -0.0005429228980246088, 3.141648268907688, 4.712350750420928, 2.1849879083843094e-05]",0.0
173,1.1299793064392942,"[4.7118475866787675, 1.5704883401409038, -0.0006152250555116345, 3.1415951267523505, -0.0006797434154597831, 3.141006035790298, 3.1411857947927126, 1.5447102329762586e-05, 3.141060381074161, 3.141414990484227, -0.00010068342934175271, -0.00029788584215697465, -0.0003454550577753332, -0.0004246839674284393, -0.0008570713021100958, 3.5707919353065587, 4.711866055574991, 1.5703432833111486, 4.712288590665622, 1.5708000025856677, 3.1414086356370587, 1.570684050260099, 3.1476594780056497, -0.0021983969050301307, 4.711561615546823, 4.711996067380934, 1.57080597023219, 1.5746713373837185, 4.712254941559916, 3.141102563138638, 1.5703342704301064, 4.712222563529685, 1.5705124251380351, -0.00019927130546837834, 4.709631119266853, 1.569311340229234, -0.00031568752019650625, 3.1416116127170506, 4.712324549312728, 2.25543344441739e-05]",0.0
174,1.130469396314734,"[4.711942268161361, 1.570639504935631, -0.0006206429818215361, 3.1416669393594128, -0.0008021513700200782, 3.140810544953338, 3.1411745381806737, 0.00021574548277771696, 3.1411571988471, 3.1415110522865626, -0.00013633439372606477, -0.0003935007621260081, -0.00029104669344729746, -0.000412461895284391, -0.000670964445240053, 3.570726341020455, 4.711714015250544, 1.5703834740255367, 4.7123355110814265, 1.570737982927997, 3.1412484136191505, 1.5708871749304905, 3.147552810268836, -0.002087475370096156, 4.71152877923177, 4.7119038587319455, 1.570852093083288, 1.5703990210716763, 4.712314573308631, 3.141049963299916, 1.5738169856894564, 4.706841571382956, 1.5703702493880893, -0.0002482929213394835, 4.707475185149624, 1.5730304618140403, -0.00041658747180288967, 3.1416589600846896, 4.712318097374224, 1.1495088076446296e-05]",0.0
175,1.130344159431833,"[4.712366328313567, 1.5699096637411036, -0.0005738534007491083, 3.1416011661541776, -0.00033030460425814944, 3.1411277135859357, 3.140989979903657, -0.00031293633819272706, 3.1411291002978117, 3.1413597822435984, -0.0011587160521777653, 0.0004994171540730656, -0.00037568248350019985, -0.0005006463914313022, -0.0006378602523348664, 3.570758531578645, 4.711875719632359, 1.5702987969469335, 4.710637787864841, 1.570811392228686, 3.1414639289516857, 1.5690061135669233, 3.1481852835884188, -0.0024349035447209424, 4.7113727825626235, 4.711901593322106, 1.570858263412489, 1.5708209169567267, 4.712157061413017, 3.1413519149784026, 1.5702291060033402, 4.712040350274723, 1.5707830189498653, -1.2866160428159955e-05, 4.709574211916467, 1.5692096553739874, -0.0023578349622191646, 3.1401088765770058, 4.71249836536558, 0.0006244916490633756]",0.0
176,1.129768075759403,"[4.7163285885626545, 1.566376578141856, -0.000390422739252943, 3.1415917911802036, -0.0009504208292975061, 3.140925168015431, 3.1417176396137365, 0.0006218663727960382, 3.1426960731373645, 3.142406268306605, -0.0024848660247357617, -0.0035877847103411107, -0.0002384902019733606, -0.00023974506133907743, -0.0007499471251279817, 3.570834487860561, 4.7115173421385, 1.570403370193657, 4.7127717035721, 1.5706780658778463, 3.1412838295854093, 1.5715979015037136, 3.1472295895854043, -0.002402134112428957, 4.711481781953231, 4.711860567952423, 1.5706779277705083, 1.5704784549617137, 4.712471859745902, 3.1409997806902004, 1.5701935993673837, 4.71246309383371, 1.5701674365609424, -0.0002677007870215672, 4.709648116290712, 1.5690232421674715, 0.0003721975401308427, 3.1422548906492382, 4.712168838355906, -0.00036736491813620407]",0.0
177,1.129633656235836,"[4.711878903506379, 1.570461093347369, -0.0006081355945660261, 3.1415939541374174, -0.000692060758063256, 3.141005182171694, 3.141202344629039, 3.283630664092593e-05, 3.1411094665641106, 3.141351216380261, -0.00010549872323072737, -0.00034518806560916314, -0.0002417758222292539, -0.00048262832633501964, -0.0008574344321790102, 3.5707944426331433, 4.711864119090181, 1.57034400082199, 4.712317886863765, 1.5707989631294885, 3.1414054413836325, 1.5707182139905365, 3.14763202979543, -0.0021965776247581774, 4.711510546098208, 4.7120861033213215, 1.5708020859240812, 1.57080261442502, 4.712267117746871, 3.14109064591151, 1.5703325620225073, 4.712236850951159, 1.5704992931925879, -0.00020752011455853382, 4.709636133382724, 1.5693100447046984, 0.0011234312096839063, 3.1394320987375326, 4.709576029692219, 0.0010880170287350382]",0.0
178,1.1298780958440138,"[4.711855447778557, 1.5707930734130386, -0.0002996937783961289, 3.141680841126403, -0.0007083962313581657, 3.140844747315164, 3.141524434802412, 0.00029399960105908963, 3.1427535751774958, 3.1375485139426456, 8.666996370431641e-05, -0.00021213166201312266, 0.005182895984273649, -0.003727460803956156, -0.0004390260267237118, 3.570758671000093, 4.711528522752445, 1.5702238689130774, 4.712251428949264, 1.5706800946200263, 3.1411288177341343, 1.5710293273867333, 3.147451953863605, -0.002490184242359347, 4.711362681058047, 4.711826421725134, 1.5707759892951163, 1.570432716515608, 4.712295389011746, 3.141154720344249, 1.5699318232927506, 4.712292013527205, 1.5702610901751985, -0.00017512130847200253, 4.70964303880307, 1.569085386345075, -0.00040418430501809735, 3.1421711559693914, 4.712516787466054, -0.00017342792596170646]",0.0
179,1.130056117595618,"[4.709990350512098, 1.56815302542138, 0.0011342170893681443, 3.1416139527256366, -0.0003130798414628869, 3.141091506610979, 3.1409024533433785, -0.0003776593645378418, 3.1411163681499468, 3.1412728107582417, -0.00018756865670658743, -9.04209533042602e-06, -0.00033124620387154946, -0.0005096344750639938, -0.000742509247220504, 3.570731650575622, 4.711918959801196, 1.5702000324213237, 4.712176873870685, 1.570826680700861, 3.1414087824180514, 1.5704416723182042, 3.148197803317582, -0.0022708996239610675, 4.71144758629865, 4.712122963474112, 1.5708976533132222, 1.5708385994733818, 4.712107494615417, 3.1395588838797006, 1.5702118938113232, 4.712092674099406, 1.5707825452315147, 1.8519262769340266e-05, 4.709605824280975, 1.5694034695128882, 0.00018019494331553062, 3.141888984658203, 4.712276421943968, 0.00019481942758378844]",0.0
180,1.1296720618139982,"[4.712020539441747, 1.5716582929240168, -0.0010893100637207912, 3.141799962556376, -0.0012358101884553789, 3.1403109993227276, 3.1411026240160993, 0.0006511774953654108, 3.1410699327700926, 3.14188845398257, 0.0012023837468363176, -0.001614395529937197, -0.0005358883650201168, -0.0002145244177497977, -0.0006382851141098719, 3.5706149310603363, 4.71143020176825, 1.5704922394740912, 4.707980374763504, 1.5706120070855116, 3.140973560657989, 1.566982574349935, 3.147345368387095, -0.001414556505020793, 4.712022135459251, 4.711919885512987, 1.5709237550524118, 1.5701544006808321, 4.712471362547187, 3.141324177949467, 1.5703670263359193, 4.7125526164306875, 1.5700829547864033, -0.0003233259054026515, 4.710391894416772, 1.5692747054057474, 0.0030882731129548415, 3.1443862868507666, 4.712181160001602, -0.0007916935862364916]",0.0
181,1.1293432439500886,"[4.713602319495458, 1.570729216314497, -0.001498844772022658, 3.1415842487231807, -0.0003650205124763545, 3.1410932186228564, 3.141114669391695, -0.00033390430070603233, 3.1404267249135778, 3.141127139763859, 0.0005783863209943175, 0.0007718427336220676, -0.00032853343296339663, -0.0005266995644423268, -0.0008370945574542024, 3.5707996238809803, 4.711803454678508, 1.5702699346243443, 4.71221029713266, 1.5707964044218985, 3.1414911713607196, 1.570622878765265, 3.1482178945042647, -0.0025170296219223986, 4.711376704118094, 4.711952278041568, 1.570792753248032, 1.5707989023279751, 4.712203258560314, 3.1381939381666197, 1.570197248489535, 4.712125894249166, 1.5707886566724722, 6.84087694326966e-05, 4.7095493956561185, 1.5692078147039445, 2.426675143489963e-05, 3.141742304933876, 4.7123181152165685, 8.965752785805418e-05]",0.0
182,1.1287695307271912,"[4.713819358224625, 1.5673075507103629, 0.0001777311478021106, 3.141659698772762, -0.0013532782799578972, 3.14070759440113, 3.141396409912464, 0.0009922483411396931, 3.1390531225606377, 3.1408637870006157, 0.004190887162835357, 0.002983053802787884, -0.00035610268200931205, -0.00010702707165025403, -0.0005637011573165149, 3.570704181553362, 4.711775445569231, 1.570446618781548, 4.712409987009022, 1.5707245059984574, 3.1410352314705263, 1.5709963376770044, 3.1464482122106574, -0.0015545020876539949, 4.7117358916084005, 4.712145602571041, 1.5708726909259736, 1.5705224078703706, 4.712453412227636, 3.143945828573609, 1.5705490285967787, 4.712575606388046, 1.5698185878843665, -0.0007147775686551614, 4.710086412197515, 1.5694916712478073, -0.0005481337603289905, 3.1417828138431125, 4.712267229054412, -4.0710139351540725e-05]",0.0
183,1.129268803243297,"[4.712041261684926, 1.570418397258304, -0.00046764434142507476, 3.1415927228179403, 0.00047742716021285806, 3.1400763580234603, 3.142084668088367, -0.0025958567297085285, 3.1410930454240247, 3.141420734483756, -4.265226781499846e-05, -0.0002185334321721258, -0.000281164580429213, -0.0003601165242558728, -0.0005750753961693778, 3.5707960464679696, 4.711855609661998, 1.569707541106463, 4.712200145255826, 1.570797695460099, 3.1414063706545186, 1.5706054690692948, 3.147844087664646, -0.0017494951648825549, 4.711822167953265, 4.712182145340789, 1.5707999842198905, 1.5708000166569402, 4.712225496037811, 3.1412249905733134, 1.5702341085810987, 4.712113603795924, 1.569130916355376, -0.0016102862004817456, 4.709555980052476, 1.5691727242598392, -0.0002745298651048296, 3.141516048829369, 4.711990416201176, -0.0008119437077992003]",0.0
184,1.1301481187868956,"[4.711762334635558, 1.5708812445566385, -0.0006009097990600406, 3.1417508649495383, -5.3601563222579487e-05, 3.138942220964409, 3.142582814218575, -0.002610989329690188, 3.1410890474288298, 3.1417710269269583, 0.000766714968411609, -0.0008969687904858555, -0.0004849792726749613, -0.0002277901385337894, -0.0006158940492848753, 3.570647302724322, 4.7116627527509936, 1.5700488088004292, 4.712523287057725, 1.570670968616317, 3.140990490570721, 1.5712392548306773, 3.1456321863338546, -0.0033467693681286, 4.710477115691901, 4.711151047257589, 1.5709116375775647, 1.570325608454838, 4.712760590483493, 3.142074429497815, 1.5711704614958255, 4.7130210115618505, 1.5744395595588907, 0.003963515377599702, 4.710918329122144, 1.5697969731925352, -0.0006002130566616776, 3.141899423247761, 4.712021925714479, -0.0009430649349833239]",0.0
185,1.1281330124871753,"[4.712335643015701, 1.5706316416784263, -0.00014674324315297672, 3.141598670191142, 0.0009459936802129882, 3.142486598781145, 3.1391381802320066, -0.0008205557367941653, 3.141411033916873, 3.141454136064782, 0.0011559550322518032, -0.0012731443303289547, -4.1128429625096055e-05, -0.0001292697140558012, 0.00016190275065738088, 3.570780168587258, 4.711906237851395, 1.5704065061813233, 4.71226265067352, 1.5708037407491457, 3.1415752552524188, 1.5706259357520604, 3.147519986782557, -0.001991538424061102, 4.711864046124967, 4.711935133762637, 1.5708248607862132, 1.5708043370210243, 4.712342248473238, 3.141410348132007, 1.5707057971996867, 4.712214895685361, 1.5708842953089028, 1.2380629700549787e-05, 4.70922059202094, 1.5687337860040587, -0.00018898917941617062, 3.1413711596490064, 4.7126370867742065, 0.0004623948512402133]",0.0
186,1.1312822698964595,"[4.712108068371914, 1.5715615156853402, -0.000291080223144209, 3.14176053725616, -8.732719518841545e-06, 3.141675238005168, 3.1392239879112456, 7.375377345560392e-05, 3.1413131770841174, 3.14207398630922, -0.004325505130906194, 0.004028573781206318, -0.00021206826307383883, 0.00018778489493581125, 8.11191392399652e-05, 3.5707032511654657, 4.711453313785468, 1.5709331427526134, 4.712863786529664, 1.5705986049129712, 3.141136948702479, 1.5718408895857139, 3.14603446853699, -0.001326332455300621, 4.712242468461232, 4.711595308029089, 1.570799085545551, 1.5701506732404837, 4.712850433399101, 3.142189770188381, 1.5711105868631565, 4.712833950529033, 1.5704974078393141, -1.9941838938793412e-05, 4.710217998914887, 1.5687082072508014, 0.0017204768463702316, 3.143164067843234, 4.712595125843623, -0.0004280514091383621]",0.0
187,1.1287503279381101,"[4.711989871689515, 1.5706110282679933, -0.00031099702189883374, 3.141611073469477, 0.0009229190455478091, 3.1415859357500304, 3.1418930128399065, 0.0005947302389710193, 3.1407283525228644, 3.1413726263458153, -0.00024243982796677077, -0.00025220771291416895, -0.0005365827880727788, -0.0005630530080306004, -0.0006412916957391846, 3.5708042752110973, 4.711941865998499, 1.57018676861615, 4.712180354341385, 1.5708040851131677, 3.1420266105576062, 1.5706058155992828, 3.146487400844385, -0.0020746824006954525, 4.7113705362166955, 4.711916483753071, 1.5707841237668385, 1.5707930929311624, 4.711190070354192, 3.1411743298394232, 1.568080607633453, 4.710815889336206, 1.570396446560449, 0.00019454783898548915, 4.710512230830284, 1.5698678493639175, -0.00011443964059042828, 3.1417094180463114, 4.712280482996193, 9.82001383592706e-05]",0.0
188,1.1300327492301578,"[4.7110678855294434, 1.5709793259347444, -0.0019126676525346744, 3.14181298484826, -0.004587949999568646, 3.1447207058401396, 3.1419869755294165, -0.0017980242310898942, 3.1408024902761467, 3.1419541882852933, 0.0005163476401842593, -0.0007668344028781309, -0.0012646485353907584, -0.0009952397883690412, -0.00036337985560227647, 3.5704086149475383, 4.711031316893068, 1.5701094867871377, 4.71281001400931, 1.5704474693532149, 3.1409682541071597, 1.571819839703049, 3.149110425210039, -0.0031926935022210893, 4.710944178819989, 4.71168609215374, 1.5711469702482777, 1.569742130041868, 4.712157349738141, 3.1425800938084087, 1.5681002256957355, 4.711124793746109, 1.5722735161866075, -0.0018263593945476943, 4.709155196094075, 1.5681419812984025, -0.000254001132532178, 3.1426242148257773, 4.712620781771147, -0.0001585430428117012]",0.0
189,1.1270871489722256,"[4.711914293292148, 1.5706066520840156, -0.000686748430840761, 3.1416374496892163, -6.089598008208487e-05, 3.1410050889297128, 3.1412147525589873, 0.00031066323508012375, 3.142043923465043, 3.1388449375536354, -5.1696366601425785e-05, -0.00030127478043877256, -0.002146757776794186, 0.0004897853944915934, -0.001184399516417928, 3.570743389329044, 4.7116667529920635, 1.5704427669896361, 4.712337387744993, 1.5707556930128583, 3.1399541725975797, 1.5708793925778495, 3.148268465684238, -0.0024757391374132724, 4.711386461498085, 4.7119656437562085, 1.5708330829906652, 1.570619149105374, 4.712277780759787, 3.1414766578773134, 1.5700283547703657, 4.712244144531469, 1.5703138929840887, 0.000124251300939794, 4.709271420658858, 1.5691046188773614, -0.0002472231928390648, 3.141910506665968, 4.712186350240926, -9.038737668595006e-05]",0.0
190,1.130785823580696,"[4.71240481817508, 1.5710233198587105, 0.000842321103367462, 3.1415957442692535, -0.0008780812667154917, 3.1410071674356637, 3.141174206065815, -0.00012372534649201635, 3.140780357693796, 3.1413647556774897, -0.00012773970146695584, -0.0002833555581370861, -0.0003624567195366371, -0.0004330107947453248, -0.0012464476476251591, 3.5708149532702254, 4.711797931510355, 1.5704881570701934, 4.712196985574139, 1.5707834600982662, 3.1414205876593186, 1.5706534998859243, 3.1480246449618012, -0.0020242074240978914, 4.710941554854664, 4.711554016107971, 1.5707416476997123, 1.5707854052701935, 4.71219887907506, 3.1411636004636825, 1.570183452739145, 4.712136729914598, 1.5706680959224666, -0.0002463451053196001, 4.70946725125854, 1.5691214214236295, -0.0002176338369851458, 3.1415820251149777, 4.712239577766858, -0.0001549206059866116]",0.0
191,1.129249600454216,"[4.711261242208313, 1.570642208589074, -0.00143576422166122, 3.1416654094921297, -0.00043006173901378954, 3.139545033342237, 3.140616237764326, 0.0010708234118285396, 3.140343145848178, 3.1419458684468182, 2.8342407014310853e-05, -0.0007283112975449691, -0.0006154418247027074, -0.0007725408602336015, 0.000887211206544495, 3.5707932807070852, 4.711350435919878, 1.5693463321466448, 4.712537749275518, 1.5706860560466451, 3.1413618315137497, 1.5713931840161777, 3.1487130733887496, -0.002735755699720302, 4.711146626811832, 4.712133439317373, 1.5707463308927752, 1.5703899364065808, 4.7124198094425696, 3.1415414706070734, 1.569818448239084, 4.712347471459607, 1.5695446991337443, 0.0005484306741233383, 4.709050620471403, 1.5687572500524163, -0.0005518451732572812, 3.141961133480195, 4.712459449278822, 0.0003909164163920553]",0.0
192,1.1317843686129083,"[4.712101181143094, 1.570365041557742, -0.0004658796659656777, 3.141592527163257, -0.000359371318766236, 3.141061922496203, 3.141040668054652, -0.00025630450614105415, 3.14098313818071, 3.1413374718086904, -0.00018256779838807046, -7.079494838849862e-05, -0.0003238514002983035, -0.0005764667751475003, -0.0009455907788752402, 3.5707293910781734, 4.711907520791472, 1.5702742774038343, 4.7121287620212025, 1.5708534683590973, 3.1414594029919165, 1.5705406182156663, 3.1479955803708912, -0.0023198151139732187, 4.710663093263159, 4.713297302696823, 1.570872567905656, 1.570898839615623, 4.713260444389736, 3.141379093046131, 1.569881204272278, 4.711811504163849, 1.570707999081356, 1.0228899891595198e-05, 4.709488518475791, 1.5691811557271587, 7.108978273780435e-05, 3.141694167834093, 4.712259461601501, -1.2093004868741282e-05]",0.0
193,1.128846341883515,"[4.712071399183584, 1.5697936309521687, -0.0012683618015619982, 3.141622786131587, 0.0006474647150703538, 3.141085280192179, 3.140920590750131, -0.00045823738001763445, 3.1403189314996305, 3.1414882345352955, -0.00021584384746602765, 5.0577372937619074e-05, 6.892751268634047e-05, -0.0007976593729477636, -0.0022950981623924586, 3.570401851893941, 4.711888540170466, 1.5709270027559867, 4.71192082366048, 1.5710975098458253, 3.141680534574601, 1.5708351515748336, 3.149465074268702, -0.0028252174082226303, 4.712286596429666, 4.71127792565727, 1.571173284820868, 1.5709233010726664, 4.711316038873306, 3.142211333808995, 1.5698452832448615, 4.712021389726566, 1.5707607084079784, 0.0007513062636723697, 4.708428295330071, 1.5690998704298142, 0.0003601851448324307, 3.1422692937883183, 4.711644174650032, -0.0003088156669185563]",0.0
194,1.1293648171887023,"[4.7120365272585305, 1.5705311456176023, -0.0003926909329497188, 3.1415995181134266, -0.000695315155403742, 3.1415405880687133, 3.141431471069367, -0.0002545788760368068, 3.141165111223293, 3.1414600123548184, -6.291891376683831e-05, -0.00015500634139839096, -0.0001789894426966362, -0.00023937218727193267, -0.0005756357896302143, 3.570807763999097, 4.711748925820118, 1.5704993149330022, 4.712283472144353, 1.5708182138990199, 3.1415010581565648, 1.570715672814473, 3.1487689607179385, -0.002352639884172082, 4.7117391319637445, 4.712248116915566, 1.570781568014561, 1.5707958223698646, 4.712295108862524, 3.1413462091498277, 1.5703802502454152, 4.712308085003156, 1.570013454485703, 0.0005634203972258266, 4.71049341986289, 1.5698552939185146, -0.00017000379287957266, 3.141676302281519, 4.7122434694387225, 3.981675248277352e-06]",0.0
195,1.1291535865088111,"[4.711705317628906, 1.570515338610287, -0.0009453576221108123, 3.1416229723658637, 0.0004667406566508537, 3.1402629892050986, 3.1412846156814127, 0.0009646287446463761, 3.1413967541381873, 3.1416730075125567, 0.00013049919267802107, -0.0002926666000761371, -0.00017674518699886216, -0.00018913530009505004, -0.0008061396539394729, 3.5708435987736533, 4.711577776538651, 1.5707648078978769, 4.712487973666141, 1.5705998222665374, 3.1414230214235586, 1.570923392161758, 3.1488157892052486, -0.002514616090740335, 4.712035599873063, 4.712048273890071, 1.5707447056566786, 1.5705878843501906, 4.712256526853692, 3.1413642169357305, 1.5704705424535208, 4.712382023124652, 1.5725388714345523, -0.002231746530572336, 4.710677629666748, 1.5696633272251406, -0.0003337630185864109, 3.1416348498476827, 4.712388900922425, -0.00014641530950397562]",0.0
196,1.1285198944691381,"[4.7117928753757985, 1.5703373357321677, -0.0006979930115503702, 3.14195736303885, -0.0006338715589838473, 3.14112995979719, 3.1412469099064686, -0.00010360234372049223, 3.1402655633510683, 3.1410379997876787, -0.00036093158089250336, -0.0004383750636340566, 0.00047764396426960604, 0.0009376344985822164, -0.000831887408649771, 3.570798020857335, 4.711839425043615, 1.570170022050165, 4.711894850516924, 1.5707949327018433, 3.141383626297202, 1.5708871889123301, 3.147810476051506, -0.0024325242974538508, 4.711330960905537, 4.712131477455679, 1.5707995198267746, 1.5708041361022678, 4.7122200209776715, 3.141191724988553, 1.5701555060562211, 4.712140086624851, 1.5706639046906723, -0.0001806595496021591, 4.7094382843786455, 1.5692017693669031, -0.00018722452549507678, 3.141655643348037, 4.712240536143775, -6.229697086598861e-06]",0.0
197,1.12894235582892,"[4.71148360802761, 1.5705627976215732, -0.0009831542434150387, 3.142047429954007, -0.0005956193046940978, 3.141064906903721, 3.141356683059521, 0.00041876955154992687, 3.1431920453109408, 3.142739913378449, 0.0007787562663234992, 0.0004527271372885962, 0.00035925672859596206, 0.0007306371536085364, -0.0016581896489718416, 3.5708278858018714, 4.711682693400336, 1.570332414467915, 4.713078430849651, 1.5706888052796733, 3.1413008816298893, 1.5698780626839997, 3.1474003056523987, -0.0029279305083841902, 4.711226726488827, 4.711729357644482, 1.5707606090694717, 1.5705717697446482, 4.7120520785663595, 3.1410178955071872, 1.569843943507805, 4.712269811114234, 1.56993326898307, 8.526153542775322e-05, 4.708756808537567, 1.5688963770917672, -0.0006419310825237661, 3.1417836718073198, 4.7120497917743025, -0.0003685720362161191]",0.0
198,1.1285390972582192,"[4.711774726284466, 1.5702448339911566, -0.0007449992021644218, 3.1415573169134214, -0.000558378354389686, 3.1411440260384285, 3.141361956191552, -8.683667176081941e-05, 3.1409904067401007, 3.1413035190201093, -5.916565868420414e-05, -0.00022105815503652403, -0.00029201855277820793, -0.00044462545965343964, -0.0013657764053127447, 3.5708007735423735, 4.71184110532315, 1.570658846688552, 4.712188597431641, 1.5707906795512943, 3.1414302455166165, 1.5706295458596164, 3.1477977316696855, -0.002378281835385632, 4.711586434919433, 4.711962911095309, 1.5708008955609614, 1.5707861034107053, 4.712288527240486, 3.1412106112443627, 1.5706365461390686, 4.71150200909943, 1.5704745155111757, 2.5284956210067666e-05, 4.71011633391583, 1.5682597238482343, 0.00027367994297084885, 3.140934061980068, 4.712908746323996, -0.0004269150407129361]",0.0
199,1.1299329021162139,"[4.711169559266022, 1.5705845650410757, -0.001446405196246205, 3.1415413876059795, -0.0006774459686004646, 3.1395417117477717, 3.140667999240472, 0.0010351305929876833, 3.14030116500804, 3.1418060988318643, 1.0525201282276828e-05, -0.0008054351044009601, -0.0008825007770108392, -0.001101082387506644, 0.0007981854890246924, 3.5708554766356793, 4.711391021543504, 1.5693735995932971, 4.712525115351396, 1.5706539696393818, 3.141337750769809, 1.5713474849176583, 3.1481688754591373, -0.0026182445715947377, 4.711540009417288, 4.711334135585212, 1.570688800106134, 1.5703765682724924, 4.711826994483186, 3.141350290585164, 1.5701542776730875, 4.712348275355109, 1.5695489788381205, 0.00039776150338923633, 4.7090046155586585, 1.568403307610846, -0.0005272269864493285, 3.14170136138243, 4.712656195790098, 0.0003326519824202087]",0.0
200,1.1309010403151822,"[4.711612224023566, 1.5703355049448806, -0.0010427537147376196, 3.1415601973735576, -0.000772439464955692, 3.1410828957222043, 3.140298959879853, -0.00020221946441317573, 3.1407141335572533, 3.1413679930021408, -0.00012053403267775367, -0.0005446437360238775, -0.0004406087608119293, -0.0007312512719214643, -0.0017437213453255877, 3.5708734370990185, 4.711758123873269, 1.570524072421243, 4.712183487290495, 1.5706694110417694, 3.1412635788561523, 1.570857082394258, 3.1473372242178668, -0.002311517768552717, 4.71147721337479, 4.712042689930922, 1.5707336264724852, 1.5706278462171135, 4.712257685913413, 3.1410728258316425, 1.5701718161951292, 4.712462708123476, 1.5702301658269207, -0.0002603209702621252, 4.709974956474056, 1.5697341544790062, -0.0006699002997481958, 3.1417218928974324, 4.71205616149935, -0.00031081332675608276]",0.0
201,1.1295952506576743,"[4.711910938519951, 1.5703874651458105, -0.0005963017021437817, 3.141593582378367, -0.0006291909216649581, 3.141135915162155, 3.141129380766979, 6.392285617707089e-05, 3.1410242596493965, 3.1413665091467418, -0.00012091231572645785, -0.00018785887517078082, -0.00031809313761391037, -0.000461748167624428, -0.0008294360933047953, 3.5708047946220542, 4.71183430236748, 1.5699746055952286, 4.7122212948255005, 1.570844221566539, 3.141437141563988, 1.5706206008074421, 3.1479631271191715, -0.0018766513547805418, 4.71173052442138, 4.712216910397514, 1.5707919417301697, 1.57079229640966, 4.7122123861305285, 3.1411839008041755, 1.570170567428849, 4.712131652867009, 1.5707916289885564, 6.0419605235672335e-05, 4.709426504826938, 1.5691583450568565, -0.0002914875081635786, 3.141568466029929, 4.712047996369599, -0.000570920970711339]",0.0
202,1.1286543139927052,"[4.711812851884443, 1.5704872845407614, -0.0006892762152927207, 3.1415780254544243, -0.0007186818129515514, 3.140788585802074, 3.141617863151423, -0.00025513544528377267, 3.1410605680162824, 3.14145263788352, -7.169284979973152e-05, -0.00032107085408894455, -0.0003084766799440583, -0.00041803024213265367, -0.0010335836358476445, 3.570858031122719, 4.711781993290465, 1.5710764574054794, 4.712264242185412, 1.5705587469263769, 3.141367115657707, 1.5707988556220118, 3.1477058525883392, -0.001461002692820656, 4.712117012343184, 4.712449735738606, 1.5707471528924009, 1.5706775135465356, 4.712171596975255, 3.141143283443875, 1.5700712753807649, 4.712272683501445, 1.570715117092678, 9.601303669370868e-05, 4.709124015128567, 1.5690989223018392, -0.00031825478955180004, 3.1417985433079463, 4.712587634538297, 0.0009121506782804073]",0.0
203,1.126388384881147,"[4.711852532917805, 1.5703535243116238, -0.0006377651865474, 3.141590553697847, -0.0005639010866713423, 3.1409218280132913, 3.141234293160697, -0.00023523730892490414, 3.140960186852545, 3.1413720021247906, -8.411933960778429e-05, -0.00022266972019516798, -0.0003460959187561693, -0.0004595236407285537, -0.0004669928865722086, 3.5708020870340866, 4.711837833140122, 1.5709491778758777, 4.712207009463185, 1.5708002960763663, 3.141410310931974, 1.5706128086000302, 3.147741856225811, -0.002455120961493463, 4.711302828761317, 4.712009352411392, 1.57079173072698, 1.570804531047735, 4.712224533954692, 3.1412164859221514, 1.5701888829223825, 4.712192780003447, 1.5707467377583268, 7.327623093683569e-05, 4.709456067407657, 1.5692440956468499, -0.00024403724671086865, 3.1416423366845168, 4.712058716144262, -0.0004108475161822781]",0.0
204,1.12951843950135,"[4.711839191863099, 1.5703656000283586, -0.0007503749014634516, 3.1415994839705417, -0.00048384715518788796, 3.1405628501145872, 3.1416866556880807, -0.0009079251183240446, 3.141106352823512, 3.141361318819178, 7.756769364444631e-05, -0.0002781637212548387, -0.00046213071991819374, -0.00045601164412865843, -0.0005008508177396685, 3.570754998280508, 4.711850574790434, 1.5703934661104229, 4.71226585169014, 1.5707914004940482, 3.1413172065281745, 1.5706658832276044, 3.1471517938918656, -0.0028658876231847986, 4.711197122805074, 4.711599610488234, 1.5708385578505792, 1.5707408245668515, 4.712194013944623, 3.1414483771916624, 1.5705663801280367, 4.712455080659174, 1.5716739218789633, 0.0008438044427863182, 4.709754359353852, 1.5694083405580836, -0.00016812036195871084, 3.1417674446755544, 4.712148061246674, -0.00018570578393708277]",0.0
205,1.130632201268048,"[4.711784497377866, 1.5703678204153286, -0.000634135747627915, 3.1415869304266306, -0.00037168116980525954, 3.1411683332059375, 3.1414816511003276, -0.00011622138168714063, 3.140720649830023, 3.1416755518540076, -0.0001024051629126506, -0.00028220998606382186, -0.0008270385516354351, -0.00027293274353465337, -0.000545581753426353, 3.5703707657186787, 4.711840403498769, 1.570966637399822, 4.712191717259671, 1.5707947286212411, 3.1415642414175267, 1.5706235367679435, 3.147674692786736, -0.002466609672523812, 4.7112775816962245, 4.712046367516854, 1.5707882752121989, 1.5707852319451787, 4.712355484956055, 3.1411530028491925, 1.5704217840899521, 4.712379703781596, 1.5706865602334625, 4.2933257452300205e-05, 4.709359620391517, 1.5692301668530504, -0.00031749017844058384, 3.1416307311356313, 4.712016710252174, -0.0004408395619363881]",0.0
206,1.1291919920869733,"[4.711756816103564, 1.5704354629092898, -0.0006810186599686811, 3.141584199766472, -0.00048135783751613725, 3.1412803098067412, 3.1416776407708067, 7.743579058453866e-05, 3.141271437854538, 3.140493964550533, -0.00010321104186090772, -0.0002405101290809874, 0.0006818680329595038, -0.0012647624438259844, -0.00025539156107070205, 3.570293062508957, 4.711790705485099, 1.5710494457042394, 4.712153724829074, 1.5707794577467704, 3.1415060898200706, 1.5706354509386715, 3.147495177373742, -0.002667231822688655, 4.711280641036785, 4.7118579536788525, 1.5707830471729165, 1.5707268198813893, 4.712267254472416, 3.1412019698122737, 1.5704169897759355, 4.712472100115439, 1.5705149406247072, -0.00018018219285366975, 4.709253344246275, 1.5691832317076428, -0.0003140771324523875, 3.141811271967575, 4.712079636889013, -0.00039062863337236493]",0.0
207,1.1276557689604931,"[4.711512211180919, 1.5707107425943976, -0.0006399953659756756, 3.141597140855874, -0.0005217091142133461, 3.140939117268015, 3.1411652401063317, -0.0003067282604593496, 3.1408377881578637, 3.141295837069733, 0.00011190158438242976, 6.46691961785104e-05, -0.0003567614045617034, -0.000491688414974497, -0.0004888962045614697, 3.5707858872082996, 4.711860394619312, 1.5709396090698726, 4.712166767862968, 1.5708022569633209, 3.1414112419500784, 1.5705530488081438, 3.1477983889390084, -0.0024340899872271763, 4.711075026259641, 4.712382912678637, 1.5708159727098296, 1.5708183020605702, 4.711669453912135, 3.1412446966271688, 1.5703730123338506, 4.712252599028701, 1.5707900266925707, 7.51954229191672e-05, 4.709466979434856, 1.569220071786333, -0.0002559750429659973, 3.1415857990907985, 4.712080719626816, -0.00039895226526181815]",0.0
208,1.1298617192552756,"[4.71273887327504, 1.5695918416812538, -0.0006962242210969994, 3.1415798141926405, -0.0007784136843894969, 3.1409044249647393, 3.1411979138721873, -0.00015631141272160796, 3.141391684643788, 3.1415268326997214, -0.0005600140396129405, -0.000757123575145956, -0.00038490645985084844, -0.00042951278608916734, -0.0003102347097341712, 3.570995073057328, 4.7118096514399, 1.5710396373603708, 4.712287042901993, 1.570785703141011, 3.141303738893362, 1.5707225374350138, 3.147652318118835, -0.0025499422099078363, 4.710972988476933, 4.712460843122385, 1.5707990051162366, 1.5707819442332867, 4.711210698974398, 3.141290650762268, 1.570413671197662, 4.712311082862643, 1.570679024947489, -0.00010896667205785415, 4.709458428380626, 1.5691421852599772, -1.2802962828247324e-06, 3.1418029731514947, 4.712127216841528, -0.0004288455817673698]",0.0
209,1.1274801176584215,"[4.71183213421032, 1.5703466331590081, -0.0006368887705158185, 3.140717026292072, -0.0005516470753438123, 3.140938586052864, 3.141245469129406, -0.0002406900543898592, 3.1409510039536457, 3.141374179645281, -8.024642086405845e-05, -0.00020818481486910317, -0.0002527523090808527, -0.00030076097703362454, -0.00048649969627798215, 3.570798597499306, 4.711843983755422, 1.570927079705362, 4.712189614160097, 1.5707994821219893, 3.141407763152517, 1.5705963822803346, 3.1477473450698388, -0.0024884551128587992, 4.711273471937266, 4.712019946228891, 1.570798666114775, 1.5708129025973183, 4.712216663629647, 3.1412148360064958, 1.569989128547105, 4.7124547883849575, 1.5707523045306846, 8.192815252424277e-05, 4.709535092008042, 1.5690538249278885, -0.0002458931517937714, 3.1416499171623804, 4.712039899615051, -0.00041596965491218435]",0.0
210,1.129652859024917,"[4.711786428688774, 1.5704249372428967, -0.0007468496399513393, 3.1408964075072197, -0.0007433330438775425, 3.140865570789564, 3.1411686498992646, -0.00018852217564521793, 3.1410332878151324, 3.1413560579567132, -5.753579264072184e-05, -0.0001662197554130203, -0.0002986787675642622, -0.0003106352771585453, -0.000312911399732072, 3.57093726482849, 4.711832834401793, 1.5710081472101538, 4.712220081334232, 1.5707982825885547, 3.1413093323083796, 1.5706093508578443, 3.1476839861352373, -0.002500791428691625, 4.711389468754582, 4.711803140604708, 1.5708151656261564, 1.5707431123532025, 4.7122488648531995, 3.141247170622702, 1.5708639086120262, 4.710919710899846, 1.570692310897152, -5.64507029661455e-05, 4.708932988175496, 1.5701012852163143, -0.00020696542511812346, 3.1417310733828554, 4.712094282170739, -0.00035206814083591783]",0.0
211,1.1296144534467552,"[4.711864730025389, 1.5703594376958299, -0.0006410189672146423, 3.1415920015836862, -0.00044998320147420087, 3.1410316533598093, 3.1413106307151932, -0.00021195025352611016, 3.1406384012196384, 3.1414768331584715, -0.00017829898408490085, -0.00030812097937642897, -0.00022332072679212033, -0.0005472245705890826, -0.00044449646987102193, 3.570802165810478, 4.711836848961316, 1.5709406729504087, 4.71264156152901, 1.570799292928013, 3.1407922249884384, 1.5701720294386843, 3.1477492981136854, -0.0024371997008711677, 4.71132198153584, 4.7120188061213915, 1.5707916857146225, 1.5708044756178725, 4.712223659768469, 3.1412270453850657, 1.5702050230670184, 4.712200548136097, 1.5707567100081576, 7.636878970931633e-05, 4.709477087610171, 1.5692532941948334, -0.00022769159565645715, 3.1416500438547312, 4.712069811451871, -0.00038818930305321197]",0.0
212,1.1303825650099952,"[4.711839643730371, 1.5703105469417575, -0.0007918163096138625, 3.1416916342332613, -0.0008771337016909928, 3.1406782594320113, 3.1409420672548767, -0.00037796811809174283, 3.1408519112904467, 3.1407372635328783, -0.00017380816227967512, -0.00025785131980974213, -0.0005328243058027594, -0.00022065671745156784, -0.00039766917659996763, 3.570911681640758, 4.711859412553787, 1.571069126094578, 4.7130366708835245, 1.5707922165750943, 3.1426022525235613, 1.5697535740153894, 3.1478061784012246, -0.002434553384232793, 4.711425812195944, 4.711867485822457, 1.5708429613555306, 1.5707832005725049, 4.712236542216781, 3.141345521391589, 1.5700714484518639, 4.712225017018137, 1.5707654753169777, -1.5762144620230128e-05, 4.7095229848048925, 1.569201290329562, -0.00012174182315375664, 3.141742677710941, 4.712086452742562, -0.00033519904706489495]",0.0
213,1.1293648171887023,"[4.711828732936532, 1.5706536728832636, -0.00040663517041492823, 3.1415873520344877, -0.0006057398521387655, 3.140868497207358, 3.141189331444719, -0.00028599446611404496, 3.141002509552685, 3.1413940336586648, -0.0003237285058865562, -0.00041817671647821793, -0.00038262044338879467, -0.0004914166171091595, -0.0004924741572676953, 3.5707982222464376, 4.711836301308202, 1.5709264268976677, 4.712188118669865, 1.5707986388763624, 3.141425871785339, 1.5705854975368667, 3.147678377489193, -0.0030115614931232595, 4.711787996510771, 4.7123146618225515, 1.5707911897716453, 1.5708028864868457, 4.712193722537916, 3.1410488095628746, 1.57012247975478, 4.71213643343287, 1.5707772858151872, 9.511806666577314e-05, 4.709358920312606, 1.5691830360885177, -0.0002581429678392469, 3.141629771923584, 4.712041731992286, -0.00046974664856180414]",0.0
214,1.1295952506576743,"[4.712301632994257, 1.5697339016995175, -0.00026671208894822276, 3.1416767816790494, -0.0008773307509280012, 3.1407961351297113, 3.141209878428417, -1.3473009106845416e-05, 3.140540331726541, 3.1412414282914978, 0.0008963168521422358, 0.0005892925768571295, -0.0004232388343788968, -0.00041584301212858914, -0.0003224760887877246, 3.5708972591007777, 4.711859914781954, 1.5710005149760335, 4.7120965555629795, 1.5708026525756593, 3.141263401431894, 1.5707366688087232, 3.1473317078840024, -0.0027960952339932824, 4.711852050431408, 4.712178645971935, 1.5708059151266949, 1.5707956436021184, 4.712261983914047, 3.141766619501266, 1.570098933846065, 4.712271417482641, 1.570572193704915, -0.00013324672714221277, 4.709512960843713, 1.5692269664117766, -0.0003166095771301866, 3.1416297175900656, 4.712035391678195, -0.0003962090622337883]",0.0
215,1.1309586486824252,"[4.71185770617835, 1.5703935577419983, -0.0006333690800096181, 3.141600527712642, -0.0005950764423594368, 3.1408935170078047, 3.1412401712577727, -0.0001876158769110055, 3.1409792016758007, 3.1413910679193213, -8.687915597255977e-05, -0.0002530910858078311, -0.0003436427931509778, -0.00045439310344156254, -0.0004415769170750726, 3.5708111692134725, 4.712395914217606, 1.5709609344055064, 4.712224255776784, 1.5708029367796414, 3.1413865488608943, 1.5706499629531878, 3.1477394387804485, -0.00243215608498914, 4.711312619007764, 4.711990432996268, 1.5713012133912936, 1.5707846925043, 4.712239840188199, 3.141187081942239, 1.5703189053947686, 4.712037409663589, 1.5707128968823825, 5.0929680842647295e-05, 4.709659363791919, 1.5689825673642945, -0.0004678651542557437, 3.141926344983629, 4.711787395912691, -0.0002979494246975916]",0.0
216,1.127905405218546,"[4.7117819887388865, 1.5704267971069206, -0.0007558600160139613, 3.1416742909767703, -0.0006681013008178614, 3.140894452888098, 3.141193616153082, -0.0002119380437735349, 3.1410964604966125, 3.141400606243129, -9.606019990135278e-05, -0.00020794501576297465, -0.0003702045219766307, -0.00047129784683070004, -0.00035599695507296453, 3.570893038342318, 4.712592827251657, 1.570998484699335, 4.712105940990432, 1.5707992097806012, 3.1413235241905757, 1.5707347246051768, 3.147798436561651, -0.0024177206487104113, 4.711286827715118, 4.711809959972923, 1.5715069685150282, 1.5707623484455133, 4.7122442800509, 3.1412118063037293, 1.5697657791067459, 4.7127127142624525, 1.5707170741309735, -8.112927131695533e-06, 4.70906674823413, 1.569911275213894, 0.0002917056489289626, 3.140923205073351, 4.712860533696014, -0.0006647522199069628]",0.0
217,1.129172789297892,"[4.7118829371795705, 1.570439891505383, -0.0006077841705236822, 3.1415988920695304, -0.00044229516288334385, 3.1406206708698945, 3.1411799406241623, -1.8594240140283667e-05, 3.1409853504256735, 3.1413923523644187, 1.539897907045476e-05, -0.00036109154067498733, -0.0003135868438117869, -0.0004055803240258414, -0.0004898446029388905, 3.5708064114429363, 4.711842552920742, 1.570987993627081, 4.711717453264578, 1.5708021122698697, 3.141382311375761, 1.5701489856487407, 3.1476311105065977, -0.002320341250528195, 4.7113848455719785, 4.712020440590633, 1.5707841904254085, 1.5708014656932918, 4.712262962275662, 3.1411864519339328, 1.5703464712231667, 4.712308612135481, 1.5706108480697962, 0.00016660571547692904, 4.709558969000111, 1.5693132066510043, 9.987894344528139e-05, 3.141872379872671, 4.712027473626812, -0.0004781204626253176]",0.0
218,1.1301521315410232,"[4.711519048882207, 1.570440699764126, -0.0010617916198108427, 3.1417980214318812, -0.0012574580047472592, 3.1416218327843737, 3.141275521477832, -0.0007039496917115978, 3.141156642450991, 3.1415026510614648, 3.285715451155316e-05, -0.000186304584400147, -0.0005995948120440981, -0.0005873386599074547, -0.00013654126982378311, 3.5710319572940987, 4.711457559181197, 1.570975150076759, 4.711609380026282, 1.5708018014146483, 3.141226080004279, 1.5705834990349803, 3.148012053557941, -0.0024840456227648894, 4.711205733570468, 4.711555008660449, 1.570515742422095, 1.5708093048649217, 4.712208132830639, 3.1412951467032157, 1.5695333049513296, 4.712016774039338, 1.5710105771607303, -0.00040080974651376613, 4.709468613851772, 1.568968928723191, 0.00012119550462959874, 3.141921294202528, 4.712024618663512, -0.0002910701090933742]",0.0
219,1.1276365661714118,"[4.711868992099732, 1.5704487102731381, -0.000616265896713883, 3.141602442616173, -0.00045485820797369847, 3.1409862487234235, 3.140983369856914, -0.00023264368664977755, 3.141027094557248, 3.1414478007409787, -0.0006168561882815845, 0.0003381644636483363, -0.0003682032364008616, -0.00041953007308461593, -0.0003483464285552101, 3.5708067798056873, 4.711809352492634, 1.5709443609433675, 4.712271134211004, 1.5707786822553995, 3.141372612730907, 1.5707239225962133, 3.1475245813764783, -0.0023977853834362866, 4.711401138605669, 4.711896482915966, 1.5707843574255755, 1.570781213596375, 4.712275853435981, 3.1412978975838732, 1.5703313928050584, 4.712305836942051, 1.5707012975262373, 2.0112716514093873e-05, 4.709509815711014, 1.5691885829565246, -2.608581108094098e-06, 3.1418141091922713, 4.712095082883109, -0.0003403663178413537]",0.0
220,1.1309394458933442,"[4.711778370701756, 1.5702618556494816, -0.0006379825554366752, 3.1418350814342793, -0.000135144631368054, 3.1404847377196665, 3.141078668027024, -0.000328868070497124, 3.1411717274211144, 3.141191752251577, -4.525099349101097e-05, -0.00015135276939708426, 1.939895532989316e-05, -0.0002264953942367502, -0.00033962880926645856, 3.571198759296571, 4.711451485630872, 1.5716058359137388, 4.712258620682805, 1.570935630499858, 3.141409333941031, 1.5713263486026385, 3.1479439789408596, -0.001971235830933109, 4.711151275779409, 4.7118956523356115, 1.5702545948089994, 1.5708977351142719, 4.712373359878323, 3.141028270402377, 1.5698704624595825, 4.7121066578610264, 1.5708035666265865, 0.0006167653188696406, 4.7094950073467885, 1.5691997213990694, -0.0006256810068214207, 3.1410816203280536, 4.711988382044888, -0.0008963153517547362]",0.0
221,1.128731125149029,"[4.7119244864328085, 1.5703020177984088, -0.0006909312719187666, 3.1415970346014834, -0.00045380955971285636, 3.140801365077088, 3.141132655525829, -0.00026689012677207324, 3.1410110326331195, 3.141409657526184, -8.372244485437413e-05, -0.000153353052934796, -0.0003116387620816478, -0.0006301169201032698, -0.000531798441004026, 3.570750684882442, 4.711783283701725, 1.5708239710486975, 4.712211187856663, 1.570785875598695, 3.141463480428542, 1.5706461423025275, 3.147848430666489, -0.002586672497111401, 4.710855301017076, 4.712497368776211, 1.5708199225182902, 1.5708103921021113, 4.712685957752497, 3.1413885870742035, 1.5700038949043493, 4.712051228225268, 1.570784256692823, 9.124128013876809e-05, 4.709362030527311, 1.5692466795108007, -0.00010310489130848017, 3.141721026613705, 4.712150230135848, -0.00024798164048459194]",0.0
222,1.129883292493889,"[4.711891315323113, 1.5703895147892077, -0.0006001460457389153, 3.141587723181987, -0.00038187438240470516, 3.141056798400048, 3.140969520356532, -0.00029014748380770623, 3.1409979309436102, 3.1413972062338487, 7.198590766134533e-05, -0.00036315982800457836, -0.0003294464923038948, -0.0004468343831974273, -0.00030710831454014117, 3.5707946029400595, 4.711832175214716, 1.57091059080044, 4.712223191128535, 1.5707907053618289, 3.1414280137323343, 1.5706270966180262, 3.14771339461984, -0.0024470110520893778, 4.711339772931266, 4.71196597704011, 1.570798842878333, 1.5707942614997725, 4.712229593337496, 3.141252431578027, 1.5702510399026248, 4.7122053907818575, 1.5707457204803255, 8.258163960759687e-05, 4.709404191357879, 1.5691653648649928, -0.00024311403774410757, 3.1416196942346457, 4.712130299592662, -0.00030655818963262136]",0.0
223,1.128884747461677,"[4.711692865848079, 1.5703871583092501, -0.000759203281213961, 3.141589910665913, -0.0006711098544306255, 3.140470104598847, 3.1412700441676296, 5.876851236569862e-05, 3.1407851962855133, 3.141484554643117, -0.00013605614405773456, -0.0002692232733745653, -0.0004522816456794291, -0.0006307919148960697, -0.00020432467944937315, 3.5708331241667794, 4.711710820974945, 1.5706656140835271, 4.712265122374741, 1.5707565206554266, 3.141412302157779, 1.5707817746889006, 3.1479043315800417, -0.0026175871794078672, 4.711226963657177, 4.711746317706263, 1.570742785126284, 1.5707489661744045, 4.7121009711493365, 3.141219858043489, 1.570156548686589, 4.712227224994033, 1.5704378460481618, 0.0001287915166554319, 4.709400334620849, 1.5691094209969427, -0.0003043221265939765, 3.141631060472589, 4.712173159111597, -0.0002302927564665169]",0.0
224,1.1304017677990763,"[4.711852400458589, 1.570357704212289, -0.0006224161506145137, 3.141593108597915, -0.0005707210854550994, 3.14092380046456, 3.141242277679107, -0.00023965151461489035, 3.1409469881626997, 3.1413824558337184, -8.425875794319712e-05, -0.00022794229762126278, -0.00033147899173111196, -0.00045115344596481324, -0.000461435652879322, 3.5708103126442294, 4.711510045483908, 1.570970094148828, 4.712203036626866, 1.5708065487040497, 3.141416671117748, 1.5706148035646943, 3.1477110300884767, -0.0024251201614153804, 4.711310980742218, 4.712014484003264, 1.571145940530326, 1.5708094212743087, 4.712224106386358, 3.1411983068241986, 1.5701879762557749, 4.712189496266478, 1.5707491975256027, 8.326598822571175e-05, 4.709468076553, 1.569242707058442, -0.0002578339114026034, 3.1416242121384594, 4.712048805794945, -0.0004374427817992122]",0.0
225,1.1296884384027366,"[4.711850621398726, 1.5703176663760097, -0.0006208897276547677, 3.141589819091148, -0.0007267566362068704, 3.1409269594635485, 3.1412397201110798, -0.0003337710991349282, 3.140702298253042, 3.1419939752022525, -9.118229419264261e-05, -0.00021214266436934325, 0.00013633704603240634, -0.0006636641230106249, -0.00041133586258656633, 3.5708121871306187, 4.7119012753125675, 1.5709825486877094, 4.712188942465379, 1.570808774852021, 3.1417721625610557, 1.570585141957252, 3.1476542308911246, -0.002381680156646718, 4.711336004243354, 4.712029997485971, 1.5707289752274645, 1.5708132276394076, 4.71220532051436, 3.1411792405949974, 1.5702302300602289, 4.712173508196543, 1.5708487146236183, 5.5707498362379034e-05, 4.709528726114075, 1.5692792512879778, -0.00023545965017525606, 3.1415855218118027, 4.712073892607487, -0.0004759389372657306]",0.0
226,1.1300369148065372,"[4.711841046379363, 1.5703267215765868, -0.0006639341301259543, 3.1415908933127907, -0.0007506650041390643, 3.140855509971167, 3.1411513700959977, -0.0003259104998684985, 3.140987466588543, 3.1413707072178587, -6.818595005286862e-05, -0.00021869757319101783, -0.0003132566020164564, -0.0004341792317247518, -0.0004915602687655714, 3.5708093981206703, 4.7118224791018, 1.570984380019465, 4.712207114089234, 1.5708052554340177, 3.1413355875401803, 1.5706170823585237, 3.14791738801481, -0.002468263528294423, 4.7113216085567435, 4.7120304071977595, 1.57079167939498, 1.5708105955126195, 4.712354054167348, 3.1412093284655156, 1.5704565479345165, 4.712359698404225, 1.5707774962654062, 4.3625339899783134e-05, 4.7093421959051325, 1.5691628633060235, -0.0002606725310978284, 3.141620296362443, 4.712044678978997, -0.0004497292950212799]",0.0
227,1.129057572563406,"[4.711827779302891, 1.5703908988209432, -0.0006810630235765635, 3.141593435364344, -0.0002940135662237078, 3.140731685681231, 3.1412737107321376, 2.8041748193725343e-05, 3.1410888505299797, 3.1414418381331117, -2.7258919410504743e-05, -0.0002233865168176952, -0.0003274315224678831, -0.0004247322764837841, -0.00047792367027525164, 3.5708106040201124, 4.7117840007800185, 1.5710135510782133, 4.712278292936288, 1.570741304872694, 3.1414183397115822, 1.570675234347799, 3.147986915852275, -0.002544444638034364, 4.711404054368233, 4.711971897172979, 1.5707606966353747, 1.570765442931148, 4.712220103249691, 3.141258038369077, 1.570232095222169, 4.712245970979665, 1.5712029682685802, -0.0004842390582376002, 4.709753707406782, 1.5693912682750073, -0.0002699650298491863, 3.141652323788967, 4.712109040758375, -0.0003579461644932432]",0.0
228,1.1298064813375652,"[4.711821870783802, 1.570380318722665, -0.0006594740554858719, 3.1416226578642226, -0.0005720557165116064, 3.140913020471343, 3.141248137763595, -0.00018776075204997015, 3.1411399817066368, 3.141482852891964, -1.598781673119607e-05, -0.0001775186566405926, -0.00030223975292641874, -0.0003759704094861574, -0.0005367559230012141, 3.570804170689125, 4.711823159404861, 1.570938441412453, 4.712282115877994, 1.5711697285951125, 3.141399597731677, 1.5705571967121565, 3.1476895330454835, -0.0025147035961043144, 4.711273559969377, 4.711979211123073, 1.570783528776721, 1.570780918664364, 4.712214422180504, 3.1411999595502555, 1.5701641708998018, 4.712215665562695, 1.5706843085467743, 4.766739086396744e-05, 4.709406433922883, 1.5692335258656944, -0.00028064680262945824, 3.141666515289444, 4.712072861530887, -0.0003608669977441539]",0.0
229,1.1290959781415681,"[4.7118025255554645, 1.5703731579857392, -0.0006613964047929126, 3.141682953823259, -0.000550274837847919, 3.1409487980373227, 3.1412809496240017, -0.00015583231828313111, 3.141376786161572, 3.1416102152709526, 7.459434584080677e-05, -6.709866746144739e-05, -0.0002069787007970814, -0.00023094897649845618, -0.0006362402769628248, 3.5708045183847066, 4.711824925790287, 1.5709038511536804, 4.712352038987924, 1.570178179528623, 3.1413967047620432, 1.570456724979523, 3.147702536462132, -0.002608519196793493, 4.711217775438625, 4.711909715053357, 1.5707748719364898, 1.5707922969130104, 4.712176537864346, 3.141184706019755, 1.5700977841434798, 4.712195268195475, 1.5706029192040807, 0.00013024426499186475, 4.709304077333165, 1.5692041140078503, -0.0003134263742609308, 3.1416625451584106, 4.711993487985343, -0.0004824332779065355]",0.0
230,1.131208284940478,"[4.711811657056119, 1.5704000003985648, -0.0006431317807021116, 3.1415897113641726, -0.0005923835259231926, 3.140911159207321, 3.14124846097395, -0.0002061952771443121, 3.140957916357613, 3.1413777096049476, -2.73199748873351e-06, -0.00028534505193324373, -0.00034536747959114627, -0.0004550343681504535, -0.0004842474776942193, 3.5708030564156523, 4.711838042717057, 1.5709498146062368, 4.712335881480323, 1.5707996906012884, 3.141405724126553, 1.5707421120930165, 3.1476964767368125, -0.002437659353583364, 4.7113182946587155, 4.712014469982571, 1.5707881889715372, 1.571184866626704, 4.712232484203484, 3.1411971395206835, 1.570199142274694, 4.712208233308325, 1.570723738912703, 5.451905867373395e-05, 4.709461690871541, 1.5692543041238582, -8.951511494249506e-05, 3.141759095025265, 4.712049118341864, -0.00045126266082675076]",0.0
231,1.12894235582892,"[4.711946997508021, 1.5702491127925324, -0.0006790903572569289, 3.141584780029684, -0.0005151547687926509, 3.1409233828811813, 3.1412013822818725, -0.00025736032927991723, 3.1410110999318137, 3.141343350806146, -0.0003103395638492769, -8.10648467088252e-05, -0.0003821804315648984, -0.0005179086386402581, -0.0004542634837339594, 3.570771353657852, 4.711872541997009, 1.5709071492965452, 4.711895499307362, 1.570792515324582, 3.141421501078709, 1.5703027529456037, 3.147762280670748, -0.002510231190684507, 4.711277401424403, 4.711943066603541, 1.5707730078293831, 1.5713590324567148, 4.712190590746253, 3.141277757470594, 1.5701737952621613, 4.7121667713888264, 1.5707762672078074, 6.162871029188259e-05, 4.709464397020643, 1.5692881002548544, -0.0006851407046529318, 3.141364129760595, 4.712152655223185, -0.00019769985453642192]",0.0
232,1.1312466905186402,"[4.711869206512265, 1.5703516606239603, -0.000626639994453556, 3.1415896574992885, -0.0004428155105644704, 3.1408202683667987, 3.1413273770002, -0.0005075598505921153, 3.1409661581553365, 3.1413795663703183, -7.745059812949798e-05, -0.0002137847570740029, -0.0003490507200370253, -0.00045139933678789814, -0.0004376820014966137, 3.5707993346972042, 4.711838650287944, 1.570876081866975, 4.712199496562383, 1.5708006291692227, 3.1414096380986494, 1.570602895832369, 3.1477539065834144, -0.002408729277515621, 4.711335762200277, 4.712019237625763, 1.5707922496020135, 1.5708051428255683, 4.712221410446881, 3.1412299659510854, 1.570182443675187, 4.712182978976407, 1.5705961295412751, -8.501764317927166e-05, 4.709450097874678, 1.5692339398169355, -0.0003384182089499137, 3.1417772938795823, 4.7122101754722765, -0.0005585178306616369]",0.0
233,1.1292303976651352,"[4.711872567561092, 1.5703586623941552, -0.0006598441778182849, 3.141583466052457, -0.00044028433668586754, 3.1407799943142662, 3.141350471338756, -0.0005171828216749857, 3.141017300174597, 3.141360027423931, -8.6237109192223e-05, -0.00024172528039797248, -0.00034301032536284483, -0.0004970707792605942, -0.00045015876834002185, 3.5707784691350217, 4.711860674573238, 1.5708290736922332, 4.712224804290098, 1.5707963643033225, 3.1414069774499134, 1.5706244545404038, 3.147678250307504, -0.0024065628085089873, 4.711338663757808, 4.712011732487056, 1.5707780018007653, 1.5707861489776054, 4.712218712079513, 3.1412347379216277, 1.5701946579267418, 4.712197895894011, 1.5705366569375614, -0.00016908436341414145, 4.709467178704553, 1.5692779634292306, 3.83380274877656e-05, 3.141172778540398, 4.711473984381561, -0.00019189566306064727]",0.0
234,1.1288079363053534,"[4.7121495660996775, 1.5705145253673636, -0.000839264479060593, 3.141587253412711, -0.0005519742315833079, 3.140922366664824, 3.141240407353173, -0.0002451143516777029, 3.1408941583844876, 3.1413514001443623, -2.6506888844618818e-06, -0.00012205611645714735, -0.00034917237633698417, -0.00047001468419008175, -0.00047188641787665394, 3.570801896272566, 4.711830477758499, 1.5709405337052458, 4.712209837420598, 1.5707991594561626, 3.141418655395085, 1.5706202336113806, 3.1477615734712163, -0.002488467612756006, 4.711291135055927, 4.711991855027224, 1.5707864955585658, 1.5708034168978773, 4.712227991428243, 3.1409738129647957, 1.57018607032218, 4.712192936018694, 1.5707554775311883, 7.780140334133776e-05, 4.70945162293868, 1.5692338037027074, -0.00023812315393935223, 3.1416429639047156, 4.712067769296801, -0.00039652512787231414]",0.0
235,1.1314003128312882,"[4.71161065695835, 1.5698615275306842, -0.0003806721689367644, 3.1415870518421745, -0.0004710979669047843, 3.1409325553071525, 3.141159637133293, -0.0003076980961975252, 3.140942787236022, 3.1412997564918177, -4.2034803572044535e-05, -5.708136424537803e-05, -0.00036881659826626937, -0.0005281398705113833, -0.0004639291997860279, 3.570765192609317, 4.7118710395618955, 1.5708754717394957, 4.712192050400087, 1.5707995613585441, 3.1414183067319845, 1.5705686961275447, 3.147844411318179, -0.002517176834928573, 4.711267594083102, 4.711990087189442, 1.5707914251126145, 1.57078439351644, 4.712176151827105, 3.140552142563436, 1.5701586990800338, 4.712165919856601, 1.5708174933929362, 0.00010462601965504904, 4.709460900564328, 1.569310949933556, -0.00011927893058279263, 3.141722219690182, 4.7120852601989816, -0.000260757861461912]",0.0
236,1.1299409008611323,"[4.7118132128293135, 1.5703790230126362, -0.0006102370579695383, 3.1415858596598105, -0.0005409189227306957, 3.141019689044772, 3.1413532531819457, -0.00017321369293361605, 3.1409583944061654, 3.141361806639864, -8.374837569614252e-05, -0.00024225611698111505, -0.0003922814308465578, -0.0004727524632722753, -0.00040352575849041583, 3.5711719011620713, 4.711837399910591, 1.5709017602332134, 4.712208309105641, 1.5707802290022834, 3.1414571870266896, 1.5705961506336252, 3.1476303472909013, -0.0024636416327139775, 4.7112406804466325, 4.712072458377588, 1.5707718564883248, 1.570799489391055, 4.712324896389609, 3.141149362233275, 1.5702886699394665, 4.712267324447128, 1.5707143349145338, 1.7012689835024904e-05, 4.709466087427589, 1.5692447155613587, -0.0002901172489352502, 3.141614115111991, 4.71207678462842, -0.00039690098808408666]",0.0
237,1.130056117595618,"[4.711894695239782, 1.570240749454833, -0.0007198389489759435, 3.141586204317761, -0.00019840624851048523, 3.141033341072651, 3.141288029305351, -0.00025613705010038215, 3.1407734880345397, 3.1413833788923133, -0.0001229201623842802, -0.00016286167248900997, -0.0003115388800175236, -0.0006141074297632339, -0.0008459486333053216, 3.5710919474442466, 4.711862274438409, 1.5710259249153393, 4.712124400576762, 1.570858949658111, 3.1415388412097953, 1.5706457945182615, 3.1480688310827185, -0.0026409997252711584, 4.711404108804473, 4.711804934852189, 1.570861356773012, 1.5708201290176356, 4.712067860049218, 3.1414450616435596, 1.5701783172187613, 4.712233770266139, 1.570758546181804, 0.0002073711308724867, 4.709135903390557, 1.5692225550266143, -0.00012510208701360269, 3.1418002964927068, 4.711923616252714, -0.0003932612117690854]",0.0
238,1.1297296701812412,"[4.71187481509615, 1.5703704697826844, -0.0006096044714990455, 3.141501484490673, -0.0005640132410598128, 3.140906570615163, 3.1412225767963053, -0.0002393797470786324, 3.1411336346797967, 3.1414537369953113, -2.027719053814911e-05, -0.00017389155540762827, -0.0005382237028838971, -0.0007937280874004665, -0.00046577284192309926, 3.5708056368250305, 4.711832755773728, 1.5710357898985081, 4.71228505798176, 1.570798455961238, 3.141418211565097, 1.5705575327891927, 3.147761224752774, -0.0023853689382304, 4.711359494471307, 4.712005019255177, 1.570787634713494, 1.5707978414706143, 4.712226598567597, 3.141218338135248, 1.5702057671176306, 4.712194119593864, 1.5707406714575882, 0.00013479513637851823, 4.709493874943005, 1.5692435269099114, -0.00025704411836340995, 3.141623401171239, 4.7120469849900815, -0.0004829492909188503]",0.0
239,1.128961558618001,"[4.712101439002897, 1.5706320635157722, 3.107383295642807e-05, 3.1416000374233786, -0.0007489507552337747, 3.140897619399486, 3.141231691488618, -0.00020513519851844553, 3.1408513199191934, 3.141279205659252, -0.00015034571440675231, -0.0002618957273968559, -0.0003623795876577657, -0.000452573289471289, -0.0006899520398872441, 3.570752141115534, 4.7118595975093465, 1.570968351632349, 4.712164610010603, 1.5707634831238517, 3.141405161462783, 1.570648161471874, 3.1477616413372855, -0.0023778479892302582, 4.710976855986626, 4.711729593867354, 1.570689609406912, 1.5707101120440425, 4.712178916947234, 3.1412746353212095, 1.5701030762525747, 4.712153961758127, 1.5708202457119416, -9.792753630669972e-06, 4.709426095270324, 1.5692593500600764, -0.00023991192140817238, 3.1416115047593025, 4.712083360219848, -0.00032593744190630175]",0.0
240,1.1281934470547612,"[4.7118813033092835, 1.5703455841801, -0.0006013121576651338, 3.1415937873663213, -0.0005496088617945288, 3.1410315067517085, 3.1411668030074944, -0.00022467282669990553, 3.1409626766759575, 3.1413643953764288, -8.519242088700752e-05, -0.0001955834013653124, -0.00033404893033704073, -0.000444589859789415, -0.00038648861531328144, 3.5707914809617995, 4.7118385391068935, 1.57084018524938, 4.712203791801017, 1.570853709483626, 3.141429797113607, 1.570587660446807, 3.1478728571939194, -0.002639485381609104, 4.711194815922153, 4.711948334206107, 1.5707996377590883, 1.5708286411365224, 4.712244717613166, 3.141245362675185, 1.570240094958681, 4.712183725460455, 1.57066128108626, 0.000122674069882488, 4.709658823352111, 1.5693399431889639, -0.00021931243133225143, 3.14160540240774, 4.711975465076657, -0.0006468461203638962]",0.0
241,1.1302865510645903,"[4.7119103299974086, 1.5704302469161378, -0.0005700392281207868, 3.1416008268812314, -0.0006502059326834278, 3.1410806973954393, 3.1414572550034197, -0.00031258346523422263, 3.1410509205523933, 3.1413854017087037, -9.037756427483555e-05, -0.00021601694079056354, -0.00026475586193868344, -0.0003354389908210455, -0.00042204488498024154, 3.57078713682106, 4.711810523904128, 1.5710721094328042, 4.712230577176526, 1.570740176594967, 3.1414345965062638, 1.5706970988704057, 3.148094041296374, -0.002359445913432487, 4.71151469422759, 4.712153789202749, 1.57074294423959, 1.570741732142274, 4.712225842659643, 3.1413062670595577, 1.5701899344422372, 4.712284191462397, 1.5705000998866467, 0.00033806223736891503, 4.709770835864374, 1.5695501775393403, -0.00023284310131441863, 3.1417299833948085, 4.712188095294297, 5.922050410817471e-05]",0.0
242,1.1312850960968022,"[4.711865772990629, 1.5703815234240042, -0.0006265071429223509, 3.1415973150591086, -0.0005806557422684214, 3.1408971412005178, 3.1411528894390965, -0.0002401158428359179, 3.1409483133225704, 3.1413874030273963, -9.510932525916689e-05, -0.00023396774394407626, -0.0003603189189106529, -0.0004752582409609165, -0.0003467286325816439, 3.570805810318891, 4.711833200982879, 1.5709056179703174, 4.712211661794076, 1.5708009604940374, 3.1414016942998897, 1.5706204217856452, 3.147731940376035, -0.002411621711539664, 4.711284680814245, 4.712041558131072, 1.570787025819331, 1.5707998809358261, 4.712209794010834, 3.141208402543922, 1.5700811200663698, 4.712361307125877, 1.570792181285219, 6.857744184737544e-05, 4.709320948036711, 1.569489044276139, -0.00038913505120267153, 3.1418053424836843, 4.711857711036233, -0.0004179236768979727]",0.0
243,1.1305361873226432,"[4.711698520748482, 1.5702719301705026, -0.0009176724450669126, 3.141587014940936, -0.000685713453744515, 3.140949321792235, 3.140883225306695, -0.00024370068760743663, 3.1408208252901977, 3.14126593212956, -0.00014478865038569568, -0.00038455438306375027, -0.0003692001488199259, -0.0005501564631068121, -0.0009955031628549804, 3.5707780397670885, 4.7118430201794705, 1.571020891318463, 4.712150264200546, 1.5707017714089735, 3.1413342425814985, 1.5707513804009547, 3.147438762088691, -0.0025310161146682923, 4.711275480054953, 4.711970727423394, 1.5706881096930714, 1.570634176839894, 4.712215319244915, 3.1412379827124317, 1.5701605552418056, 4.7122091973383435, 1.570579103748632, -3.430777705914817e-06, 4.709748029801669, 1.5694048228434487, -0.00036582566412297326, 3.141585336581542, 4.712134743886859, -0.0003511629480022699]",0.0
244,1.1294992367122692,"[4.711822176306267, 1.570341557164648, -0.0006944604792472474, 3.1414336197468224, -0.0006184984555764735, 3.14092335292068, 3.1412687913152673, -0.0001769577954937566, 3.1409598588561076, 3.141325162594046, -0.0001111253876153747, -0.0001996792959230144, -0.00034308129481497686, -0.000383407986469148, -0.00040437895769917327, 3.570781030002355, 4.711864261215107, 1.5709759139926713, 4.712183637918244, 1.5707885604362717, 3.141398678949243, 1.5706204079941555, 3.1477173513084926, -0.00244376389353457, 4.711319105975615, 4.711983381827717, 1.570751017423923, 1.5707409064747786, 4.712210082652477, 3.1412682758773487, 1.5703112004832267, 4.711853188114402, 1.5707925551231423, 8.721955446238576e-05, 4.7093235753590585, 1.569394515779048, -0.0002098972658780096, 3.1416081939229223, 4.712079792970563, -0.00042612085534578584]",0.0
245,1.1305553901117242,"[4.711858853672854, 1.570343478439436, -0.000623573260229002, 3.1415882865779245, -0.0005371614536934568, 3.140909493253984, 3.141232671464108, -0.00023886449450221913, 3.140951045881772, 3.141363823487056, -8.291606976709103e-05, -0.00022102784620282707, -0.0003321246763175624, -0.0004503519587496915, -0.00047577974984613355, 3.5708034752908495, 4.711735151366601, 1.570963602411456, 4.712214969664839, 1.5708044534806518, 3.1414200101556427, 1.5706151129162544, 3.1477391216075676, -0.002443168208328317, 4.711301509720661, 4.712028966659936, 1.5706893043938757, 1.5708122647490206, 4.7122273194841755, 3.1412114808415432, 1.5702318261370138, 4.7121295433661725, 1.5707505372277824, 9.985451807432938e-05, 4.709505380951619, 1.569162927808436, -0.00031446498945008906, 3.141715289903433, 4.711960200420653, -0.00039543488508064024]",0.0
246,1.1287999375604347,"[4.711819395560555, 1.5703255380652452, -0.0006750914705135325, 3.1417023760666494, -0.0005302855331526707, 3.1408820863769447, 3.1412831946665083, -0.00016615682393060163, 3.1409512405626487, 3.1412977994346214, -0.00015392256984219545, -0.00021076797603544967, -0.0003158672828048385, -0.00038672439525594914, -0.0004039668375934163, 3.570775510891499, 4.7119706635846725, 1.5710535086376092, 4.712166398502635, 1.5707977952130745, 3.1413856954368446, 1.5706751523572369, 3.147749658796096, -0.002382407254779998, 4.711308089051349, 4.712035511879835, 1.5707816684754317, 1.5707376061239253, 4.712217927741294, 3.141253547801587, 1.5699972891648855, 4.712271371784849, 1.570836895853856, 0.00020438189903476662, 4.709465832435577, 1.5691406597198903, -0.00018762823801005718, 3.141440794990676, 4.712135016484222, -0.0005370255415748429]",0.0
247,1.128673516781786,"[4.71183275758122, 1.5703638504521709, -0.000643207342324275, 3.1415965825502012, -0.0006019085928405445, 3.1409926970288313, 3.141187606754562, -0.00018454070874363961, 3.1409429830482076, 3.141389251059402, -9.64061518135843e-05, -0.00021778497232335803, -0.00035537786552710066, -0.00046023718211240285, -0.0004433168478222621, 3.570815137890901, 4.711827408970095, 1.5710288957296876, 4.712170200373687, 1.570800777140755, 3.1414051695023537, 1.5705951237394138, 3.147817500437673, -0.0024224477801805646, 4.7113094153335835, 4.712035100596396, 1.5707812800971899, 1.5708120836376425, 4.712229339656014, 3.1411914934263865, 1.5701184488517528, 4.712155493600612, 1.5706529445661046, -3.541658629226978e-05, 4.709427011040748, 1.5692084569075568, -0.00023535237112047062, 3.141648584593823, 4.712041323810568, -0.00042748037093253105]",0.0
248,1.1292880060323782,"[4.711793416020613, 1.5703630200499783, -0.0007396999448066522, 3.141633592130343, -0.0007343003038833764, 3.1410617713704125, 3.1413262333377574, -0.00035826236244621283, 3.140986361395428, 3.141384684825924, -6.083476463530981e-05, -0.00023582045868556132, -0.00043168996610521326, -0.0004968618973045149, -0.00041544078201379724, 3.570782950624215, 4.711820677137522, 1.5708307532181414, 4.712081096358684, 1.570781900735133, 3.14136835648793, 1.5705446182669953, 3.1477165850500164, -0.0025327712927117494, 4.711290663009178, 4.711911081282149, 1.5707745260141603, 1.57076809936048, 4.712195516189714, 3.14129190037745, 1.5700917788305766, 4.712197213049666, 1.5709155088073212, 3.671321538372735e-05, 4.709496129188884, 1.569165186079559, -0.00012334368154135356, 3.141732213142897, 4.71207083265821, -0.00033576711434513227]",0.0
249,1.130209739908266,"[4.711857633556685, 1.5703454349955193, -0.0006463290967384911, 3.1415958656500145, -0.0005976957188121493, 3.1408642183229207, 3.141166179820677, -0.00028049405057741037, 3.1409205954793658, 3.1413985983379176, -8.799964821357388e-05, -0.00022132949133301454, -0.0004473593592273678, -0.0003686322712205493, -0.00047774133481519467, 3.5708658417629895, 4.711844157108988, 1.5709552165599812, 4.712283613703422, 1.5708014367569378, 3.1414870693689947, 1.5705355047574152, 3.147770491983246, -0.002436837709838096, 4.711312270976788, 4.712010808752125, 1.570796842665085, 1.5708106955934487, 4.712219226253512, 3.1412296378460454, 1.5701536237436187, 4.712167325854157, 1.5707712955075241, 9.109334063453177e-05, 4.709483027207972, 1.569246689302521, -0.00022646556130132854, 3.1416347079269116, 4.712059788396993, -0.0004046995763713074]",0.0
250,1.1301329287519422,"[4.711852512631728, 1.5703333717720085, -0.0006672223912801309, 3.1416019870087735, -0.0005978796906603238, 3.140963406100576, 3.141286771367202, -0.0001630999155670607, 3.140961316441567, 3.1411226942557806, -0.00011610962463503442, -0.00023377540780126913, -0.0002353446497175369, -0.0005464695918300985, -0.0004426190033643404, 3.5706759574035267, 4.7118521444350305, 1.5709477137585908, 4.7123576345634826, 1.5707845312131095, 3.1416479845589738, 1.5704548954419029, 3.147701123548278, -0.0024846436296835947, 4.7113140163553835, 4.711993563761167, 1.5708011772286152, 1.5707704334142751, 4.7122245797988125, 3.1412567730868757, 1.5702231838310838, 4.712267211815331, 1.570708715383005, 9.485740811330338e-06, 4.709419563079419, 1.5692238898168243, -0.00022577857256907228, 3.1416662951454395, 4.712087081624036, -0.00038828459037434655]",0.0
251,1.1304373471768956,"[4.71188522182297, 1.5703440401271986, -0.0006780965267116631, 3.1415847417092255, -0.0005525680550611939, 3.140934459994287, 3.1412349616794493, -0.0002462553492184803, 3.14103470833475, 3.141398450685585, -0.00020951454432261655, -0.000338146293776146, -0.0003483745680269894, -0.0004585392723710276, -0.0004690419551292367, 3.5708053570336564, 4.711833547658616, 1.5709489210347196, 4.712219507294482, 1.5707989995652967, 3.141422178978581, 1.570615399527415, 3.147772219965614, -0.0024251717971663523, 4.711221639799132, 4.712031497344322, 1.5707910824195412, 1.5708032192483077, 4.7121356907185366, 3.141173714010811, 1.5702198959720932, 4.712197043987119, 1.5707561203386846, 7.599748691897812e-05, 4.70945046973167, 1.5692376060830353, -0.00021802532979208747, 3.1416564436996626, 4.712066298552282, -0.0004142440511534276]",0.0
252,1.1297872785484842,"[4.712083120495046, 1.5701137298643753, -0.0005730375070106067, 3.141598992005952, -0.00064337963497673, 3.1409127903372593, 3.1412451143843314, -0.00015376428678036587, 3.140935863533462, 3.141397607798426, -3.295353688366885e-06, -0.0001700500817005934, -0.0003888795987556278, -0.0004433917187594681, -0.00043716283545721497, 3.570808983377806, 4.711852224373886, 1.570941926821988, 4.712192641489897, 1.570789732284071, 3.141354475451426, 1.5706613550606092, 3.1476494092239493, -0.0025370086124760598, 4.711339180517543, 4.712149940424067, 1.5707961659963698, 1.5707869433844965, 4.71205229110639, 3.1413340711833304, 1.570221181180596, 4.712236304442859, 1.5707075831982371, 9.503483881941968e-06, 4.7094548040179465, 1.5692240482276367, -0.0002115546022270817, 3.1416441353983258, 4.712081812354691, -0.0004078137050330114]",0.0
253,1.1279438107967081,"[4.7118640447698406, 1.5703593545081074, -0.0006289926948428023, 3.1415859279594476, -0.0005794296633202846, 3.140959205587035, 3.141213425104975, -0.00018308981345997627, 3.1409703409319416, 3.141373664296336, -9.015301906344358e-05, -0.00021638528104089255, -0.0003418578219699655, -0.0004647938347410318, -0.0005360973123026498, 3.570801093645732, 4.711834978284239, 1.5707715147360906, 4.712209023535071, 1.5708050812376297, 3.141416870947187, 1.5706117701903273, 3.1477813363127227, -0.0023592520276262906, 4.711372242178625, 4.712046126996946, 1.570792310428373, 1.57080248038797, 4.712224862065428, 3.1412130099124247, 1.5701897856403713, 4.712174890297375, 1.5707514811026917, 6.488259274993344e-05, 4.7094494475606465, 1.5692357819967138, -0.00025108433202145975, 3.1416338553739047, 4.712058584386303, -0.00042857281709841486]",0.0
254,1.1295172556056026,"[4.711784486084034, 1.5703667910812562, -0.0006403332467844346, 3.141683433369728, -0.0004825783380857695, 3.140871726074279, 3.141311821484732, -0.00016959725654088902, 3.1409395443854757, 3.1412998527563296, -8.31160434082746e-05, -0.00015763589050320567, -0.00026485429826538713, -0.000428988129944482, -0.0004228526925127154, 3.570756473289418, 4.711957097035042, 1.5710238698269072, 4.712129083511758, 1.5708028536350416, 3.14132465449921, 1.5707317727147825, 3.1477137940138498, -0.0024040137582088065, 4.711338871986383, 4.712004485890961, 1.570783311881506, 1.5707490541353266, 4.712290894517367, 3.141247248226561, 1.5700398972543652, 4.712270317198906, 1.570836188043773, 0.00023374642122000599, 4.709464707249196, 1.5691758310290893, -0.00023489933848146112, 3.141445376419742, 4.712120642826766, -0.0005296463046202094]",0.0
255,1.129307208821459,"[4.711906311268614, 1.570430756991085, -0.0004690401505294757, 3.1415861059597483, -0.0005997438966328165, 3.140912453292874, 3.1412408380855568, -0.00023469671972772897, 3.1409339912096477, 3.1413574938502404, -8.310002684254941e-05, -0.0002238527376927832, -0.00034476570705887024, -0.00047048893555001444, -0.0005287120118185704, 3.5707897929888404, 4.711848500988909, 1.5709534191402237, 4.712192389336574, 1.5707922179486142, 3.141398024385642, 1.5706273967165472, 3.147737698920688, -0.0024485514224597943, 4.71122692655564, 4.711930277536976, 1.570784888425738, 1.5707896256560463, 4.712227810465067, 3.141224677618762, 1.5701823354722617, 4.712186673011244, 1.5707584171249622, 4.680863227724971e-05, 4.709442607967234, 1.5692538766202107, -0.00023882578945202956, 3.1416288419214093, 4.712081100977508, -0.0003832364947900276]",0.0
256,1.1284046777346521,"[4.711846301385662, 1.570354822602397, -0.0006382266946832439, 3.1415998088560677, -0.0005729945785565544, 3.1409363584040446, 3.1412285182658466, -0.00020366194358992926, 3.1409947668602576, 3.1413956883279317, -6.943532735513569e-05, -0.00020624002613147261, -0.0003331912747603802, -0.0004350020593672421, -0.0004842565155395185, 3.570804138173411, 4.711834598376561, 1.5709549513597272, 4.7122185606181946, 1.5707422741098453, 3.1414092892166354, 1.5705963275514503, 3.1477435640868516, -0.0024739690974863817, 4.711291705596307, 4.711999755535221, 1.5707916514768911, 1.5708036312861162, 4.712220596734282, 3.1412120540612967, 1.5701801159079802, 4.712192722775313, 1.5707511031893966, 9.906634900901876e-05, 4.7094407955517585, 1.569237402358116, -0.00027420470217463376, 3.141681378442505, 4.712099763150357, -0.00043437370982379403]",0.0
257,1.1293456143996212,"[4.711839801508689, 1.57035658320111, -0.0006510111459404119, 3.1416016701480376, -0.0005359533795671124, 3.1408976102777215, 3.141265793383994, -0.0002781832855706818, 3.141034420492784, 3.1414065454227864, -5.50741262751913e-05, -0.00019895606693544598, -0.00031732257705132424, -0.0004315404714226939, -0.000491267988029691, 3.5707907890921593, 4.711844683122811, 1.5709200719004197, 4.712226975949636, 1.5707037738756187, 3.141400408206784, 1.570595143759639, 3.1477180634154847, -0.002475919871492345, 4.711302029370188, 4.711991466291846, 1.5707937086897554, 1.5707974113824121, 4.712221595781485, 3.1412186751306983, 1.5701794824276463, 4.712192944514319, 1.5706835883283512, 3.667040287323418e-05, 4.709433419285625, 1.5692496244909209, -0.00019797735739409046, 3.141546877880793, 4.711942001402326, -0.00037521568545091633]",0.0
258,1.129537642290431,"[4.711857155047287, 1.5703537727801036, -0.0006392539526664964, 3.141694843639278, -0.0005604328154081096, 3.1409157238127268, 3.141229705287882, -0.00023497032265108153, 3.1409619101882553, 3.141374306502941, -8.538337405747842e-05, -0.00022226222814046952, -0.0003570741626875279, -0.00048420374891052376, -0.0004671208062202764, 3.5707994621962205, 4.711836806721324, 1.5709473624986743, 4.712209248468334, 1.5707998459373886, 3.1414115357234023, 1.5706143199557252, 3.147744420762071, -0.0024566088634209718, 4.711291130725858, 4.712026635815986, 1.5707934402643484, 1.5708036164910186, 4.712242153255212, 3.1412223704702673, 1.5702074781069737, 4.712156780136236, 1.5707469940855738, 7.292184813136631e-05, 4.7094436947445475, 1.56926598286873, -0.00023877329273732636, 3.1416456030667854, 4.712063316898754, -0.0004042165630422388]",0.0
259,1.1295952506576743,"[4.7118593764087935, 1.5703463623477538, -0.0006514408501859377, 3.1415132738804763, -0.0005312605542569891, 3.140893441342725, 3.141216609719904, -0.00023576761385586597, 3.1409563533865974, 3.14138476329655, -8.980114591194618e-05, -0.00020513884161660516, -0.00033403757040530835, -0.0004885573596716745, -0.00048322645359714597, 3.5707781491582886, 4.711841383431855, 1.5709184478106542, 4.71219920602392, 1.5707996345861093, 3.1414131960057206, 1.57061460138601, 3.1477611289536154, -0.0024970209715977753, 4.711203399963983, 4.712128680788194, 1.5708084297555869, 1.5708028354236836, 4.712335476823242, 3.141257107653094, 1.5701361276540675, 4.7121812368179565, 1.5707554220383955, 8.087089945936623e-05, 4.709445645219755, 1.5692283264471094, -0.00020980563054613438, 3.1416621304345274, 4.712078467361193, -0.0003668222695350758]",0.0
260,1.12798221637487,"[4.711856906381497, 1.5703644348427088, -0.0006353149901053382, 3.1415921072207484, -0.0005576043380870321, 3.1409208589561457, 3.141195477755481, -0.00023912406579368662, 3.1409766591306436, 3.1413703855080652, -0.000147360553419078, -0.00015331406694129565, -0.00033178381664495044, -0.00046130879303719506, -0.0004499928302757053, 3.5708178628382377, 4.711834327062708, 1.5709479844148073, 4.712215238715149, 1.5707979005006356, 3.14140036088787, 1.5706257550759022, 3.147718169384049, -0.002447840023623521, 4.7113155086294025, 4.7119945114718504, 1.570790968394343, 1.5708024154975357, 4.712226069476846, 3.141228487962778, 1.5701977581972282, 4.712199744919855, 1.5707434110433178, 6.797104638779045e-05, 4.709465914703658, 1.569237929806418, -0.00021249421213558555, 3.1416633450986575, 4.7120645588496135, -0.00040133751924513954]",0.0
261,1.128884747461677,"[4.711829609924685, 1.5703599944421167, -0.0006403131904349045, 3.141578024423002, -0.0005128603136495473, 3.140983936848229, 3.141282522394196, -0.00020340401258343236, 3.140898028282572, 3.141444644062109, -0.00012299178224630292, -0.00019939557371826742, -0.00045960735853367574, -0.00041380203532383924, -0.00047606846697991585, 3.5706948050822698, 4.711842402736012, 1.5709548333237724, 4.712198790909383, 1.570801147689972, 3.1414415079395512, 1.5706294158381922, 3.147708078748165, -0.002456313296385359, 4.71131112935514, 4.712001107329309, 1.5707890054676519, 1.5707950756447728, 4.712256102851759, 3.141208208969372, 1.5702526299844461, 4.712246333288853, 1.570731468081427, 6.512375273071242e-05, 4.709440387761709, 1.5692421350834824, -0.0002467416763465513, 3.141639789756457, 4.71205653384183, -0.00041014064020201686]",0.0
262,1.1280590275311941,"[4.711808497306456, 1.57039951432459, -0.0006367783310462765, 3.1415914574366184, -0.0005605412655604424, 3.140923644595258, 3.1412279473084035, -0.0002428455978791123, 3.140943231008616, 3.1413633711554025, -5.346281852656888e-05, -0.0001925634917961191, -0.0003465891649604812, -0.00046170197322438847, -0.00047003931687233924, 3.5708012013283392, 4.711839824216805, 1.5709492822986477, 4.712212496781838, 1.5707998850901006, 3.1414105185753702, 1.5706167336218577, 3.1477480440719634, -0.002450547974830852, 4.7112759152057855, 4.712056216491522, 1.570793878780725, 1.5707854412419897, 4.712158804757997, 3.1412179210691322, 1.57021046355259, 4.71220040246932, 1.570750828447199, 7.41581917272268e-05, 4.709457302173908, 1.5692401605294481, -0.00023035030741629987, 3.1416447111628587, 4.712058229238173, -0.0004169048736283619]",0.0
263,1.1309970542605874,"[4.711845466302971, 1.5703510311489135, -0.0006512860319432323, 3.14157793837067, -0.0005535735381349685, 3.140921775450214, 3.141222413110878, -0.00024386544472488074, 3.140959709527243, 3.141356698251803, -0.00011613005577184195, -0.00017751440387729013, -0.0003462612000526223, -0.0004757539642680339, -0.00046394103719878935, 3.5707920216275295, 4.711849977842406, 1.5709417925276647, 4.712125759717483, 1.5708084947817553, 3.1414059848624616, 1.5705398342557957, 3.147747816474088, -0.002470125554524621, 4.7112929067011, 4.712010053451747, 1.570797082013495, 1.5709427460283825, 4.712179532669611, 3.141232839524997, 1.57020041471321, 4.712193142010995, 1.5707596294907882, 7.204431577677948e-05, 4.709461263257544, 1.569255055489125, -0.0003491481371676622, 3.1415649581272174, 4.712086645413853, -0.0003565387628797975]",0.0
264,1.1279990487144185,"[4.7118623670195685, 1.5703837915498498, -0.0006559577780913439, 3.141590996665649, -0.0005390129163323669, 3.1409002411067073, 3.1412418300798417, -0.00020099492807320278, 3.1409750445008466, 3.1413837744904427, -8.054942209108156e-05, -0.0002321086969461548, -0.0003426171128551192, -0.00045226172920686527, -0.0004679393770127817, 3.5708050608234974, 4.711829760124199, 1.5709606676155374, 4.712215169597062, 1.5707926864079136, 3.141410676070509, 1.570621689339071, 3.1477642199198796, -0.0024619251851276907, 4.711316255199773, 4.712006231199954, 1.570789025416371, 1.5707997869459676, 4.712226786531778, 3.141257397073117, 1.5701959497578724, 4.712200303961448, 1.5707949597765916, 9.739523484375662e-06, 4.709489288452359, 1.5692567240588327, -0.00025387012708986533, 3.1416381785518785, 4.712062300205046, -0.0004123151142069228]",0.0
265,1.1294608311341072,"[4.711791883780644, 1.570240825165629, -0.0005903289039945853, 3.141571776463561, -0.0005218868159120901, 3.1409040275278124, 3.141228608877875, -0.00022886181476444655, 3.1409606798316596, 3.141353103268889, -5.708794700040646e-05, -0.00019869690758143044, -0.0003380396317429015, -0.00047068934559708366, -0.0004662443848328745, 3.570792453742667, 4.711845817081845, 1.570944088928736, 4.712205888500835, 1.5708044516609407, 3.141403339285199, 1.5706223212558816, 3.1477835340603417, -0.0024795933066232884, 4.711323118505664, 4.711986357057894, 1.5707949195781918, 1.57078615667407, 4.712219355361849, 3.14106911852605, 1.5701838075526842, 4.71219287104748, 1.5708085552480162, 2.8435254541178636e-05, 4.709489920885169, 1.569278548958838, -0.00021226980328399082, 3.1416548251571013, 4.712076181989158, -0.00037556126848263365]",0.0
266,1.128481488890976,"[4.711850651993393, 1.5703458345041175, -0.0006408679826929793, 3.141589882906128, -0.0005661044039962141, 3.140959295754191, 3.141245671172035, -0.00025383592573996754, 3.1409315244225486, 3.141378638298971, -0.00010122852737877962, -0.00021655018578605733, -0.00033914475736091085, -0.00047179101099278003, -0.0004629931165289839, 3.57080168425697, 4.711837306134787, 1.5709448101870924, 4.712288826521979, 1.5708000422829551, 3.141362479453527, 1.570620699509126, 3.147752943696481, -0.0024664112373438355, 4.711296631925453, 4.712009075271208, 1.5707924405758562, 1.5708048165895818, 4.712220826154246, 3.1412201904090438, 1.570175288841343, 4.712182453464969, 1.5707604112202267, 6.469720867567285e-05, 4.709448046801178, 1.569238307071207, -0.0002752464164728552, 3.1416211975802018, 4.7120625787562265, -0.00040263103060012473]",0.0
267,1.1299409008611323,"[4.711857299576911, 1.5703665987319262, -0.0006382141083047365, 3.1415818989411, -0.0005300468351496203, 3.1408902682513626, 3.141245268754138, -0.0001934223681560567, 3.140897367673551, 3.141389303469572, -8.177399593891155e-05, -0.00026857943453816534, -0.0003129368237331682, -0.00046818637501489115, -0.0004651933515069527, 3.5708018642533688, 4.711843451085095, 1.5709557574207182, 4.712199504143414, 1.5708037967650887, 3.141288821194881, 1.5704619612884616, 3.1477192521058384, -0.0024293265329021966, 4.711327330459811, 4.712003308127441, 1.5707888021898546, 1.570795243342366, 4.712232509010569, 3.1412175298533414, 1.5702132803878128, 4.7122126066144645, 1.570721843894516, 9.819438052699773e-05, 4.7094774561213635, 1.5692599751595364, -0.00018031126993326975, 3.14167525174353, 4.712058141018437, -0.0004194518380876686]",0.0
268,1.129172789297892,"[4.711833130617349, 1.570365385822802, -0.0006436971983185896, 3.141590732443386, -0.0005987178382239662, 3.1408683830170943, 3.1412314287507037, -0.00020299334225136912, 3.140954823281815, 3.141383408965969, -8.644670093551442e-05, -0.00023341102005625634, -0.00035926016654353794, -0.0004670240645501893, -0.0004120266188232811, 3.570784561052939, 4.7118253693905725, 1.5709142139234182, 4.712218417072695, 1.5707909155056219, 3.141402078504181, 1.570628113101146, 3.147735967480541, -0.00246020571358083, 4.711289288369692, 4.711996000170003, 1.5707826505624773, 1.5707964954003009, 4.712221974385779, 3.141201593658395, 1.5701863649552317, 4.7121925292675675, 1.5707143272224304, 7.058529120890556e-05, 4.709472554045911, 1.569230155033236, -0.000259118641796539, 3.1416302782931442, 4.712079332785191, -0.00039158443369474347]",0.0
269,1.128270258211085,"[4.711840608592506, 1.5703337007893639, -0.0006747367929746918, 3.141576858585335, -0.0005065659446974244, 3.1408908713665658, 3.1412526784649595, -0.00020686755247754576, 3.1408967418846334, 3.141379825397766, -8.997869444423257e-05, -0.0002264119640985089, -0.0003468791102231974, -0.0005121279202106656, -0.0005123305064077503, 3.5708685179422317, 4.711835003940895, 1.570932894503582, 4.71218587703624, 1.5708138519731745, 3.141441548915185, 1.5706566101480506, 3.147822767441073, -0.0025160643462280702, 4.71132676124026, 4.711923559481759, 1.57080434835922, 1.5707932585030606, 4.712180364332014, 3.141268619604945, 1.570180218476172, 4.712204958075817, 1.570705870385331, 0.00011708413397381897, 4.709380285780406, 1.5692227902682105, -0.00022392254601052346, 3.1416688856955894, 4.712047427519584, -0.0003871391985234177]",0.0
270,1.129537642290431,"[4.711856820067806, 1.5703628933647695, -0.0006359179622496191, 3.141591017034508, -0.0005520608354154628, 3.1409306598257833, 3.1412485102507706, -0.00023074550562246054, 3.1409948998852033, 3.141306578663821, -8.253376731691109e-05, -0.000222825718520963, -0.0003936020061181419, -0.00043070506506009715, -0.00047025577543751123, 3.5708016352121414, 4.711829361988307, 1.5709528343684338, 4.712211713210584, 1.5707971720541452, 3.1413727617042153, 1.570621159845849, 3.147773590284925, -0.0024571746900436445, 4.711312220032196, 4.7120162203466744, 1.570794672099855, 1.5708017960748557, 4.712227704980686, 3.141225079431901, 1.5701860618464238, 4.712201742736366, 1.5707189864137583, 9.050843900841187e-05, 4.709467750398301, 1.5692593400187258, -0.00024422145757592293, 3.141655025106313, 4.712065858708568, -0.0003764200017082771]",0.0
271,1.1303825650099952,"[4.7118666700434755, 1.5703636096469002, -0.0006253879654862986, 3.1415754948533143, -0.0006119166019784932, 3.1409650546629013, 3.1412842753269743, -0.0002769740315976843, 3.140946548648114, 3.141448877109941, -7.250775317358263e-05, -0.0002302067288140811, -0.000256366711273518, -0.0004606858909100686, -0.00045314696593951216, 3.57080289390296, 4.7118478160606285, 1.570988103967244, 4.712196383752104, 1.5708010044268406, 3.1414697717562046, 1.570641516699977, 3.147785696074558, -0.0024229750085980814, 4.711365184361707, 4.712034644241639, 1.570782738297184, 1.57078765301006, 4.712232111652627, 3.141231475151725, 1.570194323476812, 4.712208214266155, 1.570710165136247, 0.00013214959754288808, 4.709530565749687, 1.569314285715407, -0.00023617545368595337, 3.1416453567639073, 4.712088688592956, -0.0003384595509600695]",0.0
272,1.1278669996403843,"[4.71184565025085, 1.570347436844184, -0.0006518600701406475, 3.141588886558114, -0.0005655828813809726, 3.1409263815644737, 3.1412148987561213, -0.0002438719047407958, 3.140953595229615, 3.141366302323565, -8.392279419882505e-05, -0.0002279645110999993, -0.00034852106121369684, -0.00046601778258442467, -0.0004932628268990407, 3.570802562815226, 4.711771799906768, 1.5709500870771773, 4.712204571174969, 1.5707977325625915, 3.1414092272970002, 1.570615776456054, 3.147727174847269, -0.0024618458734562703, 4.71130113783783, 4.712010318456722, 1.570731425157609, 1.5708018933317593, 4.712223912912705, 3.1412189127072394, 1.5701748122716523, 4.712214743910766, 1.570740472728938, 7.03079645768107e-05, 4.709445425798751, 1.569282998557822, -0.0002262257095832966, 3.141610552220724, 4.712092818055314, -0.0004232883428356508]",0.0
273,1.127751782905898,"[4.711824747271621, 1.5703403437215413, -0.000702072495631642, 3.1415676794167435, -0.0006011292154862758, 3.140930509306251, 3.141158593802866, -0.000249116755527811, 3.14093636834245, 3.1413413271353785, -7.588683371167564e-05, -0.0002724258031740355, -0.0003444758294223219, -0.0004828912978998569, -0.000572205807397681, 3.570805404862481, 4.711906760778931, 1.570970428740913, 4.7121821371257795, 1.570801505596894, 3.141398579423401, 1.5706627407077212, 3.1476462637485296, -0.0024665437456697914, 4.711309389129755, 4.711986790952193, 1.5708373990982267, 1.5707672439933593, 4.712238860174133, 3.141214385056161, 1.5701952954416991, 4.712185100848609, 1.5707165913550523, 5.304271112107989e-05, 4.709520687188272, 1.5692522534252689, -0.0002926903250585455, 3.1416567384968235, 4.712036729437412, -0.0004268669456413541]",0.0
274,1.1269068601863341,"[4.711854203001079, 1.5703162538276472, -0.000666987493646628, 3.1415909563309823, -0.0005766930206140852, 3.140921738804729, 3.1412316674361427, -0.00023792403291675174, 3.1409578641248914, 3.141369329888459, -5.488209105861298e-05, -0.0001996663294030539, -0.00033876778362836247, -0.00045343924586643575, -0.000466363313663221, 3.570803224671509, 4.711836560694051, 1.5709551349359732, 4.712209205797, 1.5708009561510505, 3.1414014544357176, 1.5706163731647602, 3.147765777251413, -0.002391958451845498, 4.711248447766218, 4.711976003355716, 1.5707917884913216, 1.570805294004835, 4.712240329547648, 3.141235217276282, 1.5702218417346878, 4.712215062254708, 1.570746106318311, 6.794855126833145e-05, 4.709456559532868, 1.5692434927557501, -0.0002439753443670032, 3.141641709884446, 4.712059356518361, -0.0004077016780505944]",0.0
275,1.128385474945571,"[4.711847150966172, 1.5703640245914718, -0.0006250289529979659, 3.141577033212108, -0.0006583511633509564, 3.1408893820249077, 3.1412034179824717, -0.00028346994875040035, 3.140974600787304, 3.1413641745011542, -9.415790155499959e-05, -0.00024109084753312355, -0.0003268654986144948, -0.00044721692268367145, -0.0004742942470499118, 3.570801746640283, 4.711844377645023, 1.5709685737207622, 4.7121899426952, 1.570810189806691, 3.1413837753111618, 1.5706181611819334, 3.147803901969954, -0.002510437863170692, 4.711363502475394, 4.712039297932242, 1.5707934167086255, 1.5708006051161145, 4.7122854341897, 3.141200626503197, 1.5702983086185476, 4.71225600389853, 1.5707792821571567, 6.807217946935933e-05, 4.709381650182087, 1.5691946305034072, -0.00024418711061990607, 3.1416192112995693, 4.71204484943143, -0.00045335409731342516]",0.0
276,1.1302289426973473,"[4.711841933558517, 1.570354886848754, -0.000658964269713421, 3.141594010443268, -0.000601727025234019, 3.1409596292023103, 3.1412612721327333, -0.0002669516676445548, 3.140966596702548, 3.141371899041407, -7.099768347463275e-05, -0.00022750616215712943, -0.0003630262985365516, -0.00046893024482533925, -0.00044763832758500295, 3.5707994655746824, 4.711833348263202, 1.5709246942015689, 4.7121701898916895, 1.5708044133341879, 3.1414060958209884, 1.5706004703027077, 3.1477268748392335, -0.0024686303678559123, 4.711302781378038, 4.711982102247971, 1.5707874223899707, 1.5707974978979755, 4.712220533540486, 3.1412330152008514, 1.5701577262252333, 4.712190849639573, 1.5707905659244474, 6.506083795376896e-05, 4.709460835799183, 1.5692179598369127, -0.00021517574643569476, 3.141664945256414, 4.712052243814274, -0.0004069388544823284]",0.0
277,1.1300177120174562,"[4.711850944711817, 1.5703560534065786, -0.0006397848553583407, 3.1415761682355803, -0.0005634901387229679, 3.1409187479081284, 3.1412326677211544, -0.00023837906343435758, 3.1409621342155902, 3.141392246318062, -8.115136596372605e-05, -0.00022017804419882084, -0.00035605668216937973, -0.00044724836666458544, -0.00046218524504948916, 3.5708131656970146, 4.711837913621718, 1.5709497846054696, 4.712191912764791, 1.5708024581248923, 3.1413865559768213, 1.5706293811458603, 3.147741997217553, -0.002451606789405674, 4.711302942010644, 4.712008347081002, 1.570790418665002, 1.5708045712527674, 4.712223787224964, 3.141215951530388, 1.5701962895664108, 4.712160556636802, 1.5707528927042675, 7.951423352229811e-05, 4.709447227818439, 1.5692609712580359, -0.00024336269154323013, 3.1416388001104005, 4.712058849714139, -0.0004158501087367859]",0.0
278,1.1301329287519422,"[4.711856479457806, 1.5703469983624203, -0.000642511829600427, 3.141561767086886, -0.0005660503669886695, 3.1409261207083303, 3.141250113974912, -0.00021323733916135592, 3.140959703254053, 3.141314643798297, -8.469438000455586e-05, -0.00022355112000577783, -0.0003187913451337123, -0.00046379189997966725, -0.00044790630635945026, 3.570780137628021, 4.711848991654984, 1.5709600620813928, 4.712233253126444, 1.570807571000211, 3.141464886582171, 1.5705906907086022, 3.14771957731127, -0.0024500875679419713, 4.7113113068679615, 4.7120016067681485, 1.5707945302931965, 1.570793897526103, 4.712227511529856, 3.141226150454524, 1.570205286636678, 4.712162848297962, 1.5707437724879731, 6.69689722219227e-05, 4.7094228084158445, 1.56925975786524, -0.00023889659212568268, 3.1416364062276885, 4.712059641334211, -0.0004302575757915035]",0.0
279,1.1275981605932501,"[4.711853900786567, 1.5703533013058373, -0.0006356506994798487, 3.1415808806904164, -0.000562732221153626, 3.1409219919498077, 3.1412388186965186, -0.00023532131080741283, 3.140978932358054, 3.1413793564044017, -7.675316747620282e-05, -0.00021683724252386403, -0.00036493155487704506, -0.0004929225780018919, -0.00047534010656296135, 3.5708021912363725, 4.7118376352459475, 1.5709611898060984, 4.712214740405339, 1.570800059268082, 3.1414117337767795, 1.5706065648372887, 3.14774455469786, -0.002450983606547413, 4.711309958259334, 4.712006635954007, 1.5707916392857684, 1.5708041679534237, 4.712225785631239, 3.141217246680901, 1.5701982186708439, 4.7121810447765595, 1.5707429096821275, 7.99592769243891e-05, 4.709469490945262, 1.5692267791186776, -0.00023515740594952248, 3.1416288970018793, 4.712071666643711, -0.00041779367048748315]",0.0
280,1.128212649843842,"[4.711861556304794, 1.570357530053918, -0.0006239604271466551, 3.1415838784809735, -0.0005620124173285043, 3.1409116615434898, 3.141217316019301, -0.00023545930605602225, 3.140976587788973, 3.141383337332366, -7.754292476483311e-05, -0.00021983070979581011, -0.0003679461135488475, -0.0005073549751217815, -0.00044687552503532387, 3.5708012879677247, 4.7118443661221265, 1.5709561823058191, 4.71221425988418, 1.5708022888464943, 3.141413798709846, 1.5706110157897935, 3.1477392699539424, -0.002434041843943736, 4.711307866127365, 4.712015604065437, 1.5707921728825354, 1.5708016098453388, 4.712223826735055, 3.141212853486087, 1.570158249295442, 4.712243731627785, 1.570756672676722, 8.517083035046894e-05, 4.709436120764652, 1.5692843283789262, -0.0002760620862683138, 3.1416650168933895, 4.712011778390506, -0.000428681699052638]",0.0
281,1.128827139094434,"[4.711855960337053, 1.5703505952524606, -0.0006357022560632446, 3.1415894469697707, -0.0005598878049057139, 3.1409218269752244, 3.1412333700484147, -0.00024002185504042408, 3.1409383143003065, 3.1413576055808914, -9.302988142613495e-05, -0.00022818844264128318, -0.0003504244782117019, -0.0004670139065406187, -0.0004568457933964653, 3.5708028522139736, 4.7118401511981185, 1.5709518734052559, 4.712197424517216, 1.5707563254513033, 3.1414106339342807, 1.5706224118162335, 3.147748303245151, -0.002444912867489479, 4.711306763951597, 4.712014295714967, 1.5707921192343817, 1.570807671171233, 4.712226328574196, 3.1412181657670546, 1.5701881790085535, 4.712191005006858, 1.5707554839051823, 7.981205847498427e-05, 4.709463294651107, 1.5692414402182797, -0.00023961551190559714, 3.141635747961058, 4.71205813116114, -0.00042125303679523186]",0.0
282,1.129652859024917,"[4.711853097338614, 1.5703498976498715, -0.0006302772267079187, 3.1416186565985305, -0.0005372008124489342, 3.140910122690006, 3.1412440513594673, -0.0002225416009480409, 3.1409650693326703, 3.1413697457373684, -8.229105767741249e-05, -0.00022204967970427882, -0.00031942224134904386, -0.0004279449082692168, -0.0004742665068568988, 3.5708044641769794, 4.711854296809867, 1.5709628085586351, 4.71220200461631, 1.5708435951339266, 3.141411024041869, 1.5706326272234643, 3.1477316862267135, -0.0024406881967016588, 4.711303433959188, 4.712013967485665, 1.5707910700055123, 1.570802268649758, 4.71223074820661, 3.14120919765566, 1.5701473449831662, 4.712226445565819, 1.5707495926009338, 9.778579782611747e-05, 4.709464856045412, 1.5691980111746087, -0.00024556300895828205, 3.141606114893542, 4.712063235212016, -0.00044169395850013923]",0.0
283,1.1298256841266463,"[4.711845608902825, 1.5703532925022374, -0.0006419659000547916, 3.1415907783278048, -0.0005844115265399228, 3.1409073866296, 3.141262126845307, -0.00022754955734383543, 3.140956200678692, 3.1413698703577086, -9.394464265310373e-05, -0.00021305157331711778, -0.00034772733161241785, -0.00046047833753678455, -0.0004844387477952101, 3.57080291552917, 4.7118384210807, 1.5709531294751655, 4.712214828248302, 1.5708012221949776, 3.1414081829017078, 1.570620850676303, 3.147741406605299, -0.0024546603660056867, 4.7113002249897615, 4.712014117362668, 1.5707907511166987, 1.5708334783842945, 4.712224605332584, 3.1412114287554362, 1.5701833456587444, 4.712192637762313, 1.5707451531043028, 7.09582006041139e-05, 4.709461729719144, 1.5692528120006874, -0.00023279221633267622, 3.1416531954628755, 4.712050767885473, -0.0004243667970349027]",0.0
284,1.125409042638016,"[4.711852656755793, 1.5703654768106161, -0.0006280025308980625, 3.14158860532074, -0.0005419939719562135, 3.140941539952063, 3.141194811034257, -0.00023872726719732215, 3.1409638425031283, 3.141377398374407, -4.1981381203707994e-05, -0.0002578949409517025, -0.0003391556709883536, -0.00045742857486461805, -0.00045134289814407975, 3.57079829422424, 4.711840632071184, 1.5709428739702034, 4.712233013097284, 1.5708018166688955, 3.1414160554300397, 1.570637720975495, 3.147726042153646, -0.0024548679248339125, 4.711311216157792, 4.712001060867802, 1.5707942249563356, 1.5708752531105765, 4.712227108751292, 3.1412176553629862, 1.5702008907194824, 4.712204531104274, 1.570740297653347, 6.766398133391995e-05, 4.709448510010985, 1.5692325959467204, -0.00021367195007441575, 3.1416618627280437, 4.712065591424732, -0.000397849869956676]",0.0
285,1.127578957804169,"[4.711853996908788, 1.5703649256241619, -0.0006285960422967832, 3.1415882877579313, -0.0005316970825649953, 3.1409332646846755, 3.141201451985769, -0.00025998151602681357, 3.140965589840254, 3.1413769931391435, -4.143704571290626e-05, -0.00025667948798956174, -0.0003407995397106013, -0.00045758843506048686, -0.00044954500510937736, 3.5707972824063523, 4.71187228609267, 1.5709350390779095, 4.712232797856998, 1.5708012406193792, 3.1414153889331615, 1.570636739563087, 3.1477299722063985, -0.0024540658581536636, 4.71131305238664, 4.712001353298874, 1.570760130987767, 1.5708748305421147, 4.712226901293124, 3.141220480434178, 1.570200465465508, 4.712204067297189, 1.5707280706576354, 5.4099462286985004e-05, 4.709446877451418, 1.569231921257833, -0.00021985604795221012, 3.1416743533612252, 4.712078604191764, -0.0004070429388315504]",0.0
286,1.1309010403151822,"[4.7118586068834, 1.5703630808082225, -0.0006175833274386198, 3.1415873987538876, -0.0005193190394788221, 3.14092540800822, 3.1412092760414367, -0.0002915723902678293, 3.140961272578307, 3.1413812040625007, -3.7315047521974614e-05, -0.0002596056367231192, -0.00033255214132704665, -0.0004552012695936998, -0.0004493421802189438, 3.5707960514599297, 4.71178956533685, 1.5709318909676147, 4.712228670855675, 1.5708061823157669, 3.141421390680741, 1.5706329659753524, 3.1477203086829375, -0.002445934166808045, 4.7113186437041445, 4.712000518375186, 1.570856145288002, 1.5708720374037373, 4.71222672457858, 3.141216923131457, 1.5702005485435497, 4.712209483515852, 1.5707108717621947, 3.6444442103311315e-05, 4.709448174266517, 1.5692281964610713, -0.00023427905727356642, 3.1416833448452786, 4.712090405976431, -0.00042340567622187414]",0.0
287,1.1298036551372226,"[4.711831031700701, 1.5703858261537624, -0.0006296342880017611, 3.141587511501689, -0.0005337252002747659, 3.1409519277483477, 3.141206505629129, -0.0002384282514678541, 3.140965412814451, 3.141374131019684, -4.707149535250099e-05, -0.00026308900246361, -0.0003399194384147344, -0.00046063029050003414, -0.00044727284351572946, 3.570833927060194, 4.7118403176377255, 1.5709383396263978, 4.71223368983535, 1.5708005403087766, 3.1414241714033158, 1.5706330333458032, 3.1477210370802533, -0.002450000287149192, 4.711302955300522, 4.711996509326719, 1.5707926960552934, 1.5708759226717826, 4.7122504821724815, 3.141202852622843, 1.570208326233031, 4.712209453154077, 1.5707401753797234, 6.688913934906751e-05, 4.7094490488233225, 1.5692348580583164, -0.00022050147408435194, 3.1416583445880963, 4.712066460983265, -0.0003965829844041838]",0.0
288,1.1299216980720512,"[4.711898340674834, 1.5703175311013111, -0.0006073575051767537, 3.14158842203465, -0.0005560226940361715, 3.1409566470231183, 3.141206246321552, -0.00021136031191781215, 3.140957414499103, 3.141382668882634, -2.4901613221992097e-05, -0.0002539199354011032, -0.000351793276772184, -0.0004547555759300109, -0.0004408493673485081, 3.570848886076848, 4.711844618212605, 1.5709362583042434, 4.71222980025964, 1.5707999622320314, 3.1414167603730405, 1.5706411104497837, 3.1476915500866327, -0.0024765859891107338, 4.711307966113416, 4.7120364229382465, 1.5707923856484525, 1.5708677043132224, 4.712204138965179, 3.1412305554332876, 1.5702222419170428, 4.712228052853971, 1.5707280328719027, 4.6120890906888185e-05, 4.70945013086598, 1.5692247824077836, -0.00021296563015033487, 3.1416574664756927, 4.712066839337047, -0.0003878355286050502]",0.0
289,1.129480950740883,"[4.711871976071248, 1.570378306409518, -0.0006467159047440906, 3.1415880346570093, -0.0005425344409096362, 3.1409305914444112, 3.1412020299146692, -0.00024052399068986345, 3.140958657728447, 3.141376620597133, -3.578446948292389e-05, -0.0002530883386854975, -0.0003405926157269506, -0.00045970895431733953, -0.00045977443105951136, 3.5707993425935602, 4.711840011559766, 1.57095314788645, 4.712233546853054, 1.5707963801950717, 3.1414147268089008, 1.5706407955666652, 3.147714390870664, -0.0024388888641935676, 4.7113211639702355, 4.712005866465917, 1.5707930414424534, 1.570872754230885, 4.712225344970063, 3.141196623521981, 1.5701955495305135, 4.71220544994501, 1.5707495128583504, 6.305302178493373e-05, 4.709427863585231, 1.5692222236575761, -0.00021570709140046067, 3.141665610074033, 4.712074609072747, -0.0003731345168985645]",0.0
290,1.1281934470547612,"[4.711915854916455, 1.5703949040125322, -0.0006596924862642289, 3.141587879253451, -0.0005377722403185042, 3.1409595134408836, 3.1411817244868097, -0.00023855065571824335, 3.1409507891753994, 3.141372431900105, -2.507058829781445e-05, -0.0002350813441097447, -0.00033521441245895796, -0.0004574215589286952, -0.00044255422443282465, 3.5707912673243465, 4.711840893448601, 1.5709248255705661, 4.712232161362927, 1.5708115596675871, 3.1414222192395638, 1.5706339976594113, 3.147750532941888, -0.002492190466372987, 4.711292379695925, 4.711985560501915, 1.5707956788888382, 1.5708771476543735, 4.71223052428216, 3.1411750923467623, 1.5702076409138683, 4.712205407439146, 1.5707294379319634, 7.675112229912087e-05, 4.709478721417157, 1.5692447608800373, -0.00020787701455104128, 3.141655269545283, 4.712052303865669, -0.0004283343044691146]",0.0
291,1.1290383697743251,"[4.7118495780651966, 1.570366527512642, -0.0006350142762822676, 3.141589124898036, -0.0005455497881756784, 3.14094408264115, 3.1411919744115866, -0.00023906127234812392, 3.1409661774791227, 3.141376792875497, -4.792036335689886e-05, -0.00025078454355328733, -0.0003420272121286489, -0.0004616547002428361, -0.00044841858961638937, 3.570797441111977, 4.7118618711966, 1.570939035848135, 4.712219528278432, 1.57080224466904, 3.141413902780875, 1.5706254540808864, 3.147728127787117, -0.0024590865969935575, 4.711310369918096, 4.711999049248581, 1.5708147230522183, 1.570895330399229, 4.712218569458065, 3.141220986718788, 1.5701948153515772, 4.7122159189793855, 1.570741759366604, 6.295407503739127e-05, 4.709439970085298, 1.5692497904385316, -0.0002165314565500966, 3.1416372025050707, 4.712089580442122, -0.0003931022588795704]",0.0
292,1.128731125149029,"[4.711845113289528, 1.5703516658479024, -0.000616531776645905, 3.1415857335776347, -0.0005306802557424766, 3.1409425857216022, 3.141171030436418, -0.00023975110613947047, 3.140961649802158, 3.1413715360892196, -5.101706263398299e-05, -0.00024918299040956504, -0.00032332859342877113, -0.0004596791277716376, -0.0004618286433599284, 3.570775598528586, 4.711813665517902, 1.5709467495083038, 4.712207645116298, 1.5708135048000278, 3.141425144623341, 1.5706086200841587, 3.147730877730024, -0.002465237868295201, 4.711308087785803, 4.712000613739851, 1.570764595095171, 1.5709157430910046, 4.7122103768993515, 3.1412302400701435, 1.5702189286177881, 4.71218938274421, 1.5707473967471746, 8.079738645909294e-05, 4.7094697233082545, 1.5692057036712654, -0.0002688604836368712, 3.14166168630367, 4.712030341323996, -0.0003669796038847673]",0.0
293,1.1299216980720512,"[4.711858036902842, 1.5703612963977192, -0.0006354032839232999, 3.1415871249444285, -0.0005322800207683493, 3.140938094315602, 3.1411887848988127, -0.0002360812244948221, 3.140979816231911, 3.1413723556535866, -6.817002643771426e-05, -0.000280679091962215, -0.0003510350251236134, -0.00045773798631679186, -0.00045555824087600957, 3.570798308372242, 4.711839127168663, 1.570937667309295, 4.712234727721745, 1.5708020318085305, 3.14141129175152, 1.5706343152322015, 3.1477247546534297, -0.002453685780035649, 4.711285508958786, 4.711999985829307, 1.5707954445541787, 1.5708775187728214, 4.712208714121941, 3.1412060025357955, 1.5702062641094006, 4.712203960355357, 1.570747985599464, 5.96245353229608e-05, 4.709435844543514, 1.5692212071918799, -0.00020862380098058412, 3.1416633165507575, 4.712061400625047, -0.0004091242770884312]",0.0
294,1.130113725962861,"[4.711859387265574, 1.5703627673692642, -0.000623050798474817, 3.1415861143835193, -0.0005626291661010638, 3.1409657673676254, 3.1411995137735906, -0.00025233423260865434, 3.14097754605786, 3.141415499589816, -6.239208788934606e-05, -0.00029633369691612255, -0.00029706869928599537, -0.00045462147822613794, -0.000450585690898863, 3.570781723942203, 4.711845754418936, 1.5709590123523987, 4.712242194918738, 1.5708062697148, 3.141444836117683, 1.5706516506275054, 3.1477553321027365, -0.002442518136175622, 4.711319622245298, 4.712011072345869, 1.5707937543326411, 1.5708489201471134, 4.712212045194903, 3.141223518105681, 1.5702078199125846, 4.71221759980352, 1.5707257573218296, 9.51194808360461e-05, 4.7094812599788245, 1.5692572062717463, -0.0001945086611004578, 3.1416720657534003, 4.712070568196526, -0.0003646534543634176]",0.0
295,1.1272909159679538,"[4.711853232421121, 1.5703614930167846, -0.0006272862301934975, 3.141589139894983, -0.0005538324935428857, 3.1409361378636063, 3.141181563664185, -0.0002544706689494044, 3.1409674028952694, 3.1413788785751, -4.262143415721544e-05, -0.00025040615125169, -0.00036307848971769746, -0.0004395360949228789, -0.00045431535274119915, 3.5708089320426812, 4.711841134848607, 1.5709427044365973, 4.712246640880868, 1.5708015442075896, 3.1414510574110937, 1.5706500870781939, 3.1477345469900646, -0.002456188571712012, 4.711308058624262, 4.712000930265036, 1.5707955959203397, 1.570877858266733, 4.71222534187408, 3.141218820911689, 1.5701901999649817, 4.71219725122157, 1.5707486426950108, 6.649678485620826e-05, 4.70944957936624, 1.5692304365906664, -0.0002208557442624378, 3.1416540177840235, 4.712065192544639, -0.0003945240742927208]",0.0
296,1.129633656235836,"[4.711849696064156, 1.5703634237494275, -0.0006216196163771205, 3.141590148540835, -0.0005415817098635418, 3.14091323718741, 3.1411644854178924, -0.00023415630352101609, 3.140923943013653, 3.14139012006656, -3.1261007039162314e-05, -0.00027133318913646665, -0.0003563358922528234, -0.00043046507584531136, -0.00045991148392900973, 3.5708075499817706, 4.711846969714414, 1.570947169013195, 4.712259862519843, 1.5708074387598385, 3.141399051423889, 1.5705593572277243, 3.147725474235199, -0.002448308202747146, 4.711327681478704, 4.711992253916363, 1.5707976897577554, 1.5708623536675035, 4.712235552828583, 3.1412312281873342, 1.5701941894117446, 4.7122064743023895, 1.5707409297688801, 8.167187963399818e-05, 4.709463329329381, 1.5692350324482072, -0.00018025403039041582, 3.1416732886399834, 4.7120565339442715, -0.00040017985108308277]",0.0
297,1.1278646291908514,"[4.711863848629854, 1.5703804176957616, -0.0006381198545935068, 3.1415760907799517, -0.0005428388902686733, 3.140939134614939, 3.1411929485024497, -0.00024036598056311788, 3.1409626081817654, 3.141382503022611, -4.700571810162024e-05, -0.0002597635496309903, -0.00033836376487834057, -0.0004611716259867431, -0.0004543855364999553, 3.5707951502712416, 4.711840182879937, 1.5709378439752797, 4.712231388097031, 1.5708016984693356, 3.1414178472938143, 1.5706363129794148, 3.147722936146261, -0.0024589957133935147, 4.7112895521551446, 4.712026747943124, 1.570796898248141, 1.5708782366378646, 4.712249548392159, 3.1412477074016225, 1.5701912432490708, 4.712202382242372, 1.5707317823711329, 7.724890084336757e-05, 4.709440934621382, 1.5692240811391376, -0.00021270173951668856, 3.141663362769603, 4.712066422346408, -0.0003951417300837188]",0.0
298,1.1293264116105401,"[4.711824746674313, 1.5703186933243272, -0.0006079438488914486, 3.141568612734671, -0.0005159317381839838, 3.140932043600709, 3.141178124570584, -0.00022856969255275812, 3.140964456610293, 3.141372443367773, -2.3764556589076272e-05, -0.00023819978586099675, -0.00032630843596827627, -0.00047333201217971305, -0.0004604893174551045, 3.570774823894104, 4.711845642183664, 1.5709314860938222, 4.7122300760150955, 1.5708039713125919, 3.1414161705987724, 1.5706488966521852, 3.1477459555236083, -0.0024846460797608152, 4.711293373683317, 4.712023573848047, 1.5708025876254978, 1.5708574304043064, 4.712263898135711, 3.1411818385946217, 1.570182720191419, 4.712202798629395, 1.5707662552439414, 5.006621018475474e-05, 4.709454258784849, 1.5692376230684295, -0.0001894779281056135, 3.141676258764489, 4.712071300420057, -0.0003742327667426781]",0.0
299,1.127674971749574,"[4.711840868248543, 1.5703522002014094, -0.0006603133008984147, 3.141591419143235, -0.00053080427353598, 3.140938922390022, 3.1411991583618226, -0.00024597817666493875, 3.140981701912199, 3.1413861444916322, -3.6930367810928206e-05, -0.0002534368512202208, -0.0003342764501994319, -0.00045031851555648125, -0.00044464590648053345, 3.570798546187844, 4.711839895841819, 1.5709374419839663, 4.7122393390186215, 1.570785934549329, 3.141416549281328, 1.5706319402452886, 3.1477223384079758, -0.0024602799098003857, 4.711324196985294, 4.7120117428957675, 1.5707958205824188, 1.570876659062331, 4.712225942846322, 3.141216613086313, 1.5702006162991382, 4.712205854211923, 1.570727946664449, 6.705340471655059e-05, 4.709446961950441, 1.5692318605154452, -0.00020727403470116896, 3.1416486754838004, 4.712042512116548, -0.00039696974294910296]",0.0
300,1.1289999641961632,"[4.711863618031515, 1.5703925090671533, -0.0005707471055516758, 3.1415931224312375, -0.0005482980568848196, 3.140937377061778, 3.1412025888402413, -0.0002477546537824296, 3.1409800689069267, 3.14138262154631, -2.524291296775623e-05, -0.0002502186050505527, -0.00032511313157865794, -0.00045130744184081824, -0.00048359988880834087, 3.5707825278216854, 4.711847119915313, 1.5709347308064243, 4.71223359361655, 1.5707681744511974, 3.141410020352842, 1.5706405716866558, 3.1477147323280095, -0.002461679915838843, 4.711292428994737, 4.711960265315036, 1.5707931992013693, 1.5708619420315084, 4.712227953009414, 3.141226883768127, 1.5701939279452044, 4.712205466623188, 1.570718702450977, 4.505446712711346e-05, 4.709432672445771, 1.5692331200568268, -0.0001977007315946538, 3.14162534336913, 4.712026652562882, -0.0003812529868233504]",0.0
301,1.1312850960968022,"[4.7118533244103205, 1.5703644829402315, -0.0006272787595566155, 3.141587417308176, -0.0005269398893515515, 3.140936591739488, 3.1412106948503333, -0.00024378107069706497, 3.1409587397355647, 3.1413848710805294, -4.5630734731397334e-05, -0.000254678093868791, -0.0003538386944535835, -0.0004507669174289204, -0.0004575910742917532, 3.570780084346416, 4.711843297416085, 1.570927420287208, 4.71223940317823, 1.5708012042485762, 3.1414215905327563, 1.5706436443004113, 3.147705916572216, -0.002461540840460281, 4.71131105084044, 4.711994843412956, 1.5707959374618592, 1.5708723114696699, 4.712231038128129, 3.1412215849591543, 1.5702246006707574, 4.712219244886238, 1.5707568432867502, 8.840609692738714e-05, 4.7094517205039965, 1.5692396585790387, -0.0002157865921652433, 3.1416608755303095, 4.712069315733084, -0.0003945188731594631]",0.0
302,1.1293619909883594,"[4.711835428204101, 1.5703694458660742, -0.0006297609842681755, 3.1415918108766854, -0.0005371700900732135, 3.140991909887965, 3.1411926108293073, -0.0002066849209377139, 3.140933992211548, 3.1414073964421534, -5.7104324990354026e-05, -0.00024709370431595776, -0.000382070283682798, -0.00044217354964397153, -0.00044710115860388967, 3.5707570025276065, 4.711839138140506, 1.5709716061377286, 4.712217813417323, 1.5708069609953865, 3.1414276017684166, 1.5706423893072576, 3.147734754877642, -0.0024474202276916156, 4.711322650550911, 4.712001446312474, 1.570790703335987, 1.5708697385216832, 4.71224165211847, 3.1412120349702866, 1.5702035613274754, 4.712214498542731, 1.5707048827083694, 3.268106559290909e-05, 4.7094318432462225, 1.569217947839558, -0.00021377850087567256, 3.1416670734540664, 4.712057545594144, -0.0004074562664409711]",0.0
303,1.1305553901117242,"[4.711854262280137, 1.5703707959505357, -0.0006189117633960716, 3.1415887658522914, -0.0005676268654076651, 3.1409424936528083, 3.14118676905514, -0.00025194201168487324, 3.140978823918415, 3.141373334331849, -4.23081022739334e-05, -0.00026012358778785064, -0.0003368482711815561, -0.00044483231520279305, -0.0004440245571664195, 3.5707856498763277, 4.711841319123558, 1.5709492477031892, 4.712234181192279, 1.5708008953110544, 3.141405292888681, 1.570630253888781, 3.1477213818477274, -0.002451968761157024, 4.711316419457347, 4.712022158811605, 1.570791504962449, 1.5708768636963677, 4.712245352105867, 3.141205423733147, 1.570219855993673, 4.712212886130686, 1.5707527156641676, 5.89481994122438e-05, 4.709450924133423, 1.5692293507503392, -0.00021712499691858362, 3.141653008750311, 4.712065855326154, -0.00040857285245032333]",0.0
304,1.1287119223599482,"[4.711842443515278, 1.5703642449645097, -0.0006358813613108965, 3.1415899494858874, -0.0005621755286987086, 3.140921247067513, 3.141181275839507, -0.00023933072388930625, 3.1409498462542804, 3.141369726409843, -4.1667502113253766e-05, -0.00026402132381898326, -0.000326542356947632, -0.00047462771707982795, -0.0004642214752809137, 3.5708182991697277, 4.71183839639036, 1.5709437051713573, 4.71222605358559, 1.5708129837360376, 3.141412528700671, 1.5706597474733246, 3.1477764650309075, -0.0024971129790418187, 4.7113448958862945, 4.7119797562653405, 1.5707980009322107, 1.5708640987390865, 4.712230950797027, 3.141237377780057, 1.570233708409056, 4.712229516399487, 1.570737461176593, 8.028605465290642e-05, 4.7093982073394125, 1.56920592849469, -0.00021093693311987903, 3.1416663581055357, 4.712058728758236, -0.0004076657163773634]",0.0
305,1.129172789297892,"[4.711858275986874, 1.5703669847813324, -0.0006200887404026474, 3.1415876143920523, -0.0005423346827401416, 3.1409498404850655, 3.1411967094852793, -0.00022617891483245445, 3.140967602877319, 3.1413810099068984, -4.3800200693857835e-05, -0.0002529938536315069, -0.00033746998936077355, -0.0004567203573474065, -0.0004589941039627472, 3.570797917306399, 4.711835053619701, 1.570899946204185, 4.712234117072021, 1.5708037677228768, 3.141419959187563, 1.5706326545448266, 3.1477428831585668, -0.002431029685703238, 4.711327323119065, 4.712011205946039, 1.5707909873836088, 1.570878403743161, 4.712226290140781, 3.1412165216235564, 1.570200353251943, 4.71220122004327, 1.5707443571821813, 6.761770880479888e-05, 4.709441156113273, 1.5692293474056132, -0.00021078653507184815, 3.1416584628601862, 4.712066107852245, -0.0004013493480605985]",0.0
306,1.1297296701812412,"[4.711837864461882, 1.5703627625812282, -0.0006567274463095198, 3.141588661729759, -0.0005624964384852875, 3.140953936199098, 3.1411507730086017, -0.00022880669411287752, 3.140957611982503, 3.141354820199061, -3.4243830234143564e-05, -0.00027708477523628763, -0.0003358635816011594, -0.00047161924852808407, -0.0005054091487898015, 3.570797508328392, 4.711866261424137, 1.5709242941314712, 4.712229293711832, 1.570804280583041, 3.141406323734521, 1.5706653870462555, 3.147687879098857, -0.002446115247179308, 4.7113259980101265, 4.71199360764187, 1.5708128783540904, 1.5708525460111917, 4.712228735405554, 3.141223833586967, 1.5701968255624263, 4.712194862874061, 1.5707241985879425, 5.740917798133984e-05, 4.709481908498527, 1.5692370584781115, -0.00024041554144671947, 3.141671240300953, 4.712059597210235, -0.0004069609725004101]",0.0
307,1.1294416283450261,"[4.711848706783849, 1.5703655710678865, -0.0006369949059186569, 3.1415934583386127, -0.0005588973563791983, 3.140961322637982, 3.141205798759282, -0.00025419064565512637, 3.1409668825583337, 3.141375263237464, -3.654572499323916e-05, -0.0002630197239176494, -0.000343178796438912, -0.00045785550880755096, -0.00044161076357874965, 3.57079507102661, 4.711839027934326, 1.5709282612739113, 4.712214690981793, 1.5708095214464661, 3.1414182479264485, 1.5706262218987357, 3.14771803622812, -0.002465859333453967, 4.7113113645311495, 4.711988187881641, 1.5707935309022052, 1.5708658934320763, 4.712225348589014, 3.141224571140354, 1.5701846387260407, 4.712207276765953, 1.570758686292747, 6.195311653358692e-05, 4.709448741460511, 1.5692192018962543, -0.00020409450477576843, 3.1416739959101534, 4.712061099715194, -0.00039020737194681607]",0.0
308,1.1310546626278302,"[4.711843140268902, 1.5703634468322145, -0.0006189681184341542, 3.1415981342760393, -0.0005379853609115148, 3.1409390445594854, 3.141192365284115, -0.00021326783704067966, 3.1409693311085567, 3.1413617667038305, -1.202684620962777e-05, -0.0002368437856325207, -0.0003349701799380308, -0.00048454675191531086, -0.00041592237919757844, 3.5708002349084444, 4.711818320293916, 1.570982838365177, 4.712254778348508, 1.5707932146726862, 3.1413946221606404, 1.5706723861594214, 3.147732139911637, -0.002436090078240997, 4.711310881267527, 4.711982871281226, 1.5707784003723555, 1.570894678431449, 4.712207392840945, 3.141248702950903, 1.570175287991445, 4.712179036937365, 1.570743479882432, 8.620487392498703e-05, 4.709465635103476, 1.5692394874304454, -0.00019740922396672985, 3.141666858084323, 4.712073963080708, -0.0004289439314676615]",0.0
309,1.127674971749574,"[4.711847898512348, 1.5703644618214154, -0.0006234853246661084, 3.1415933697983895, -0.0005399896664338641, 3.140940292255774, 3.141193588159186, -0.0002259975521190009, 3.1409665868058427, 3.141369582539119, -2.7004113706667882e-05, -0.0002473693632921116, -0.0003370629254631922, -0.00047098766338996446, -0.0004336326386708291, 3.5707992645663422, 4.71182947618255, 1.5709628561676903, 4.712243895722896, 1.5707975156707907, 3.14140533879534, 1.5706550535674582, 3.1477290910326414, -0.0024454790015374546, 4.711311048712659, 4.711991966074514, 1.5707863126643455, 1.5708849657710129, 4.712217250796118, 3.1412331791569446, 1.5701880893554636, 4.71219178402082, 1.5707418887678897, 7.693442762945349e-05, 4.709457072557231, 1.5692360416885829, -0.0002055405870205728, 3.1416643604061836, 4.71206977725272, -0.00041339690071216876]",0.0
310,1.1276557689604931,"[4.7118497208289485, 1.570367432341326, -0.0006280687625405336, 3.1415945443578144, -0.000541756328945734, 3.140944656583653, 3.1411926882338186, -0.00024039825136050095, 3.1409607539335087, 3.1413921181303084, -4.367923662579712e-05, -0.00025557249755423926, -0.00035082102234358946, -0.0004582773645004843, -0.0004564069107138278, 3.5707992908762574, 4.711838126611042, 1.570944282909457, 4.712227460909998, 1.5707971428452774, 3.1414055489147237, 1.5706441118768977, 3.1477320095034322, -0.0024535091911852365, 4.711310139739694, 4.712002834766973, 1.5707928910824311, 1.5708801312325216, 4.712228025877613, 3.1412152823171513, 1.5701980815292595, 4.712213213754328, 1.5707383899830905, 6.585403449102971e-05, 4.709455816383339, 1.5692267019794381, -0.0002125855088944204, 3.1416632333628116, 4.712065429161546, -0.0003967393074358674]",0.0
311,1.1292303976651352,"[4.711845822017086, 1.5703653775699562, -0.0006290670640100338, 3.141584730857791, -0.0005373335244404096, 3.1409644278868902, 3.1411955956983952, -0.00021847464006230174, 3.140949624580164, 3.1413796052576806, -4.8123112903184726e-05, -0.00025364193351375353, -0.0003512338157369956, -0.0004496127755660796, -0.00044392261920246813, 3.570775977621326, 4.711841923830144, 1.5709599445940543, 4.712231167258426, 1.5708084967129934, 3.141432176949333, 1.570635949994724, 3.147725364322341, -0.002452520257801508, 4.711317466750229, 4.71199819284902, 1.57079352948781, 1.5708682864893948, 4.712232808623391, 3.141217916625826, 1.5702042338295428, 4.71220083038271, 1.570721428414536, 5.163252681742998e-05, 4.709432885207756, 1.5692312227989325, -0.0002146836734697819, 3.1416635603694125, 4.712061729853519, -0.00040428584551957937]",0.0
312,1.1286351112036241,"[4.711851620920601, 1.5703653540653633, -0.0006268571200183605, 3.141570043374493, -0.0005390793303374257, 3.1409412415016535, 3.14119673237771, -0.00023714698810500982, 3.140964034148415, 3.1413767762143463, -4.169672550715701e-05, -0.00025771635582140295, -0.0003343748299396348, -0.0004477387483375952, -0.0004514542869106341, 3.570799534294203, 4.711842620289559, 1.5709448781064712, 4.712231466579346, 1.5708060942294666, 3.1414143504234313, 1.570640814781178, 3.1477246828154017, -0.0024526801831415215, 4.711313806514558, 4.711998137369138, 1.570793580668285, 1.5708744347993515, 4.712224043238862, 3.1412156964303506, 1.5701921181874792, 4.712214744115546, 1.570740789347144, 7.131616453176704e-05, 4.709452281292455, 1.5692225878651067, -0.0002151664922171532, 3.14165599555235, 4.7120660017994105, -0.0004030811765959476]",0.0
313,1.1298256841266463,"[4.711856479054999, 1.5703621628450626, -0.000622624852609328, 3.1416295544761597, -0.000527448677272146, 3.1409369333767367, 3.141194432362028, -0.00023527886682070623, 3.140964666325872, 3.1413764385120975, -4.143524804133697e-05, -0.0002619353254862101, -0.0003272430994245087, -0.0004474305320995482, -0.0004515745965675908, 3.5707982190401633, 4.711848163895414, 1.5709464367239276, 4.712226505216236, 1.57082355704273, 3.1414194284228607, 1.5706421355541071, 3.1477220880326215, -0.002453329853671365, 4.711309844817108, 4.71200738209904, 1.5707963389112505, 1.5708669037830378, 4.712234388049302, 3.1412155932659545, 1.5701879488022934, 4.712206071931992, 1.5707400343662385, 7.81606632069667e-05, 4.709446403938345, 1.5692200665837035, -0.0002169694389855327, 3.1416479772389696, 4.712066303448157, -0.0004039082221202444]",0.0
314,1.1309586486824252,"[4.711857164818018, 1.5703643391963018, -0.000626673765253635, 3.1415883026332265, -0.0005331400959354357, 3.1409539906516164, 3.1411973276143077, -0.0002449360079340194, 3.1409695206872894, 3.1413667274884305, -4.1248384319683935e-05, -0.00025513776595768205, -0.0003428917844758682, -0.00045250046539736257, -0.0004635990930379007, 3.570802196538414, 4.711841969745407, 1.5709510994688283, 4.712231556293588, 1.5708026325503164, 3.1414123763092623, 1.5706360924983958, 3.1477315783343762, -0.002453666573675918, 4.71131522595036, 4.712004818016727, 1.5707963180892408, 1.570877161321146, 4.7122279208626985, 3.141222145355489, 1.5702012920648767, 4.712205447331615, 1.5707439062034816, 7.052088682799645e-05, 4.7094467237303475, 1.5692377693093122, -0.0002101443397358287, 3.1416660362982953, 4.712062422964402, -0.00039801170590117967]",0.0
315,1.128097433109356,"[4.71185117996525, 1.5703705625188558, -0.0006266182837777555, 3.1415914944307612, -0.0005451456478669448, 3.1409318698430804, 3.1411986145563278, -0.00022909545750567157, 3.1409764125279027, 3.141351249328648, -4.1460384608171957e-05, -0.0002648327365363147, -0.00035843941082999654, -0.00044525541021273713, -0.00043711022597269547, 3.5707918778979466, 4.711835164285422, 1.5709335624930396, 4.712235387193834, 1.5708043759398207, 3.1414032431294148, 1.5706404242098992, 3.147736612398957, -0.0024603156456809595, 4.711312411245103, 4.712000028243052, 1.5707949330131903, 1.5708679404076207, 4.712228417588949, 3.141216131351727, 1.5701972510240763, 4.712210246506992, 1.5707175216462013, 7.375548372725735e-05, 4.709456153648449, 1.5692344336637534, -0.00022061129465690953, 3.1416652239714993, 4.712070880101193, -0.0003739924828793484]",0.0
316,1.130056117595618,"[4.7118549382138095, 1.5703607532597956, -0.0006284124472834643, 3.14158915899011, -0.0005424930989908398, 3.1409508794339343, 3.141197832545642, -0.00024308172984591683, 3.1409576093712057, 3.1413788386297377, -4.791045293486021e-05, -0.0002591347950874342, -0.00033658902713101785, -0.0004593537153090844, -0.00044986405953150095, 3.570797690943476, 4.711840892164709, 1.57094105140848, 4.7122521305841705, 1.5708035996910013, 3.141405477058726, 1.5706381937539042, 3.147728106914563, -0.002458818562841759, 4.711311326775902, 4.711998462975888, 1.5707948102971827, 1.5708750218229999, 4.712230008637061, 3.1412180180231024, 1.5701958346480012, 4.712202291928693, 1.5707426872555996, 6.54007157478931e-05, 4.709445990499474, 1.5692308471835854, -0.00022293108884662678, 3.1416566101661965, 4.712065896644628, -0.0003941987141028461]",0.0
317,1.1279025790182033,"[4.711873527147654, 1.5703446184495435, -0.0006290585479925318, 3.14158577540577, -0.0005442732146102862, 3.1409347143065696, 3.141196361764211, -0.00023177605506781592, 3.140975943800098, 3.141383291722149, -5.439201921535144e-05, -0.00027008722647358356, -0.00034195964475190553, -0.00045869808704428867, -0.0004508888664037651, 3.5708005446732187, 4.711837805932393, 1.5709459154123044, 4.712222415320656, 1.570796115590858, 3.1414184739217745, 1.570638736767821, 3.1477226054759795, -0.002452805372328707, 4.711324646169661, 4.7119776704008745, 1.5707913234685627, 1.5708891214719867, 4.712258952970748, 3.1412180877811715, 1.5701937401084387, 4.712199546110203, 1.5707386629867177, 6.859463843245908e-05, 4.709450646327272, 1.569237379001461, -0.00021393708391669562, 3.141663490306138, 4.712067278518187, -0.00039995338574890313]",0.0
318,1.1294032227668642,"[4.711855315329508, 1.5703661189700375, -0.0006256265404308895, 3.1415853909448153, -0.0005398350045840958, 3.140937212783325, 3.1411926274693527, -0.0002444648661274234, 3.1409609194134887, 3.1413759197017233, -4.3409918224074294e-05, -0.0002601429521125084, -0.0003454461835152689, -0.0004695701289868304, -0.00044467874165325763, 3.570798141058385, 4.711842179685309, 1.5709430303167753, 4.712231725514328, 1.5708130453072846, 3.141416134670526, 1.5706405761561595, 3.1477252271636504, -0.002448032798387297, 4.7113141531344445, 4.712003729464024, 1.570794192718129, 1.5708743043393543, 4.712227622585241, 3.141217911482244, 1.5701974676364292, 4.712212259897278, 1.5707413882720767, 6.515251184796323e-05, 4.709447520134706, 1.5692411319144906, -0.00021394105583395906, 3.1416585199907403, 4.712050448338742, -0.0003966195617558624]",0.0
319,1.12894235582892,"[4.711851323527206, 1.5703634818834682, -0.0006341736965099441, 3.141585369817597, -0.0005408836052960892, 3.140937608599529, 3.1412038242344953, -0.00024836351810648397, 3.1409458315284855, 3.1413658487775846, -4.970716444411479e-05, -0.00026173263961182876, -0.00033868890636391385, -0.00045384304674330925, -0.00045382978763786785, 3.570799418410496, 4.711837446182519, 1.5709415355721499, 4.712227674714279, 1.5708134942301466, 3.1414132334848914, 1.5706487740610873, 3.1477273762683207, -0.0024513976121788694, 4.711313321962377, 4.712001147394599, 1.5707920479360005, 1.5708841077676592, 4.712229523653291, 3.1412222910883414, 1.5702169038054747, 4.712185025089476, 1.5707371578626073, 5.4409407049374716e-05, 4.70946434952067, 1.5692220523950933, -0.00018658314187015921, 3.1416403108310225, 4.712069917680127, -0.00038834749859942383]",0.0
320,1.1288079363053534,"[4.7118516577165135, 1.5703619626800618, -0.0006243301397221736, 3.141588775047617, -0.000545356289039836, 3.1409452210011226, 3.141186695214045, -0.0002455332991610302, 3.1409640572999225, 3.141375019797485, -5.365986060138308e-05, -0.00024408375034717846, -0.00033730517931571986, -0.000459064042498093, -0.00044821542134804306, 3.5708005291538187, 4.711841451797604, 1.5709406275673239, 4.712232988843977, 1.5708027231554615, 3.1414142297290155, 1.570638425917334, 3.1477179110601323, -0.002452351113188116, 4.711311027398451, 4.711999022955038, 1.5707945613537921, 1.5708757746045332, 4.712226980011504, 3.1412124378703945, 1.5702011930905881, 4.7122043742116215, 1.5707310983789, 7.811143215456362e-05, 4.709444300569509, 1.5692292715448668, -0.00020637074570555413, 3.1416662627356478, 4.712065983920822, -0.00039595660944920485]",0.0
321,1.1294772077228457,"[4.711846884460523, 1.5703505323810973, -0.0006239011292375843, 3.1415844808637274, -0.0005545503882737014, 3.1409464713929127, 3.1412069800205216, -0.0002483598516889846, 3.140952183889081, 3.1413761282666504, -1.9009053516366513e-05, -0.00027763216701182086, -0.00034854849992152454, -0.0004637435093146746, -0.0004583392230867476, 3.5707935921224645, 4.71184202019864, 1.570942525765619, 4.712226900590957, 1.5707986161147496, 3.141416673660313, 1.570635105143041, 3.147727887640651, -0.0024510463516023476, 4.711301586750634, 4.7120063548681, 1.5707929846534503, 1.5708846998757295, 4.712225931441899, 3.141200604253351, 1.5701985733259265, 4.712194355522181, 1.570725919812221, 9.224932777494619e-05, 4.7094365516467604, 1.569232541286078, -0.00021602132042266136, 3.1416546662869043, 4.71206491413622, -0.0004055029733157714]",0.0
322,1.1276529427601505,"[4.711854273249011, 1.5703626749610522, -0.0006281695670448412, 3.141588369416357, -0.0005433126950801233, 3.1409401974671933, 3.141199329073725, -0.000237146758702957, 3.140964925926032, 3.14137867952114, -3.8679364698059085e-05, -0.0002540300867401823, -0.00033863364107805346, -0.00045603269518053834, -0.00044563077341296814, 3.5707986229914597, 4.711855206376204, 1.5709437946808558, 4.712233726889407, 1.570801418998058, 3.141414708233746, 1.5706383456984359, 3.1477321185193645, -0.0024457829491113204, 4.711305725042141, 4.711997186956236, 1.570807555522099, 1.5708771876290966, 4.712229104535672, 3.1412191561940874, 1.5702080680925266, 4.712201075307497, 1.570741818673254, 6.812229528676394e-05, 4.709451316753857, 1.5692239925711882, -0.00021677493289898556, 3.1416686373327605, 4.7120582628026355, -0.0003955760998728279]",0.0
323,1.1295568450795122,"[4.711852173661446, 1.5703835326591329, -0.0006118593667130729, 3.1415855286451886, -0.0005378540085155235, 3.140936743794552, 3.1412009899177473, -0.00023378449053093804, 3.1409653439757137, 3.1413828249567493, -5.208518849777157e-05, -0.0002667482050903356, -0.0003440815714460342, -0.00046386817221118166, -0.00044666730473739405, 3.5707993710742065, 4.711852983377397, 1.5709434094777994, 4.712231841923626, 1.570794573656679, 3.1414187687925144, 1.5706399429253004, 3.1477195474813477, -0.0024795252134042576, 4.711336078119035, 4.712015329647864, 1.5708053853105604, 1.5708829539709321, 4.71221898545825, 3.141209621311836, 1.5701923644277669, 4.712182929706585, 1.5707424077950731, 7.179489300665496e-05, 4.709454142321753, 1.5692263873716936, -0.00021252529950660395, 3.1416689756418177, 4.712060609142671, -0.0004013458875402437]",0.0
324,1.1296720618139982,"[4.711854754649383, 1.5703664092007201, -0.0006270298279346394, 3.1415835212356225, -0.0005341160927267624, 3.1409459182446424, 3.1411838843305318, -0.0002427104692328506, 3.140965933416275, 3.1413849009613313, -3.722087385651564e-05, -0.00026073963752914, -0.00034221881826343697, -0.0004535528181122356, -0.00044319290677213114, 3.5708017093130975, 4.711840484108479, 1.570941813042352, 4.712225118113238, 1.5708015415760312, 3.1414089078658396, 1.5706404607713556, 3.147726334141699, -0.002453641450639855, 4.7113124128810835, 4.7119989651327865, 1.5707941599231412, 1.5708648716074067, 4.712226886628113, 3.1412193858934736, 1.5702055986456713, 4.712193599364381, 1.5707430020940583, 7.079349840054177e-05, 4.709443727423556, 1.5692347042902453, -0.00021729039516601, 3.141656434490275, 4.712068783292214, -0.000394745435635143]",0.0
325,1.1290383697743251,"[4.711844971834717, 1.5703667621856714, -0.000633603417586992, 3.1415878078014248, -0.0005578972631590266, 3.1409264971153643, 3.1412072174319348, -0.000229613156376037, 3.1409634860501403, 3.1413912895999148, -4.464912037223882e-05, -0.0002485530975099075, -0.00032991700113865963, -0.00043503184771450607, -0.00045941670840846793, 3.570804016712088, 4.711835161350577, 1.570940582952428, 4.712226960153312, 1.5708208476864987, 3.141405633702784, 1.5706442081985483, 3.147724060423287, -0.002461244005697548, 4.711301898027681, 4.712001269700662, 1.5707906439902817, 1.5708809437993523, 4.712221786835983, 3.1412158001762234, 1.570198583438697, 4.712191846285968, 1.5707397250858683, 6.189267618607015e-05, 4.709441040275893, 1.569257844338409, -0.0002171881515287082, 3.141675310354979, 4.7120579508484255, -0.0004003333672371508]",0.0
326,1.1303825650099952,"[4.711852971507006, 1.5703664316726014, -0.0006270215771332533, 3.141591588986037, -0.0005386440165347144, 3.1409440395006314, 3.141187838071038, -0.00024025637640359877, 3.1409524910515616, 3.141372114532587, -4.1231172981493535e-05, -0.0002658498476122426, -0.00033245486661317243, -0.00044682967560034595, -0.00044395099202408807, 3.5707979411632222, 4.711841602903192, 1.5709383419099991, 4.712231381115419, 1.5707919318199957, 3.141416362134473, 1.5706454300762984, 3.1477245056910452, -0.0024539683866074977, 4.711310640805996, 4.712002108357518, 1.570794671608008, 1.5708852913797373, 4.712227406067023, 3.1412179209467443, 1.5701989160335061, 4.712209883270165, 1.57074286622197, 6.60337786771097e-05, 4.709444353463415, 1.5692367413076087, -0.00021191362589284056, 3.1416677265108346, 4.712061672807144, -0.0003960607333394822]",0.0
327,1.1278669996403843,"[4.711853495879535, 1.5703588713704248, -0.0006306244036754473, 3.1415916985922485, -0.0005497690388125738, 3.140930633615715, 3.1412076104736335, -0.00023665252081743365, 3.1409472124776805, 3.1413665316709105, -6.186424529074365e-05, -0.0002478693083044753, -0.0003376291791529546, -0.0004602359375711279, -0.00045078618192698585, 3.57079940996527, 4.711837537750721, 1.5709464789475798, 4.712216794841917, 1.5707744590114074, 3.141418005944169, 1.5706318227802172, 3.147736164981772, -0.0024512420211943234, 4.711307573866681, 4.712006521630705, 1.5707920407586093, 1.5708489391324145, 4.712224556466487, 3.141219600821402, 1.5701954147911932, 4.712201193184754, 1.5707469793098188, 7.069043596682856e-05, 4.709456503919169, 1.5692385425144908, -0.00022455972441688132, 3.1416543126581082, 4.712062681301791, -0.00040773328390866076]",0.0
328,1.128846341883515,"[4.711853911753122, 1.5703674730789705, -0.0006289438293652302, 3.1415897935248362, -0.0005518023464370108, 3.140944020541002, 3.141195342665493, -0.00023695748410315564, 3.1409751969534336, 3.141395619270117, -4.548818013969344e-05, -0.0002750760162950387, -0.00031624771411153024, -0.00046714153592104877, -0.00045357371559479975, 3.5707936256050843, 4.711838775926677, 1.5709532647781304, 4.712239669231481, 1.5708012791114598, 3.1414383171587383, 1.5706353425674289, 3.147738407596126, -0.0024512807129965773, 4.71130883854205, 4.7120018303977185, 1.5707909006591438, 1.5708644476864946, 4.712214915860176, 3.1412186702666114, 1.5702075088124634, 4.712212014664972, 1.5707309712190347, 7.236580449238368e-05, 4.709465762510372, 1.569241927253027, -0.00020459979841872802, 3.1416680793414185, 4.7120781920668255, -0.0003831105300048853]",0.0
329,1.1290383697743251,"[4.711861833741159, 1.5703546122571326, -0.0006227982957067666, 3.141589243582544, -0.0005449604679563962, 3.14094270021719, 3.141196915928874, -0.0002299920130759231, 3.1409626482287254, 3.1413779254390657, -3.503797028979808e-05, -0.000255193300060432, -0.0003417698916903455, -0.0004593573869669128, -0.0004492449938886559, 3.570811259487766, 4.7118396554231134, 1.5709416026368717, 4.712232725320388, 1.5708008498003956, 3.1414179437756293, 1.5706361798464588, 3.14771717887119, -0.0024613078657715433, 4.711309402686473, 4.712008132112978, 1.570792218844174, 1.5708742239329787, 4.712221775468396, 3.1412213403912164, 1.5702068220572536, 4.712209600129612, 1.5707365906256716, 6.055619789727217e-05, 4.709450028377124, 1.569229639992555, -0.0002144415529166166, 3.1416614730847128, 4.71206717773269, -0.0003968365558795177]",0.0
330,1.128039824742113,"[4.711844232667327, 1.5703595940678947, -0.0006235694320336818, 3.1415874497211886, -0.0005409488595190529, 3.140938976665386, 3.141195208815525, -0.00023819592656790855, 3.1409654961306632, 3.1413776463560388, -4.305054873069673e-05, -0.00025940349764812096, -0.0003390995679109579, -0.0004583417391814473, -0.00045285009303560665, 3.5707977748358406, 4.711841109570667, 1.5709440637872947, 4.712232977038874, 1.5708008433935141, 3.141415451556692, 1.5706388232118365, 3.147724538044551, -0.002452548804566731, 4.711311862899891, 4.7120041845073715, 1.5707948178242181, 1.5708740600052127, 4.712228818297147, 3.1412202366189064, 1.5701989516735089, 4.712204413009468, 1.5707430530032012, 6.553327809547976e-05, 4.709445264548212, 1.5692316033041558, -0.0002127166664103035, 3.1416632471480352, 4.712067615874557, -0.00039328101059492895]",0.0
331,1.129480033923188,"[4.711853218568106, 1.570363169429391, -0.0006300386982996646, 3.141585263603283, -0.0005358341800521678, 3.1409381676893315, 3.141188590267369, -0.00023503280193585145, 3.1409633041585727, 3.1413747458016497, -3.423518351199979e-05, -0.0002495583116323295, -0.0003361839594957281, -0.0004635442202032754, -0.00045318386168371577, 3.5707920200350274, 4.711839923734159, 1.5709390351727177, 4.712233177735437, 1.570802664949166, 3.1414189070416003, 1.5706368444361942, 3.1477332404309633, -0.0024657662674883777, 4.711303429613743, 4.712001089403844, 1.5707950723719835, 1.5708733580538807, 4.7122350302045035, 3.1412049924704832, 1.5701977851771594, 4.712203060755094, 1.5707440503676595, 6.366230966357083e-05, 4.70945321006976, 1.5692339412975154, -0.00020869189404896875, 3.1416641057230743, 4.712067299620161, -0.0003987589313670198]",0.0
332,1.1290383697743251,"[4.711853422366277, 1.5703650111383138, -0.0006270363622590091, 3.141588392437217, -0.0005399242412875832, 3.1409422129590627, 3.141198397073075, -0.0002440909952031885, 3.1409664215445945, 3.1413768801231914, -4.196196591202086e-05, -0.0002567710933455439, -0.00033677480265074526, -0.0004592866442507153, -0.0004504385010210848, 3.570796754215959, 4.711835037295701, 1.5709415486260505, 4.712230452984498, 1.5708019226363683, 3.141417699994245, 1.5706432888308648, 3.1477257135013486, -0.002454775111520806, 4.711311035812741, 4.712001722619865, 1.5707994637872487, 1.570875864924636, 4.712226442274754, 3.1412171620148115, 1.5702014650296352, 4.712204649853825, 1.5707371632913534, 6.387182881206107e-05, 4.709447925143509, 1.5692319662307999, -0.00021833252385610816, 3.141663345587065, 4.712068229748463, -0.00040021582672715477]",0.0
333,1.1293648171887023,"[4.711851488402985, 1.5703692015990933, -0.0006276848191350149, 3.141590684028947, -0.0005400765049515789, 3.140930831474711, 3.14119014885835, -0.00024294008173624213, 3.1409569033983695, 3.1413794937045516, -3.826209866643827e-05, -0.0002601829710406478, -0.0003423010578408392, -0.00045398398082790374, -0.00045341976732608146, 3.570799828180045, 4.711833995618, 1.5709438343357292, 4.712238617392311, 1.5708025423373329, 3.141415219961842, 1.5706189643536126, 3.147724534132931, -0.002451262995017181, 4.71131496715505, 4.7119954179967225, 1.5708004819180994, 1.5708746004002272, 4.7122264104550755, 3.141221908838065, 1.5702002360830023, 4.712204279772295, 1.5707358306259753, 6.569891448301932e-05, 4.709451023248565, 1.5692312456213737, -0.00021146155528929052, 3.141666249559765, 4.712068612304831, -0.0004041225413410262]",0.0
334,1.130459376166319,"[4.711854446715417, 1.5703686723308443, -0.0006233514483841274, 3.1415892139860273, -0.0005435220645458917, 3.1409409908080805, 3.1411970564411607, -0.00023944103615396254, 3.1409658622979078, 3.1413784574213306, -3.9887807222565503e-05, -0.0002581177336227399, -0.00033917945850642147, -0.00045644587515078386, -0.0004536612878178265, 3.5707981057752596, 4.7118429169433895, 1.5709416965356864, 4.7122353090481255, 1.5707976534641708, 3.14141481104863, 1.5706404377465877, 3.1477247239218165, -0.0024549825063367903, 4.711309288295213, 4.711997380934358, 1.570796537425569, 1.5708706403056611, 4.712228226624668, 3.1412180183348246, 1.5701987887256623, 4.71220556455142, 1.5707376110218183, 6.462603370858492e-05, 4.709445492232475, 1.5692344886755938, -0.00020753021165958446, 3.141658469658522, 4.712063959417055, -0.00039908974089885717]",0.0
335,1.1287503279381101,"[4.711850961721784, 1.5703710212208217, -0.0006224526375765702, 3.141589973181935, -0.0005420364667980129, 3.1409402416470322, 3.1411917422394247, -0.00023694529590627468, 3.1409669649852208, 3.141375787831492, -4.104913806287909e-05, -0.00025392717761966473, -0.00033457597256809966, -0.00045988493914247107, -0.0004574955034315928, 3.5707933217634236, 4.7118380724891935, 1.570944194083251, 4.712227981401887, 1.5707987045771896, 3.1414186470017094, 1.5706316322841, 3.147724732798598, -0.0024566795943093173, 4.711307870649474, 4.711993625125035, 1.5707843823335006, 1.5708841617341953, 4.712223190926139, 3.141221337968672, 1.5702040210684187, 4.712201210506157, 1.5707395793415062, 6.765792108859436e-05, 4.709449234637175, 1.5692270966664417, -0.0002240389781606934, 3.1416551554843646, 4.712055859216673, -0.00038953064564376547]",0.0
336,1.1299267913066813,"[4.7118529198527375, 1.5703656563044066, -0.0006264854177184825, 3.1415887084288086, -0.000542120948796936, 3.140938553393151, 3.141197263825979, -0.00023978352582653995, 3.140963133539134, 3.1413785559854897, -4.2669151137088875e-05, -0.00025691892142363305, -0.0003383742192694801, -0.0004577815243466845, -0.0004479935059274996, 3.5708002019402767, 4.7118384077748345, 1.5709446977224262, 4.712232697482679, 1.570802590558822, 3.1414165415811692, 1.5706374433396928, 3.147733651558054, -0.002459615927967963, 4.711312929163446, 4.711999734319913, 1.5707930422501766, 1.5708761384137135, 4.712227409073911, 3.141218885154325, 1.5702043607325717, 4.712207748336768, 1.5707414442266951, 6.967533370585753e-05, 4.70944106018968, 1.569229776341506, -0.0002112474701897649, 3.1416614397242446, 4.71206551211217, -0.0003979576587103548]",0.0
337,1.1296912646030792,"[4.711847227956226, 1.5703668431921862, -0.0006395088218137901, 3.1415898258516624, -0.0005505528725945841, 3.1409403586470566, 3.1411846926663527, -0.00023368116301967384, 3.140962230978973, 3.1413714442593124, -4.079950797002762e-05, -0.00026210600892421934, -0.000338539906114784, -0.00046391406975151235, -0.00046183910558399437, 3.570800479242864, 4.711845690147009, 1.570940145756025, 4.712232718979049, 1.5708041007286946, 3.1414150403594805, 1.5706462486288166, 3.1477250468262317, -0.0024580731683599187, 4.711319011678962, 4.7119975145106805, 1.570795513031239, 1.5708708898711141, 4.712227561858424, 3.141222088902196, 1.5702065436452226, 4.712205970863566, 1.5707391904750092, 6.959507677012937e-05, 4.709448178246583, 1.5692297427929576, -0.00021867318494918472, 3.1416641495488644, 4.712066134025225, -0.00040368242300843914]",0.0
338,1.12894235582892,"[4.71185137902908, 1.5703617096551008, -0.0006275104349783251, 3.1415875807217124, -0.0005453898865441938, 3.1409428710701883, 3.141197816321315, -0.00024066167130549598, 3.1409608368023028, 3.1413772887855624, -3.655433609632758e-05, -0.00026281267058812563, -0.00034142166117096076, -0.0004590213925245653, -0.00045320960296776187, 3.570797100246099, 4.711841041776463, 1.5709429802572414, 4.7122315640036065, 1.5708013737421318, 3.141416493730834, 1.5706364036260159, 3.1477263704496177, -0.0024538145477005103, 4.711308712228679, 4.712002768135775, 1.5707934731054063, 1.5708776477041886, 4.712226496577852, 3.1412131152446974, 1.5702001767334925, 4.712201744938061, 1.5707367641490868, 7.411034978384747e-05, 4.709446613833665, 1.5692330034220705, -0.00021442714481423967, 3.1416603052732035, 4.712065521572741, -0.00039963991026193915]",0.0
339,1.1295952506576743,"[4.711853506211016, 1.5703656746576728, -0.0006268777536019214, 3.141588786614681, -0.0005411709378005235, 3.140943195684168, 3.14119431826338, -0.0002374642588608946, 3.14096434389579, 3.1413767894654674, -4.164986456710206e-05, -0.00025784681566170067, -0.0003395223175630154, -0.00045902639634352497, -0.0004513026561634036, 3.570797701984658, 4.711840096465235, 1.5709387213966521, 4.712233674501526, 1.5708005686548536, 3.1414173329920634, 1.570636926709027, 3.1477278849187806, -0.0024518285262491663, 4.711313406374011, 4.712002009506167, 1.5707938499702008, 1.5708754332273158, 4.712227172787281, 3.1412178939966493, 1.5702008656053028, 4.71220479488444, 1.5707407923378915, 6.801950440401367e-05, 4.7094482680576695, 1.5692307226228752, -0.000212978670678849, 3.1416607504442498, 4.712066403169393, -0.0003984650072655558]",0.0
340,1.1285390972582192,"[4.71185188281841, 1.57036635338854, -0.0006300869778323569, 3.1415884109430743, -0.0005453059234627369, 3.1409396038395885, 3.1411975167300605, -0.00023467490942887786, 3.1409645668712978, 3.1413811376753897, -4.393218178499315e-05, -0.00025467687235999464, -0.00033744118589989445, -0.00045205775588693276, -0.0004527844839652257, 3.5707995118206197, 4.711839407817632, 1.5709398186974444, 4.712232143584379, 1.5708072970029454, 3.1414139568713204, 1.570638002938833, 3.147726334542744, -0.002453637617709677, 4.7113104365401455, 4.71200244831941, 1.5707922384250386, 1.570876794529192, 4.712225483266518, 3.1412171831409297, 1.5701999895439218, 4.71220076726049, 1.5707414035670808, 6.682364727767611e-05, 4.709448471926325, 1.569238609478394, -0.00021447247176774992, 3.1416649039055153, 4.7120642425158215, -0.00039848120438114044]",0.0
341,1.1298256841266463,"[4.711850244904377, 1.5703687407213442, -0.0006271079837722162, 3.1415887744569075, -0.0005415106178599319, 3.1409421295310107, 3.1411949425603525, -0.0002393493986916993, 3.140962529661413, 3.141376944849937, -4.1097075932120966e-05, -0.0002568770456153262, -0.00033912976780178214, -0.000457610833202672, -0.0004511136583881106, 3.5707980853257606, 4.711841600988843, 1.5709425708222795, 4.712234191309761, 1.570802179537694, 3.1414158701045958, 1.5706377460739516, 3.1477260948892694, -0.0024562331458417514, 4.711310872080608, 4.712004434705974, 1.5707951168742913, 1.5708740550587486, 4.712223086991178, 3.1412172136503655, 1.5702012934681873, 4.712204094606996, 1.5707405919326087, 6.777982221713627e-05, 4.70944851754847, 1.5692317215718945, -0.0002135599418043837, 3.1416619999495583, 4.7120651054069365, -0.00039776659391811404]",0.0
342,1.128788733516272,"[4.711855361067141, 1.57036668816545, -0.000625685058117304, 3.14158766073749, -0.0005413297485708181, 3.1409397394903125, 3.1411960571444824, -0.00023691446723339668, 3.140965581633722, 3.141379207520043, -4.634601094872265e-05, -0.00026127126642517325, -0.00034059577125029465, -0.00045897601657673547, -0.00045009328417447544, 3.57079881701358, 4.711843395363785, 1.570945140336252, 4.712231671652136, 1.5707999093238711, 3.1414170780956403, 1.5706376848574752, 3.1477235147881273, -0.0024604452362209325, 4.711317593632149, 4.712001179892422, 1.570796007000107, 1.5708783939326962, 4.712229238423016, 3.1412158913828927, 1.5701981416413096, 4.7121996212630375, 1.5707406819029273, 6.877737808145766e-05, 4.709451652475441, 1.569232111017366, -0.00021375752606036708, 3.1416638763285425, 4.71206480780877, -0.0003983523997236787]",0.0
343,1.1294032227668642,"[4.7118523609691145, 1.5703658971685437, -0.0006286490229683247, 3.1415837776983353, -0.0005438511231062736, 3.1409425136962397, 3.141194752502768, -0.0002393770539985734, 3.1409640551511746, 3.141378033288447, -4.2307954640108046e-05, -0.0002580616565826732, -0.00033977558471790496, -0.0004588481899410057, -0.00045119874520896895, 3.5707981873430783, 4.711839812272279, 1.5709428921445512, 4.712234102699007, 1.5707992668726707, 3.1414162374721566, 1.5706372964500221, 3.147726981787223, -0.002454746195626357, 4.711311322918149, 4.71200035029313, 1.57079393206746, 1.5708758884750293, 4.712225868048615, 3.1412179938640103, 1.570202657434028, 4.712204649719363, 1.5707400792940882, 6.66823042725957e-05, 4.709449255773426, 1.5692344894723418, -0.00021291812611646502, 3.14166370663805, 4.712065803167446, -0.00039645385650609826]",0.0
344,1.1307282152134532,"[4.7118545054608045, 1.5703638484085454, -0.0006304093327747956, 3.141593627270238, -0.0005415335274848171, 3.1409422734180357, 3.141193482839673, -0.0002388019864391229, 3.1409657563970383, 3.14138007883264, -4.3622577019433445e-05, -0.00026163499783900506, -0.00033392269676319413, -0.0004568260909849202, -0.0004504916686923584, 3.5707975105672833, 4.711841494260566, 1.5709482789077982, 4.71223318780434, 1.570804653180979, 3.141420010394607, 1.5706373725212162, 3.1477264621463523, -0.002453160076989427, 4.711308565628689, 4.712000259580279, 1.570792713887279, 1.5708721978062197, 4.712227378052133, 3.1412179812030736, 1.570200724763401, 4.71220776624799, 1.570739159407009, 6.988602401185056e-05, 4.709453459475897, 1.5692338072239562, -0.00021303174899188425, 3.141661341084122, 4.712068285739292, -0.0003947470167962319]",0.0
345,1.1298256841266463,"[4.711854550857855, 1.5703664458229782, -0.000628904657352299, 3.141588509373944, -0.0005417071163106648, 3.140940392079417, 3.1411956761361597, -0.000238845536118734, 3.1409631933915727, 3.141377390186971, -4.091178457388072e-05, -0.00025815866774596456, -0.00033900722903169276, -0.0004572238810584735, -0.000452317040539663, 3.570798461026014, 4.711838598555456, 1.5709440866180193, 4.712234315812381, 1.5708013245705965, 3.1414161457987824, 1.5706391213664603, 3.1477248784797602, -0.0024531452607256675, 4.7113121224986685, 4.712001648268958, 1.5707922137632226, 1.5708731717836484, 4.712227758890128, 3.1412155952503436, 1.5702010134011786, 4.712203544877987, 1.5707409276979105, 6.771998071116432e-05, 4.709447589710173, 1.5692301287813666, -0.0002135743840526212, 3.141664475543575, 4.712064102926287, -0.00039623727430396005]",0.0
346,1.1275021466478452,"[4.711854964341934, 1.570367359996913, -0.0006334580393330463, 3.1415894553941097, -0.000542522499005679, 3.1409396111805274, 3.1411954929658283, -0.00023777182548425293, 3.1409634546601795, 3.1413759789481293, -4.1146188803513434e-05, -0.00025454719475416607, -0.00034112373427831066, -0.00045874564374563914, -0.00045080635071350955, 3.5707980222953606, 4.711843556591047, 1.5709457085150527, 4.712230853805159, 1.5708009213373377, 3.1414148367885257, 1.5706363445050844, 3.1477231101380667, -0.00245272939786919, 4.711311773588631, 4.712000401874099, 1.570796549955511, 1.5708791453228224, 4.712226040576232, 3.141215619135951, 1.5701982826304517, 4.712206005770389, 1.570742672894601, 6.60361080294908e-05, 4.709443961922022, 1.5692338635536152, -0.00021473053055765337, 3.141658012661698, 4.712071682701334, -0.00039464666375934763]",0.0
347,1.1304977817444812,"[4.711852367752079, 1.5703654434190508, -0.0006282248513865969, 3.141588269970025, -0.0005424624284591752, 3.1409412296860224, 3.1411960908740597, -0.00024009684071600923, 3.140960817459367, 3.141376535047569, -4.1426132841534315e-05, -0.0002570907029124545, -0.00033825747953356846, -0.000456934412141941, -0.0004517410775334321, 3.5707985285962307, 4.711840503267051, 1.5709427939203158, 4.7122321718012445, 1.5708031566067713, 3.141416054593362, 1.5706389230427245, 3.1477263561466393, -0.0024546602457185328, 4.7113130348529815, 4.712001238089714, 1.570794095955336, 1.5708759898515343, 4.7122284539030765, 3.1412186347988857, 1.5702023776788807, 4.712202563184792, 1.5707394504887804, 6.659830527385752e-05, 4.709450942888227, 1.569232127274123, -0.0002111186065047288, 3.141659371457029, 4.712066255136757, -0.00039585145171790897]",0.0
348,1.1301689638805716,"[4.711853006959361, 1.5703635609202888, -0.0006306066418191623, 3.1415886278840395, -0.0005395809604477995, 3.1409401563880017, 3.141194112338339, -0.00023809552026990253, 3.140965648962422, 3.1413742562124707, -4.809208546150004e-05, -0.0002624610821152061, -0.0003425689116464884, -0.00045714879872720985, -0.0004514238966200861, 3.570798234515577, 4.711839470323464, 1.5709426046247876, 4.712232836596218, 1.5708032003787402, 3.1414142731505335, 1.5706380562972173, 3.1477251623955675, -0.002454618945497317, 4.7113047562316615, 4.711999864116671, 1.5707935106770063, 1.5708772221651524, 4.712223987753862, 3.141216698998685, 1.5702033419244337, 4.7122019474922405, 1.5707418505905077, 6.46075354517661e-05, 4.709448212391551, 1.569229280486923, -0.00021007365842523718, 3.1416598236334337, 4.712065042276099, -0.0004013056603177177]",0.0
349,1.1301713343301043,"[4.7118546884336165, 1.5703679629944303, -0.0006258919520565434, 3.141587285977928, -0.0005430935337438141, 3.1409415765143422, 3.1411942537822934, -0.0002382000774376709, 3.1409620972207577, 3.1413770276335, -4.287130181426386e-05, -0.0002584628831836194, -0.0003395367697016365, -0.0004583990351408702, -0.00045221603841402594, 3.5707980045662397, 4.711840661626952, 1.5709429465877363, 4.712232294217807, 1.5708032656555588, 3.141416161957992, 1.570638132665453, 3.147726119102382, -0.0024547206650974373, 4.7113081872303315, 4.7120022570477955, 1.5707943049883053, 1.5708753768654422, 4.712229118054755, 3.1412202986087947, 1.5702000981174427, 4.712204227399342, 1.5707407104369016, 6.85325809563276e-05, 4.709448010060866, 1.5692319417106202, -0.00021417744844740458, 3.1416632013283023, 4.712067782035642, -0.0003977011548138941]",0.0
350,1.1277133773277361,"[4.711851958738834, 1.5703653891177793, -0.000635427955745214, 3.1415874449108316, -0.0005402087442209092, 3.1409406857223106, 3.141195063190249, -0.00023945548017752444, 3.14096695697392, 3.1413794457608186, -4.120229384800294e-05, -0.0002565478772814674, -0.0003386369314717056, -0.0004569473011426364, -0.00044971415713477246, 3.5707975993541363, 4.711840099733194, 1.570941898531029, 4.712233988796961, 1.5707989002204419, 3.1414162624117137, 1.5706364738301368, 3.1477243618623265, -0.002456731598374753, 4.711309358743653, 4.712006724195903, 1.5707944082482694, 1.5708762677620551, 4.712231362066231, 3.141223547001996, 1.570198646667285, 4.712204297663209, 1.5707367699841368, 6.958429028810721e-05, 4.709447410889839, 1.5692314222256145, -0.0002129041219273974, 3.1416600371138377, 4.712061698084278, -0.00039857621991318596]",0.0
351,1.1299793064392942,"[4.711852519246865, 1.5703653411454659, -0.000628472325469456, 3.14158790207197, -0.0005415174716123502, 3.1409437805299603, 3.1411946577048364, -0.0002371981680508856, 3.1409620181989606, 3.1413783771687527, -4.37070175266108e-05, -0.0002582122139897887, -0.0003403315512670788, -0.0004558892224363795, -0.00045214607474842403, 3.5707960402688035, 4.711841410305378, 1.5709433888294064, 4.712231937719956, 1.5708027234728579, 3.1414181706967823, 1.5706363953820184, 3.147726185502299, -0.0024552348506453534, 4.711311863159924, 4.712001492840404, 1.570794934608213, 1.5708739586527323, 4.712227982062104, 3.141216614590353, 1.5702017711322698, 4.712204915015199, 1.5707377902398398, 6.530029578521796e-05, 4.709446311821075, 1.569232183992109, -0.00021427748644630272, 3.14166186702748, 4.712064805269163, -0.00039725469452737267]",0.0
352,1.129998509228375,"[4.711848952183559, 1.5703650346726439, -0.0006271171400842401, 3.1415904024659094, -0.0005418076593794747, 3.1409446108946373, 3.1411955029660743, -0.00023489973317974058, 3.140963703006461, 3.141375816915572, -3.901619907280601e-05, -0.00025422944880150363, -0.00034238660690260426, -0.0004577270948368219, -0.00044551858306055096, 3.5707956408118338, 4.711839123109336, 1.5709482720554018, 4.712234690647899, 1.5708017499270563, 3.141416373635461, 1.5706398576388516, 3.1477242631071096, -0.0024538328105334637, 4.711311726123043, 4.711997378370634, 1.5707911180545968, 1.5708760665569248, 4.712228350942224, 3.1412201459241893, 1.5702000877771178, 4.712203406572402, 1.5707407139735103, 6.782198446929947e-05, 4.709449584078603, 1.5692337655084767, -0.00021395926891602216, 3.141662766384837, 4.712066055649814, -0.0004036205318992555]",0.0
353,1.128308663789247,"[4.711852382750301, 1.5703659330489703, -0.0006285590114376449, 3.1415888013018094, -0.0005415465128215974, 3.1409431975885402, 3.1411968924208344, -0.00023776137129242336, 3.1409635999066072, 3.1413771178429957, -4.1621548053568416e-05, -0.00025901411735100214, -0.0003366585292739223, -0.0004594778758414969, -0.00045049175233225034, 3.5707969188673467, 4.711840490324361, 1.5709421207366563, 4.712230500919277, 1.5708022548111817, 3.1414122065512604, 1.57063571238222, 3.147724655587532, -0.002455299344710677, 4.711311581663866, 4.712000395186712, 1.5707940329751018, 1.5708744632580036, 4.712227215847204, 3.1412178889106297, 1.5702012426006915, 4.712205500855197, 1.570740324422381, 6.749431284024903e-05, 4.709448401116602, 1.5692321325245686, -0.00021235195062614285, 3.1416633927158397, 4.712065399172199, -0.00039782260478549527]",0.0
354,1.128846341883515,"[4.711851820980581, 1.5703643992160412, -0.0006300053744269222, 3.1415901728597837, -0.0005471155968126766, 3.1409447445666943, 3.14119541976325, -0.00024374940662112016, 3.140965157449051, 3.1413769639873284, -4.059772902541518e-05, -0.00025799758727172424, -0.0003425267048477287, -0.0004554714337542621, -0.00044971809334024313, 3.5707991486495003, 4.711840347852827, 1.5709394017123435, 4.712230163307187, 1.5708034158880892, 3.1414201350983193, 1.5706359356974702, 3.1477250883408097, -0.0024579301735900595, 4.711310769488074, 4.711997771573756, 1.570794287709261, 1.5708734395562942, 4.712226502856166, 3.141219122510134, 1.570195857047498, 4.712204578705266, 1.5707454165589052, 6.63811346490981e-05, 4.709449079215453, 1.5692297727082662, -0.00021296439456053128, 3.14166372579241, 4.7120643659226715, -0.0003960389801289203]",0.0
355,1.12721410481163,"[4.711854842712592, 1.5703639742135713, -0.0006271094979278514, 3.1415887223276426, -0.0005448606735431375, 3.1409406299244504, 3.1411930465820608, -0.00023982836667284149, 3.140964909313644, 3.1413773790732042, -4.152404649362694e-05, -0.0002575821095561059, -0.00033889577113754566, -0.0004561017548996749, -0.0004511357399145893, 3.5707938806668906, 4.71184071773042, 1.5709438223680878, 4.712233043585342, 1.5708018632079515, 3.1414144103188546, 1.5706375604485654, 3.1477261396360467, -0.002455095299447796, 4.711312423783022, 4.712003206103458, 1.5707941495013666, 1.5708753201989971, 4.7122263677843605, 3.1412180696065994, 1.5702017233765748, 4.71220474142413, 1.5707413172791171, 6.703015316882623e-05, 4.709448654753307, 1.5692321174940094, -0.00021330304283986292, 3.1416614784542816, 4.712065530187906, -0.0003988407102030236]",0.0
356,1.1296312857863033,"[4.711849410961493, 1.5703688176615556, -0.000626600850181441, 3.1415890369267347, -0.0005453158155989778, 3.140942284635783, 3.141194508951666, -0.00024078342262999686, 3.140967220184771, 3.141375956741852, -4.25825075608768e-05, -0.00025875862520238183, -0.00033866674149106706, -0.0004554261734987631, -0.00044975751487567254, 3.570802492249081, 4.711840753747773, 1.5709431759381902, 4.712233200022379, 1.5708012196595165, 3.1414151215463155, 1.5706348749012489, 3.147724319030981, -0.0024541064428322767, 4.711310609767872, 4.712003758169691, 1.5707935809969609, 1.570875753419688, 4.712234320653083, 3.1412125806396, 1.5702054169208899, 4.7122071821386715, 1.5707425588781831, 6.615597441516522e-05, 4.70944964041984, 1.5692330988012897, -0.00021651253171829182, 3.141659513104826, 4.712065563661447, -0.0004000817268244894]",0.0
357,1.128788733516272,"[4.711852841057843, 1.5703648638710803, -0.0006281229838956385, 3.141588270186301, -0.0005408335199476653, 3.1409422345880507, 3.1411953062452027, -0.00024003222415597866, 3.140962137725046, 3.1413807328290866, -4.225420425631169e-05, -0.00025696881829629715, -0.0003378696210973375, -0.00045843169857414284, -0.00045318605572228086, 3.5707978997998873, 4.711841360880562, 1.570942933530998, 4.712233155087123, 1.5708014922840268, 3.141417837270767, 1.5706377566970102, 3.147723658238084, -0.0024546807051457746, 4.711311044580552, 4.712000792680406, 1.5707942605122531, 1.5708758621516814, 4.712227199546319, 3.141218037341763, 1.570202715617995, 4.712204707578294, 1.570743753540232, 6.819650478506227e-05, 4.7094478418790615, 1.569232827215646, -0.00021305017140383538, 3.141661421494469, 4.712065240494889, -0.00040024763472562303]",0.0
358,1.1295952506576743,"[4.711852696717655, 1.5703648358117257, -0.0006277670457078636, 3.141589199226196, -0.0005387699675786262, 3.140938254543105, 3.1411980650575098, -0.00023821884484772542, 3.1409644909877397, 3.1413756570549927, -4.240025510258028e-05, -0.0002576139098367163, -0.000344564633576148, -0.00045436970567163526, -0.00045152774519772104, 3.5707942972224416, 4.7118405981781875, 1.5709382936352494, 4.712234499099214, 1.5708018184469257, 3.1414154345047103, 1.5706387809236642, 3.1477231037352413, -0.002457538393483312, 4.711311133101334, 4.711998975766503, 1.5707948032809786, 1.5708738115756589, 4.712227839278344, 3.1412181460716546, 1.5702050741104363, 4.712208636171752, 1.5707409092989393, 7.319789016488574e-05, 4.709450695775407, 1.5692350351620612, -0.00021592480695613181, 3.1416620605032213, 4.712066817832303, -0.00039454196156843164]",0.0
359,1.1283254961287954,"[4.711852729214039, 1.5703657189126417, -0.000628006126181692, 3.141588509728206, -0.0005405700421810384, 3.140940867164861, 3.141195145041296, -0.00024118253147236852, 3.1409648004638737, 3.1413778294368653, -4.105097296345027e-05, -0.0002581781970082746, -0.000339393923270536, -0.00045740179048855056, -0.0004512067092088773, 3.5707980803066186, 4.71184442160273, 1.5709417879745495, 4.712233640193879, 1.5708028680310566, 3.1414160423692956, 1.570637761365036, 3.1477260574610817, -0.002454992627907331, 4.7113115510165295, 4.712000874855287, 1.5707902630045014, 1.5708762653796613, 4.712227172101053, 3.141217895837056, 1.5702011125799682, 4.712204561604862, 1.5707385525868776, 6.58964142860431e-05, 4.70944803639591, 1.5692322617040062, -0.00021393116461276534, 3.141663637336893, 4.712067344824686, -0.0003985642416459824]",0.0
360,1.130440173377238,"[4.711853279773408, 1.570362781927399, -0.0006285190699434571, 3.141589417797338, -0.0005422725436188218, 3.1409382844444864, 3.141197015203001, -0.00024014874796036411, 3.140960012195097, 3.1413745743711403, -4.641705027399307e-05, -0.0002550907450713454, -0.00033869677652043523, -0.00045772863155468774, -0.0004511869356471143, 3.5707995753948145, 4.711842722796086, 1.5709432081737629, 4.712229173999977, 1.570795410394683, 3.1414154337780933, 1.570636195964603, 3.1477290736496286, -0.00245404633622655, 4.7113104912191766, 4.712001790985751, 1.5707914243785142, 1.5708694497260676, 4.7122263124357096, 3.141218169853826, 1.570198693619978, 4.7122040031294326, 1.5707407421849067, 6.759885016223404e-05, 4.709450383421816, 1.5692345239989844, -0.00021758664073364415, 3.141661128310043, 4.712065121426459, -0.00040094957293536706]",0.0
361,1.1309970542605874,"[4.711851726752167, 1.5703657329875087, -0.0006282059437133015, 3.141589905663108, -0.0005420917766222464, 3.1409417398532384, 3.141194140006377, -0.0002394852630894561, 3.1409627957513413, 3.1413809698734934, -4.214025906526326e-05, -0.000257275442517027, -0.0003418463569267138, -0.0004573485669417675, -0.00045279287855681767, 3.570798777349683, 4.711840102469118, 1.5709442681906518, 4.712231516581326, 1.570801006317506, 3.1414131299703962, 1.5706393061795052, 3.1477269449406915, -0.0024555387439537646, 4.711310325590751, 4.712001116536129, 1.5707940835281018, 1.5708764062730665, 4.712227337053436, 3.1412170193450555, 1.570200283143472, 4.712206590980173, 1.5707395880881103, 6.703173132689107e-05, 4.709450307055196, 1.569231545725618, -0.00021370070652491896, 3.1416625190989085, 4.712065233014773, -0.00039744882719372325]",0.0
362,1.1285775028363811,"[4.711854132801193, 1.5703652054110209, -0.0006267763520962525, 3.1415911639103533, -0.0005405991395538256, 3.14094404173713, 3.1411933216948578, -0.00023445507995790114, 3.1409671388261984, 3.141378296483463, -4.229383845383448e-05, -0.0002578101840264367, -0.0003399668571474122, -0.00045964518322005995, -0.0004510442866789505, 3.5707985088663867, 4.711839235198524, 1.570935169178594, 4.712234017139822, 1.570799928847017, 3.141417914526015, 1.5706365332679875, 3.1477304788836467, -0.002448673625097506, 4.711315435911214, 4.712002461136358, 1.5707939362197931, 1.5708771037094946, 4.7122264865302155, 3.141217301855027, 1.5701988739932216, 4.712205365585839, 1.5707412723843288, 6.924863223594353e-05, 4.7094495235286775, 1.569230604909298, -0.0002128617717055638, 3.1416594964233195, 4.712067285731947, -0.0003990467813541164]",0.0
363,1.1290959781415681,"[4.711852336263031, 1.570365968309923, -0.0006262662448664564, 3.1415889878922054, -0.0005416774440613906, 3.1409408778270103, 3.1411934272402395, -0.0002382482919122967, 3.1409653078129947, 3.14137654006049, -4.1271923658116204e-05, -0.0002569986721663795, -0.0003373289787009231, -0.00045781708780360153, -0.0004529571506232028, 3.5707977888013196, 4.7118399990009205, 1.5709430751862656, 4.71223217859751, 1.5708012919560703, 3.141416488083426, 1.5706364104635753, 3.147725535663458, -0.002455407069381072, 4.711310405769626, 4.7119986405347225, 1.5707928790892467, 1.5708774248341562, 4.712226064474434, 3.141218490345074, 1.570200939556725, 4.7122036423838285, 1.5707398267631312, 6.764622440529203e-05, 4.709448228476953, 1.5692320457489954, -0.00021646898803331048, 3.141660127090432, 4.712062922523308, -0.0003959978977379471]",0.0
364,1.1308626347370203,"[4.711852488752312, 1.570365845140108, -0.0006279330715042321, 3.141588785579081, -0.0005416715073065431, 3.1409418214078237, 3.141193937793013, -0.00023898595669566671, 3.140963135520975, 3.1413769807771894, -4.231904842885493e-05, -0.00025874423620810124, -0.0003388706873569003, -0.00045704277110850485, -0.0004516137483594689, 3.570798238614834, 4.711839021377702, 1.5709425360875195, 4.712232847873385, 1.5708013538356629, 3.141416224696518, 1.5706380460910883, 3.1477252708269012, -0.0024558568275471443, 4.711311812240319, 4.712001556109993, 1.5707927290286576, 1.5708755487217274, 4.7122268966349745, 3.1412174980105596, 1.5701999714161914, 4.7122051999940195, 1.5707402563886381, 6.752795815205223e-05, 4.709447976536992, 1.5692337893156005, -0.00021322800631889111, 3.141661392263324, 4.712066225008183, -0.00039801697098341965]",0.0
365,1.1299385304115994,"[4.711853067683077, 1.570364578681898, -0.0006281286370565557, 3.1415893655503835, -0.0005414443349750652, 3.1409413767752543, 3.141193428785071, -0.00023831998439584562, 3.140961867396376, 3.1413762616371566, -4.09614287843644e-05, -0.0002591354172445963, -0.0003374238377259734, -0.00045498366657181023, -0.00044901257242677475, 3.5707989121223145, 4.711842663996405, 1.5709419520585486, 4.712233097810632, 1.5708001273254313, 3.141416039987813, 1.5706390553569292, 3.147726478956753, -0.002453823689781441, 4.711310439997806, 4.712000664340029, 1.570796626638441, 1.570877562370243, 4.712227371896444, 3.1412176286446467, 1.5702010584113366, 4.712205129074334, 1.5707409254332465, 6.751553940452763e-05, 4.709448115162461, 1.569232920359458, -0.00021373048858297768, 3.141664170617663, 4.7120640492249946, -0.00039758814521439806]",0.0
366,1.1295732216682506,"[4.711851283603923, 1.5703667197673745, -0.0006292139687125016, 3.141588714042211, -0.0005423918797144972, 3.140941226219159, 3.14119410130121, -0.00023925747671730852, 3.140963945329953, 3.14137699936532, -4.2604963871457015e-05, -0.00025851249997075086, -0.00033878734799928684, -0.0004576898779682342, -0.00045226486231310674, 3.5707971057738366, 4.711841039575566, 1.5709428035569635, 4.712232971654311, 1.5708019400895352, 3.1414158790329467, 1.5706386318723171, 3.1477269242074546, -0.0024544781015818046, 4.711311917480086, 4.7120000678682725, 1.5707945599017665, 1.5708750388754258, 4.712227671558527, 3.141217654169575, 1.5702007367952162, 4.712204173649691, 1.570740544392033, 6.842839748461586e-05, 4.709448153287729, 1.569232659340997, -0.00021386143479269217, 3.141662032350573, 4.712065513144046, -0.00039836342967633904]",0.0
367,1.129307208821459,"[4.711853370414589, 1.5703630174684515, -0.0006291440460498128, 3.14158864425876, -0.0005437192430692963, 3.140941106125723, 3.1411934538571034, -0.00023650996331094727, 3.1409645808768576, 3.1413764939997355, -4.04778515230078e-05, -0.000257731224862564, -0.00033939167633747987, -0.00045912689488864406, -0.00045281999927486346, 3.5708015213457385, 4.711841572724746, 1.5709425385551476, 4.712233558640638, 1.570803211014787, 3.141415806165669, 1.5706385775534581, 3.147724997746171, -0.0024564204605249792, 4.7113124059256535, 4.712001065349814, 1.570795401758908, 1.5708736367317342, 4.7122264279394335, 3.1412187492857035, 1.5702023264988825, 4.712205210699152, 1.5707393470598037, 6.736575371812547e-05, 4.709448402207755, 1.5692320939036517, -0.0002147095015928195, 3.1416620202494268, 4.712065985994224, -0.00039911068410074225]",0.0
368,1.1286543139927052,"[4.711852347218372, 1.5703654144379686, -0.0006280777634836922, 3.1415870527719023, -0.0005418801144027262, 3.140941850795041, 3.1411951693726383, -0.00023812295338538546, 3.1409640907249345, 3.14137745401203, -4.1841500177799096e-05, -0.00025770101125713833, -0.0003381966990419702, -0.0004555326868549805, -0.00045187714698397187, 3.5707984268419, 4.71184070385788, 1.5709430565779259, 4.712232963839304, 1.5708013507089402, 3.1414158834069656, 1.5706377975733556, 3.1477259739790533, -0.0024551920284868983, 4.711311237374516, 4.712000566981798, 1.5707941648361174, 1.570875248054347, 4.71222677029513, 3.141217444755036, 1.5702003065115078, 4.7122049172086, 1.5707402598074265, 6.821638548124473e-05, 4.709448954487379, 1.5692309523012058, -0.00021379614716740742, 3.141661554734082, 4.712066820701008, -0.000398455207101262]",0.0
369,1.1296912646030792,"[4.7118531682682505, 1.5703652111136799, -0.0006273380722117781, 3.141585294493623, -0.0005409007915069638, 3.140940208049838, 3.1411948317492064, -0.00023946852168279178, 3.1409637486164144, 3.1413772384465117, -4.203749446032643e-05, -0.0002580354870019619, -0.0003396854354130568, -0.0004583754801079351, -0.0004497891061233489, 3.5707985435258323, 4.711841162696683, 1.5709433444262058, 4.71223278603872, 1.5708050809577752, 3.14141593603959, 1.5706379488191033, 3.1477259062728797, -0.002453110125304481, 4.71131187209807, 4.712001070086523, 1.5707945680490412, 1.5708749328130396, 4.712226806737793, 3.1412170011902467, 1.5701985668347767, 4.712207172285466, 1.5707405846627682, 6.784959680811082e-05, 4.709449187776319, 1.5692331427455304, -0.00021386118408261404, 3.141660392157503, 4.712062786098497, -0.0003984568531514182]",0.0
370,1.129172789297892,"[4.711852925909827, 1.5703654827937985, -0.0006284032999808603, 3.1415886290538415, -0.0005416915691206053, 3.1409418577553767, 3.141195852835404, -0.00023836191668280923, 3.1409633608645797, 3.1413777446389735, -4.1240629771419284e-05, -0.0002593798915633305, -0.0003391529706418489, -0.00045740563067625387, -0.000451549310443805, 3.570798024216332, 4.711840568559569, 1.570942966123363, 4.712234426297802, 1.5708018567865685, 3.1414154590120322, 1.5706376847397205, 3.1477270148934378, -0.0024554133872381357, 4.71131124336529, 4.712001074771078, 1.570794234210649, 1.5708751834277088, 4.712227335734098, 3.1412182085352676, 1.5702004871051265, 4.712204381696243, 1.5707414021367694, 6.644288811791687e-05, 4.70944874879101, 1.5692328023086666, -0.0002150918606416969, 3.1416610311897237, 4.712065574347856, -0.0003977714543527097]",0.0
371,1.1307038157744969,"[4.711853078472652, 1.5703636439010087, -0.0006275172672408248, 3.1415891565350877, -0.000542431073236523, 3.14094345869446, 3.1411942744179115, -0.0002404333494313353, 3.140963190602232, 3.1413775552338232, -4.472282534984398e-05, -0.000255677109038625, -0.0003384187212700196, -0.000458116841764776, -0.0004503537616562761, 3.5707986080122756, 4.711840691283428, 1.5709422933421842, 4.71223692377611, 1.5708025768231835, 3.141413924922698, 1.5706370168310493, 3.1477254318682095, -0.002455218486086582, 4.711310821243909, 4.712000196972481, 1.570794864385341, 1.5708752989449306, 4.712227739028737, 3.1412165102987766, 1.5701997936204326, 4.712203438638327, 1.570739299529094, 6.896378400615454e-05, 4.709447648886603, 1.5692322231691542, -0.00021416716738011064, 3.141661741207888, 4.71206593507313, -0.00039686149231276085]",0.0
372,1.1292303976651352,"[4.71185301000642, 1.5703653872236591, -0.0006280149144017805, 3.1415879752809412, -0.0005414655026288964, 3.140942675049234, 3.1411939875597357, -0.0002386782838643213, 3.140964442566558, 3.141378055279242, -4.1768377303393305e-05, -0.0002580184966535734, -0.00033924289871468266, -0.00045729315151091796, -0.000450312919049739, 3.570798518662147, 4.711841180697757, 1.5709426502918418, 4.71223189252174, 1.5708017432534218, 3.141415423094051, 1.5706392404425813, 3.147726174865531, -0.0024550587698880812, 4.711311022341649, 4.712001186947779, 1.5707936527992181, 1.57087427499526, 4.712227130299991, 3.1412174501934884, 1.5702014067478398, 4.712203472408414, 1.5707408850640319, 6.818310386750331e-05, 4.709447929437059, 1.5692328900949022, -0.00021413305363494884, 3.1416609456357607, 4.71206563557535, -0.00039710918327820396]",0.0
373,1.1284046777346521,"[4.7118526653352735, 1.570365778446474, -0.0006275971272119723, 3.141588678618344, -0.0005400721377885971, 3.1409396252322814, 3.14119276895174, -0.00024007662135248846, 3.1409638273423433, 3.1413788719791653, -4.028385774293537e-05, -0.00025834243430932776, -0.00034023443962826773, -0.0004562901296045947, -0.00045061371111802627, 3.5707991463547994, 4.711839039486834, 1.570943209444497, 4.712232604813353, 1.5708021512134245, 3.1414153568166734, 1.5706339172568076, 3.1477260578014334, -0.0024537946134043057, 4.711311754752587, 4.711999940892576, 1.5707961575131189, 1.5708737356933236, 4.712226997851556, 3.14121841410653, 1.5702013366276992, 4.712202356836851, 1.57073977600456, 6.771065465112046e-05, 4.709448503713579, 1.5692332300193872, -0.0002135255481704761, 3.141662437101952, 4.712066951012801, -0.0003986353110987167]",0.0
374,1.1284238805237332,"[4.711852223730735, 1.5703652499466652, -0.0006282168881510317, 3.1415882993405226, -0.0005420783800147025, 3.1409402387293963, 3.141194050688456, -0.00023790468027644105, 3.140963389427957, 3.1413779673978564, -4.133796574443355e-05, -0.0002573580301680754, -0.00033859583686564635, -0.0004583845369609434, -0.00045060805794774, 3.570797408157597, 4.711840472984294, 1.5709419140040657, 4.712233138368824, 1.570801816761363, 3.141416588638834, 1.5706377821644246, 3.1477262626885403, -0.002455928923159715, 4.711310201654848, 4.712000831069754, 1.5707941544902426, 1.5708749125262913, 4.712227809444724, 3.1412161856706726, 1.5702005398686483, 4.712204323385955, 1.570740417711163, 6.70404244024597e-05, 4.7094490258683, 1.5692323107980672, -0.0002134625960724333, 3.1416617768773674, 4.712066024499287, -0.00039784436764446436]",0.0
375,1.129172789297892,"[4.71185353158378, 1.5703644581275835, -0.000627967803726237, 3.141588518433672, -0.0005394891846332597, 3.140943119377766, 3.1411949512536324, -0.00023891929211699412, 3.1409656820771503, 3.1413749205813684, -4.072557002758273e-05, -0.0002558632666854325, -0.00033945137630591037, -0.0004574715813158565, -0.00045399344534512463, 3.5707982059437002, 4.71184094837058, 1.5709441752039195, 4.7122325950993265, 1.5708022735177667, 3.1414162663852454, 1.570636927862056, 3.1477283025938707, -0.002456061208405395, 4.711310494115928, 4.712002095887705, 1.570794957332254, 1.5708756256534906, 4.7122283966134955, 3.1412163857101665, 1.570200380456058, 4.71220422591028, 1.5707415920323782, 6.781947989086435e-05, 4.709449066714671, 1.5692342646471937, -0.0002119321154658037, 3.1416632771517023, 4.712065241273594, -0.00039786079275724466]",0.0
376,1.1297296701812412,"[4.711852503257911, 1.570365237767551, -0.0006284049408145841, 3.141589099075477, -0.0005433744089599482, 3.1409422990802915, 3.14119516946771, -0.00023987364251308016, 3.1409642612061237, 3.141377217553054, -4.168520411576174e-05, -0.00025784781460061164, -0.00034006827523926173, -0.0004570194939238839, -0.000450869509745104, 3.5707985598354237, 4.711840571776176, 1.5709420155698264, 4.712232266708336, 1.5708021921973123, 3.141417220706687, 1.5706371419923097, 3.147725767889784, -0.002455442482660007, 4.711311082487047, 4.712000318204999, 1.5707943118976269, 1.5708748355235655, 4.712226901661562, 3.1412180998427797, 1.5701997861458203, 4.712204522620968, 1.5707414616148296, 6.73558595308055e-05, 4.7094486790325, 1.5692318333990163, -0.00021343006078712278, 3.141662379246588, 4.712065218154477, -0.0003973257075113135]",0.0
377,1.1297872785484842,"[4.711852230665343, 1.5703658488003027, -0.0006279128035340717, 3.141588493863817, -0.0005424514911070865, 3.140941482085471, 3.141194839594424, -0.00023915365138339086, 3.1409640563260135, 3.141377103644425, -4.201707431371801e-05, -0.0002580090308143515, -0.00033902152517877347, -0.0004570768267665422, -0.00045115634475313026, 3.5707987523578093, 4.711840696596611, 1.570943322287931, 4.712232998221375, 1.5708018763823433, 3.1414158724516046, 1.5706374493686046, 3.1477256083781064, -0.0024551292842818744, 4.711310928183454, 4.7120012667565, 1.5707942117930223, 1.5708751868878488, 4.71222792777202, 3.141217124901323, 1.570201483969459, 4.712204745304277, 1.5707404857560727, 6.74269567102721e-05, 4.709448556177634, 1.5692327766808758, -0.0002140369295181562, 3.1416617215284854, 4.712065477594234, -0.0003980047336331037]",0.0
378,1.1296294906594566,"[4.71185296641862, 1.5703657233197277, -0.0006273748880520816, 3.141589426928993, -0.0005419523998281654, 3.1409418938374976, 3.141195056269352, -0.00023764879522900442, 3.140964795301329, 3.1413776980264494, -4.2292261804560284e-05, -0.00025768540339787235, -0.00033950161108144074, -0.0004580765240369718, -0.00045118356199555303, 3.5707985065400543, 4.711840471930525, 1.5709414855347859, 4.7122331606186, 1.5708012077772342, 3.14141653122784, 1.5706371669655583, 3.1477268319001714, -0.0024529514039491034, 4.711312001074659, 4.712001891287749, 1.5707941433642445, 1.5708758805438832, 4.712227211908141, 3.1412174676420404, 1.5702012980441176, 4.7122048838637935, 1.5707401951385345, 6.791278418042998e-05, 4.709448903976456, 1.5692320737396896, -0.0002134274976350803, 3.1416613718743647, 4.712065898512644, -0.0003981880773869901]",0.0
379,1.130440173377238,"[4.7118523653333515, 1.57036549841569, -0.000628035281371324, 3.1415886323209694, -0.000541934814304725, 3.1409421109315616, 3.1411945795216476, -0.0002383936116410011, 3.1409637875386367, 3.1413770881866037, -4.1675829541279326e-05, -0.0002576918680825459, -0.0003395182738184494, -0.0004574566293217785, -0.0004512816812414269, 3.5707978811801078, 4.7118407138755085, 1.5709430615001718, 4.71223319250021, 1.570801687508849, 3.1414160411813565, 1.5706379294792878, 3.147725161300379, -0.0024543117298768697, 4.711311096587266, 4.71200095118675, 1.5707941295753833, 1.5708751595906136, 4.712227210958368, 3.1412177662007195, 1.5702005582282712, 4.712204144348149, 1.570740193967412, 6.739128678977565e-05, 4.709449301170689, 1.5692328402035203, -0.00021390381333626974, 3.1416619748835877, 4.71206561845281, -0.00039821237962543206]",0.0
380,1.1284210543233906,"[4.711852331373191, 1.5703652634878997, -0.000627638191832294, 3.1415890310836967, -0.0005419929864157064, 3.1409411675118624, 3.141195779790844, -0.00023797575314580375, 3.1409637031759945, 3.1413774278296724, -4.175103973246423e-05, -0.00025706910141200874, -0.0003395372478623076, -0.0004576151737183513, -0.00044982518644930754, 3.570798082193561, 4.711840098761315, 1.570944470431583, 4.71223322172364, 1.5708020592448573, 3.1414164552375903, 1.5706380839692424, 3.1477269777768777, -0.0024554053415271004, 4.711311393412122, 4.712000251376477, 1.5707936818263526, 1.5708756364188254, 4.712226819726998, 3.1412185423257766, 1.5702013519895497, 4.712204567255266, 1.5707401237993515, 6.822996926365405e-05, 4.709447378776577, 1.569232526719489, -0.00021310887462028133, 3.141662136052566, 4.712065584298715, -0.00039857739060060704]",0.0
381,1.1289399853793876,"[4.711852510639275, 1.570365547226876, -0.0006280434546812663, 3.1415884125019167, -0.0005423789387523763, 3.1409412474280063, 3.1411952479261727, -0.00023829450223730608, 3.1409638734200684, 3.141377682831074, -4.207846216558918e-05, -0.00025740148992612846, -0.0003392230394568422, -0.00045684574875286976, -0.0004515908388898464, 3.570798455288117, 4.711840436990883, 1.5709422490971428, 4.712232849934867, 1.570802281244895, 3.141415617893979, 1.5706378358267217, 3.147726011607627, -0.002454775502997096, 4.711311242298287, 4.7120011923821155, 1.5707941207038933, 1.5708755724542751, 4.7122270426159165, 3.1412175678259384, 1.5702007209047046, 4.7122039379763025, 1.5707404209674285, 6.745723394616955e-05, 4.709448176705249, 1.569233196618275, -0.00021378814753125945, 3.1416621632808734, 4.712065319539591, -0.0003981296352072725]",0.0
382,1.1300177120174562,"[4.711853101387304, 1.5703651727132877, -0.0006285252349789072, 3.141589437403788, -0.0005422116557895863, 3.140941054000185, 3.141195250507529, -0.00023862205586935568, 3.140964598990359, 3.1413784391449893, -4.260923231493184e-05, -0.000258641700904245, -0.000337791680273845, -0.00045720763464119756, -0.0004515410602349372, 3.570798261977892, 4.711840978691294, 1.5709438052588836, 4.712233032154934, 1.570802484377622, 3.141416882112297, 1.570637704671492, 3.1477261412378317, -0.0024545470633537095, 4.711310373162904, 4.712001294301815, 1.570794401964528, 1.5708747713058355, 4.712226041382162, 3.141217689641365, 1.570200762183074, 4.712204731327911, 1.5707396766306594, 6.817179802587869e-05, 4.709449334056209, 1.5692335999522673, -0.00021332235378532146, 3.1416620878837502, 4.712066006473351, -0.00039679159030119943]",0.0
383,1.1295568450795122,"[4.711852939710413, 1.5703659930077962, -0.0006278596421538356, 3.141588634761207, -0.0005416091051587702, 3.1409412873583094, 3.141194618227836, -0.000238413670825459, 3.140964235075061, 3.1413775375992112, -4.281744708873714e-05, -0.0002576616872377601, -0.0003390488670618969, -0.00045739712170376855, -0.0004510632147913503, 3.5707984451684296, 4.711840822971143, 1.5709430314801596, 4.712233072122054, 1.5708017230525697, 3.1414160880355637, 1.5706378410919242, 3.147725820278163, -0.002455420914743401, 4.711311936302305, 4.712000972456665, 1.5707944467369275, 1.5708752425801213, 4.71222725123631, 3.141217946376112, 1.5702007586870759, 4.71220441462081, 1.5707406727598974, 6.713739625738096e-05, 4.709448933902182, 1.5692325025998333, -0.00021360569272947037, 3.14166216882697, 4.712065528310973, -0.00039771488723358306]",0.0
384,1.128846341883515,"[4.711852993699283, 1.5703650658813049, -0.0006273318150969392, 3.1415882931305865, -0.0005422518658153615, 3.140941199160413, 3.141195654946488, -0.00023886091811083497, 3.140963734377573, 3.141377560711304, -4.185974430657361e-05, -0.00025929906179736193, -0.0003398629229672575, -0.00045817653037683986, -0.0004515155553724764, 3.57079821864785, 4.7118413267534205, 1.5709432306226219, 4.712232537536043, 1.5708011576494632, 3.1414163070724266, 1.5706375367860606, 3.1477255906888684, -0.0024558027363846585, 4.711311933356875, 4.712001453850698, 1.570794794893107, 1.5708762095877353, 4.71222708241059, 3.1412166557252528, 1.570200245688299, 4.712203195629146, 1.570739638311313, 6.890075611632104e-05, 4.709448499822965, 1.5692324043595498, -0.00021371992191269329, 3.1416618540553856, 4.7120653786182745, -0.00039814637709357776]",0.0
385,1.1292111948760541,"[4.7118527069594345, 1.5703654020958584, -0.0006277913257339109, 3.141588683872952, -0.0005422280643479517, 3.1409414151025983, 3.141195041294991, -0.00023888536490148277, 3.1409633398672496, 3.1413774637977996, -4.184678152882067e-05, -0.00025726830238991395, -0.00033880521228014774, -0.000457481549751012, -0.00045133259520781374, 3.5707983739723854, 4.711840953007644, 1.570942923206074, 4.712232663687667, 1.5708011845213594, 3.141416166771769, 1.5706375216881534, 3.147726375367373, -0.0024548281928047423, 4.711311708928431, 4.712001220017913, 1.5707940288688675, 1.5708745872260954, 4.7122273498687095, 3.141217801112125, 1.5702004859386347, 4.712204737578337, 1.5707402034600675, 6.793108608900242e-05, 4.70944867281343, 1.569233055273383, -0.00021435347384838316, 3.141662005432957, 4.7120656161777665, -0.00039785476172823366]",0.0
386,1.129998509228375,"[4.711853000302922, 1.5703645934529946, -0.0006285585923549488, 3.141588608668228, -0.0005414808360930616, 3.1409405888972284, 3.141195089740051, -0.00023906977657789299, 3.140963316903352, 3.1413761784410075, -4.360969878833054e-05, -0.0002581333330619742, -0.00033967969181642566, -0.0004576395318216103, -0.00045153707583711654, 3.5707985053813363, 4.7118407458656995, 1.570942746508821, 4.712232413779086, 1.5708009050974767, 3.1414156550345296, 1.570637480683264, 3.1477264817945985, -0.0024545554595274206, 4.71130987544271, 4.7120010199801206, 1.5707937723858652, 1.5708746219568677, 4.712226135349328, 3.141217766226748, 1.5702012725238625, 4.712204094222811, 1.5707404529205553, 6.711228527220102e-05, 4.709448508794144, 1.5692320378534184, -0.00021348336626435702, 3.1416613411460905, 4.712065289524165, -0.00039865086495056453]",0.0
387,1.1288627184722535,"[4.711852734936485, 1.5703654164581176, -0.000627204738589889, 3.1415887804913663, -0.0005419673640957894, 3.140941444383493, 3.141194987061258, -0.00023860239887525518, 3.1409635518678174, 3.1413770922275455, -4.2106740840713726e-05, -0.00025802730556707384, -0.0003395490793299265, -0.00045727695854230635, -0.00045153020611094017, 3.5707980834080733, 4.71184069928741, 1.5709426839450444, 4.7122329843907504, 1.5708021370391516, 3.141415996385897, 1.5706378920684723, 3.1477260223617245, -0.002454848815339379, 4.711311419070841, 4.712000314080867, 1.5707942429577015, 1.5708750511193623, 4.712226708155725, 3.1412170505481405, 1.570201410293585, 4.712204835774255, 1.5707407167888048, 6.780952399740101e-05, 4.70944875302518, 1.5692328798914712, -0.00021390493790330133, 3.141662068331524, 4.712066068694821, -0.0003975883373220862]",0.0
388,1.1282894610001661,"[4.7118527243005985, 1.5703653759905012, -0.0006288906926747971, 3.1415884281880175, -0.0005410581122997042, 3.140940755201828, 3.141195479392187, -0.00023881820524140806, 3.140964241739686, 3.1413772801653006, -4.1733894084162414e-05, -0.00025761429120332543, -0.0003401456538932487, -0.00045691185126124775, -0.00045133588023493114, 3.570797339314348, 4.711840485839807, 1.5709417393373746, 4.712233526647659, 1.570801500004489, 3.1414160014933716, 1.5706377489657597, 3.14772522344132, -0.0024555802324418147, 4.711310907824719, 4.712001461990738, 1.5707945554341927, 1.5708751688050582, 4.712227709247875, 3.1412187232515048, 1.5702016715775065, 4.712205430567381, 1.5707398173207574, 6.906912904737097e-05, 4.709448561801354, 1.5692326992895165, -0.00021383637353706737, 3.1416616771895223, 4.712065261925983, -0.000396976230552119]",0.0
389,1.1291151809306492,"[4.711853694023681, 1.5703663135125425, -0.0006282253931591601, 3.141588768580907, -0.0005421980791893164, 3.1409417924073653, 3.1411948966053145, -0.00023882739120804948, 3.1409637758214277, 3.141377432041593, -4.174195138646661e-05, -0.00025774056734634987, -0.00033916326431116477, -0.00045727059122262524, -0.0004513096935331227, 3.5707983409212964, 4.711840711083698, 1.5709426740709678, 4.712233149682942, 1.5708016841471464, 3.1414160505144175, 1.5706377556708702, 3.1477261327739887, -0.002455131640977053, 4.7113110331279575, 4.7120005020676405, 1.5707942927727248, 1.5708751189954937, 4.712226983785651, 3.1412173901644005, 1.5702009842959719, 4.712204603876582, 1.5707398370439316, 6.77247549497171e-05, 4.709448695532322, 1.5692328152943837, -0.00021342317598300832, 3.141661513304938, 4.712065272746545, -0.0003984279776798181]",0.0
390,1.12951843950135,"[4.711852113795128, 1.5703653754873999, -0.0006265158940522507, 3.1415886349908044, -0.0005421742634619444, 3.14094109194895, 3.141195222467804, -0.00023881865903904116, 3.1409645276416134, 3.141377619021819, -4.15113873700054e-05, -0.0002580907965356763, -0.00033911395524243603, -0.00045744622957293415, -0.00045206363976928063, 3.5707982866128067, 4.711841195869095, 1.570942780877373, 4.712233525095619, 1.5708008305650736, 3.141415730876197, 1.5706383497451908, 3.1477256291731295, -0.002454521337591264, 4.711310859998719, 4.712000605565195, 1.5707949183745364, 1.5708742748141757, 4.712227454423073, 3.1412180955306184, 1.5702001953505054, 4.712204821427572, 1.570739990413228, 6.676385190652007e-05, 4.709447259792609, 1.5692327777540651, -0.00021217404388934954, 3.1416612213595463, 4.712065465672111, -0.00039746394816302615]",0.0
391,1.1291151809306492,"[4.711852762449112, 1.5703657350977462, -0.0006285434179404483, 3.1415886364222945, -0.0005422415335866869, 3.14094132506522, 3.141194545751832, -0.00023816890759653466, 3.1409635474510957, 3.1413773327759635, -4.189304393147985e-05, -0.0002577193900132804, -0.00033954204365366545, -0.0004573797860373406, -0.00045139165759078043, 3.570798413432394, 4.711841365413165, 1.5709432398553802, 4.712233122325632, 1.570801701347119, 3.1414158045064324, 1.5706371055906168, 3.1477258310494007, -0.0024546965700890096, 4.7113112870588525, 4.712000990458893, 1.570793908173806, 1.570875475990767, 4.712227023512737, 3.1412175063088466, 1.5702006540521447, 4.712204622148361, 1.5707407917238014, 6.787465642911527e-05, 4.709448191771764, 1.5692327355325097, -0.00021331269071234494, 3.1416614715835074, 4.712065816927183, -0.00039732997064068114]",0.0
392,1.1284622861018951,"[4.711853212161966, 1.5703657388969954, -0.0006288923909573029, 3.141588619333375, -0.0005417176269088545, 3.1409413067613605, 3.1411954412514844, -0.00023951401174529172, 3.140964197669032, 3.1413770186951724, -4.166957890533877e-05, -0.00025706692639035155, -0.0003390647220225941, -0.0004581390358823111, -0.00045112828852064533, 3.5707980672096236, 4.711840121156747, 1.570943200706361, 4.712232291659588, 1.5708016729900665, 3.1414161529299593, 1.5706383597526907, 3.1477255221921627, -0.002454371075653128, 4.711311305586151, 4.712001164075865, 1.5707955870200256, 1.570876154226079, 4.712226575036731, 3.1412171997621994, 1.5702006020543977, 4.712204837460947, 1.5707401736378503, 6.674119846366807e-05, 4.70944743290861, 1.5692325420440956, -0.00021463756099572633, 3.141661536740867, 4.712067066181645, -0.00039749017838808254]",0.0
393,1.1298256841266463,"[4.71185258569105, 1.570365126360619, -0.0006281796351758435, 3.1415882918405416, -0.0005416643868995511, 3.1409426867486205, 3.1411945079441876, -0.0002379997876243595, 3.140963016331209, 3.1413778582324703, -4.269532283150056e-05, -0.0002581147156102132, -0.000339604627978422, -0.00045681520521317356, -0.00045178071592799553, 3.5707973197576224, 4.711840897660478, 1.5709430752862692, 4.7122325164664804, 1.5708024154734217, 3.1414171950463294, 1.5706369505995543, 3.147726303202354, -0.0024549766809489775, 4.711311520900832, 4.712001295352743, 1.5707946761293328, 1.570874802569684, 4.712227439637644, 3.1412172948542443, 1.5702014183396755, 4.712204785019919, 1.5707389210218634, 6.658916692428236e-05, 4.709447293038182, 1.5692321642753433, -0.00021396666391813204, 3.1416619190516655, 4.712065025765649, -0.0003974954716633298]",0.0
394,1.1291535865088111,"[4.711852826203783, 1.57036514334185, -0.0006280080299330378, 3.141588537920715, -0.0005413198238264764, 3.140941962915781, 3.1411947207636186, -0.00023885719236938313, 3.140964279132694, 3.1413768472840498, -4.158523787094421e-05, -0.0002575049021339496, -0.0003391181877341206, -0.0004575360412796391, -0.0004519999064007635, 3.5707982984381372, 4.711840581587045, 1.5709431295862608, 4.712232958962204, 1.5708019929380632, 3.1414160830147, 1.570637576681972, 3.1477267477373463, -0.0024551577528780706, 4.711311033681413, 4.7120013680550885, 1.5707943660739025, 1.5708754231398279, 4.712227384461229, 3.1412174121421135, 1.5702007684041008, 4.712204480998058, 1.5707406271047708, 6.778406501493622e-05, 4.709448602558262, 1.569232852893444, -0.00021319514539932632, 3.1416622122819873, 4.7120655192253045, -0.00039783217831123625]",0.0
395,1.12894235582892,"[4.711852920980323, 1.5703652840136368, -0.0006278675273227393, 3.141588867163594, -0.0005422249105546575, 3.14094138616648, 3.1411946130619817, -0.00023881924179136065, 3.140963953074824, 3.1413773634919395, -4.191247584602571e-05, -0.00025785072479710553, -0.00033909415457497073, -0.00045720436086845275, -0.0004513267218096945, 3.5707977969864437, 4.711840684029812, 1.5709429810648008, 4.7122329604799456, 1.5708019532276754, 3.141415858667496, 1.5706377245437708, 3.147726004887517, -0.0024549000909746786, 4.711311348220273, 4.71200134180619, 1.570794231438647, 1.570875228045398, 4.7122270882176815, 3.141217685123427, 1.570200894619469, 4.7122045489553726, 1.5707404250375778, 6.764231765428505e-05, 4.709448488108179, 1.5692324439727816, -0.0002136687336759869, 3.141661724035944, 4.712065573549339, -0.00039803459819511564]",0.0
396,1.128596705625462,"[4.711852762080246, 1.5703653417610772, -0.0006280466342870755, 3.14158751576705, -0.0005426829596581363, 3.1409416540083113, 3.1411945501638097, -0.00023899241113868022, 3.1409640051829353, 3.1413775638386676, -4.196554483503842e-05, -0.00025796113659749543, -0.0003392079715033208, -0.00045772273363851754, -0.0004512544493958365, 3.5707979794976294, 4.711840388775961, 1.5709429109106436, 4.712233301214447, 1.5708012724072078, 3.141415976975318, 1.5706375792211815, 3.1477263048457833, -0.0024548007110298327, 4.711311343858044, 4.712001061083399, 1.570794178800614, 1.570875495348944, 4.712226680372248, 3.1412178689861845, 1.5702014167638099, 4.712204605977616, 1.5707402724903652, 6.743927654506754e-05, 4.709448652401137, 1.569232877916385, -0.00021349061529818468, 3.141662260082047, 4.712065567455922, -0.00039758817662081665]",0.0
397,1.1295732216682506,"[4.711852695020127, 1.5703652913134547, -0.0006281225711154911, 3.141588630756062, -0.0005423191700210549, 3.1409416738820704, 3.141194894943363, -0.0002384489506816193, 3.140963871263439, 3.14137717084467, -4.204539162161634e-05, -0.00025783285545798455, -0.0003390627830719885, -0.0004576844283889831, -0.0004515445488710467, 3.5707984387285596, 4.71184084815142, 1.570942813634869, 4.712233077293178, 1.5708018844854406, 3.141416119473312, 1.5706381593305467, 3.147725946259263, -0.0024550818608736246, 4.711311254765357, 4.712001177479097, 1.57079411262116, 1.570875309811509, 4.712227070322138, 3.141217664067427, 1.5702009573242974, 4.712204809955621, 1.5707402636459074, 6.763731491417121e-05, 4.709448499964529, 1.5692325058251124, -0.0002137352844638133, 3.141661850128389, 4.712065469910415, -0.0003978647729540819]",0.0
398,1.1280014191639511,"[4.711852558586749, 1.5703652221272004, -0.0006281541040736666, 3.1415886779562934, -0.0005417639275918864, 3.140941183288491, 3.14119413263099, -0.0002387425385061851, 3.1409637355573516, 3.1413776124332133, -4.1431046431005766e-05, -0.0002581879674657755, -0.00033920843767889803, -0.0004576637181322305, -0.00045146747516119267, 3.5707991889784574, 4.711840314237032, 1.5709427293305238, 4.712233058105331, 1.5708022004639948, 3.14141590761662, 1.5706373460438845, 3.147725948375339, -0.002454846423259258, 4.71131149660069, 4.712000833150472, 1.5707946318774955, 1.5708748891417812, 4.7122269310573035, 3.1412181076620618, 1.5702011405884355, 4.712204331793077, 1.570739973384527, 6.77959180908641e-05, 4.709448372516518, 1.5692323894672404, -0.00021378306673391096, 3.1416619978521267, 4.712065871731621, -0.00039811703023040506]",0.0
399,1.128481488890976,"[4.711852604442186, 1.5703654653056394, -0.0006280586851811934, 3.1415888430198113, -0.0005421252577198364, 3.1409416059067685, 3.141194932922876, -0.00023878724114895472, 3.14096358187022, 3.1413773172171235, -4.191219533108096e-05, -0.00025779194995592404, -0.0003390268044119328, -0.00045731453963151445, -0.0004514817955686752, 3.5707983087173347, 4.711840591178577, 1.5709428289819225, 4.712232951440874, 1.57080168938693, 3.1414160774590973, 1.5706377957911137, 3.1477260874371424, -0.0024549744968581084, 4.711311326218449, 4.712001061535269, 1.570794206232431, 1.5708753653435157, 4.712227257036472, 3.1412178074629606, 1.5702012298365324, 4.712204122928462, 1.570740187591644, 6.753878405595052e-05, 4.709448693912027, 1.5692325149813793, -0.00021343215869782284, 3.14166172734101, 4.712065839392991, -0.0003975901634811277]",0.0
400,1.130113725962861,"[4.711852586309588, 1.5703654897714778, -0.0006278490898690642, 3.1415879372494957, -0.0005416874521800738, 3.1409412614148366, 3.141195023051776, -0.00023917841435987588, 3.140963351086534, 3.1413773295819003, -4.197079895501701e-05, -0.0002579011481048905, -0.000339040664146623, -0.0004575506313736045, -0.00045099805646025475, 3.5707984046366787, 4.711840584841021, 1.5709428918948598, 4.712232858796715, 1.5708026240154773, 3.1414161049589766, 1.5706378866985253, 3.1477261529820737, -0.002454350457218, 4.711311510515707, 4.712001034853181, 1.5707942212335404, 1.5708754608904023, 4.71222721332807, 3.1412176943974655, 1.57020056465235, 4.7122047862854854, 1.5707401946059554, 6.767769799999797e-05, 4.709448927756306, 1.5692325004163121, -0.0002133127101757065, 3.1416612279455305, 4.7120650921904135, -0.000397606707650166]",0.0
401,1.1285775028363811,"[4.71185278494677, 1.5703657191516174, -0.00062783756571488, 3.1415885440380933, -0.0005421918125807778, 3.140941471787025, 3.1411947202397608, -0.00023855610329503248, 3.1409638900258483, 3.1413770316448066, -4.2017949921237706e-05, -0.00025803043526528423, -0.0003393143388150898, -0.0004573965244180049, -0.00045121817553696753, 3.570798313476387, 4.711840559915691, 1.5709428731520692, 4.7122329466169, 1.5708019545607543, 3.141415881498651, 1.5706377471171424, 3.147726290732899, -0.0024548763564416287, 4.711311014525263, 4.712001174742093, 1.5707942271216053, 1.5708751999787498, 4.712227244855588, 3.1412178076460084, 1.5702006473527532, 4.712204491143757, 1.5707399752279472, 6.767253417788049e-05, 4.7094485419512, 1.5692325250418897, -0.00021377190265168796, 3.141662004545547, 4.712065785674144, -0.0003975946871136643]",0.0
402,1.1294416283450261,"[4.7118530218759505, 1.5703658618990282, -0.0006275487707236548, 3.1415883798081565, -0.0005419293686388059, 3.140941677203167, 3.141194770934394, -0.0002388378432726328, 3.140963316909055, 3.141377894395506, -4.222335912731933e-05, -0.0002579118930403357, -0.00033898287041805934, -0.0004577878308978532, -0.00045170416019536125, 3.570798208774264, 4.711840682879034, 1.5709428517076316, 4.712232924028995, 1.570801968075525, 3.141416421320754, 1.5706377063905421, 3.147725754553762, -0.002454721475826792, 4.711310474711213, 4.712001185480698, 1.5707942468202976, 1.5708754964284228, 4.712227462191375, 3.1412182440454983, 1.5702009854838712, 4.712204498811475, 1.5707408859504568, 6.800276209736292e-05, 4.709448219743573, 1.5692324315612296, -0.00021373825419710157, 3.1416621063626193, 4.712065888747028, -0.00039813619722679983]",0.0
403,1.1308050263697773,"[4.711852438717805, 1.5703654550333865, -0.0006277783291987063, 3.141588656601734, -0.0005419840300081225, 3.1409415973977635, 3.1411946258863583, -0.00023869315017714343, 3.14096400715178, 3.141377354247971, -4.200960254357199e-05, -0.00025779274682644635, -0.0003390310984995517, -0.00045748719284290025, -0.0004513936764840433, 3.570798234094214, 4.711840778440508, 1.5709427836023226, 4.712232816624932, 1.5708018196704374, 3.1414160436926677, 1.5706374932025124, 3.1477261064919784, -0.002455081588962063, 4.71131106278648, 4.712000828023578, 1.570794282249947, 1.5708756191230355, 4.7122269432720225, 3.1412179020029893, 1.5702008838228088, 4.712204563726787, 1.5707401922968653, 6.76455954744716e-05, 4.709448580740447, 1.5692327547866318, -0.00021390468215218397, 3.141661506500241, 4.712065506738392, -0.0003978416753700594]",0.0
404,1.1284238805237332,"[4.711852825770501, 1.5703657237357294, -0.0006278878463505658, 3.141588773398544, -0.0005417499963066656, 3.1409412667806267, 3.1411947805388465, -0.0002387323455412453, 3.140964021494892, 3.141377386294679, -4.1668702561339944e-05, -0.00025783751035617883, -0.0003388160978622943, -0.00045746409853858277, -0.0004516717080092081, 3.57079827958949, 4.711840119105153, 1.5709430870009808, 4.712233154965705, 1.5708015394270707, 3.1414161401603047, 1.5706376872694146, 3.147725809071508, -0.0024545656051581334, 4.711311183931479, 4.712000750868814, 1.5707936234716655, 1.5708753173236456, 4.712226944694096, 3.1412173492853652, 1.5702009085640336, 4.712204250568493, 1.570740303154725, 6.772397714588949e-05, 4.70944823262951, 1.5692319597151545, -0.00021411566593220865, 3.14166215448555, 4.712064796338809, -0.0003972237333654106]",0.0
405,1.1286351112036241,"[4.711852633614123, 1.5703654409389387, -0.0006279524993618486, 3.141588658440899, -0.0005420492493528363, 3.140941367542898, 3.1411945414671463, -0.00023887807539976622, 3.140963809155025, 3.141377635121954, -4.203045249111437e-05, -0.0002577350996903015, -0.00033958764479791474, -0.00045719659452545636, -0.0004515208142402354, 3.570798474637833, 4.711840617307482, 1.5709430378124678, 4.712233205669497, 1.5708017214017476, 3.1414163140432576, 1.5706380350979334, 3.1477262479721144, -0.0024548586790257374, 4.7113111243315196, 4.712001137931444, 1.5707942381145852, 1.5708754071373578, 4.712227110012833, 3.1412175928329287, 1.5702008166975665, 4.712204542101769, 1.570740253831448, 6.764640584353016e-05, 4.709448625554315, 1.569232586899923, -0.00021382006224829423, 3.141661730762099, 4.712065592120788, -0.0003978298058346787]",0.0
406,1.1298256841266463,"[4.711852373863368, 1.5703655101713045, -0.0006281791322679907, 3.141588978322791, -0.0005418680029735373, 3.1409418300494742, 3.1411949930063843, -0.00023880541881332622, 3.1409636199033923, 3.141378214072401, -4.201269761011036e-05, -0.00025797815204256773, -0.0003394432172146857, -0.0004576432683939605, -0.0004513828996215727, 3.5707982843180064, 4.711840453294429, 1.5709430323009714, 4.71223246905194, 1.570801621925302, 3.141415019476238, 1.5706377773821276, 3.147726130069493, -0.002454947310729918, 4.711311053650826, 4.712001012375981, 1.5707942290251609, 1.5708754035347001, 4.7122271540736795, 3.141217475439755, 1.5702007918407084, 4.712205123299971, 1.5707401588234722, 6.758009951539621e-05, 4.709448809635341, 1.5692322838320565, -0.00021343664285037244, 3.1416622946126234, 4.7120655007753935, -0.0003977977936346132]",0.0
407,1.1278862024294651,"[4.711852654440388, 1.5703653807076243, -0.0006279872605230797, 3.14158863549468, -0.0005421766969199007, 3.1409417099097343, 3.1411947474464217, -0.00023852382619397622, 3.1409636980717286, 3.1413773540819627, -4.221654690128766e-05, -0.00025777322382839255, -0.0003390891765883673, -0.00045745821719879936, -0.00045132801652633225, 3.5707983238187033, 4.711840185760924, 1.5709429725803337, 4.712233127077237, 1.57080172934442, 3.14141595541213, 1.5706376892656704, 3.147726016064641, -0.0024548824959783077, 4.71131116882549, 4.712001043968429, 1.5707946996859241, 1.5708751327525623, 4.712227125485573, 3.141217575371712, 1.570200803031335, 4.71220447940134, 1.5707404593695105, 6.792764278534156e-05, 4.709448523424832, 1.5692326180916587, -0.00021367032572737436, 3.141661640078729, 4.712065416322033, -0.000397728901519265]",0.0
408,1.1294416283450261,"[4.711852653529747, 1.5703650929098634, -0.0006280047369909282, 3.1415887387729478, -0.0005418240763009024, 3.140941949796437, 3.1411948281588833, -0.00023937493754754997, 3.1409638404094573, 3.141377492497002, -4.252216488698271e-05, -0.0002576149298998457, -0.00033895813347854337, -0.00045753411140572015, -0.00045096624866933167, 3.5707983443280593, 4.711840939455263, 1.570942552486714, 4.7122340647037415, 1.5708020163714431, 3.1414157018980347, 1.570637520389137, 3.147725982172228, -0.0024548700815676177, 4.711311210557414, 4.712000884343214, 1.5707939632610335, 1.5708753167722396, 4.712227203876364, 3.1412173685801075, 1.5702006245920863, 4.712204307585201, 1.5707399575523733, 6.785257987292625e-05, 4.70944815081949, 1.5692324703295166, -0.00021373604491640042, 3.1416620723843423, 4.712065917897908, -0.0003977950245792773]",0.0
409,1.1282290264325805,"[4.711852920272094, 1.5703650978456065, -0.000628098211539841, 3.141588647669635, -0.0005419951762320951, 3.1409414754595604, 3.141194680727881, -0.00023864131302653063, 3.14096381369654, 3.1413773519586523, -4.199993157858137e-05, -0.00025810140091861114, -0.00033902629380912956, -0.0004572247672451182, -0.00045120015430440624, 3.570798358836892, 4.711840655304221, 1.5709428299964898, 4.712232900591766, 1.5708016489178427, 3.1414160756589804, 1.5706378221359878, 3.147726054437202, -0.0024546762069682865, 4.7113112043694265, 4.712000710158047, 1.5707942849207814, 1.570875544975094, 4.712227518592412, 3.1412176937967553, 1.5702008462183943, 4.712204630179367, 1.570740313888967, 6.763921552577182e-05, 4.709448470407698, 1.569232727826961, -0.00021367889143957902, 3.1416620091163874, 4.7120655382788215, -0.00039784204598848334]",0.0
410,1.12951843950135,"[4.7118522990705225, 1.5703658233594424, -0.0006279464053516035, 3.141588808480402, -0.0005417006492606999, 3.1409416028706367, 3.141194646645768, -0.00023874120537647816, 3.1409633202001572, 3.141377123436749, -4.163085366756916e-05, -0.000258131455253645, -0.000338822596682439, -0.0004569793327756626, -0.00045074118008645606, 3.570798405243521, 4.711841050308914, 1.5709425905010017, 4.712233197607286, 1.570801480517912, 3.141416192390144, 1.570637926242384, 3.1477261506308247, -0.0024548084729562295, 4.711311056876526, 4.712001594869992, 1.5707947622690426, 1.5708754660767605, 4.712226466830267, 3.1412175475550526, 1.5702009810964674, 4.712204624309997, 1.570740495565345, 6.768891726843638e-05, 4.709448342671404, 1.5692325643495177, -0.00021354885386481708, 3.1416623764592213, 4.712065271684162, -0.00039786463957770205]",0.0
411,1.1286351112036241,"[4.711852584453525, 1.5703655606906384, -0.0006280294639692055, 3.141588651531106, -0.0005418614968296582, 3.1409416000513346, 3.141194703903952, -0.0002387813002157951, 3.14096377154932, 3.14137733974143, -4.2058671626596206e-05, -0.00025816230848141314, -0.00033912462131509914, -0.0004573784860064322, -0.0004513548100534066, 3.570798291116148, 4.711840181349156, 1.5709427788942023, 4.712232962606714, 1.5708016982834176, 3.1414162049784453, 1.5706377317110018, 3.1477258864435025, -0.0024550350301521147, 4.7113113818393755, 4.712001212974672, 1.5707938332604596, 1.5708752555707275, 4.7122270324558295, 3.1412176020922256, 1.5702006928158854, 4.712204693960019, 1.5707402998249096, 6.766128482973005e-05, 4.7094483428172795, 1.5692328706864176, -0.0002135008370604197, 3.141661763479776, 4.712065782664845, -0.00039794117644360275]",0.0
412,1.1303633622209142,"[4.7118526358492, 1.5703654661770385, -0.0006279951852841485, 3.141588633906348, -0.0005420453884712358, 3.140941480507049, 3.141194713779916, -0.00023876097616215629, 3.1409639339223188, 3.1413774131010825, -4.2092951357651806e-05, -0.0002577689435693308, -0.00033907731101083966, -0.00045740314220198554, -0.0004513361648368239, 3.57079831724004, 4.711840662448261, 1.570942920510081, 4.712232856863131, 1.5708018552295135, 3.141416152163347, 1.570637735532069, 3.1477259174450567, -0.0024547949946760075, 4.71131115605478, 4.712001068597753, 1.5707942317638253, 1.5708752280784977, 4.712227036768514, 3.141217586294771, 1.5702009243082506, 4.712204542454322, 1.5707401447121538, 6.781767599001836e-05, 4.709448538051257, 1.56923264382607, -0.00021351013612914708, 3.141661969688211, 4.712065614039605, -0.00039780846793902784]",0.0
413,1.128615908414543,"[4.711852692701944, 1.570365428217992, -0.0006282332172989478, 3.1415886986720967, -0.0005419433686188955, 3.1409414980526718, 3.1411951913481095, -0.0002386291939249752, 3.1409640294638623, 3.14137767910729, -4.193403764899058e-05, -0.00025829107214373663, -0.00033897858319575214, -0.00045740943163878763, -0.00045134717733579384, 3.5707982457684078, 4.711840674056592, 1.5709430531651203, 4.712233231032711, 1.5708019598452188, 3.141416180942867, 1.570637650398317, 3.1477262123279783, -0.002454791650390883, 4.711311055618675, 4.712001112820276, 1.5707942670079857, 1.5708750480400486, 4.7122269820004705, 3.141217706706479, 1.5702008574383974, 4.712204468942402, 1.5707403983389463, 6.756769011372796e-05, 4.709448682018036, 1.5692327785214784, -0.0002138205659806416, 3.141661810246322, 4.712065674569448, -0.0003977455341838193]",0.0
414,1.1306454792623162,"[4.711852610583724, 1.5703654548659953, -0.0006279652499086419, 3.1415885950439084, -0.0005420686775967048, 3.1409414627747125, 3.1411946908073416, -0.00023863481727624813, 3.140963776466474, 3.141377469053034, -4.192773837295913e-05, -0.0002578636567077761, -0.0003390341977665519, -0.00045757382752891005, -0.00045125996236666506, 3.5707982707785715, 4.7118406182440635, 1.5709428474016622, 4.712232992934626, 1.570801837234596, 3.1414161256684667, 1.5706377175502533, 3.147726137026422, -0.0024549191157524175, 4.711311129456067, 4.712001014823925, 1.5707941938718235, 1.5708752339871341, 4.712227135259403, 3.1412174347744184, 1.5702008042329365, 4.712204454321346, 1.5707403389878438, 6.750975169174819e-05, 4.709448549250202, 1.5692325433789736, -0.00021362458338954206, 3.141661859297626, 4.71206565867245, -0.0003979103304350369]",0.0
415,1.130440173377238,"[4.711852591708557, 1.5703654460250522, -0.0006282122730946074, 3.141588475631825, -0.0005417482478291755, 3.1409412350631967, 3.141194939353124, -0.00023865131553381448, 3.140963890847301, 3.141377415598228, -4.1825211853855775e-05, -0.00025776954486631855, -0.00033939414188205154, -0.00045744946843237873, -0.00045123202157513207, 3.5707979960623266, 4.711840575300123, 1.5709424903670357, 4.712233144157777, 1.57080171877515, 3.1414160988510136, 1.5706376972301466, 3.147725905164215, -0.002455118090727506, 4.711311103789445, 4.7120011084997815, 1.5707942933699754, 1.570875143915699, 4.712227361428073, 3.141217715689883, 1.570201047059762, 4.7122046711052485, 1.5707402717922332, 6.786475669153636e-05, 4.709448548923004, 1.5692325429382474, -0.000213718468233437, 3.1416618306092925, 4.712065562478237, -0.0003977341531760962]",0.0
416,1.1294032227668642,"[4.711852631225863, 1.5703654937594738, -0.0006280792661813158, 3.141588614869615, -0.0005419459064131639, 3.140941657897409, 3.141194705814876, -0.00023865884861256183, 3.1409637778680914, 3.141377418704172, -4.204035237620806e-05, -0.00025777167953970723, -0.0003391206473445205, -0.0004573100801979918, -0.00045136512276550855, 3.5707982266389497, 4.711840592269657, 1.5709428544597204, 4.712233023165277, 1.5708019237595683, 3.1414161166816643, 1.5706376747353108, 3.147726109302104, -0.0024547872231822773, 4.7113111725949715, 4.712001033535108, 1.5707942031521618, 1.5708751204545268, 4.712227131304002, 3.141217719710013, 1.5702009920808397, 4.712204689665699, 1.5707402552191112, 6.746776237092469e-05, 4.709448416882104, 1.5692325905670055, -0.00021368963593499215, 3.1416618649086634, 4.71206557255617, -0.0003977867579102177]",0.0
417,1.1304977817444812,"[4.711852700428392, 1.57036540564639, -0.000627921268586759, 3.141588438054608, -0.0005419261081189193, 3.1409417551610765, 3.141194980515703, -0.00023866093915969573, 3.1409637081426465, 3.141377456191524, -4.207173202689845e-05, -0.0002581855064632187, -0.00033944767632235797, -0.00045742530479235305, -0.0004514649722740337, 3.570798181819477, 4.711840805162917, 1.5709430043104364, 4.712232860760561, 1.5708017887890164, 3.1414162323237695, 1.570637522561001, 3.147725998090008, -0.0024549751191546647, 4.711311498216705, 4.712001148831815, 1.57079440312145, 1.5708752950008438, 4.712227170526396, 3.1412174759462617, 1.5702008975954367, 4.712204308975228, 1.5707400291339197, 6.76467712301798e-05, 4.709448249447412, 1.5692324759085001, -0.00021376600632627268, 3.1416618905521574, 4.712065431197601, -0.00039792660535188445]",0.0
418,1.128692719570867,"[4.711852652186722, 1.57036548237576, -0.0006278856184858813, 3.1415887532058124, -0.0005420155355200406, 3.140941472783148, 3.14119479906482, -0.00023879852856014823, 3.140963857279459, 3.141377408930345, -4.1959250636307894e-05, -0.0002579274542785777, -0.00033924078606523464, -0.0004576110624664677, -0.0004513538743860617, 3.5707982774674005, 4.711840673149298, 1.5709428537500787, 4.712233057277992, 1.5708017933634804, 3.1414160371782764, 1.5706377670446248, 3.1477260035154244, -0.0024548233340041395, 4.711311187854291, 4.712001071074501, 1.5707942862486688, 1.5708751729708996, 4.712227170110115, 3.141217703076173, 1.5702008928650226, 4.712204509509359, 1.5707402763333629, 6.753597718104642e-05, 4.709448381427313, 1.569232790544545, -0.00021355842387579823, 3.1416618514571115, 4.712065457513395, -0.0003977579625034438]",0.0
419,1.130159595225186,"[4.711852515259988, 1.5703654812249837, -0.0006277262054713182, 3.1415883563510083, -0.000541982094030599, 3.1409415256245046, 3.1411950127790087, -0.00023870269108237943, 3.140964056728072, 3.141377408014921, -4.1835637153094406e-05, -0.0002579064971812758, -0.0003390434187617596, -0.0004571556107078697, -0.00045154750998566834, 3.5707983881980927, 4.711840723320416, 1.5709428856525929, 4.7122331253729355, 1.5708015321419966, 3.141415915722671, 1.5706378441332882, 3.1477259737268075, -0.0024547911733874745, 4.711311212076299, 4.712000886284926, 1.5707943310297197, 1.570875062691289, 4.712227105702037, 3.1412177583616425, 1.5702006832890418, 4.712204633130894, 1.5707403190875844, 6.760215170600928e-05, 4.709448345276659, 1.5692323571813303, -0.00021341915784994772, 3.141661705087675, 4.712065763111442, -0.0003979409170379152]",0.0
420,1.127194902022549,"[4.711852680478492, 1.5703655170978938, -0.0006280839877047714, 3.1415886518610154, -0.0005420141182306718, 3.1409414163489693, 3.141194931213183, -0.0002388022009460209, 3.1409638090409184, 3.1413773061376564, -4.197117441368884e-05, -0.00025780736916345364, -0.00033913444132595944, -0.0004574936841260824, -0.00045142468661125214, 3.570798252243247, 4.71184054957816, 1.570942929435607, 4.7122330481913, 1.5708018124325496, 3.141416106195105, 1.5706376494321326, 3.147725967910343, -0.002454819837991729, 4.711311241919895, 4.712001052292653, 1.5707943978149361, 1.5708754107784295, 4.712227061234271, 3.141217625580409, 1.570200814119306, 4.712204646247898, 1.5707402361610414, 6.753149031525708e-05, 4.7094484728503145, 1.5692325833759273, -0.00021372644552849438, 3.1416619173046096, 4.71206571823015, -0.0003978782059259452]",0.0
421,1.1303029276533285,"[4.711852829568809, 1.570365535157664, -0.000628179858107528, 3.1415884985205182, -0.0005418319826787759, 3.140941731605229, 3.141194819856021, -0.0002388857973349494, 3.140964037340011, 3.141377410536254, -4.187352865084345e-05, -0.00025778030311618085, -0.00033921174991941234, -0.00045755066058836557, -0.00045108510294621063, 3.5707983661735962, 4.711840613540669, 1.5709428894191437, 4.712232704779315, 1.570801776995169, 3.1414159260397545, 1.5706380648440945, 3.147726015616724, -0.002454760621969468, 4.711311258061352, 4.712001103839121, 1.5707943108278741, 1.570875249663663, 4.7122270043253405, 3.141217584665059, 1.5702009680263673, 4.712204376139705, 1.5707404718680034, 6.764758658966912e-05, 4.7094482499813415, 1.5692326194548998, -0.00021394428647908642, 3.1416616644500936, 4.7120658434143525, -0.0003977251515103123]",0.0
422,1.1299216980720512,"[4.711852630411982, 1.5703654909901537, -0.000627938286471698, 3.14158858417697, -0.0005418680216752163, 3.1409414504868876, 3.1411948419683076, -0.0002385651341609096, 3.1409637904714205, 3.1413774032185824, -4.198472111558938e-05, -0.0002578362661359583, -0.000339100642907978, -0.00045747308375326107, -0.0004512715491468256, 3.570798250512339, 4.711840602324237, 1.5709430949097338, 4.712233104393247, 1.5708017988424008, 3.141415966372529, 1.5706378061974882, 3.1477261042900704, -0.0024548514799093532, 4.71131123032426, 4.712001070418161, 1.570794173934282, 1.5708753156875093, 4.712227125606408, 3.141217671315087, 1.5702010334953473, 4.712204527646336, 1.5707401736519817, 6.77233158476592e-05, 4.709448428711959, 1.5692326764728786, -0.00021366758130169486, 3.141661835130642, 4.712065624161164, -0.0003979653273769444]",0.0
423,1.129480033923188,"[4.711852511207758, 1.5703654519381278, -0.0006280303413977136, 3.141588773512806, -0.0005422141585790422, 3.140941640192973, 3.1411950676863487, -0.00023881740883267559, 3.1409639261813824, 3.141377291463653, -4.188614107135726e-05, -0.0002577871490348355, -0.0003394323334701436, -0.0004574243902184042, -0.0004509872874433605, 3.5707983594509622, 4.711840495364866, 1.570943024969873, 4.712232986443695, 1.570801910502984, 3.1414162771214884, 1.5706376287573913, 3.147726182754978, -0.002454942703725778, 4.711311279282605, 4.712000815044914, 1.5707940821101034, 1.5708752728945603, 4.712227066279027, 3.1412179255062807, 1.5702008524222195, 4.712204515367735, 1.5707405422938934, 6.777011462370722e-05, 4.709448428402213, 1.5692324310211374, -0.00021356303502295904, 3.1416620253393615, 4.712065493829565, -0.00039802645688488133]",0.0
424,1.129057572563406,"[4.711852678685105, 1.570365366315082, -0.0006280969196695296, 3.141588530049582, -0.0005419389003514807, 3.140941435134602, 3.1411948163541843, -0.00023882658837841295, 3.1409637001282076, 3.1413772856216573, -4.208226841146889e-05, -0.0002579064224670713, -0.0003391734529160617, -0.0004573881781133948, -0.0004513706402674461, 3.5707982833291183, 4.711840656308849, 1.5709429796668022, 4.712232949281888, 1.570801792482371, 3.1414159823321257, 1.5706377597850698, 3.147725997280599, -0.002455016093088826, 4.7113110509859, 4.712000980158319, 1.5707941918995463, 1.5708751407005135, 4.712226993621305, 3.1412177063338125, 1.5702008504997451, 4.7122044464961625, 1.5707403149454198, 6.758769632380611e-05, 4.70944848970933, 1.569232608395125, -0.0002136780128510727, 3.1416618813088646, 4.712065539360323, -0.00039787987397174287]",0.0
425,1.129864089704808,"[4.711852716515219, 1.5703654537733187, -0.0006280334963017662, 3.1415886962782915, -0.0005419068339565505, 3.140941447174042, 3.1411948867223276, -0.00023871134843836704, 3.1409639362250124, 3.1413771808144384, -4.2322216559378576e-05, -0.00025797199511389814, -0.00033928904794110594, -0.0004575498805252629, -0.00045141501937821804, 3.5707984659531085, 4.711840627715633, 1.5709426031315104, 4.712232974965003, 1.5708015655652787, 3.141415975491939, 1.5706375170256122, 3.147726222832814, -0.0024544606813878154, 4.711311181442475, 4.712001247227201, 1.5707941089618123, 1.5708752367544514, 4.712227050753558, 3.14121763083902, 1.5702010696162572, 4.712204499842102, 1.5707404106331742, 6.763509313139681e-05, 4.709448679954972, 1.5692324348094533, -0.00021368466815089614, 3.141661734526639, 4.712065542083291, -0.0003981146726376929]",0.0
426,1.1296425959037488,"[4.711852505525639, 1.5703656299609228, -0.0006281411674750111, 3.141588603275143, -0.0005420202946281172, 3.140941525867443, 3.141194732140919, -0.00023879286716443253, 3.140963809625977, 3.1413773417039774, -4.200838188282274e-05, -0.0002580017453984275, -0.00033912747091517995, -0.0004574737861312123, -0.0004514644463393545, 3.5707981598389607, 4.711840661165864, 1.5709428500853964, 4.712233065080581, 1.5708018297016038, 3.141415987940427, 1.5706378221195567, 3.1477261828403407, -0.0024548479201182043, 4.711311327246821, 4.71200094372098, 1.5707942558199197, 1.5708752467149876, 4.712227196354818, 3.141217680613866, 1.5702008606227795, 4.712204490673034, 1.5707403783294334, 6.770900386939462e-05, 4.709448463725975, 1.569232591816786, -0.00021373986934251622, 3.1416618625770543, 4.712065569753795, -0.00039792300615240324]",0.0
427,1.1308434319479392,"[4.711852539908974, 1.5703655226248125, -0.0006281225348317335, 3.1415886478779274, -0.0005420988820071181, 3.1409414335751165, 3.1411947202282895, -0.00023882669862281084, 3.1409641367109065, 3.1413774693696546, -4.221175229447703e-05, -0.0002578059121665688, -0.0003390171828809917, -0.00045735912135851526, -0.00045138747905394146, 3.5707982641642166, 4.711840742636721, 1.5709429312435113, 4.712232719954712, 1.5708018994037722, 3.141416291763447, 1.5706377579798256, 3.1477258603554272, -0.002454682334638471, 4.711311164211291, 4.712001047523119, 1.5707942906991303, 1.570875149014024, 4.712226992178849, 3.1412175366822037, 1.570200941845829, 4.712204505543365, 1.570740045927514, 6.808644561050253e-05, 4.709448583992205, 1.569232665038492, -0.00021340423674444728, 3.1416620714867673, 4.712065645245866, -0.00039777655869154774]",0.0
428,1.129384019977783,"[4.711852719594284, 1.5703654490881531, -0.0006280001518444753, 3.1415883379102665, -0.0005421589520694152, 3.140941580334388, 3.1411947444200883, -0.00023880757194384169, 3.140963883125714, 3.1413774508095966, -4.1942642180775813e-05, -0.00025791707934408775, -0.0003391673608214463, -0.00045747686435904653, -0.0004513303332065923, 3.570798244084751, 4.711840574832586, 1.5709428781563228, 4.712233098752102, 1.570801710044692, 3.1414160122059607, 1.5706376556629267, 3.147726070378288, -0.0024548548432052793, 4.71131127988872, 4.712001086280248, 1.5707942040535918, 1.570875312904706, 4.71222699918766, 3.141217711019024, 1.570201012587552, 4.7122045528722, 1.5707403160963878, 6.763126730905692e-05, 4.709448584414093, 1.5692326726946901, -0.00021363739377478947, 3.141661977612041, 4.712065580007509, -0.00039778453477780183]",0.0
429,1.1301329287519422,"[4.711852631246041, 1.5703655124738858, -0.0006280189244703422, 3.141588627077707, -0.0005419952737464058, 3.140941530536605, 3.141194827044334, -0.00023868141544294887, 3.1409638240573545, 3.1413774643872716, -4.193745946760023e-05, -0.0002579275951180155, -0.00033919859712147865, -0.00045743874847397584, -0.00045137746441458105, 3.570798288541583, 4.71184059296779, 1.5709429142578921, 4.7122328753773886, 1.5708017823097735, 3.141415993324963, 1.570637742911132, 3.1477260554497466, -0.0024548744930021223, 4.711311202325713, 4.712001071593467, 1.5707942441850595, 1.570875261592179, 4.712227104328815, 3.1412176634789395, 1.5702009048233896, 4.712204603416194, 1.570740312625742, 6.763885585165196e-05, 4.709448566297974, 1.569232578431227, -0.00021364502081863769, 3.1416618857198344, 4.712065557383229, -0.00039785079251611257]",0.0
430,1.12894235582892,"[4.711852649657048, 1.570365410964325, -0.0006279961281350291, 3.1415887213492204, -0.0005419390868565544, 3.1409416896641016, 3.141194852046478, -0.00023886908413545235, 3.1409638154097324, 3.14137751975137, -4.2071622285530936e-05, -0.00025785998109997273, -0.00033914919922189453, -0.00045743610705763286, -0.0004512926107155342, 3.5707983501296683, 4.711840683719477, 1.570942809733111, 4.712233169398184, 1.570801868587352, 3.1414158485207806, 1.570637675191038, 3.147726004645808, -0.002454907415125374, 4.711311205990038, 4.712001059794994, 1.5707941596305783, 1.5708753151816686, 4.712227131512515, 3.141217591411154, 1.5702007932168154, 4.71220456394711, 1.5707402220992586, 6.773448786896803e-05, 4.709448528345778, 1.5692325265204319, -0.0002136881975402729, 3.1416619388553344, 4.712065641876519, -0.0003978048494489545]",0.0
431,1.1298448869157274,"[4.71185270117254, 1.5703654575802786, -0.0006279979871629969, 3.1415885981528135, -0.0005419493762051169, 3.140941520204241, 3.1411948263550724, -0.00023876417944679673, 3.1409638812007294, 3.1413773796245246, -4.197939804453974e-05, -0.000257873652902839, -0.00033912140477313266, -0.0004574285005768971, -0.00045140182275152444, 3.5707983356762685, 4.711840627150909, 1.5709428791506048, 4.712232991534856, 1.5708018416784701, 3.1414160550343677, 1.5706376871540573, 3.1477261753299244, -0.002454945359650123, 4.711311217038574, 4.712001091449188, 1.5707942435333841, 1.5708752725738966, 4.7122271260030235, 3.141217619519898, 1.5702009116620352, 4.712204562301267, 1.5707403393389017, 6.769610561181046e-05, 4.709448449912628, 1.5692326042670461, -0.0002136160104135322, 3.1416618818680195, 4.712065582656119, -0.000397816898133729]",0.0
432,1.1303249566427522,"[4.711852666890295, 1.5703654433512029, -0.0006279951090337683, 3.1415885919325666, -0.000541851902269351, 3.1409417016151133, 3.14119475766871, -0.0002386883968110788, 3.1409638992156363, 3.1413772339441315, -4.18254701694098e-05, -0.00025781295410039884, -0.0003391993335248413, -0.00045742187987716154, -0.00045144019116653963, 3.5707982806416663, 4.711840645019052, 1.5709429276907854, 4.712233069795211, 1.570801867480976, 3.141416099376292, 1.5706377051912677, 3.1477259423796258, -0.002454804402163826, 4.711311201534705, 4.712001105272847, 1.5707942238273043, 1.570875244563552, 4.712227168943606, 3.141217649832819, 1.570200800282885, 4.712204426474672, 1.570740356339917, 6.766863435198399e-05, 4.709448684620259, 1.5692326942446588, -0.00021366466500769897, 3.1416619286831904, 4.71206558322811, -0.00039791473096174716]",0.0
433,1.1305553901117242,"[4.711852554095282, 1.5703654110401297, -0.0006279870186265798, 3.141588573793496, -0.0005420112132297722, 3.1409414917106355, 3.1411948431954233, -0.0002386794682707158, 3.1409638510506808, 3.1413774212152754, -4.201081162807405e-05, -0.00025786359348672184, -0.000339161113216689, -0.0004573894500860791, -0.00045136820017760686, 3.5707983047743914, 4.71184060760339, 1.5709428346542151, 4.712232986553956, 1.5708018701402127, 3.141416016256193, 1.5706377283781556, 3.147726031575592, -0.0024548368220184925, 4.711311234304998, 4.712001120951688, 1.5707942096739707, 1.5708752935755292, 4.712227113540898, 3.1412176703070664, 1.570200867282502, 4.712204471150604, 1.5707403485287614, 6.764003027008837e-05, 4.709448463850025, 1.5692326313955258, -0.00021370391626593577, 3.1416619200569786, 4.7120655942962175, -0.0003978253427425441]",0.0
434,1.128155041476599,"[4.711852845075273, 1.5703656530811452, -0.0006280461364797404, 3.141588603511261, -0.0005420921902348235, 3.140941525427741, 3.1411948979498363, -0.0002386845369695952, 3.140963822300692, 3.141377458630557, -4.1938579984825165e-05, -0.0002578247375438751, -0.00033915457658737934, -0.0004572978750744411, -0.00045135689981544886, 3.570798360035752, 4.711840611948094, 1.570942716164209, 4.712233035431327, 1.5708018862866295, 3.1414160170787864, 1.570637735519151, 3.1477260139255336, -0.0024548884533069563, 4.71131120491098, 4.712000980197053, 1.5707942168821816, 1.5708752650625777, 4.712227057862637, 3.1412176145223283, 1.5702008810552055, 4.7122044421005596, 1.5707402245588804, 6.766582302199033e-05, 4.709448490337206, 1.569232714087372, -0.0002136649083505445, 3.1416618229311077, 4.712065490142316, -0.0003980016414024295]",0.0
435,1.1283470693674091,"[4.711852663811989, 1.5703655037722708, -0.0006280111243895315, 3.141588613214652, -0.0005419613535062877, 3.140941535394632, 3.1411947852570696, -0.00023870718739172836, 3.1409639091832755, 3.1413773830958243, -4.197811022109258e-05, -0.00025795152722888774, -0.0003391661540313358, -0.00045742344062614336, -0.00045136818732147274, 3.5707982788478185, 4.711840570069183, 1.570942884776798, 4.712233055639692, 1.5708018611788157, 3.1414160477335145, 1.5706377409042358, 3.1477259924499363, -0.0024548582139267573, 4.7113111614752015, 4.712001023770308, 1.5707942007918905, 1.5708753325648381, 4.712227074140962, 3.141217620678671, 1.5702009348828834, 4.712204491562679, 1.5707403081575197, 6.763785944473546e-05, 4.7094484772423275, 1.5692325058774867, -0.00021363569675673927, 3.141661862966644, 4.712065534527721, -0.00039780096543974314]",0.0
436,1.1267148322955238,"[4.711852719227159, 1.5703655234543055, -0.0006279291915711814, 3.1415886617893483, -0.0005419950048653387, 3.1409414637380637, 3.1411948306238946, -0.00023876030004797393, 3.1409637910055492, 3.141377388876751, -4.1897848500190304e-05, -0.00025783755907649324, -0.0003390179851200877, -0.0004574420380711145, -0.0004513762104590731, 3.570798320895409, 4.7118406035176905, 1.570942914027626, 4.712233009351114, 1.5708016810906507, 3.1414161316088136, 1.5706376744148, 3.14772600337232, -0.002454810315395915, 4.711311301733708, 4.712001031259769, 1.570794075792448, 1.5708751581531968, 4.71222710039558, 3.141217655096317, 1.5702008406417458, 4.712204518317801, 1.5707402756816533, 6.774066456984165e-05, 4.709448498320746, 1.569232513922315, -0.00021388637737284716, 3.1416618900247992, 4.7120654607090495, -0.0003977134313943999]",0.0
437,1.127809391273141,"[4.711852603856303, 1.570365445937641, -0.0006280102100838936, 3.141588621088453, -0.0005420224135393906, 3.1409415730306347, 3.141194819065144, -0.00023875652846584155, 3.14096376868053, 3.14137735925058, -4.187633126675946e-05, -0.00025793151194360777, -0.0003391446182789129, -0.0004573957586710517, -0.0004513318970836898, 3.5707982800657283, 4.71184064418978, 1.57094284024027, 4.712233018366726, 1.5708017976723334, 3.1414160610690507, 1.5706377266187195, 3.147726075432619, -0.0024548114614031994, 4.711311126529112, 4.712001105994464, 1.5707942382360078, 1.5708752766009781, 4.712227053077514, 3.14121761634294, 1.5702009100533498, 4.712204550603801, 1.5707402727872641, 6.771880182422189e-05, 4.709448457216834, 1.5692326065043867, -0.0002136737095420908, 3.1416618610987057, 4.712065575473284, -0.00039785974872310134]",0.0
438,1.1298256841266463,"[4.711852649462728, 1.5703656107764496, -0.0006279616554046113, 3.1415886557736195, -0.0005418999881219961, 3.1409415194285737, 3.1411947423321753, -0.00023869430479419137, 3.1409637847034952, 3.1413773584211064, -4.204249719660832e-05, -0.00025795513640936756, -0.0003390744230941798, -0.0004573295848625335, -0.0004511515571137814, 3.5707983572552555, 4.711840762187036, 1.5709428319543894, 4.712233080041681, 1.5708017470951008, 3.1414161322896827, 1.5706377730062138, 3.147725998854559, -0.002454942202535698, 4.711311304096783, 4.712001158642051, 1.5707943760037744, 1.5708752827886696, 4.712227003970676, 3.141217712956704, 1.5702008891818995, 4.712204548645768, 1.5707403800052862, 6.762079103002625e-05, 4.709448561564666, 1.569232569537725, -0.0002136548551967625, 3.141661949146352, 4.712065556978997, -0.0003978341316080333]",0.0
439,1.1299349760663193,"[4.71185264335051, 1.570365427418786, -0.0006279526227077248, 3.1415886128317156, -0.0005419682960785519, 3.1409415379016243, 3.1411947928646997, -0.00023878296543984725, 3.1409638685666383, 3.1413774098595764, -4.195532252823444e-05, -0.0002579312062419614, -0.00033911713431444563, -0.0004574476461574816, -0.00045135020630097337, 3.5707983359680684, 4.711840542686907, 1.5709428294418202, 4.712233005053915, 1.5708018598870281, 3.1414160677041196, 1.570637769070073, 3.1477260519576507, -0.0024548912588452385, 4.711311229996013, 4.712001059102421, 1.5707942816959948, 1.5708752057901891, 4.712227107637714, 3.1412176949463193, 1.5702009392027447, 4.712204518331533, 1.570740230545171, 6.764918961917084e-05, 4.709448534478038, 1.5692325654371575, -0.00021372092384533946, 3.141661908858798, 4.712065585061682, -0.00039792448818338317]",0.0
440,1.1311314737841542,"[4.71185268756666, 1.5703654409185461, -0.0006281036661297971, 3.1415886262032227, -0.0005420327005216944, 3.1409414387727463, 3.14119464917896, -0.00023865683396877806, 3.1409637799487453, 3.1413774168210544, -4.187062518796143e-05, -0.00025795893768208673, -0.0003392239543690262, -0.0004574777570582988, -0.0004513699028096247, 3.5707984838039515, 4.711840703763588, 1.570942904930808, 4.712233054132241, 1.57080191305315, 3.1414160136736684, 1.570637566505706, 3.14772594434581, -0.002454847623543501, 4.711311305436561, 4.712001020311081, 1.570794239412567, 1.5708751890998098, 4.712227076033393, 3.1412177304392315, 1.570200918802319, 4.7122045441603815, 1.5707403137420097, 6.774203881942804e-05, 4.709448452310745, 1.56923256240352, -0.0002136567159961893, 3.1416617729961627, 4.712065708886631, -0.00039784098261061093]",0.0
441,1.1291151809306492,"[4.711852697414969, 1.570365442089412, -0.0006279311810232804, 3.1415886311407917, -0.00054195594109751, 3.140941535052683, 3.141194826098721, -0.00023868200330414024, 3.140963797426425, 3.141377391145767, -4.199092090672256e-05, -0.00025789909892890415, -0.000339204665634363, -0.00045744092617228013, -0.00045137572307425364, 3.5707982380674004, 4.711840633672529, 1.5709428206137253, 4.712233011431632, 1.570801843487594, 3.1414160638009303, 1.5706377587936118, 3.1477260737926294, -0.0024548458158716803, 4.711311258365878, 4.7120009716380915, 1.5707942277420681, 1.5708752384136588, 4.712227006030663, 3.1412176370722493, 1.570200895783743, 4.712204544422321, 1.5707403242255271, 6.769661467558335e-05, 4.7094485302866165, 1.569232609821578, -0.00021366656033536662, 3.1416618938373815, 4.712065647076926, -0.0003978122138392308]",0.0
442,1.129422425555945,"[4.711852599600611, 1.5703655480748844, -0.0006278672212736475, 3.1415885922983082, -0.000542083080888868, 3.1409415281666195, 3.1411948732883097, -0.00023880942978374582, 3.1409638417427996, 3.1413773027746963, -4.202827235988919e-05, -0.0002579543983988166, -0.00033918945355738164, -0.0004573399613916998, -0.00045131486301027676, 3.570798337854591, 4.7118406623058275, 1.5709429364393512, 4.712233014989972, 1.5708018751408885, 3.1414160424773763, 1.5706376875276424, 3.147725936520733, -0.002454906979871167, 4.711311189067538, 4.712000995773228, 1.5707942072001024, 1.5708752039316851, 4.712227226220173, 3.1412174680212357, 1.5702010683979277, 4.712204626462019, 1.570740396223722, 6.765241340512323e-05, 4.709448569288134, 1.5692326761608049, -0.00021377598659370696, 3.141661827811673, 4.712065653399383, -0.00039783833672860623]",0.0
443,1.1289231530398391,"[4.711852696977462, 1.5703655156504022, -0.0006279703451588798, 3.141588634912642, -0.0005420117836233054, 3.1409415740354736, 3.1411947895493717, -0.0002387007847495538, 3.1409638329149874, 3.1413774479556276, -4.2005445080413194e-05, -0.0002578980456450512, -0.0003391510690508865, -0.0004574523415444405, -0.0004514017715285521, 3.570798278672719, 4.711840638986153, 1.570942870463667, 4.712233016425329, 1.5708017678661728, 3.1414160844367, 1.5706377048152962, 3.147726009203519, -0.002454894071939136, 4.711311120420124, 4.712001074367215, 1.5707942277870783, 1.5708752584757966, 4.712227134733965, 3.141217708403692, 1.5702009218342496, 4.712204507479, 1.5707403578466734, 6.769527415150035e-05, 4.709448449573786, 1.5692325884818827, -0.00021370807953411384, 3.141661938181622, 4.712065660617679, -0.0003978935667094874]",0.0
444,1.1307090124243722,"[4.711852732026252, 1.5703655230968077, -0.000627927373637547, 3.1415884540029833, -0.0005419694200333684, 3.1409415324427656, 3.141194880572699, -0.0002388323179897996, 3.1409636831557353, 3.1413774494442697, -4.2037619816338585e-05, -0.0002579111088326495, -0.00033909761514460383, -0.00045750771696236866, -0.00045131891781806464, 3.5707982659648443, 4.711840651390851, 1.5709428765690792, 4.712232984089591, 1.5708019805428257, 3.1414161531159817, 1.5706377687644841, 3.1477260005286767, -0.002454759620836206, 4.711311174369021, 4.712001112359452, 1.5707941960390461, 1.570875324594759, 4.712227202097411, 3.1412177771103247, 1.5702008256371434, 4.712204575079535, 1.5707403465712642, 6.772357621028703e-05, 4.709448565277842, 1.569232537115348, -0.0002136026721662731, 3.141661719897899, 4.7120655616084575, -0.0003978401305979775]",0.0
445,1.129883292493889,"[4.711852674741081, 1.5703654646582168, -0.0006280242927512523, 3.141588628809509, -0.0005419820287393618, 3.14094152445701, 3.1411948314250986, -0.00023872274234549928, 3.14096387637997, 3.141377340791442, -4.207657251567026e-05, -0.0002578991113588829, -0.0003391897367051402, -0.0004574613560928088, -0.0004513357454352625, 3.5707983212488434, 4.711840641456553, 1.5709428208764542, 4.712233015257632, 1.5708017331061643, 3.1414160465942453, 1.5706376687408627, 3.147726082526327, -0.002454772518470971, 4.711311207750874, 4.712001099742681, 1.5707941886121464, 1.5708752383616473, 4.712227100267859, 3.1412176450279587, 1.5702009204117786, 4.712204521248641, 1.5707402990871804, 6.764481736775375e-05, 4.709448550592269, 1.5692325611129463, -0.00021367164680304468, 3.1416618085615164, 4.712065583344272, -0.00039791334468383726]",0.0
446,1.1275981605932501,"[4.711852632163728, 1.5703655030320438, -0.000628001041594588, 3.1415886027203883, -0.000542016640603412, 3.1409415560142793, 3.1411948304022435, -0.00023871665614502154, 3.1409638475004447, 3.1413773872307846, -4.1983947754543826e-05, -0.0002578692206690648, -0.0003391625510134372, -0.0004574676019236553, -0.0004513718059797395, 3.5707982976651853, 4.711840644811725, 1.5709428742925655, 4.712233029241166, 1.570801838784484, 3.141416057825161, 1.5706377412298662, 3.1477260341610096, -0.002454902762582268, 4.711311220083916, 4.71200110533973, 1.570794210876367, 1.5708752268766906, 4.712227063639071, 3.1412176519951758, 1.5702008999937247, 4.712204540394793, 1.5707402935893566, 6.766467554160002e-05, 4.709448513405778, 1.5692325759804011, -0.00021367567077873302, 3.141661846693682, 4.712065588408356, -0.00039785172429849657]",0.0
447,1.129307208821459,"[4.711852705076341, 1.5703653831202704, -0.0006280567752406295, 3.141588614075058, -0.0005420613989846281, 3.140941570531831, 3.1411948227355446, -0.00023866332670344014, 3.1409638606530828, 3.141377356949972, -4.199443663045758e-05, -0.0002579240763153509, -0.00033911949765454656, -0.0004574398235130937, -0.0004513444559640563, 3.5707983195020296, 4.711840679421558, 1.570942863506542, 4.712233019882429, 1.5708017940391419, 3.141416088045102, 1.5706378179938298, 3.147726014481245, -0.0024548942780513476, 4.711311231319461, 4.712001030874327, 1.5707942041698686, 1.5708752979780873, 4.712227164597729, 3.1412176619520515, 1.5702008775545018, 4.712204600141177, 1.570740279108181, 6.766030333154734e-05, 4.70944850328083, 1.569232607749413, -0.000213685433596703, 3.1416618679142227, 4.712065568382775, -0.0003978421656785275]",0.0
448,1.1297296701812412,"[4.711852644487986, 1.570365470276528, -0.0006279730575369677, 3.1415886071384764, -0.0005419836390993344, 3.1409415566434693, 3.1411948062075314, -0.00023871693448595114, 3.140963844657203, 3.1413773929840065, -4.1966714453485323e-05, -0.00025789935977649757, -0.0003391542480053333, -0.0004574355655519162, -0.0004513442784992438, 3.570798292036415, 4.711840636670391, 1.5709428579866906, 4.712233013642645, 1.570801810283659, 3.1414160426581894, 1.5706376914284994, 3.1477260579894786, -0.0024549042158407784, 4.711311206350731, 4.712001042650176, 1.570794223717119, 1.570875296883614, 4.712227097724663, 3.1412176895261323, 1.5702008839947281, 4.712204537244905, 1.5707403057665896, 6.76374253826228e-05, 4.709448514648408, 1.5692326089765543, -0.0002137150343349902, 3.1416618103506697, 4.712065581486993, -0.00039785202259575965]",0.0
449,1.1299793064392942,"[4.711852606503727, 1.5703654946939025, -0.0006280217174299699, 3.141588615179251, -0.0005420127878109614, 3.1409415301079457, 3.141194771700755, -0.00023876157606968866, 3.1409639275258834, 3.1413774224546027, -4.20299303421991e-05, -0.0002578599842137213, -0.0003391164141363568, -0.0004574073763870621, -0.00045132432414890527, 3.5707982503365012, 4.7118406702435465, 1.5709429006451128, 4.712232948142997, 1.5708018169385434, 3.1414161132203686, 1.5706376930745116, 3.1477260076337776, -0.0024548576191508998, 4.71131119743865, 4.712001017036284, 1.5707942437464735, 1.5708752505765808, 4.712227079866075, 3.1412176504876355, 1.5702008739953472, 4.712204513455768, 1.5707402100321384, 6.774509311992564e-05, 4.70944852678548, 1.56923263976179, -0.00021363421192799464, 3.141661853795551, 4.7120656062093005, -0.00039782449206436583]",0.0
450,1.1313619072531265,"[4.7118526596031005, 1.5703654767353976, -0.000628010002616033, 3.141588621270926, -0.0005419946048310046, 3.140941543091332, 3.141194814038677, -0.0002387303223687599, 3.1409638112694, 3.1413773966735477, -4.197927616359653e-05, -0.0002578959943093684, -0.00033912623891770277, -0.00045741380252395624, -0.0004513796012462432, 3.5707982927772908, 4.711840634464612, 1.5709428588115228, 4.71223300782504, 1.5708017966248689, 3.1414160469109813, 1.5706377330101489, 3.1477260374423173, -0.0024548770516213533, 4.711311226017454, 4.712001076460964, 1.5707942292627388, 1.5708752635374923, 4.712227125902027, 3.141217657925511, 1.570200928583702, 4.712204486628299, 1.5707402732181683, 6.764740646545323e-05, 4.709448536930322, 1.5692325975018178, -0.00021365263274133542, 3.141661838055913, 4.712065625156903, -0.0003978103794727204]",0.0
451,1.128270258211085,"[4.711852631227652, 1.5703654749072287, -0.0006280213992197244, 3.141588658614852, -0.0005420517974386088, 3.1409415712003086, 3.141194884207134, -0.00023875497226799112, 3.140963833837753, 3.141377379388675, -4.1944825130014205e-05, -0.00025785729909134534, -0.0003392156814250151, -0.0004574123945104707, -0.0004512493779258482, 3.5707982962985376, 4.71184058939263, 1.570942919996923, 4.712233024353186, 1.570801816491662, 3.141416110347028, 1.5706377067011468, 3.147726076038993, -0.0024548886247925785, 4.7113112494272995, 4.712001009468869, 1.5707941901512281, 1.5708752461012137, 4.712227128866467, 3.141217713970043, 1.570200896803171, 4.712204487985273, 1.570740333971355, 6.766356422934823e-05, 4.709448497086388, 1.5692325517189207, -0.00021361878951327846, 3.1416618874558386, 4.712065600833364, -0.00039786295918129105]",0.0
452,1.128961558618001,"[4.711852650492727, 1.5703654809089305, -0.0006279885604352921, 3.1415885852760947, -0.0005419897428545813, 3.1409415574846546, 3.1411948475330944, -0.00023870883323881306, 3.1409638572167036, 3.141377372237235, -4.196715022805414e-05, -0.0002579075015566456, -0.0003391017610766699, -0.00045743922528572505, -0.00045133514266546053, 3.5707982799852847, 4.711840640676383, 1.5709428561451437, 4.712232997977836, 1.570801810751064, 3.1414160177485906, 1.5706376950174694, 3.1477260170514376, -0.0024548630072727226, 4.711311224308887, 4.7120010403005805, 1.5707942315932346, 1.5708752244276474, 4.7122271102251325, 3.141217667133353, 1.5702008869855868, 4.712204536047619, 1.5707403033166665, 6.765861006816751e-05, 4.709448486348538, 1.5692325806631933, -0.00021363927384640937, 3.141661868170914, 4.712065600036146, -0.00039785717932372324]",0.0
453,1.129249600454216,"[4.71185264035523, 1.5703654765684882, -0.0006279484479376175, 3.141588549696201, -0.0005419925881728162, 3.1409415178377222, 3.1411948100386873, -0.0002387452955736297, 3.1409638855859754, 3.141377447273834, -4.195553015160226e-05, -0.0002578817404642038, -0.0003392019678524671, -0.0004573417588595208, -0.00045138507448947384, 3.570798324734971, 4.711840645128975, 1.5709429035550686, 4.712233079234397, 1.5708017441245412, 3.141416064726113, 1.5706377822315059, 3.1477260501647426, -0.002454844445790592, 4.711311206385703, 4.712001043741027, 1.5707942475706798, 1.5708752102326646, 4.712227117987435, 3.141217645555451, 1.5702008130529266, 4.7122045617224515, 1.5707402937015433, 6.764173679523043e-05, 4.70944848260243, 1.5692325512887988, -0.00021364490582912962, 3.141661817685208, 4.712065623198343, -0.00039786422370714796]",0.0
454,1.128961558618001,"[4.711852628562503, 1.5703655013708249, -0.0006280155064704878, 3.141588586662907, -0.0005419645581161569, 3.1409415586096388, 3.1411948180894838, -0.00023872234453884558, 3.1409638266127953, 3.1413773942929177, -4.199503393758468e-05, -0.0002579218672594462, -0.00033915881960698563, -0.00045744343993201994, -0.0004513446124194026, 3.570798336767453, 4.711840586818716, 1.570942857028824, 4.712233013388766, 1.5708017951703315, 3.1414160838310177, 1.5706377215975396, 3.1477260331497527, -0.0024548796037680656, 4.7113112178434084, 4.712001050360878, 1.570794192700825, 1.570875254720285, 4.712227104724338, 3.1412176487005303, 1.5702008718244265, 4.712204543135552, 1.570740285931313, 6.76666971575411e-05, 4.709448497761745, 1.5692326322586467, -0.00021365804991412617, 3.1416618659316193, 4.712065609651267, -0.00039784009967048676]",0.0
455,1.1296504885753844,"[4.711852709878341, 1.5703654575370687, -0.0006279983514629412, 3.141588655692066, -0.0005420096893777214, 3.1409415246653007, 3.141194761640853, -0.0002387533637498123, 3.1409638548442125, 3.1413773920001313, -4.1983503072848835e-05, -0.0002579449224118263, -0.0003391508205270331, -0.0004573797510000947, -0.00045132290969184327, 3.5707981921600176, 4.711840562399447, 1.5709428854334124, 4.712233007776781, 1.5708018270998265, 3.141416046881624, 1.5706377150076045, 3.1477260080154146, -0.0024548996084920206, 4.711311269774779, 4.712001149922957, 1.5707941638563208, 1.5708752361515115, 4.712227096690328, 3.1412176399762823, 1.5702008443756874, 4.712204561660323, 1.5707403188649507, 6.766697962429488e-05, 4.7094484813890665, 1.5692326214047045, -0.0002136581261619264, 3.1416618264910134, 4.712065615952901, -0.000397892898205942]",0.0
456,1.1310906977564597,"[4.7118526580501054, 1.5703654856658822, -0.0006279998878395825, 3.141588594448933, -0.0005419708030487835, 3.1409415290639413, 3.1411948210323177, -0.00023874699851709103, 3.1409638517952074, 3.141377405027185, -4.195768676314139e-05, -0.0002579178099811527, -0.00033917463131291896, -0.0004574256450525376, -0.0004513486504200289, 3.5707982856377893, 4.711840690593202, 1.5709428664008804, 4.712232992241815, 1.570801826472155, 3.1414160748206252, 1.5706377165833212, 3.147726044658585, -0.002454870783721497, 4.711311232268676, 4.712001065536825, 1.5707941757672008, 1.5708752684613427, 4.712227110568523, 3.1412176554334734, 1.5702009009718532, 4.712204528901429, 1.5707402669789958, 6.762930136094064e-05, 4.70944849670463, 1.5692325868479537, -0.00021367496916917353, 3.1416618903919495, 4.712065605935811, -0.0003978674720177915]",0.0
457,1.1310930682059923,"[4.711852680655564, 1.5703654540991323, -0.0006280021463204333, 3.141588561392806, -0.0005419957305346922, 3.1409416054720407, 3.141194830601078, -0.00023868757718121264, 3.140963796063887, 3.1413774214669106, -4.2022962513152106e-05, -0.000257933559831165, -0.00033921937585947894, -0.00045743925377730746, -0.00045133907062340744, 3.5707982631019943, 4.711840631040098, 1.570942914953707, 4.712233005554349, 1.5708018132183055, 3.1414160873882433, 1.5706376659572756, 3.147726037032489, -0.0024548837102122923, 4.711311263091958, 4.712001078781202, 1.5707943183455162, 1.5708752327622755, 4.712227135561988, 3.1412175852842688, 1.5702008743643527, 4.712204480160586, 1.5707402542988742, 6.767948565097137e-05, 4.709448461791806, 1.5692325686947368, -0.00021370944547362882, 3.1416618594361654, 4.712065530864354, -0.00039784680341913584]",0.0
458,1.1284430833128143,"[4.711852661680449, 1.5703654997126868, -0.000627976351898624, 3.141588604086632, -0.0005420237492988738, 3.1409415213122287, 3.1411948048214886, -0.00023869920733101297, 3.1409638390203414, 3.1413773586541227, -4.199120248290983e-05, -0.00025792012447085585, -0.00033917006513938533, -0.0004574162514595046, -0.0004513439766737557, 3.570798292312481, 4.711840625792858, 1.570942873861035, 4.712233024825174, 1.5708018341330143, 3.1414160434656235, 1.5706377040073263, 3.1477260711150663, -0.002454875436085733, 4.711311191430699, 4.7120010719650685, 1.5707942202133516, 1.5708752469600387, 4.7122271286926125, 3.1412176779522176, 1.5702008598093107, 4.712204534691638, 1.5707402530607792, 6.76694954532963e-05, 4.709448530802604, 1.5692325873387905, -0.00021366927309778879, 3.14166188918183, 4.712065598858951, -0.0003978283319083911]",0.0
459,1.128155041476599,"[4.711852718378483, 1.5703655180044158, -0.0006280376705717271, 3.141588578197233, -0.0005419819428191064, 3.1409415677820918, 3.1411947946834515, -0.00023874770134626897, 3.140963892303337, 3.1413773709635295, -4.195964833633697e-05, -0.00025786768104484406, -0.00033918322333486244, -0.00045746128340784183, -0.00045125269545068686, 3.5707983101587173, 4.711840619499217, 1.5709428789082898, 4.712232958317944, 1.5708018288219405, 3.141416004446261, 1.5706377970869405, 3.1477260634153943, -0.002454832896617364, 4.71131119168407, 4.71200108025791, 1.5707942495774514, 1.5708752353065993, 4.712227105806691, 3.141217647332157, 1.5702008738465987, 4.712204502265214, 1.5707403095048644, 6.765937565239782e-05, 4.709448468983412, 1.569232600782784, -0.00021374885534886833, 3.1416618437086465, 4.712065659397143, -0.0003977877922471395]",0.0
460,1.1306129984789672,"[4.711852648537441, 1.5703654801443394, -0.0006279882172441018, 3.1415885877096823, -0.0005419869928182392, 3.140941526578132, 3.141194774553501, -0.0002387325456132777, 3.1409638236543618, 3.141377369418046, -4.197718049070424e-05, -0.0002578439262694717, -0.0003391866575876073, -0.00045743390476454945, -0.00045133510557193246, 3.5707982827086147, 4.711840624105956, 1.5709428326071615, 4.712232996072023, 1.570801795770793, 3.141416045012011, 1.5706377273834402, 3.1477260171725283, -0.002454890911352126, 4.711311226379276, 4.71200105713117, 1.5707942236739312, 1.5708752693721828, 4.712227137084724, 3.141217649916172, 1.5702009018167997, 4.712204544614707, 1.5707402857202806, 6.768351650815621e-05, 4.709448493782542, 1.5692325721573122, -0.0002136574881067975, 3.141661866679301, 4.712065581620648, -0.0003978558080822838]",0.0
461,1.1291151809306492,"[4.711852652379606, 1.5703654615618232, -0.0006280835806391271, 3.1415885903018053, -0.0005419409136800966, 3.1409414644125744, 3.14119487458585, -0.0002387022157140473, 3.1409638736680825, 3.141377449397466, -4.194098005021467e-05, -0.00025790342123397015, -0.00033917613763141224, -0.00045743923323957237, -0.00045130435000466704, 3.5707982273042673, 4.711840626762641, 1.570942817952601, 4.712233084600088, 1.5708018154902461, 3.1414160789214227, 1.5706377031726246, 3.147726033168284, -0.002454904582851045, 4.711311166191083, 4.7120010723335115, 1.5707942444531662, 1.570875200691242, 4.712227148327796, 3.1412176580103193, 1.5702009111559874, 4.712204556291144, 1.5707403170045886, 6.769787715560906e-05, 4.709448557213919, 1.5692326088393906, -0.00021370058370830786, 3.1416618575768123, 4.712065586105006, -0.0003978169083349097]",0.0
462,1.1279438107967081,"[4.711852655691726, 1.570365479828298, -0.0006279903149550908, 3.141588602743975, -0.0005419664694112623, 3.140941521066791, 3.1411948152933973, -0.000238693323423922, 3.1409638302523, 3.1413774045731, -4.1985193815253816e-05, -0.00025787526063492995, -0.00033913838741542326, -0.0004574392103788484, -0.00045132043373298487, 3.5707982893648347, 4.711840626888971, 1.5709429362702192, 4.712233044773737, 1.5708018140113205, 3.1414160298028624, 1.5706377399621203, 3.147726055408062, -0.002454854709593683, 4.711311220288791, 4.7120010613013905, 1.5707942125217684, 1.5708752681165497, 4.712227109656211, 3.1412176566315324, 1.570200921898114, 4.712204533037282, 1.5707402733520295, 6.768337202107825e-05, 4.709448498690897, 1.569232619412073, -0.000213672319890197, 3.141661861230437, 4.712065591947672, -0.00039788022546709923]",0.0
463,1.1287695307271912,"[4.711852657402076, 1.570365475195763, -0.000628016305919956, 3.1415885880746717, -0.0005419840263779409, 3.1409415540726986, 3.1411948095001225, -0.00023871652824898588, 3.1409638430743123, 3.141377388966923, -4.1975793417936864e-05, -0.00025788728516881065, -0.00033914769008448265, -0.0004574077822654799, -0.00045134796236196903, 3.5707982951860364, 4.711840627353371, 1.570942879731104, 4.712233008183513, 1.57080182201844, 3.141416059845708, 1.5706377152677677, 3.1477260442125288, -0.002454871013132563, 4.711311217990187, 4.712001061636337, 1.5707942187249664, 1.5708752613145598, 4.71222710507647, 3.1412176490557377, 1.5702008863397985, 4.712204529521388, 1.5707403040507397, 6.767752853751989e-05, 4.7094485324630355, 1.5692325784379813, -0.00021368362591513783, 3.1416618672742067, 4.7120656056920245, -0.0003978636719390805]",0.0
464,1.12836627215649,"[4.711852665853639, 1.5703654726616394, -0.0006279963949816846, 3.141588627640907, -0.0005419766211881368, 3.1409415632925133, 3.1411947922739962, -0.00023873987569128882, 3.1409638552637142, 3.1413773759644377, -4.1951957956012196e-05, -0.00025787715643763227, -0.0003391687806775257, -0.0004574506198285523, -0.00045136265030090136, 3.57079829880371, 4.711840641368956, 1.5709428916358128, 4.71223303153587, 1.5708018271827924, 3.141416058418148, 1.570637719923073, 3.1477260233661744, -0.002454840428003508, 4.711311207796289, 4.712001066357343, 1.5707942372613843, 1.5708752369717818, 4.712227123923815, 3.141217653609049, 1.5702008652848765, 4.712204517231917, 1.570740323051728, 6.764946974779947e-05, 4.709448539080182, 1.5692326428563272, -0.00021365477778032078, 3.14166188285337, 4.712065557552827, -0.00039785094386025655]",0.0
465,1.1287119223599482,"[4.711852676340383, 1.5703654850276842, -0.0006280097789753622, 3.141588601321663, -0.0005420107033322587, 3.140941539441263, 3.141194824866162, -0.0002387253853701911, 3.1409638442058023, 3.141377408085678, -4.197336533632491e-05, -0.00025788258249759445, -0.0003391608894631593, -0.00045742273411745305, -0.0004513582333849764, 3.570798296630827, 4.711840620889495, 1.5709428612055185, 4.712233009860505, 1.5708018282944265, 3.1414160456359834, 1.5706377183712048, 3.1477260430508442, -0.0024548653085450915, 4.711311209947943, 4.712001045800986, 1.5707942131430772, 1.5708752513928121, 4.712227111672193, 3.14121764749388, 1.5702008891668935, 4.7122045212238275, 1.5707402847770664, 6.766683902404833e-05, 4.70944850483068, 1.5692326102316325, -0.00021367312325436228, 3.141661853229018, 4.71206558384608, -0.0003978661526681968]",0.0
466,1.12894235582892,"[4.711852674010344, 1.5703655219088364, -0.0006280059643738032, 3.1415886212951025, -0.0005420000913007991, 3.1409415221626267, 3.141194805398649, -0.0002387233840643938, 3.14096382747184, 3.141377410925428, -4.2000179274695415e-05, -0.0002579000859738818, -0.0003391340046114287, -0.00045739302934182303, -0.00045130168672462734, 3.570798322330615, 4.7118406549335266, 1.570942851097023, 4.712233026402673, 1.5708018149219927, 3.141416061768302, 1.5706377330743237, 3.14772603803788, -0.0024548763779433267, 4.711311229279701, 4.712001069881795, 1.5707942592382937, 1.5708752609609213, 4.712227074931521, 3.141217657803863, 1.570200888106599, 4.71220453309996, 1.5707403199401646, 6.765423927207085e-05, 4.7094485121451735, 1.5692326032979453, -0.0002136662370110748, 3.1416618804322898, 4.712065559580649, -0.0003978579259762743]",0.0
467,1.1297104673921603,"[4.711852638124127, 1.5703654934792648, -0.0006280147226136511, 3.1415886268473816, -0.0005419830901763695, 3.140941536029496, 3.1411948100940177, -0.00023872711585382688, 3.140963837577367, 3.1413773891198855, -4.198661686637377e-05, -0.000257903810456235, -0.00033915300346235846, -0.0004574285414480058, -0.0004513551395582359, 3.5707982865332473, 4.711840639660416, 1.5709428711445008, 4.712233011241256, 1.5708018259255314, 3.1414160522310146, 1.5706377356897248, 3.147726052225402, -0.0024548666900962375, 4.711311222549204, 4.712001048859166, 1.5707942295291815, 1.570875248585087, 4.71222712588007, 3.1412176540729018, 1.5702008785544397, 4.712204525511083, 1.5707403035528642, 6.767312237348903e-05, 4.709448500149224, 1.5692325897157389, -0.00021368100547736166, 3.1416618533094662, 4.712065590002956, -0.00039786155362445206]",0.0
468,1.1300753203846992,"[4.711852644227494, 1.5703654853202214, -0.0006280255148058802, 3.1415885586303998, -0.0005420368634929466, 3.140941544425334, 3.141194781931854, -0.00023876382264668378, 3.140963843323268, 3.1413774082473753, -4.1988288806006005e-05, -0.0002579143620674058, -0.0003391502981472564, -0.00045745224496241923, -0.000451352213789869, 3.5707982661451467, 4.711840626865177, 1.570942878852448, 4.712233042585119, 1.5708017974670259, 3.1414160347488123, 1.5706377198252741, 3.147726068893439, -0.002454855310956829, 4.711311242018, 4.712001043978992, 1.5707942233377243, 1.5708752589691775, 4.7122270996924085, 3.141217666864888, 1.5702009061108146, 4.712204537517659, 1.5707403163188454, 6.766388527976511e-05, 4.709448517859772, 1.5692326044792617, -0.00021367794975639894, 3.1416618857170873, 4.712065584946445, -0.00039784104052693425]",0.0
469,1.1304209705881574,"[4.711852654145493, 1.57036547063215, -0.0006279952913726988, 3.1415885996300608, -0.0005419925601337007, 3.140941551601808, 3.1411947918691987, -0.00023871569252214433, 3.140963845193138, 3.1413774097681406, -4.197919185327729e-05, -0.00025790767978380014, -0.0003391600827743502, -0.00045742178104556, -0.00045133419865359467, 3.5707983043741747, 4.711840643227919, 1.5709428679731239, 4.712233008915066, 1.57080182026509, 3.1414160485813962, 1.570637725998491, 3.147726049284393, -0.002454873342244886, 4.711311214975215, 4.712001061169907, 1.5707942049248813, 1.5708752322694972, 4.712227113450451, 3.1412176611060953, 1.5702009015513356, 4.71220451722752, 1.5707403060026175, 6.768158927179986e-05, 4.70944851256328, 1.5692325967712344, -0.00021366449178139696, 3.141661853870527, 4.712065578847004, -0.000397846549042525]",0.0
470,1.128692719570867,"[4.711852664013946, 1.5703654558391633, -0.0006280272938613587, 3.141588619760257, -0.0005420081975815525, 3.1409415020022027, 3.1411947853686395, -0.00023872264182948775, 3.1409638303862315, 3.1413774026992467, -4.196220993686878e-05, -0.0002579021119267084, -0.00033916849554211243, -0.00045744828969892213, -0.0004513490624398978, 3.5707983414844273, 4.711840636849556, 1.5709428930598242, 4.712233019840817, 1.5708018409192939, 3.1414160534529016, 1.5706376786534886, 3.147726013453852, -0.0024548522795794685, 4.711311229738093, 4.712001055390171, 1.5707942445936762, 1.5708752491239275, 4.712227094235009, 3.141217667675689, 1.570200893022135, 4.712204551501034, 1.5707402997336029, 6.767028437894834e-05, 4.709448492615412, 1.569232582700009, -0.00021367066325231093, 3.141661847553892, 4.712065624310846, -0.00039784313391428254]",0.0
471,1.1293432439500886,"[4.711852653962129, 1.570365479355347, -0.0006279979948756122, 3.141588595063796, -0.0005420056724442095, 3.1409415214325076, 3.141194797062507, -0.00023870914412939994, 3.140963840516318, 3.14137739380837, -4.196986372773178e-05, -0.0002578945262132114, -0.00033914385519318165, -0.00045744194925898457, -0.0004513378171132747, 3.570798288452632, 4.711840628175858, 1.5709428747226641, 4.712233003872867, 1.5708018150327638, 3.1414160799569566, 1.5706377235905844, 3.1477260531046674, -0.002454868932278019, 4.7113112108222115, 4.712001057100398, 1.5707942269398976, 1.5708752478716639, 4.712227110100879, 3.141217639228298, 1.570200889530074, 4.712204518672799, 1.570740306992549, 6.764707244023838e-05, 4.709448511105766, 1.5692325970816257, -0.00021366708213590603, 3.1416618556240072, 4.712065595175714, -0.0003978590911942123]",0.0
472,1.129480033923188,"[4.7118526491669614, 1.570365454362825, -0.0006279940674923278, 3.1415886341388726, -0.000541996843967672, 3.1409415559619824, 3.1411948088159845, -0.00023874687068397527, 3.1409638264290956, 3.1413774403460946, -4.2000311772926e-05, -0.0002578783426109392, -0.00033913573802457533, -0.00045745420061986365, -0.00045131559765155426, 3.570798299109478, 4.711840634897415, 1.5709428697888645, 4.712233029423533, 1.5708018228854606, 3.141416027274488, 1.57063771244678, 3.1477260469465422, -0.002454876815512557, 4.711311191420603, 4.712001054828732, 1.570794208892657, 1.5708752599829265, 4.712227114322006, 3.141217607607789, 1.5702008563688712, 4.712204541340662, 1.5707402894712588, 6.764678288537008e-05, 4.709448524911183, 1.5692325702570769, -0.0002136688158689704, 3.141661879816103, 4.712065604538246, -0.00039784281651101476]",0.0
473,1.1295568450795122,"[4.711852650655813, 1.5703654754997212, -0.0006280153274420086, 3.1415886020628805, -0.000541990245452705, 3.140941558708532, 3.1411947988911657, -0.00023871910836253187, 3.1409638400535473, 3.141377400381336, -4.19935923231061e-05, -0.0002578879209467335, -0.00033916320739794183, -0.0004574171572538353, -0.00045134009883198106, 3.5707982852678053, 4.711840632319345, 1.5709428684431308, 4.7122330170198925, 1.5708018365446814, 3.1414160568450122, 1.5706377201897732, 3.147726050185739, -0.0024548640651880314, 4.7113112060713735, 4.7120010597105315, 1.5707942350887258, 1.5708752469918708, 4.712227111939998, 3.141217661683223, 1.570200903767402, 4.712204546933664, 1.5707402936472485, 6.764033888887659e-05, 4.709448503479004, 1.5692326025038088, -0.0002136571731294031, 3.141661859045303, 4.712065601621197, -0.0003978563756620361]",0.0
474,1.1294032227668642,"[4.7118526644481316, 1.5703654824982705, -0.0006279984149107943, 3.141588619167383, -0.0005419866524945083, 3.1409415390602633, 3.1411948072916513, -0.00023872662221478111, 3.140963828979983, 3.1413773999775016, -4.198159233011152e-05, -0.0002578629437907256, -0.00033912558002410385, -0.0004574105778073503, -0.0004513542834611481, 3.5707982891319445, 4.7118406154645065, 1.5709428856257912, 4.712233007297532, 1.5708018058343802, 3.1414160812623457, 1.5706377059116134, 3.147726044609857, -0.0024548400297527135, 4.711311222203087, 4.712001055739273, 1.5707941956847347, 1.5708752184588735, 4.712227108291833, 3.141217667145443, 1.5702008984738218, 4.712204559132288, 1.5707402911298671, 6.76477068649438e-05, 4.709448491034684, 1.5692325793232562, -0.00021371499369342878, 3.1416618710774777, 4.7120655572309085, -0.00039780667389255217]",0.0
475,1.1323220467071762,"[4.71185266821858, 1.5703654733248888, -0.0006280104575741627, 3.1415885959678747, -0.0005419834339921856, 3.1409415408706542, 3.1411948096240567, -0.00023872639384612125, 3.1409638310511654, 3.141377411992905, -4.1980923435497923e-05, -0.0002578901543062816, -0.00033914807252394627, -0.000457443329702978, -0.00045134439163615114, 3.57079828769893, 4.711840630523158, 1.5709428678877295, 4.712233010886123, 1.570801822197706, 3.141416063993001, 1.5706377276193457, 3.147726049464578, -0.002454856412975721, 4.711311215156263, 4.712001071189876, 1.5707942246640285, 1.5708752632062395, 4.712227103920298, 3.141217683290372, 1.5702008684551316, 4.712204524533251, 1.5707402917363853, 6.766966447692734e-05, 4.709448507602647, 1.5692325836321634, -0.00021365682393116107, 3.1416618564889225, 4.712065583606942, -0.0003978506629449318]",0.0
476,1.129057572563406,"[4.711852661413275, 1.5703654835151482, -0.0006279593559455505, 3.1415885822628553, -0.0005420054227179094, 3.1409415306215864, 3.14119484778878, -0.00023876706385977576, 3.1409638262377335, 3.1413773907315665, -4.200666900460907e-05, -0.0002579105945213369, -0.0003391568101764598, -0.0004574288144832178, -0.00045133479863567106, 3.5707982971246555, 4.711840633062124, 1.5709428908320677, 4.712233001371524, 1.570801849402993, 3.141416073198359, 1.5706377296480667, 3.1477260157430207, -0.0024548507764067208, 4.711311198723247, 4.712001064641143, 1.5707942273824824, 1.5708752650809852, 4.712227135285314, 3.141217647859323, 1.5702009114181883, 4.712204558714637, 1.5707403261207626, 6.767871167424056e-05, 4.709448528915948, 1.5692326004875436, -0.00021367581093066233, 3.1416618392898776, 4.712065593445057, -0.00039784325943666485]",0.0
477,1.1302289426973473,"[4.711852658876464, 1.570365462723187, -0.0006280152834367531, 3.1415885952716365, -0.0005419900453336506, 3.1409415247183587, 3.1411948135793657, -0.00023873874662627158, 3.1409638254890586, 3.141377387000446, -4.199788317302492e-05, -0.00025789778554290117, -0.0003391570776415463, -0.00045742193049310586, -0.00045134349673351634, 3.57079829245161, 4.711840634423144, 1.570942886128168, 4.712233003786582, 1.5708018119811624, 3.141416047013314, 1.5706377262300166, 3.147726038598585, -0.0024548872614094377, 4.711311196328169, 4.712001050079646, 1.570794220352542, 1.5708752401165624, 4.7122270929773915, 3.1412176617675773, 1.570200887726278, 4.71220452214529, 1.570740297574605, 6.76564299417452e-05, 4.709448504653155, 1.5692325937297449, -0.0002136739343966306, 3.1416618624241366, 4.712065587329581, -0.0003978536620688687]",0.0
478,1.129652859024917,"[4.711852663969848, 1.570365468043633, -0.0006279920844214588, 3.1415886298294216, -0.0005419741377070168, 3.1409415598567185, 3.1411948053806342, -0.00023874243403510968, 3.1409638652722, 3.1413773636307933, -4.195205512517156e-05, -0.0002578787795099366, -0.0003391747268958008, -0.0004574423693806031, -0.00045136058246303705, 3.570798300556421, 4.711840639243638, 1.570942897365135, 4.712233031770083, 1.570801807535475, 3.141416052548145, 1.5706377151996418, 3.1477260134274516, -0.002454854715954877, 4.711311211928566, 4.712001071482793, 1.5707942427726305, 1.5708752457558457, 4.712227113476423, 3.1412176477926974, 1.570200872498373, 4.712204519683357, 1.5707403158270041, 6.764952885356478e-05, 4.70944854079004, 1.5692326435382473, -0.00021366323174170897, 3.141661894657795, 4.712065567107277, -0.00039784628105547716]",0.0
479,1.1290458334584876,"[4.711852651480645, 1.570365474859975, -0.0006279862619558331, 3.141588596900326, -0.0005419966648041425, 3.1409415351458128, 3.14119481680609, -0.00023873048405198907, 3.1409638591958386, 3.1413774105617343, -4.197546423689416e-05, -0.00025789306946447836, -0.0003391657771493169, -0.0004574071558879885, -0.00045135250068504304, 3.5707983012919855, 4.7118406331689835, 1.570942880800167, 4.712233028956864, 1.5708017932325753, 3.14141605580829, 1.5706377348964426, 3.1477260434353114, -0.0024548642232418145, 4.711311216540869, 4.712001059125059, 1.5707942350967763, 1.5708752463934819, 4.712227107730161, 3.1412176523749054, 1.5702008769942586, 4.712204539159212, 1.570740295395554, 6.7659203394749e-05, 4.709448502188119, 1.569232585334829, -0.00021366732749789017, 3.1416618514363206, 4.712065602370006, -0.00039784969002891425]",0.0
480,1.1285198944691381,"[4.711852665213698, 1.5703654790606787, -0.0006280014163719734, 3.1415886031608786, -0.0005419881922167504, 3.1409415351407377, 3.1411948110627965, -0.00023872624620615307, 3.1409638529210158, 3.1413774015601206, -4.199281203864608e-05, -0.0002578896540553891, -0.0003391548476070646, -0.0004574321781394648, -0.00045134761295023473, 3.5707982982467317, 4.711840630446205, 1.5709428779865298, 4.712233011235244, 1.5708018202451135, 3.1414160547865686, 1.5706377183430824, 3.1477260464176515, -0.0024548787387704903, 4.711311226063644, 4.712001057726008, 1.5707942246015536, 1.5708752516859874, 4.712227115898162, 3.1412176575204263, 1.5702008898398465, 4.712204530816456, 1.5707403028668832, 6.765986562039714e-05, 4.709448512239769, 1.5692325952810198, -0.00021366842882835458, 3.1416618640457927, 4.712065592656738, -0.0003978468224468981]",0.0
481,1.1291123547303066,"[4.711852659430413, 1.5703654669692961, -0.00062800411559482, 3.141588611001877, -0.0005419919776938388, 3.1409415400746594, 3.141194818349129, -0.00023873867573123703, 3.1409638468973404, 3.141377388215924, -4.197113326269246e-05, -0.00025789566259577524, -0.00033914788019773873, -0.0004574257019506571, -0.00045134869222542945, 3.570798300537936, 4.711840632149818, 1.5709428715615386, 4.71223300845974, 1.5708018157133101, 3.141416057764391, 1.5706377126894115, 3.1477260734442134, -0.002454875383507141, 4.711311206740967, 4.712001074302847, 1.570794232279466, 1.57087526286251, 4.712227103173274, 3.141217641246103, 1.5702009008039868, 4.712204541526666, 1.5707403012325525, 6.76809514497541e-05, 4.7094484908696534, 1.5692326006292505, -0.0002136623972781938, 3.1416618676977546, 4.712065587645024, -0.0003978434833215467]",0.0
482,1.1284238805237332,"[4.711852658930316, 1.5703654731212213, -0.0006280007717877968, 3.1415886071406636, -0.0005419978968733135, 3.140941539795253, 3.141194811056485, -0.00023873079449333108, 3.1409638350885345, 3.1413773998436127, -4.198110107990203e-05, -0.0002578921613220442, -0.0003391537436682743, -0.0004574262574743416, -0.0004513396975998255, 3.5707982898717807, 4.711840634097483, 1.570942873099497, 4.712233008212761, 1.570801812656867, 3.1414160550676242, 1.5706377184880334, 3.147726045320887, -0.0024548716361306854, 4.71131122544936, 4.712001070486279, 1.570794224027917, 1.5708752434860782, 4.712227111712735, 3.1412176583872315, 1.5702008833099068, 4.712204537005266, 1.5707402980211802, 6.766642332243436e-05, 4.709448511678853, 1.5692326074491978, -0.00021367514436865983, 3.1416618604458835, 4.712065599543881, -0.0003978572797035725]",0.0
483,1.127694174538655,"[4.71185266631253, 1.5703654763683477, -0.0006280027900672089, 3.141588621029371, -0.0005419960331799058, 3.140941537786589, 3.1411948013481954, -0.00023872802088097933, 3.140963856049237, 3.1413773947543087, -4.198260345171967e-05, -0.0002579148629473537, -0.00033915621820567935, -0.0004574197964456261, -0.0004513377199571389, 3.5707982705960295, 4.7118406078267006, 1.570942877125609, 4.712233017692292, 1.5708018206489578, 3.141416052297687, 1.5706377214040164, 3.147726023776911, -0.0024548716011036525, 4.711311221625764, 4.712001074927241, 1.5707942114006805, 1.570875263036448, 4.712227098639886, 3.141217647307191, 1.570200891086753, 4.712204531788898, 1.5707403007933987, 6.766192128310386e-05, 4.709448500997826, 1.5692325909430096, -0.0002136681314514263, 3.141661856097374, 4.712065590409106, -0.00039785021835845355]",0.0
484,1.1317075574565842,"[4.711852654138599, 1.5703654830486509, -0.0006280077857018949, 3.1415886052636437, -0.0005419978797061046, 3.140941539910001, 3.141194810916115, -0.0002387222582294495, 3.140963844629148, 3.1413773991834115, -4.198666330791713e-05, -0.000257888850266682, -0.0003391578206063572, -0.00045742578150255496, -0.0004513421271809524, 3.570798286843662, 4.71184064365991, 1.5709428797468663, 4.712233009262687, 1.570801812444472, 3.1414160569499665, 1.570637714194718, 3.1477260392321034, -0.002454866048725315, 4.711311213236337, 4.712001058524891, 1.5707942200430467, 1.5708752588848665, 4.712227106066413, 3.1412176519110413, 1.5702008846016373, 4.712204531641853, 1.5707403003413845, 6.76698808516371e-05, 4.709448508377753, 1.5692326020771161, -0.00021366567335075163, 3.141661857081962, 4.712065593119495, -0.00039784030841819495]",0.0
485,1.1309010403151822,"[4.711852641198572, 1.570365470041977, -0.0006279971395691041, 3.1415886139482327, -0.0005419988138550467, 3.1409415400680682, 3.141194808067558, -0.000238736447051966, 3.1409638658832804, 3.1413774042955627, -4.198855791912397e-05, -0.00025789476924325963, -0.00033914715888832013, -0.00045743313511207597, -0.0004513358031533994, 3.57079829497846, 4.711840625115982, 1.570942870176304, 4.712232999890283, 1.5708018184911752, 3.1414160675730156, 1.5706377233075552, 3.147726034777105, -0.002454866931304226, 4.711311214568885, 4.712001051316718, 1.5707942407378916, 1.5708752514284359, 4.712227098301431, 3.141217662813403, 1.5702009015966794, 4.7122045266650465, 1.5707402706607674, 6.767612296298084e-05, 4.709448519425149, 1.5692325986977638, -0.00021368170466140162, 3.1416618706014923, 4.712065591852371, -0.00039785625354418275]",0.0
486,1.1306129984789672,"[4.711852662722688, 1.5703654706442776, -0.0006279942490966279, 3.141588606181316, -0.0005419901313593635, 3.140941540196701, 3.1411948112804855, -0.00023872635349427896, 3.1409638394932697, 3.1413773925701465, -4.1985708259877645e-05, -0.0002578928303698648, -0.0003391571773255485, -0.0004574290045914443, -0.00045134345928876776, 3.570798289139938, 4.711840635245772, 1.5709428656143676, 4.712233023559536, 1.5708018219574358, 3.1414160610451214, 1.5706377230022384, 3.147726044239302, -0.0024548652437418597, 4.711311221376, 4.712001051264923, 1.5707942237466674, 1.5708752510107888, 4.7122270989904305, 3.141217652937976, 1.5702008901293125, 4.712204526834666, 1.570740299111369, 6.76691292763939e-05, 4.709448507662059, 1.5692325986626907, -0.00021367349780110494, 3.1416618640135208, 4.712065599524403, -0.000397846095474178]",0.0
487,1.1291919920869733,"[4.711852659175083, 1.5703654775059075, -0.0006279974855828068, 3.1415886155178314, -0.0005419909993729487, 3.1409415381874193, 3.1411948209362848, -0.0002387100759332331, 3.1409638316636164, 3.1413774084369948, -4.197380470906743e-05, -0.0002579043196985788, -0.0003391741264199628, -0.00045743496950725166, -0.0004513500551502973, 3.570798289283654, 4.711840622976212, 1.570942874144945, 4.71223298915811, 1.570801809933044, 3.1414160428205142, 1.5706377317922824, 3.1477260487842393, -0.002454862496546358, 4.711311220425844, 4.712001051891029, 1.5707942304988698, 1.5708752540423632, 4.71222709495239, 3.141217653583465, 1.5702008983726543, 4.7122045482430135, 1.5707403056171134, 6.766092567747118e-05, 4.709448525054668, 1.5692325915084564, -0.00021366941544289844, 3.141661873812801, 4.712065590393781, -0.00039784611196180754]",0.0
488,1.1285198944691381,"[4.711852645367315, 1.570365468165122, -0.0006280047599743713, 3.141588600043665, -0.0005419933485834285, 3.1409415330331694, 3.141194815519133, -0.00023872663167818164, 3.140963844095414, 3.141377394866188, -4.1980971617064184e-05, -0.00025789241081061173, -0.0003391565296601863, -0.00045742336358354737, -0.00045133860418411677, 3.570798296573283, 4.7118406296326505, 1.5709428715608447, 4.7122330108827235, 1.570801825475905, 3.1414160496743793, 1.5706377231655089, 3.1477260448094366, -0.002454863033281268, 4.711311227319919, 4.712001063709505, 1.570794223586884, 1.5708752554090535, 4.712227106406727, 3.141217650941011, 1.5702008858554761, 4.712204529317037, 1.5707402950257672, 6.765906271035242e-05, 4.7094485129960555, 1.5692325992160556, -0.00021367047370687923, 3.1416618589800565, 4.712065584484387, -0.00039784363026896044]",0.0
489,1.127905405218546,"[4.7118526437016985, 1.5703654686830555, -0.0006279978098750641, 3.141588604960225, -0.0005420027711715872, 3.140941536494605, 3.1411948181306446, -0.00023871372769637122, 3.1409638430516296, 3.1413774077703787, -4.1990621016074505e-05, -0.0002578911533527707, -0.0003391576038706444, -0.00045742663128580275, -0.00045135134893682064, 3.5707982991493683, 4.711840627105752, 1.5709428662716902, 4.712233013070033, 1.57080181610211, 3.1414160509838327, 1.5706377201729484, 3.147726034040172, -0.0024548626264575316, 4.7113112059033515, 4.712001077733516, 1.5707942234588574, 1.5708752632901826, 4.712227117156172, 3.141217665594577, 1.5702008944791315, 4.712204515950684, 1.5707403169367604, 6.766087362860194e-05, 4.709448492230178, 1.569232598813842, -0.00021368725284384856, 3.141661886206155, 4.712065599237817, -0.0003978535887319936]",0.0
490,1.129883292493889,"[4.711852656357533, 1.5703654894213126, -0.000627999211975019, 3.1415886020235284, -0.0005419856907404811, 3.1409415390285376, 3.141194808651297, -0.00023873501583548276, 3.1409638438948644, 3.1413774004680652, -4.1977879972164195e-05, -0.00025789103134261096, -0.00033916065937752456, -0.00045742943758763705, -0.00045133660648898923, 3.5707982927513977, 4.711840626787217, 1.5709428748993761, 4.712233007935978, 1.570801819731927, 3.141416048233242, 1.5706377164339265, 3.147726046338081, -0.0024548632910716675, 4.7113112129422285, 4.712001064877449, 1.5707942285460077, 1.5708752479635189, 4.712227103497054, 3.1412176544409363, 1.5702008907298473, 4.712204521783116, 1.5707402994520774, 6.76633459930163e-05, 4.709448507550092, 1.5692325955934054, -0.00021367618331805113, 3.1416618609190112, 4.712065599353705, -0.00039784545614432183]",0.0
491,1.128846341883515,"[4.711852676353744, 1.5703654734230323, -0.0006280183437933867, 3.1415886022203807, -0.000542003004300084, 3.140941552222077, 3.141194813558922, -0.00023872194913510654, 3.1409638530862956, 3.141377384728476, -4.197646718001924e-05, -0.0002578977780928485, -0.0003391554796968882, -0.000457439457521178, -0.00045132367329819893, 3.5707983050947285, 4.711840637097173, 1.570942873905471, 4.712233008611245, 1.5708018123927014, 3.141416050078331, 1.5706377486228422, 3.147726040208932, -0.00245486653988114, 4.711311214201939, 4.712001062737199, 1.5707942268273822, 1.570875257313233, 4.712227118856051, 3.1412176547854065, 1.570200889908132, 4.71220453638719, 1.5707402942163746, 6.765868124652123e-05, 4.709448502129096, 1.5692325954813933, -0.00021369089604566288, 3.1416618599665767, 4.71206559926445, -0.0003978379577739584]",0.0
492,1.1264843988265518,"[4.711852654333084, 1.5703654774434266, -0.0006280053651036734, 3.1415886013904686, -0.0005419911133473624, 3.1409415363577255, 3.141194813065069, -0.0002387258384098529, 3.1409638408495586, 3.1413774072752685, -4.1968586328447113e-05, -0.00025789527631404175, -0.00033915329587132833, -0.0004574260920201677, -0.00045134167006453783, 3.570798286829778, 4.711840631175885, 1.5709428746860072, 4.712233017386025, 1.5708018249605231, 3.141416057597022, 1.5706377250188817, 3.1477260370566174, -0.002454880896627025, 4.711311213685263, 4.712001057834619, 1.570794229525776, 1.5708752514422872, 4.712227112511099, 3.141217656745185, 1.5702008892309385, 4.712204533902382, 1.570740297962957, 6.766785416331411e-05, 4.70944850900457, 1.569232600424533, -0.00021367385384529842, 3.1416618677867225, 4.712065592319074, -0.00039784079207560384]",0.0
493,1.1284046777346521,"[4.7118526574736475, 1.5703654741519046, -0.0006280208438457104, 3.141588606421789, -0.0005419825384862448, 3.1409415235805414, 3.1411948285063134, -0.00023872260912843202, 3.1409638498362136, 3.141377399669288, -4.198319756917414e-05, -0.00025790008288789114, -0.0003391640361064997, -0.00045743624524897524, -0.0004513334467101747, 3.5707982876849025, 4.711840631903137, 1.5709428559914955, 4.712233033003183, 1.5708018018809629, 3.1414160589131415, 1.5706377072945203, 3.1477260428484253, -0.0024548643999947883, 4.711311205990726, 4.71200106953782, 1.5707942245296314, 1.5708752426214097, 4.712227118692632, 3.14121765440704, 1.5702009032613988, 4.7122045360803995, 1.570740298995694, 6.766541362253674e-05, 4.709448526030577, 1.5692325907658955, -0.00021367759512738664, 3.141661855927016, 4.712065585874265, -0.00039785429070035073]",0.0
494,1.1299024952829702,"[4.711852652493517, 1.5703654777995484, -0.0006280043758468449, 3.141588614492306, -0.0005420006188688245, 3.140941539420143, 3.141194817346917, -0.00023873253390322005, 3.1409638439139846, 3.1413773948635195, -4.197492455014755e-05, -0.0002578878269726604, -0.00033915779894949524, -0.0004574260921473264, -0.00045133388363143137, 3.5707982962635, 4.711840627308693, 1.5709428762365818, 4.712233015151088, 1.5708018166718205, 3.1414160588809783, 1.570637723097581, 3.147726046402342, -0.002454869894451719, 4.711311216598439, 4.712001054709906, 1.5707942160887673, 1.570875254204459, 4.712227109101953, 3.1412176664639615, 1.5702008930622668, 4.712204528947949, 1.5707403043409958, 6.766278566355971e-05, 4.709448512601142, 1.5692325929183109, -0.00021366441524125413, 3.1416618640422707, 4.712065596300623, -0.0003978506496166113]",0.0
495,1.1300753203846992,"[4.7118526575407, 1.5703654745966973, -0.0006280016916297307, 3.1415886036055056, -0.0005420018220124352, 3.140941560920871, 3.1411948247358303, -0.00023872364542507416, 3.1409638267066806, 3.141377400576062, -4.198205614411345e-05, -0.0002579033633330015, -0.0003391714346246227, -0.00045743009776131867, -0.00045133462665036036, 3.5707982931844855, 4.7118406280786935, 1.5709428894522859, 4.712233017259902, 1.5708018129109007, 3.1414160671277833, 1.5706377055956773, 3.1477260410981045, -0.002454876812868723, 4.711311231904944, 4.712001060425998, 1.5707942409834459, 1.570875252548589, 4.712227117736543, 3.1412176474753934, 1.570200893659628, 4.712204515602692, 1.5707402889969229, 6.766133149075841e-05, 4.7094484994631705, 1.5692325835010963, -0.000213674399745327, 3.1416618643470042, 4.71206557747195, -0.0003978523365270276]",0.0
496,1.129422425555945,"[4.7118526554989755, 1.5703654783505308, -0.0006279984457539317, 3.1415886006442597, -0.0005419932087696542, 3.140941544008091, 3.141194819087311, -0.00023872331289214433, 3.140963845637685, 3.1413773921382, -4.197733176638209e-05, -0.00025789899983906533, -0.00033914088276400717, -0.0004574313374500302, -0.0004513415022321463, 3.570798292347691, 4.711840634185939, 1.5709428703895807, 4.712233010963793, 1.5708018148401333, 3.141416045256227, 1.5706377146698653, 3.1477260346760003, -0.002454866079905663, 4.711311217819279, 4.712001056281201, 1.5707942272673672, 1.5708752467139886, 4.712227109262793, 3.1412176576146664, 1.5702008906665272, 4.712204533869743, 1.570740298893905, 6.766217007778559e-05, 4.709448504542872, 1.5692325920660213, -0.000213664216482404, 3.1416618650219776, 4.712065592181924, -0.00039785279052560995]",0.0
497,1.129307208821459,"[4.711852656273096, 1.5703654767633362, -0.0006280012408884543, 3.1415886057339613, -0.0005419927833066158, 3.1409415389117132, 3.1411948105748526, -0.00023872234680307868, 3.1409638402005533, 3.141377398078589, -4.1983389122402046e-05, -0.00025789122588477616, -0.000339152695645821, -0.0004574299323927771, -0.00045134059551375614, 3.5707982944345065, 4.71184062727973, 1.5709428801383158, 4.712233017645279, 1.5708018154194245, 3.1414160514082945, 1.5706377231379933, 3.1477260432342327, -0.0024548670282498975, 4.711311215462665, 4.712001060702994, 1.5707942269405266, 1.570875253890244, 4.712227108911812, 3.1412176557109346, 1.570200893266424, 4.712204531326465, 1.5707402968887474, 6.766821398366446e-05, 4.709448509967809, 1.569232598920403, -0.00021367170691018086, 3.1416618602675395, 4.712065590715685, -0.0003978512922423478]",0.0
498,1.1306514040571292,"[4.711852657307006, 1.5703654801845914, -0.0006279996368848746, 3.141588603566069, -0.0005419865954005873, 3.1409415347767613, 3.1411948108502963, -0.00023872945207979604, 3.1409638415710686, 3.1413774010468773, -4.197594982726598e-05, -0.00025789916019926067, -0.0003391568203086501, -0.00045742909831137415, -0.0004513433121235652, 3.570798295223293, 4.711840643938358, 1.5709428800591818, 4.712233014961365, 1.5708018177235619, 3.141416056303079, 1.570637722765485, 3.147726042340494, -0.002454866825283807, 4.711311219304019, 4.712001063449199, 1.5707942137079647, 1.570875260331989, 4.712227109674261, 3.1412176542807004, 1.5702008979906135, 4.712204533330213, 1.5707402874972767, 6.765752042516168e-05, 4.7094485073459715, 1.5692325965619707, -0.00021367399011968914, 3.1416618698075, 4.712065592259373, -0.0003978582854464372]",0.0
499,1.1290191669852443,"[4.711852659802392, 1.5703654737953958, -0.0006280015105539242, 3.141588604779472, -0.0005419913752057192, 3.1409415379247028, 3.1411948096116213, -0.0002387294520061879, 3.140963841300032, 3.1413773994746013, -4.198174275487068e-05, -0.0002578984432566535, -0.0003391548655339756, -0.0004574239054003058, -0.00045133935993177035, 3.570798293695438, 4.711840630467084, 1.5709428742476035, 4.712233010596567, 1.5708018151288845, 3.1414160557890316, 1.5706377189170415, 3.147726042591092, -0.002454863198400531, 4.711311215027457, 4.712001055561076, 1.5707942265042605, 1.5708752565874233, 4.7122271152591555, 3.141217655745925, 1.5702008901042908, 4.712204530568601, 1.5707402988589727, 6.766438046925213e-05, 4.7094485101520975, 1.5692325984111655, -0.00021367144426865793, 3.1416618636554348, 4.712065591885005, -0.00039784957523276944]",0.0
500,1.1312466905186402,"[4.711852656023495, 1.5703654806374405, -0.0006279940807963403, 3.14158860037537, -0.0005420000989210174, 3.1409415413185444, 3.14119481634328, -0.00023873672091821857, 3.140963838439832, 3.141377396453707, -4.1985879120048736e-05, -0.00025789813292422285, -0.0003391560909433316, -0.00045743163028022504, -0.0004513477100234592, 3.5707982975591643, 4.711840632236229, 1.5709428741937546, 4.712233011996672, 1.570801826571602, 3.141416061368477, 1.5706377251734187, 3.147726034931764, -0.0024548668230719227, 4.711311210396935, 4.712001066676751, 1.5707942254076956, 1.570875253356687, 4.712227112219654, 3.1412176530952283, 1.5702008943547172, 4.71220453889905, 1.570740304551979, 6.766589121359488e-05, 4.70944851649801, 1.5692325930882134, -0.00021367334004949027, 3.141661855644525, 4.7120655886349825, -0.0003978492134419224]",0.0
501,1.1308050263697773,"[4.711852658264992, 1.5703654782327738, -0.0006280032810679695, 3.1415886033321487, -0.0005419920289612254, 3.140941539499137, 3.1411948109990457, -0.00023872622442828068, 3.1409638451391215, 3.141377391980793, -4.197808694317419e-05, -0.00025789554073516114, -0.00033915894103123676, -0.000457426765104959, -0.00045134683208677994, 3.570798293665529, 4.711840632192256, 1.5709428759503852, 4.712233012312579, 1.5708018157451538, 3.141416058423563, 1.5706377217917291, 3.147726040067885, -0.0024548660789325744, 4.7113112180126, 4.71200106232184, 1.5707942278560176, 1.570875251857504, 4.712227108056496, 3.1412176608943634, 1.5702008929347682, 4.71220452938274, 1.5707402993731743, 6.76645645145154e-05, 4.709448509944968, 1.5692326013227564, -0.00021367124252169096, 3.141661862714816, 4.7120655884274525, -0.000397850503657784]",0.0
502,1.127233307600711,"[4.711852656143514, 1.570365471985709, -0.0006280043471377663, 3.141588614916529, -0.0005419930330880576, 3.1409415475007205, 3.1411948025966963, -0.0002387314638850142, 3.140963843339827, 3.1413773994267804, -4.197684002351753e-05, -0.00025789121299246286, -0.0003391553212320335, -0.00045743400381072815, -0.00045134745139549385, 3.570798298696978, 4.7118406324976885, 1.570942872231883, 4.712233018929921, 1.570801814474014, 3.141416051080629, 1.5706377192827115, 3.147726039247201, -0.002454870020749909, 4.711311210153771, 4.712001062396424, 1.5707942255914018, 1.5708752508314534, 4.712227108988531, 3.141217646814436, 1.5702008800542462, 4.712204529277245, 1.5707402983964738, 6.765683129852609e-05, 4.709448517775066, 1.569232596438031, -0.0002136709476303304, 3.1416618707111827, 4.712065586133404, -0.0003978497297602723]",0.0
503,1.129172789297892,"[4.711852657763468, 1.5703654764906922, -0.0006280044926504354, 3.141588608290334, -0.0005419946808273766, 3.140941541468947, 3.141194814714624, -0.00023872702179644672, 3.1409638417073786, 3.1413774009595516, -4.1981603349676925e-05, -0.00025789982858738633, -0.00033915033347025995, -0.0004574268579477076, -0.0004513466510678673, 3.5707982951889314, 4.711840633017697, 1.5709428766157605, 4.712233014265777, 1.5708018169865858, 3.1414160557096134, 1.570637721362537, 3.1477260441170096, -0.0024548665124413975, 4.711311216007007, 4.712001062502306, 1.5707942254313103, 1.570875252438025, 4.712227107495834, 3.1412176560864036, 1.5702008927902098, 4.712204526173769, 1.5707402967660802, 6.766077926895588e-05, 4.7094485137528945, 1.569232598313472, -0.0002136717218470963, 3.141661860326414, 4.71206559512254, -0.00039784606223614445]",0.0
504,1.1280590275311941,"[4.711852655880856, 1.5703654784106145, -0.0006280030767369181, 3.1415886058543334, -0.0005419957425223002, 3.140941537311671, 3.141194803648316, -0.00023872910660908422, 3.140963833958592, 3.1413773952892208, -4.1980560324379e-05, -0.000257887968308325, -0.00033915494189708093, -0.0004574259155191774, -0.0004513481849524677, 3.5707982940801224, 4.711840630877125, 1.5709428621003974, 4.712233010251758, 1.570801808407332, 3.1414160520767562, 1.5706377236098934, 3.1477260370914335, -0.0024548743557941673, 4.711311220742536, 4.712001063569644, 1.5707942267717194, 1.5708752579976095, 4.712227114331974, 3.1412176542159136, 1.5702008997354642, 4.712204527544579, 1.5707402909916937, 6.766394714202085e-05, 4.709448510817103, 1.5692325893941932, -0.00021366767193984904, 3.1416618600487314, 4.712065595033091, -0.00039784381895578024]",0.0
505,1.1296912646030792,"[4.711852657060061, 1.5703654790726944, -0.0006279998727974408, 3.1415886044838515, -0.0005419978336730126, 3.140941537671053, 3.1411948106876366, -0.0002387245305437496, 3.1409638428559807, 3.1413773939845995, -4.198252783245707e-05, -0.0002578995798126008, -0.0003391589382759079, -0.0004574282915888712, -0.0004513421791728655, 3.570798294488707, 4.711840632429575, 1.5709428733677029, 4.712233014930676, 1.5708018190180244, 3.1414160525311146, 1.5706377198819188, 3.147726044939927, -0.002454870290936879, 4.711311213293832, 4.712001062549731, 1.570794226433987, 1.5708752546349516, 4.712227110655364, 3.141217657255468, 1.5702008868534698, 4.712204530051625, 1.5707402931584573, 6.766554083101845e-05, 4.70944851340352, 1.5692325959314417, -0.0002136691844376963, 3.1416618654733526, 4.71206559412718, -0.000397849789293022]",0.0
506,1.1295568450795122,"[4.711852658149842, 1.5703654809834267, -0.0006280001113033989, 3.1415886081481212, -0.0005419970755145623, 3.140941538124009, 3.1411948078147995, -0.00023872324853963176, 3.1409638400092823, 3.1413773959632856, -4.198240710410764e-05, -0.00025789178546234626, -0.0003391506572235643, -0.0004574227370364047, -0.0004513457082690611, 3.5707982938545006, 4.711840627243732, 1.5709428748216572, 4.712233013143555, 1.5708018163462687, 3.1414160602015535, 1.5706377156489064, 3.147726046826544, -0.0024548634533301645, 4.711311214770636, 4.712001060516156, 1.5707942178514804, 1.5708752442258105, 4.71222710991142, 3.141217659423779, 1.570200888956042, 4.712204539100936, 1.570740291561711, 6.766088103614677e-05, 4.709448506755382, 1.5692325894302828, -0.0002136824801479543, 3.14166186727119, 4.712065584107382, -0.00039783953172771875]",0.0
507,1.1302289426973473,"[4.711852654055988, 1.5703654725056513, -0.0006279990600596519, 3.1415886047348303, -0.0005419925539864723, 3.1409415425530525, 3.141194810762871, -0.00023872684248094309, 3.1409638438933887, 3.1413773969219774, -4.197873738578205e-05, -0.0002578951893846429, -0.00033915723487793186, -0.00045743236330426695, -0.00045134581899397363, 3.5707982916019283, 4.711840631246579, 1.5709428744232863, 4.7122330122720255, 1.5708018160035337, 3.141416053701931, 1.570637717414785, 3.147726043948198, -0.002454870624338513, 4.711311214298016, 4.712001058765175, 1.5707942226837324, 1.5708752564999677, 4.712227110341436, 3.141217658671437, 1.570200890482985, 4.712204531674126, 1.570740296874936, 6.766192525362857e-05, 4.709448510030114, 1.5692325964982692, -0.00021367627509756955, 3.14166185651622, 4.712065592723609, -0.0003978489664275891]",0.0
508,1.1285390972582192,"[4.71185265838933, 1.5703654848162947, -0.0006280013233472331, 3.1415886075580186, -0.0005419951176039474, 3.1409415396332085, 3.1411948088229953, -0.00023872521305199577, 3.1409638408507226, 3.141377402075418, -4.198221048959756e-05, -0.00025789710953452955, -0.0003391513694926993, -0.0004574222135886721, -0.00045133590807267643, 3.5707983012490874, 4.711840635848632, 1.5709428655343596, 4.712233015962926, 1.570801815118139, 3.141416054690314, 1.570637718200938, 3.147726043359662, -0.0024548757924709105, 4.711311217920562, 4.712001059132085, 1.57079423121284, 1.5708752620571826, 4.712227098564736, 3.141217659279047, 1.5702008889623, 4.712204533746591, 1.5707403035148828, 6.76589302731867e-05, 4.709448510346517, 1.569232597859263, -0.0002136787991807654, 3.1416618584082783, 4.712065583962626, -0.0003978541612328267]",0.0
509,1.1276365661714118,"[4.711852655114765, 1.5703654794441668, -0.0006280024526913963, 3.1415886001652362, -0.0005419964710704864, 3.1409415433819334, 3.1411948111276966, -0.00023873105972904674, 3.1409638435819316, 3.1413773986358136, -4.198368694208014e-05, -0.0002578957352132608, -0.0003391540143025426, -0.00045742906163166453, -0.0004513432931823038, 3.570798287499046, 4.711840631007979, 1.57094287287068, 4.712233015143101, 1.5708018128129873, 3.1414160539627547, 1.570637724437263, 3.147726046785027, -0.002454868087994729, 4.71131121722026, 4.712001059924833, 1.5707942235375931, 1.5708752543751456, 4.712227109114316, 3.141217655189543, 1.57020089165882, 4.712204530180756, 1.570740298912837, 6.766303898793607e-05, 4.709448512143078, 1.5692325978160258, -0.00021367270111235178, 3.1416618662181617, 4.71206558825204, -0.0003978497103614926]",0.0
510,1.1286351112036241,"[4.711852654809284, 1.5703654750087164, -0.0006280139646640898, 3.14158860013152, -0.0005420041229339417, 3.1409415350790257, 3.1411948011471917, -0.0002387324387991739, 3.1409638417159518, 3.1413774027487227, -4.197893070962999e-05, -0.00025790064647811814, -0.00033915750059372324, -0.00045743528583233, -0.00045134718942419166, 3.5707982991628455, 4.711840631129782, 1.5709428765203233, 4.712233018578161, 1.5708018181830932, 3.141416051540664, 1.5706377146676436, 3.147726041749017, -0.002454863383718915, 4.711311223573497, 4.712001056167449, 1.5707942268708341, 1.5708752520658198, 4.71222710479193, 3.1412176567161882, 1.5702008931779348, 4.712204535986601, 1.570740301442399, 6.766780538014697e-05, 4.709448506740294, 1.569232592617677, -0.00021367365215796617, 3.1416618639543064, 4.712065596189819, -0.00039785028360597924]",0.0
511,1.128846341883515,"[4.711852653217381, 1.570365480005445, -0.0006280040220879389, 3.1415886025499304, -0.0005419905875326294, 3.140941541853535, 3.1411948125451175, -0.00023872642133667, 3.140963840773377, 3.1413773980762922, -4.198338910866389e-05, -0.00025789875400377646, -0.00033915611953277687, -0.0004574300797455551, -0.0004513429009912372, 3.5707982992377425, 4.711840626355861, 1.570942871797518, 4.712233012731951, 1.5708018139565068, 3.1414160592608606, 1.5706377212491536, 3.147726041241641, -0.002454869423868159, 4.711311216658845, 4.7120010596928426, 1.5707942209868169, 1.5708752534801702, 4.712227108108583, 3.1412176548326767, 1.5702008890769161, 4.712204532887137, 1.5707402959526957, 6.76647175840805e-05, 4.709448507835018, 1.5692326000128984, -0.00021367041811126168, 3.141661862696225, 4.712065594057589, -0.00039784872485646854]",0.0
512,1.128884747461677,"[4.711852656837964, 1.5703654719206308, -0.0006280051696178154, 3.141588614827065, -0.0005419905112865752, 3.1409415467253243, 3.1411948036506367, -0.00023873172051258932, 3.140963843461238, 3.1413774002048127, -4.1977311011451735e-05, -0.0002578884234097225, -0.00033915612849353706, -0.00045743350253599414, -0.0004513450783308529, 3.570798299381485, 4.711840632629714, 1.5709428725545227, 4.712233017224294, 1.570801814874268, 3.1414160531427937, 1.5706377212604077, 3.147726036403275, -0.0024548685411879207, 4.7113112110747934, 4.712001062568536, 1.5707942257530227, 1.570875249240434, 4.712227108801554, 3.1412176446441866, 1.5702008807470156, 4.7122045300338575, 1.5707403001033111, 6.765874116996837e-05, 4.709448515367779, 1.5692325962995095, -0.00021366903296780475, 3.1416618717172278, 4.71206558519309, -0.00039785186432434025]",0.0
513,1.1298448869157274,"[4.711852652173513, 1.5703654804768967, -0.0006280056023625732, 3.1415886110677445, -0.0005419915370997052, 3.1409415388844777, 3.1411948112064074, -0.00023872734189637316, 3.14096384207304, 3.1413773968560386, -4.1982773106373515e-05, -0.00025789719277000746, -0.0003391551966547395, -0.000457428401247057, -0.00045134575289961345, 3.57079829222003, 4.71184063402376, 1.5709428729750021, 4.712233012276921, 1.5708018187091528, 3.1414160548937184, 1.5706377251451904, 3.147726044355602, -0.002454867769352143, 4.7113112176958385, 4.712001058486576, 1.5707942264472206, 1.5708752518175937, 4.7122271126993995, 3.1412176542188344, 1.5702008880067735, 4.712204530189912, 1.5707402989484216, 6.76664321666656e-05, 4.709448506831135, 1.5692325932194964, -0.00021367430681059656, 3.1416618606542506, 4.712065590959245, -0.00039785327706517466]",0.0
514,1.1297104673921603,"[4.7118526552630975, 1.5703654759071102, -0.0006280025214554706, 3.1415886044038883, -0.0005419950273061363, 3.1409415397110716, 3.1411948109133303, -0.0002387273909502516, 3.140963843473995, 3.1413773984136535, -4.198288014105064e-05, -0.0002578937871284496, -0.0003391543531627204, -0.00045742781101537817, -0.0004513430680696884, 3.570798295074423, 4.711840632335833, 1.5709428732186488, 4.71223301500292, 1.5708018172419798, 3.141416056017638, 1.570637720038577, 3.147726040904663, -0.0024548678451085286, 4.711311214951992, 4.712001063176994, 1.5707942243477155, 1.5708752539911992, 4.712227110601875, 3.141217656426917, 1.5702008903862361, 4.712204528279465, 1.5707402987691694, 6.766392878104333e-05, 4.709448507150854, 1.5692325966167602, -0.00021367353925314558, 3.141661863956627, 4.712065592197713, -0.00039785046746923194]",0.0
515,1.1278285940622221,"[4.711852656636584, 1.5703654746188975, -0.0006280012003427167, 3.141588606812451, -0.0005419950369277126, 3.140941539093442, 3.141194814383178, -0.00023872154585651378, 3.1409638410363705, 3.1413774030478807, -4.1982080011458395e-05, -0.00025789515315613974, -0.00033915997462154786, -0.0004574295812912, -0.00045134461598038894, 3.5707982932468987, 4.7118406307436205, 1.570942872336525, 4.7122330073761045, 1.5708018153516907, 3.1414160532429554, 1.5706377231201982, 3.1477260420679833, -0.0024548665483806733, 4.7113112158853205, 4.71200106179962, 1.5707942255863712, 1.5708752540320896, 4.712227105842855, 3.1412176551999678, 1.5702008928241158, 4.71220453297168, 1.5707403016753942, 6.766342765180548e-05, 4.709448510070709, 1.569232594383896, -0.00021367290193813175, 3.1416618681840136, 4.712065592456577, -0.00039784982124316205]",0.0
516,1.128097433109356,"[4.711852657856055, 1.570365476863888, -0.0006280019789411711, 3.1415886069025207, -0.0005419954979675673, 3.1409415390622466, 3.1411948113098096, -0.00023872806536011544, 3.1409638428713333, 3.141377398612208, -4.198186129805946e-05, -0.00025789573722584006, -0.00033915658940636184, -0.00045743156759035954, -0.0004513411472950245, 3.5707982946408374, 4.711840633050948, 1.570942873279611, 4.712233013287125, 1.5708018160184565, 3.1414160546079057, 1.5706377230845976, 3.1477260419069637, -0.0024548674571497975, 4.7113112159274015, 4.712001060794887, 1.5707942256342737, 1.5708752523506297, 4.712227109670181, 3.141217656069282, 1.5702008910250937, 4.7122045314026675, 1.5707402968438595, 6.766219425810415e-05, 4.70944850712852, 1.5692325980282473, -0.0002136717049027742, 3.1416618619848835, 4.712065590387677, -0.00039784753267121665]",0.0
517,1.129583511552756,"[4.711852661866443, 1.5703654756101033, -0.0006280077333685807, 3.141588602151362, -0.0005419944051135748, 3.1409415442720374, 3.141194811442745, -0.0002387254113006274, 3.140963845366408, 3.1413773950918475, -4.197969905134931e-05, -0.0002578939450714386, -0.0003391548954257676, -0.0004574281485284038, -0.00045133852453065716, 3.570798296112384, 4.711840633126634, 1.570942874556369, 4.712233010941662, 1.5708018165759097, 3.141416055424098, 1.5706377259085458, 3.1477260420266404, -0.002454868345974663, 4.711311216449848, 4.712001061443046, 1.5707942246446938, 1.5708752541638915, 4.712227109131096, 3.1412176530597242, 1.5702008900675415, 4.71220453270992, 1.570740296889293, 6.766488912041426e-05, 4.709448511356967, 1.569232592523269, -0.00021367656897213017, 3.1416618620139576, 4.7120655946886885, -0.0003978491717919482]",0.0
518,1.1293264116105401,"[4.711852656448512, 1.570365476267696, -0.0006280030080476626, 3.141588606773164, -0.000541992863843562, 3.1409415420964972, 3.1411948124313023, -0.00023872963947536938, 3.140963843681664, 3.141377399278821, -4.198328708313046e-05, -0.0002578947566497416, -0.00033915663385093015, -0.00045742730499940843, -0.0004513431255154919, 3.5707982948022092, 4.711840632462443, 1.570942873757024, 4.7122330133248544, 1.570801817026406, 3.141416053183121, 1.5706377206432245, 3.147726040619875, -0.0024548678433614596, 4.711311216696344, 4.712001060796282, 1.5707942252860834, 1.5708752535538206, 4.712227108150772, 3.14121765773016, 1.570200891186787, 4.7122045322551775, 1.570740295387797, 6.766655630888217e-05, 4.709448510363966, 1.569232596161354, -0.00021367278549669328, 3.14166186377523, 4.712065591018471, -0.0003978490435292302]",0.0
519,1.128884747461677,"[4.711852653995318, 1.5703654755340306, -0.0006280011065211261, 3.1415886056114672, -0.0005419962451103847, 3.1409415374590965, 3.141194808665899, -0.00023872756919599298, 3.140963847322053, 3.141377400853081, -4.198188756472788e-05, -0.00025789414590342605, -0.0003391527032194021, -0.0004574304493759035, -0.00045134078325486326, 3.570798292677877, 4.711840631049713, 1.5709428736459015, 4.7122330084906325, 1.5708018165532438, 3.1414160617445925, 1.570637720537796, 3.147726041997186, -0.0024548688507218704, 4.711311215413274, 4.712001058847705, 1.5707942280928056, 1.570875251124348, 4.7122271055529215, 3.1412176536729373, 1.5702008926903983, 4.712204529974404, 1.570740292558253, 6.766500548436925e-05, 4.709448512344151, 1.5692325953319117, -0.00021367105062214482, 3.1416618624800625, 4.71206559105547, -0.00039785308352423336]",0.0
520,1.129268803243297,"[4.711852656009519, 1.5703654774375027, -0.0006280010564470972, 3.1415886040613112, -0.0005419944249195635, 3.1409415396067364, 3.1411948108589356, -0.00023872654411105204, 3.1409638433853906, 3.1413774003266313, -4.198166260500912e-05, -0.0002578947688476752, -0.0003391572429747737, -0.00045742692071468205, -0.00045134317061891265, 3.5707982942256082, 4.711840632185743, 1.570942874695164, 4.7122330148671505, 1.5708018147407106, 3.141416055251271, 1.5706377229633226, 3.147726039522781, -0.0024548668333840545, 4.71131121683449, 4.712001059569505, 1.5707942251539073, 1.570875251649139, 4.712227109043144, 3.1412176564030436, 1.5702008886398648, 4.7122045308491, 1.5707402970635842, 6.766213680230838e-05, 4.709448510951884, 1.5692325946223853, -0.00021367235620359438, 3.1416618612536644, 4.7120655926427455, -0.0003978504792387726]",0.0
521,1.1281742442656801,"[4.711852657751361, 1.5703654743891082, -0.0006280006601208513, 3.14158860427, -0.000541993456556864, 3.140941539095589, 3.1411948129184952, -0.00023872984826086866, 3.1409638451147184, 3.1413773994957572, -4.197848625880954e-05, -0.0002578948952247878, -0.0003391561775570765, -0.0004574243150603318, -0.0004513456889141069, 3.5707982960401714, 4.711840632122846, 1.5709428744969005, 4.712233014869313, 1.5708018133010528, 3.1414160559669595, 1.5706377215198501, 3.1477260483939613, -0.0024548693597953378, 4.711311214272522, 4.712001063446271, 1.570794227059526, 1.570875252963747, 4.71222710706144, 3.1412176519020285, 1.570200890333884, 4.712204534595374, 1.570740298187501, 6.766572100575065e-05, 4.709448505045265, 1.5692325935667495, -0.0002136676530974915, 3.1416618609790947, 4.712065591363698, -0.00039784955607772166]",0.0
522,1.129384019977783,"[4.711852658097995, 1.5703654766987247, -0.0006280027389107422, 3.1415886070187033, -0.0005419937191156252, 3.140941538644157, 3.1411948090772843, -0.00023872749233882994, 3.140963844754485, 3.1413773980801203, -4.198170046885026e-05, -0.0002578968228054213, -0.0003391548092816644, -0.0004574275606818381, -0.0004513429099929929, 3.5707982916813563, 4.711840629495533, 1.5709428734612902, 4.7122330132449495, 1.5708018173611566, 3.1414160543984027, 1.570637721899713, 3.1477260402493825, -0.0024548681123288843, 4.711311215950658, 4.712001062646031, 1.5707942225481366, 1.5708752539990367, 4.712227107347113, 3.1412176551537585, 1.5702008905430351, 4.712204532072965, 1.5707402983858254, 6.766379708913345e-05, 4.709448509555672, 1.569232596049024, -0.00021367129580068247, 3.1416618618140726, 4.712065591887732, -0.000397850117221285]",0.0
523,1.128673516781786,"[4.711852658680119, 1.5703654766066446, -0.0006280028165209832, 3.141588606034163, -0.0005419953405554135, 3.1409415440541197, 3.1411948132191423, -0.0002387267037647613, 3.140963838596239, 3.141377398803955, -4.1981485703471485e-05, -0.0002578975087914928, -0.00033915940021503164, -0.00045742855246278153, -0.00045133989711996115, 3.5707982911386704, 4.711840629686943, 1.5709428774639755, 4.71223301397569, 1.5708018174124132, 3.141416057983487, 1.5706377164322491, 3.147726040818434, -0.0024548707782527227, 4.7113112208212655, 4.7120010619998896, 1.5707942261138241, 1.5708752530567434, 4.712227109195264, 3.141217652114633, 1.5702008914287053, 4.712204527800612, 1.5707402968892834, 6.766298739330937e-05, 4.709448507475521, 1.5692325922398167, -0.00021367073030787286, 3.141661862203222, 4.712065587876098, -0.0003978505724337851]",0.0
524,1.128385474945571,"[4.7118526563764, 1.5703654771767768, -0.0006280043401571154, 3.1415886054605346, -0.0005419937256131275, 3.1409415408298598, 3.141194811392264, -0.0002387274039622227, 3.1409638420528525, 3.1413773976596384, -4.198273160823152e-05, -0.0002578932496966997, -0.00033915604513770804, -0.0004574280167967654, -0.0004513433218865945, 3.570798292552833, 4.711840631205935, 1.5709428739158933, 4.7122330138083335, 1.5708018182963175, 3.1414160561121096, 1.5706377204995179, 3.147726042358839, -0.0024548671214069625, 4.711311215280724, 4.712001060732281, 1.5707942275285036, 1.5708752541822995, 4.712227108683858, 3.141217655513918, 1.5702008911127328, 4.712204533734554, 1.5707402966021595, 6.766030130165722e-05, 4.709448509178552, 1.569232596512453, -0.0002136711214609544, 3.1416618630793067, 4.712065593409038, -0.0003978507611149395]",0.0
525,1.1307474180025343,"[4.711852655386012, 1.5703654756343313, -0.0006280031404725413, 3.141588603571364, -0.0005419928608203819, 3.1409415448092624, 3.1411948054663994, -0.00023872380770996788, 3.1409638418905126, 3.141377400899882, -4.198230431631975e-05, -0.00025789606707902097, -0.00033915741491655167, -0.0004574260621446753, -0.0004513408294862551, 3.570798295189394, 4.7118406349146005, 1.570942871636621, 4.712233012758364, 1.570801820547659, 3.1414160544207936, 1.5706377214361062, 3.147726044892671, -0.002454868359188224, 4.7113112142493145, 4.712001060746335, 1.5707942224277245, 1.570875247862186, 4.712227110165656, 3.1412176566728016, 1.5702008953437303, 4.712204531393465, 1.5707402989732655, 6.766364879103715e-05, 4.709448510247236, 1.5692325966163718, -0.0002136680442503349, 3.14166186075317, 4.712065590087572, -0.0003978505216453433]",0.0
526,1.1284121414188149,"[4.711852657357837, 1.5703654780059078, -0.0006280017899730977, 3.1415886056825006, -0.0005419936212078039, 3.140941541579762, 3.1411948106724705, -0.0002387260276867704, 3.1409638434289926, 3.141377400514273, -4.197965640446148e-05, -0.0002578943070695775, -0.0003391549835277904, -0.00045743031100834174, -0.00045134294353814413, 3.570798293939497, 4.711840631719349, 1.5709428722887093, 4.7122330138939015, 1.5708018175448275, 3.14141605690525, 1.5706377209116877, 3.147726043040843, -0.002454865119107307, 4.711311218119474, 4.712001062711935, 1.5707942254075002, 1.570875255164706, 4.712227110023335, 3.1412176567028456, 1.5702008894346864, 4.712204531553135, 1.5707402972384086, 6.766516193219385e-05, 4.709448510388188, 1.5692325952936574, -0.0002136706652159221, 3.1416618623131614, 4.712065591285734, -0.0003978495378144334]",0.0
527,1.1312274877295594,"[4.711852659534647, 1.5703654743298776, -0.0006280059521568601, 3.1415886018548096, -0.0005419910266098786, 3.140941537145422, 3.1411948114484516, -0.0002387290633856425, 3.1409638367422428, 3.1413773992572662, -4.198296972455073e-05, -0.0002578941089460294, -0.000339153913221726, -0.00045743138569583096, -0.0004513434385556706, 3.5707982931902187, 4.711840632845096, 1.5709428743184966, 4.712233011063892, 1.5708018169148765, 3.1414160560021536, 1.5706377225716976, 3.147726043057274, -0.0024548685595226307, 4.711311212950754, 4.71200106129004, 1.5707942239412043, 1.5708752530293777, 4.712227105356295, 3.1412176607607583, 1.570200886263417, 4.712204529005272, 1.570740296867922, 6.766403555119916e-05, 4.709448509727816, 1.5692325924617336, -0.00021366927635161202, 3.1416618619410697, 4.712065588621572, -0.0003978508996842236]",0.0
528,1.129172789297892,"[4.711852658850612, 1.5703654778126006, -0.000628002301472126, 3.1415886048707096, -0.0005419965419930151, 3.1409415409175065, 3.1411948115277393, -0.00023872732735945494, 3.140963842236458, 3.1413773993692153, -4.198029939197462e-05, -0.0002578934471662554, -0.00033915570059203464, -0.00045742753115672326, -0.0004513451937298311, 3.570798294998738, 4.711840630759516, 1.570942873612909, 4.712233011611963, 1.5708018187218902, 3.141416054172815, 1.5706377215762168, 3.147726042152197, -0.0024548678471359637, 4.7113112159284825, 4.712001058747028, 1.5707942237245216, 1.5708752535725465, 4.712227108597272, 3.1412176546116526, 1.570200889956176, 4.7122045298061765, 1.5707402960945187, 6.766413961294765e-05, 4.709448508534372, 1.5692325976548105, -0.00021367177770753335, 3.1416618621550363, 4.712065590759895, -0.00039785158769092306]",0.0
529,1.129633656235836,"[4.7118526591067615, 1.570365477633985, -0.000628006997858282, 3.141588604962619, -0.0005419930011517937, 3.140941535527109, 3.1411948166339547, -0.00023872627062374732, 3.1409638437997356, 3.1413773994413106, -4.198064447070842e-05, -0.0002578939188620674, -0.0003391580089257999, -0.00045742992826515433, -0.0004513423978959771, 3.5707982930776, 4.711840631744256, 1.5709428685481435, 4.712233016829884, 1.5708018148609413, 3.141416055029346, 1.5706377169027848, 3.1477260425198375, -0.0024548670205928737, 4.711311213774443, 4.712001060816625, 1.5707942232147731, 1.570875250260399, 4.712227110847568, 3.1412176528652833, 1.5702008933643643, 4.712204531326102, 1.570740297169914, 6.766484664544031e-05, 4.709448513634006, 1.5692325965990153, -0.0002136734194175575, 3.1416618604000828, 4.712065589575364, -0.0003978521414980283]",0.0
530,1.1301521315410232,"[4.711852656491135, 1.5703654773292715, -0.0006280023793821172, 3.141588605581664, -0.0005419941573203462, 3.1409415389863717, 3.141194809189213, -0.0002387277898900897, 3.1409638399845368, 3.1413773971485286, -4.198080131229307e-05, -0.000257893109172509, -0.0003391551567613752, -0.00045742796684031045, -0.0004513441630645759, 3.5707982944673966, 4.711840632126362, 1.5709428716497913, 4.712233012196547, 1.57080181450536, 3.1414160547176313, 1.5706377214041278, 3.147726041000446, -0.002454869413370983, 4.711311217563533, 4.712001061323874, 1.5707942255619411, 1.570875254225621, 4.712227109965958, 3.14121765462182, 1.5702008932396623, 4.71220453028589, 1.5707402966362838, 6.766406164494789e-05, 4.709448510776467, 1.569232594583711, -0.00021367087447317964, 3.141661862390971, 4.712065592293598, -0.0003978480981792753]",0.0
531,1.1283929386297338,"[4.711852656926088, 1.5703654772732716, -0.000628000763380467, 3.141588605552006, -0.0005419932367667728, 3.1409415404486136, 3.1411948124215456, -0.0002387273901262001, 3.1409638422411894, 3.1413773979136606, -4.1981993764489336e-05, -0.0002578943898945057, -0.00033915542372117794, -0.00045742804979326674, -0.00045134255270179945, 3.5707982939603156, 4.711840632214061, 1.5709428737562, 4.712233012452412, 1.5708018172054303, 3.1414160561932807, 1.5706377219028276, 3.1477260416565693, -0.0024548682493871427, 4.711311215083517, 4.712001061652317, 1.5707942247060611, 1.5708752532276005, 4.712227109392583, 3.141217654932109, 1.5702008907093736, 4.71220453119259, 1.5707402977682894, 6.766378255969035e-05, 4.709448510670521, 1.569232596067155, -0.00021367179684834205, 3.141661862174018, 4.712065590796945, -0.00039784982003129323]",0.0
532,1.12951843950135,"[4.711852656113293, 1.5703654771800926, -0.0006280022473285172, 3.1415886038500807, -0.0005419961426560279, 3.140941538998453, 3.1411948104686824, -0.00023872962101214335, 3.1409638413732295, 3.1413773982792126, -4.198128261498286e-05, -0.0002578963087161089, -0.000339155587112278, -0.00045743052643834473, -0.0004513436734766366, 3.5707982958561515, 4.711840632522988, 1.5709428757269654, 4.712233013616316, 1.5708018186472326, 3.141416055802167, 1.5706377200366608, 3.147726041520749, -0.002454866839019469, 4.711311216499498, 4.712001060391573, 1.5707942252752958, 1.570875252825208, 4.712227108318343, 3.1412176542781722, 1.5702008914867562, 4.71220453361381, 1.570740300505639, 6.766509865620568e-05, 4.709448511340296, 1.5692325953433077, -0.00021367267561427745, 3.141661862521316, 4.712065591615358, -0.0003978497297209083]",0.0
533,1.129480033923188,"[4.711852655905735, 1.5703654767855364, -0.0006280025283478259, 3.141588605729293, -0.0005419948084598501, 3.1409415403704632, 3.1411948108584813, -0.00023872713612863575, 3.140963841198513, 3.1413773978286117, -4.198017676137889e-05, -0.00025789536598575316, -0.00033915552566731605, -0.0004574277961207007, -0.00045134251564969376, 3.5707982937331946, 4.711840631937468, 1.5709428736041415, 4.712233013323788, 1.5708018162566408, 3.141416055768836, 1.5706377209777047, 3.1477260419714557, -0.002454866439044636, 4.711311214962836, 4.712001061191769, 1.570794224675713, 1.5708752527877572, 4.712227108020195, 3.1412176554006144, 1.570200890691954, 4.712204531498762, 1.5707402967709745, 6.766432944670251e-05, 4.709448509639903, 1.5692325957701545, -0.00021367288694196845, 3.1416618627847694, 4.712065590926795, -0.0003978495798157497]",0.0
534,1.129307208821459,"[4.711852658111556, 1.5703654778598448, -0.0006280020275760224, 3.1415886059529297, -0.0005419935270579337, 3.1409415388054476, 3.1411948102397287, -0.00023872586310609472, 3.140963843413066, 3.14137739805082, -4.198260002883129e-05, -0.0002578937241023722, -0.0003391544089276623, -0.0004574279070708599, -0.00045134384440554244, 3.57079829483564, 4.711840631189074, 1.5709428751459356, 4.712233012792839, 1.5708018167236186, 3.1414160562329485, 1.570637719193, 3.1477260441529227, -0.0024548684647391697, 4.71131121732631, 4.71200106010318, 1.5707942235888055, 1.570875250920353, 4.712227109532814, 3.1412176561643994, 1.5702008900126185, 4.712204532533066, 1.5707402972224507, 6.766272037833991e-05, 4.709448509855276, 1.5692325947193264, -0.00021367369231479238, 3.1416618645835297, 4.712065590005994, -0.0003978474161354595]",0.0
535,1.1285775028363811,"[4.711852657049326, 1.5703654766867379, -0.0006280021927141572, 3.1415886058932445, -0.0005419942900844494, 3.1409415404715753, 3.141194810715237, -0.00023872747669820502, 3.1409638427187443, 3.1413773972476706, -4.198293924379704e-05, -0.00025789485059925915, -0.0003391559857514741, -0.000457428919275263, -0.00045134307495524177, 3.570798295179797, 4.711840632154821, 1.5709428738829778, 4.712233012613209, 1.5708018156060617, 3.1414160551372263, 1.570637720464139, 3.147726042761669, -0.002454866308924507, 4.711311216411171, 4.712001061246215, 1.570794224401943, 1.5708752532985488, 4.7122271082871485, 3.1412176551249926, 1.570200890792186, 4.7122045307159794, 1.5707402976451792, 6.766346295977081e-05, 4.709448510210889, 1.569232595459265, -0.00021367168010128632, 3.141661862154455, 4.712065591276654, -0.0003978509873895941]",0.0
536,1.1288655446725961,"[4.71185265634736, 1.5703654755597107, -0.0006280032739537908, 3.1415886070878085, -0.000541992134291761, 3.140941541217821, 3.1411948097012496, -0.00023872756911761376, 3.1409638430561, 3.1413773986452824, -4.197929256398216e-05, -0.00025789416354002136, -0.00033915578624926573, -0.00045743004524137184, -0.0004513429514545715, 3.5707982950531045, 4.711840632507039, 1.5709428745376093, 4.712233014117616, 1.5708018159769275, 3.141416054599899, 1.5706377207581301, 3.1477260416099653, -0.0024548692839639528, 4.711311215451198, 4.712001060327593, 1.5707942256390415, 1.5708752527921022, 4.712227108468885, 3.1412176530112337, 1.570200888215139, 4.7122045301899735, 1.5707402987222865, 6.76630105096886e-05, 4.709448511705458, 1.5692325975952246, -0.0002136709805192046, 3.141661865350705, 4.712065590750238, -0.00039785020390118076]",0.0
537,1.1297296701812412,"[4.711852657876464, 1.5703654778560865, -0.0006280020196500852, 3.1415886055981885, -0.0005419939941857287, 3.140941540939427, 3.141194811090442, -0.0002387270994100603, 3.140963842529628, 3.1413773983268345, -4.1981169969995466e-05, -0.0002578954045648265, -0.0003391546571923314, -0.00045742928459149677, -0.0004513432129833214, 3.570798293805372, 4.711840632495005, 1.5709428739967115, 4.712233013194624, 1.570801815623612, 3.1414160553950987, 1.5706377203082453, 3.1477260414161767, -0.002454868306201369, 4.711311215101828, 4.7120010602454405, 1.5707942252111153, 1.5708752524433467, 4.712227108982956, 3.141217655986761, 1.5702008911970742, 4.712204531439235, 1.5707402980487635, 6.766442165105364e-05, 4.709448509333989, 1.5692325953955484, -0.00021367158594817658, 3.141661863248237, 4.712065592286751, -0.00039785067177126437]",0.0
538,1.1278669996403843,"[4.711852654818573, 1.5703654759836603, -0.0006280021077209749, 3.1415886034908658, -0.0005419935226732886, 3.1409415394355484, 3.141194813491841, -0.0002387262510482806, 3.140963843428215, 3.141377396822933, -4.198029724885316e-05, -0.0002578954032167158, -0.0003391528766991393, -0.0004574284688403909, -0.0004513416324357695, 3.570798294040258, 4.711840632678799, 1.5709428731108537, 4.712233012158498, 1.5708018176048284, 3.1414160525905803, 1.570637719952524, 3.147726041298964, -0.0024548671875399947, 4.711311218498519, 4.712001060136231, 1.5707942251371976, 1.5708752522786904, 4.712227108186295, 3.141217655044418, 1.5702008902266393, 4.712204531359704, 1.570740297681583, 6.766303469839262e-05, 4.709448509173127, 1.5692325956023732, -0.00021367015952918346, 3.1416618628497965, 4.71206559094938, -0.00039784973137834664]",0.0
539,1.130574592900805,"[4.711852656895509, 1.5703654759619188, -0.0006280024317104664, 3.1415886053909143, -0.0005419943350207239, 3.140941539944236, 3.1411948111504517, -0.00023872781219834094, 3.140963841758879, 3.141377398407403, -4.198130545253432e-05, -0.0002578944942748618, -0.0003391556807248203, -0.00045742870003732304, -0.00045134292461180425, 3.570798293383414, 4.711840632132994, 1.570942874312697, 4.712233012382382, 1.5708018163195476, 3.141416055448405, 1.5706377208950337, 3.1477260424004414, -0.0024548679148750398, 4.711311217122775, 4.71200106207177, 1.5707942244495132, 1.5708752515216011, 4.712227109641141, 3.1412176553934783, 1.570200890017719, 4.7122045316756855, 1.5707402973343503, 6.766449765755206e-05, 4.709448510137172, 1.5692325970282563, -0.0002136719343925733, 3.1416618627912207, 4.712065592698907, -0.00039785051733634466]",0.0
540,1.1311286475838116,"[4.711852657268931, 1.5703654780821477, -0.0006280022058899488, 3.141588605865388, -0.0005419944194793614, 3.140941539430613, 3.141194810615415, -0.00023872687749558794, 3.14096384150768, 3.141377399409202, -4.198136844349077e-05, -0.00025789535514543147, -0.00033915486301153744, -0.00045742690113856696, -0.00045134086634148515, 3.5707982952943684, 4.711840633300239, 1.5709428724131598, 4.712233013126884, 1.5708018160278359, 3.1414160553218835, 1.5706377201386936, 3.147726043240679, -0.002454870366619209, 4.711311217737297, 4.712001061254659, 1.5707942264502568, 1.5708752545467013, 4.712227106627797, 3.14121765660298, 1.5702008898265591, 4.712204532010616, 1.570740299093246, 6.766324955781868e-05, 4.709448510400744, 1.569232597754192, -0.00021367392771284854, 3.1416618614716643, 4.712065590779868, -0.00039785152168091603]",0.0
541,1.1305937956898862,"[4.7118526576465065, 1.5703654762133035, -0.0006280016797776522, 3.1415886045233146, -0.0005419930293355974, 3.1409415400223732, 3.1411948104571272, -0.00023872669426695345, 3.1409638421237607, 3.141377398232405, -4.1982345564290106e-05, -0.0002578954415898273, -0.00033915559271820405, -0.00045742884486214515, -0.0004513437968554756, 3.57079829361595, 4.71184063278111, 1.5709428730731632, 4.712233013757668, 1.5708018171006575, 3.141416055562259, 1.5706377209402944, 3.147726041922058, -0.0024548675194594337, 4.711311216542396, 4.712001060665913, 1.5707942256964809, 1.5708752528355447, 4.712227107920718, 3.1412176541146075, 1.570200890449617, 4.712204530959487, 1.5707402971397346, 6.76645150100529e-05, 4.709448509574036, 1.5692325964551173, -0.0002136727893894939, 3.1416618627087187, 4.712065591625111, -0.0003978494878421981]",0.0
542,1.1294608311341072,"[4.711852656891151, 1.570365475788974, -0.0006280016775612972, 3.141588606857113, -0.0005419941418165669, 3.140941539455687, 3.1411948122316344, -0.00023872785840134232, 3.140963842440963, 3.1413773970458854, -4.198085307174772e-05, -0.0002578934944921705, -0.0003391566525379985, -0.00045742841101649825, -0.00045134137065176174, 3.57079829378695, 4.711840632089666, 1.5709428732666928, 4.712233015194145, 1.5708018178326093, 3.1414160571923713, 1.5706377219719048, 3.1477260435205134, -0.002454868023684868, 4.711311217326121, 4.712001057908975, 1.5707942231184067, 1.5708752533426278, 4.712227106964984, 3.141217656492459, 1.570200891512072, 4.712204529829183, 1.57074029897544, 6.766467328729305e-05, 4.709448509995843, 1.5692325955134465, -0.00021367095089882285, 3.1416618635110534, 4.712065593632872, -0.00039784936995584204]",0.0
543,1.1298256841266463,"[4.71185265680627, 1.570365475789597, -0.0006280026928879516, 3.141588605548005, -0.000541994336891145, 3.1409415396869638, 3.1411948112564025, -0.00023872650176432996, 3.140963842274974, 3.1413773983375934, -4.198145141162133e-05, -0.0002578955115702641, -0.00033915520187583056, -0.00045742852533286685, -0.00045134352205281996, 3.5707982943926493, 4.711840633390236, 1.5709428744228722, 4.7122330137979676, 1.5708018163752813, 3.1414160561628597, 1.570637721546657, 3.147726041737573, -0.002454868296427036, 4.711311216660815, 4.712001060609989, 1.5707942238489285, 1.5708752541648467, 4.712227109332008, 3.1412176553676905, 1.5702008911989587, 4.7122045322089905, 1.5707402968060789, 6.766373397536331e-05, 4.709448510074189, 1.569232596116954, -0.00021367160512841986, 3.1416618632976303, 4.712065590670823, -0.0003978508327479859]",0.0
544,1.1298064813375652,"[4.711852656385596, 1.5703654794923543, -0.0006280020413594674, 3.141588604318001, -0.0005419912022352724, 3.1409415383751997, 3.1411948106909895, -0.0002387284027682725, 3.14096384279964, 3.1413773996024497, -4.197977872101779e-05, -0.0002578949780242836, -0.00033915689370915027, -0.0004574289947810803, -0.00045134176222203637, 3.5707982942743586, 4.711840633531817, 1.5709428761533748, 4.712233012428075, 1.5708018173241378, 3.1414160543870744, 1.5706377208093103, 3.147726043080535, -0.0024548672494739627, 4.7113112161935575, 4.712001061864239, 1.5707942234520902, 1.5708752542015694, 4.7122271081343845, 3.141217654686682, 1.5702008925357211, 4.7122045299933975, 1.5707402960687746, 6.766293175204781e-05, 4.709448509140029, 1.569232595764946, -0.00021367281086209048, 3.1416618637928018, 4.712065592571795, -0.00039785065899168587]",0.0
545,1.128212649843842,"[4.71185265586473, 1.570365478264123, -0.0006280042710626366, 3.14158860521696, -0.000541995037272397, 3.1409415397997673, 3.1411948110676087, -0.00023872593359241162, 3.1409638432983447, 3.1413773987877063, -4.198263516737694e-05, -0.0002578934533320061, -0.0003391564361618817, -0.00045742798941216363, -0.0004513426221378201, 3.5707982925350934, 4.711840634664043, 1.5709428755211052, 4.712233011804815, 1.5708018157058241, 3.141416055844989, 1.5706377193943546, 3.1477260416050226, -0.002454867719234212, 4.711311215376714, 4.712001060193667, 1.5707942240803128, 1.5708752545852454, 4.7122271081014455, 3.1412176543437247, 1.5702008893122559, 4.712204531080289, 1.5707402986165568, 6.766553200204566e-05, 4.709448509707224, 1.569232597061033, -0.00021367033292738318, 3.1416618613350398, 4.7120655916764, -0.0003978472803639866]",0.0
546,1.12683004903001,"[4.711852656875279, 1.570365476652283, -0.0006280032519862785, 3.141588606006122, -0.0005419941887122492, 3.140941540246239, 3.141194811985066, -0.00023872717263686254, 3.1409638424533113, 3.1413773991370246, -4.198138307062419e-05, -0.00025789619173381976, -0.0003391544724280676, -0.0004574282219835754, -0.0004513437836280048, 3.570798294574936, 4.71184063209708, 1.5709428746734035, 4.712233013203512, 1.5708018168135853, 3.1414160555156503, 1.5706377211566762, 3.1477260427550675, -0.0024548677327374756, 4.71131121609884, 4.712001061228599, 1.5707942252929987, 1.5708752529458205, 4.712227108459386, 3.14121765546107, 1.5702008913216736, 4.712204529786272, 1.5707402975952738, 6.766321417801578e-05, 4.709448511005507, 1.5692325962738871, -0.00021367188271712975, 3.1416618621580144, 4.7120655922380505, -0.0003978488347239374]",0.0
547,1.128673516781786,"[4.71185265652445, 1.5703654772808715, -0.00062800292957461, 3.141588605845412, -0.000541993555330019, 3.1409415400010907, 3.1411948112090795, -0.00023872718379187407, 3.1409638420620216, 3.141377398048726, -4.198141839945944e-05, -0.0002578952317655062, -0.0003391558487694189, -0.00045742842521935063, -0.0004513433520926803, 3.570798294106699, 4.7118406323129065, 1.5709428739137763, 4.7122330132913754, 1.5708018168665314, 3.141416054950791, 1.5706377214190888, 3.1477260424307936, -0.002454867846237574, 4.71131121637812, 4.712001060745982, 1.5707942248735736, 1.5708752531127683, 4.712227109323289, 3.141217655300289, 1.570200890312245, 4.712204531130598, 1.5707402981939713, 6.766412099386672e-05, 4.70944850960869, 1.5692325956732396, -0.0002136722071363203, 3.141661862531208, 4.712065591413031, -0.000397850002361266]",0.0
548,1.1278477968513032,"[4.711852655384497, 1.570365476720615, -0.0006280029327457115, 3.141588605699064, -0.0005419942125621844, 3.1409415392436246, 3.1411948106267014, -0.00023872736314608283, 3.1409638438845007, 3.1413773987085114, -4.1981655736167144e-05, -0.00025789510791577767, -0.00033915545023485857, -0.00045742910595453196, -0.00045134259224328515, 3.570798293983399, 4.711840631499368, 1.5709428739067401, 4.712233011908522, 1.5708018169159297, 3.1414160565289704, 1.570637721438866, 3.147726042494116, -0.0024548684311570808, 4.711311216028894, 4.712001060133787, 1.570794226203785, 1.5708752527773098, 4.712227108827643, 3.1412176551274085, 1.570200890980357, 4.712204530552434, 1.5707402969628725, 6.76646715743012e-05, 4.709448510062119, 1.5692325953581372, -0.0002136720896195073, 3.1416618625390065, 4.712065591015797, -0.00039785062036791936]",0.0
549,1.1300945231737802,"[4.711852656798456, 1.5703654767874942, -0.0006280028175731298, 3.141588605484132, -0.0005419940726919879, 3.140941539623215, 3.1411948114665273, -0.00023872732644689463, 3.140963842406717, 3.1413773990516485, -4.1981647807695436e-05, -0.0002578947905419826, -0.00033915553847212757, -0.0004574288431818078, -0.00045134251774284553, 3.5707982941651943, 4.711840632006748, 1.570942873318236, 4.712233013547981, 1.5708018166367916, 3.141416055103293, 1.5706377205551252, 3.1477260423314752, -0.002454867986686461, 4.711311215780688, 4.712001060712726, 1.5707942245266138, 1.5708752530064767, 4.712227109026956, 3.1412176547148944, 1.5702008907013059, 4.7122045312706815, 1.570740297394694, 6.766398607749575e-05, 4.709448510306109, 1.5692325955785595, -0.00021367212211533332, 3.141661862489377, 4.712065591549925, -0.00039785001235309624]",0.0
550,1.1302289426973473,"[4.711852657489217, 1.5703654770063307, -0.0006280035155988122, 3.141588604510577, -0.0005419935938776858, 3.1409415391905386, 3.141194811840526, -0.00023872694006321475, 3.140963843364917, 3.1413773975087897, -4.1980495256036534e-05, -0.00025789476588532044, -0.0003391569285923785, -0.0004574284887731967, -0.0004513434193981271, 3.5707982942221532, 4.711840631641639, 1.5709428736180435, 4.712233013454948, 1.5708018162946147, 3.1414160558198545, 1.5706377204527988, 3.1477260417591273, -0.0024548676156881163, 4.7113112160831, 4.712001061211128, 1.5707942253801783, 1.5708752525811085, 4.712227108858931, 3.1412176560917993, 1.5702008916692265, 4.7122045308003315, 1.5707402981549494, 6.766409110274681e-05, 4.709448510679788, 1.5692325968761973, -0.00021367187328190807, 3.1416618624989456, 4.712065590422991, -0.00039785000097176444]",0.0
551,1.1299956830280324,"[4.711852656860164, 1.5703654769176172, -0.0006280029819564529, 3.1415886052221254, -0.0005419937994165588, 3.1409415398197846, 3.141194810829298, -0.00023872713621522242, 3.140963841839133, 3.1413773983147926, -4.1981754586273955e-05, -0.00025789487430467287, -0.0003391554561006232, -0.0004574292122673744, -0.0004513426779090109, 3.570798293931454, 4.711840632115741, 1.570942873916782, 4.7122330127623515, 1.5708018170767635, 3.1414160554474, 1.5706377210176463, 3.1477260415937085, -0.0024548678017045494, 4.711311216137703, 4.712001060650997, 1.5707942246671356, 1.570875253118522, 4.712227108652092, 3.141217656068475, 1.5702008904590687, 4.712204530641182, 1.5707402975619718, 6.766378710030676e-05, 4.709448510526582, 1.56923259594543, -0.00021367215197176808, 3.1416618628398445, 4.712065591230375, -0.0003978499902762024]",0.0
552,1.129172789297892,"[4.7118526572267045, 1.5703654757703476, -0.0006280026615227804, 3.1415886042238252, -0.0005419935416326335, 3.1409415395794498, 3.1411948110578525, -0.00023872813309647864, 3.1409638421132775, 3.1413773988197446, -4.198122551301038e-05, -0.0002578947680737463, -0.0003391556011580907, -0.0004574283440418206, -0.000451343244740178, 3.5707982946649635, 4.711840631845673, 1.5709428744895235, 4.712233012990583, 1.5708018162668396, 3.1414160554658395, 1.5706377214751803, 3.147726043132985, -0.002454868450570893, 4.711311215351632, 4.712001061423911, 1.5707942253415101, 1.570875253380142, 4.712227107865901, 3.1412176560716274, 1.5702008898260424, 4.712204531253527, 1.5707402977595524, 6.766410035081388e-05, 4.7094485090755045, 1.5692325948478227, -0.0002136706407703679, 3.1416618625009054, 4.712065590945872, -0.0003978495064723063]",0.0
553,1.1293235854101975,"[4.711852656127135, 1.5703654764811088, -0.0006280018201543944, 3.1415886055302815, -0.000541993777666024, 3.140941539890863, 3.1411948109907533, -0.0002387273527641356, 3.140963842409444, 3.141377398511808, -4.198120513291962e-05, -0.00025789502049481446, -0.00033915590792490345, -0.0004574289599763672, -0.00045134355233711966, 3.570798293807005, 4.711840631934498, 1.5709428739711826, 4.71223301311125, 1.5708018166221986, 3.1414160552722747, 1.570637720256824, 3.147726042334264, -0.0024548681573721186, 4.711311215991812, 4.712001060607692, 1.5707942247643423, 1.570875253328729, 4.712227108797609, 3.141217655821378, 1.5702008907668694, 4.7122045310866385, 1.57074029766064, 6.766371048680549e-05, 4.709448509975451, 1.569232596185336, -0.0002136720123054001, 3.1416618621825045, 4.71206559129305, -0.00039784985135749186]",0.0
554,1.1291919920869733,"[4.711852657193358, 1.5703654758978476, -0.0006280028476880939, 3.1415886044848387, -0.0005419941771583832, 3.1409415413669355, 3.141194810876132, -0.0002387267353297345, 3.1409638434555602, 3.141377397522286, -4.1980641191009367e-05, -0.00025789483757331625, -0.00033915590434882635, -0.0004574289692955975, -0.0004513422118836237, 3.570798294553034, 4.7118406318726045, 1.5709428744048755, 4.712233012490008, 1.5708018166002906, 3.141416055119916, 1.570637721461299, 3.147726042343264, -0.0024548685423073386, 4.711311216083834, 4.712001060760878, 1.5707942247867883, 1.5708752539972617, 4.712227109182552, 3.1412176552295312, 1.5702008907790164, 4.712204531426781, 1.5707402976823581, 6.766377810674693e-05, 4.709448510147446, 1.5692325954339905, -0.00021367345041537554, 3.141661862056881, 4.712065592312628, -0.00039784922682820865]",0.0
555,1.128673516781786,"[4.711852657178804, 1.5703654765317254, -0.0006280023774036255, 3.1415886053662727, -0.0005419937560447504, 3.1409415394487117, 3.1411948112278525, -0.00023872766741088453, 3.1409638423678774, 3.141377398369161, -4.198134091300144e-05, -0.0002578952628095946, -0.0003391555057432098, -0.00045742822674782815, -0.00045134263708720914, 3.570798294108703, 4.71184063173471, 1.5709428741380864, 4.712233012784989, 1.5708018162684703, 3.1414160555404234, 1.5706377207078204, 3.147726042068009, -0.002454867386747905, 4.711311216160052, 4.7120010602903175, 1.5707942252793525, 1.570875253795535, 4.71222710936464, 3.1412176552963498, 1.5702008904054312, 4.712204531021441, 1.570740297748375, 6.766405229246456e-05, 4.709448510024602, 1.5692325961476616, -0.00021367212388997183, 3.1416618629755586, 4.712065591535233, -0.0003978498026974601]",0.0
556,1.128692719570867,"[4.71185265660802, 1.5703654763671195, -0.0006280024345043396, 3.1415886049023563, -0.0005419936890602194, 3.1409415408411294, 3.141194809460242, -0.00023872681951974306, 3.140963842441839, 3.1413773991171925, -4.198166179995635e-05, -0.0002578955445419634, -0.00033915605246700293, -0.0004574273197801923, -0.0004513419657736727, 3.570798294640873, 4.71184063230934, 1.5709428736907403, 4.71223301281159, 1.5708018174448073, 3.1414160552146146, 1.5706377209312858, 3.147726042610554, -0.0024548675731032913, 4.711311215815188, 4.712001060377105, 1.5707942248034712, 1.5708752523451126, 4.712227109668634, 3.141217655549462, 1.5702008918216743, 4.712204531151641, 1.5707402982538503, 6.766387141274747e-05, 4.709448510054307, 1.5692325963943936, -0.000213670831587411, 3.141661862749076, 4.712065591189126, -0.0003978497208623002]",0.0
557,1.1302673482755092,"[4.711852657047713, 1.5703654763376396, -0.0006280022650228695, 3.1415886056614606, -0.0005419944245741248, 3.1409415396908207, 3.141194811135245, -0.00023872688960757118, 3.140963842573906, 3.1413773987316027, -4.19812982661433e-05, -0.00025789457370904777, -0.00033915592152819306, -0.000457428495738357, -0.0004513430168186294, 3.5707982936704847, 4.711840632500748, 1.5709428740636593, 4.712233012782784, 1.5708018168386433, 3.141416054868604, 1.5706377211050926, 3.1477260422413833, -0.0024548676841108685, 4.711311216045251, 4.712001061109174, 1.5707942253861444, 1.5708752531808068, 4.71222710864774, 3.1412176554375977, 1.5702008910229281, 4.71220453100266, 1.5707402981204186, 6.766389520082846e-05, 4.709448510185188, 1.5692325954734425, -0.00021367219057368233, 3.1416618631840874, 4.712065591269297, -0.0003978499962242984]",0.0
558,1.12740613270244,"[4.711852655933224, 1.5703654770712607, -0.0006280024199271227, 3.141588605065916, -0.00054199389666618, 3.1409415401107452, 3.1411948118481576, -0.00023872603577135122, 3.1409638420464, 3.1413773991295297, -4.198191332493436e-05, -0.00025789552486360425, -0.00033915652331763897, -0.0004574289728407966, -0.0004513431830439967, 3.570798295073617, 4.711840630705522, 1.5709428734956872, 4.71223301216898, 1.5708018160349368, 3.1414160556563266, 1.570637721405423, 3.147726041913335, -0.0024548680701001516, 4.711311216295789, 4.712001061089577, 1.5707942245658466, 1.5708752534165886, 4.712227108068281, 3.1412176551340996, 1.5702008908961522, 4.712204531575087, 1.57074029824465, 6.766403738657639e-05, 4.709448509576284, 1.5692325963550338, -0.00021367181268289843, 3.1416618640601337, 4.7120655920546355, -0.0003978495498592916]",0.0
559,1.1302289426973473,"[4.711852657021491, 1.5703654764895794, -0.0006280025370803379, 3.141588605968995, -0.0005419937448891409, 3.140941539701805, 3.1411948111037784, -0.00023872680175115565, 3.140963842255022, 3.1413773983701274, -4.198114805533651e-05, -0.00025789495666064235, -0.0003391560202445084, -0.0004574285006114582, -0.000451342724458902, 3.570798294890555, 4.711840632087527, 1.5709428742384801, 4.712233012929849, 1.5708018171507276, 3.141416055670315, 1.5706377204085757, 3.147726041512051, -0.0024548680123582124, 4.711311216207764, 4.712001061045654, 1.5707942251614122, 1.5708752529656433, 4.712227108735753, 3.1412176552902653, 1.5702008906215843, 4.712204531074228, 1.5707402974560483, 6.766405805700325e-05, 4.709448509637235, 1.5692325955920967, -0.00021367182193856123, 3.1416618622935455, 4.71206559167103, -0.00039784991272455444]",0.0
560,1.130566594155887,"[4.7118526568697225, 1.5703654772283124, -0.0006280024894729004, 3.14158860503269, -0.0005419947244491597, 3.140941541197884, 3.141194811351883, -0.00023872773763062725, 3.140963842051048, 3.1413773984244258, -4.1981701881580596e-05, -0.0002578955703921318, -0.0003391563090600473, -0.000457428495884984, -0.0004513421923184832, 3.5707982931320235, 4.711840631267086, 1.57094287484471, 4.712233013812134, 1.5708018165133937, 3.141416055803655, 1.5706377203928112, 3.1477260419814224, -0.0024548687095312213, 4.711311217477912, 4.712001061204458, 1.5707942251659028, 1.5708752532025274, 4.712227108803183, 3.1412176546069497, 1.5702008909277754, 4.7122045302396725, 1.5707402975403004, 6.766367762121639e-05, 4.709448509572272, 1.5692325953628194, -0.00021367164586558987, 3.141661863030727, 4.712065590338125, -0.0003978497878250233]",0.0
561,1.1308818375261012,"[4.711852656685572, 1.570365476615901, -0.0006280026353229217, 3.1415886054293574, -0.0005419935371340092, 3.1409415400478347, 3.1411948110209584, -0.00023872704265306375, 3.1409638422605957, 3.1413773987164473, -4.1981470323926726e-05, -0.000257894207203482, -0.0003391551210298373, -0.0004574287241859036, -0.00045134274579617143, 3.5707982942214223, 4.711840631598124, 1.5709428745910583, 4.71223301336341, 1.5708018163557294, 3.1414160553022175, 1.570637721267408, 3.147726042019077, -0.002454867642859032, 4.711311216334528, 4.7120010607110405, 1.5707942250154083, 1.570875253054376, 4.7122271086059095, 3.1412176552359043, 1.5702008912802214, 4.712204531213389, 1.5707402979608973, 6.766424135865696e-05, 4.7094485097215255, 1.569232596222882, -0.00021367216031443386, 3.141661862269597, 4.712065591131791, -0.00039785000821490894]",0.0
562,1.129537642290431,"[4.7118526565820185, 1.5703654774340798, -0.0006280018059303417, 3.141588605149827, -0.0005419946077041129, 3.140941539319445, 3.1411948107381176, -0.00023872616787622893, 3.140963842385759, 3.1413773973737458, -4.198181765514651e-05, -0.00025789514691703226, -0.00033915568016248314, -0.0004574287220881597, -0.0004513424563542037, 3.5707982945410954, 4.711840631381639, 1.570942874880709, 4.71223301420966, 1.570801816931086, 3.1414160542975997, 1.570637721203683, 3.1477260428863287, -0.002454868306740382, 4.711311215578076, 4.71200106115978, 1.5707942256205174, 1.5708752534915493, 4.712227109025102, 3.141217655671572, 1.5702008904064826, 4.712204531016999, 1.5707402967367952, 6.766494177625086e-05, 4.709448510779075, 1.5692325964943743, -0.00021367129070969085, 3.1416618629836788, 4.71206559184077, -0.00039784990726388666]",0.0
563,1.128788733516272,"[4.711852656831083, 1.5703654772059794, -0.000628002350487079, 3.141588605368902, -0.0005419939377980949, 3.140941540346197, 3.141194810869978, -0.00023872709816417004, 3.1409638428391395, 3.1413773988478813, -4.1980889507160536e-05, -0.000257894767375376, -0.000339155452483155, -0.00045742898722623724, -0.0004513429566266445, 3.5707982942682017, 4.711840632020862, 1.5709428735317432, 4.712233013281103, 1.5708018169010736, 3.1414160558538633, 1.5706377209902358, 3.1477260423800044, -0.0024548672737494384, 4.711311216686355, 4.712001061323932, 1.5707942250868618, 1.5708752535963142, 4.712227109007694, 3.1412176556383797, 1.5702008903927378, 4.712204531252561, 1.5707402975871334, 6.766423776304739e-05, 4.709448510168335, 1.5692325958022935, -0.00021367158754642118, 3.1416618627046473, 4.7120655914022, -0.0003978496911808979]",0.0
564,1.1304017677990763,"[4.711852656476468, 1.5703654767545574, -0.000628002458211074, 3.1415886050249067, -0.000541993956140792, 3.1409415400416827, 3.1411948114426935, -0.00023872714346654942, 3.140963842407539, 3.141377398247231, -4.198126780632575e-05, -0.0002578948308909837, -0.000339155477232871, -0.0004574286320479766, -0.00045134277272212416, 3.5707982944015124, 4.7118406323403965, 1.570942873919469, 4.71223301299632, 1.570801816678509, 3.1414160552523023, 1.5706377208084454, 3.1477260422208797, -0.0024548678156102767, 4.711311216359466, 4.712001060659098, 1.5707942251638003, 1.570875252955435, 4.712227108811556, 3.141217655373864, 1.5702008906871197, 4.712204531040526, 1.5707402975708453, 6.766390522738218e-05, 4.709448509942057, 1.5692325959045126, -0.0002136718416706222, 3.1416618628061, 4.712065591346084, -0.0003978498604397504]",0.0
565,1.1311698793623162,"[4.711852656676293, 1.5703654768332045, -0.0006280025210318711, 3.141588605389, -0.0005419939630288506, 3.1409415396073936, 3.1411948108482215, -0.000238727421741738, 3.1409638432386986, 3.1413773979738253, -4.1981265575442446e-05, -0.00025789537709404805, -0.00033915507755305296, -0.000457428263652672, -0.00045134280922423485, 3.570798293845708, 4.711840631681992, 1.5709428737432432, 4.712233012970125, 1.5708018169059272, 3.141416054927494, 1.5706377210954452, 3.1477260416317208, -0.002454867970489697, 4.711311216386549, 4.712001061110476, 1.5707942244911446, 1.5708752531025858, 4.712227108265264, 3.1412176551912814, 1.5702008906350946, 4.712204531375381, 1.5707402978428087, 6.766373778945857e-05, 4.709448509869023, 1.5692325959649247, -0.00021367155566639416, 3.141661862679247, 4.712065591488444, -0.0003978497881801854]",0.0
566,1.1285583000473,"[4.711852656769491, 1.570365476951252, -0.0006280024934059154, 3.1415886051771813, -0.0005419941299810904, 3.140941539735593, 3.141194810951966, -0.00023872730493430428, 3.1409638422515167, 3.1413773982822173, -4.1981478366220574e-05, -0.00025789483589007747, -0.0003391556184148563, -0.0004574284339153936, -0.00045134302720213523, 3.5707982941891965, 4.7118406320453525, 1.5709428737292652, 4.71223301295329, 1.5708018165511315, 3.1414160554111143, 1.5706377210263593, 3.147726042079496, -0.002454868012013538, 4.71131121638387, 4.712001060923024, 1.5707942249855176, 1.57087525324406, 4.712227108900384, 3.141217655481458, 1.5702008911506873, 4.712204531103457, 1.5707402975068516, 6.766407320810278e-05, 4.709448509949695, 1.5692325957045496, -0.0002136719112513841, 3.141661862509051, 4.71206559158667, -0.00039784966955090737]",0.0
567,1.1295544746299795,"[4.711852656613909, 1.5703654768823823, -0.0006280026363439445, 3.141588605750465, -0.0005419938962595292, 3.140941540156823, 3.141194810356865, -0.000238727783510656, 3.140963842420935, 3.141377398238794, -4.198105898052857e-05, -0.00025789446153807414, -0.0003391558359852296, -0.0004574285961562476, -0.0004513432385133348, 3.5707982946884855, 4.711840632196292, 1.5709428738595554, 4.712233013234714, 1.5708018162403217, 3.141416055510246, 1.570637721168578, 3.147726041945742, -0.002454868386002307, 4.711311215933506, 4.7120010608502705, 1.570794225142056, 1.5708752531325678, 4.71222710875067, 3.141217654817537, 1.5702008905511031, 4.712204530864544, 1.5707402976740341, 6.766372003424965e-05, 4.709448510483006, 1.5692325962086155, -0.00021367184232139674, 3.141661863289803, 4.712065591422695, -0.0003978496032390974]",0.0
568,1.1297872785484842,"[4.711852656802022, 1.5703654767742148, -0.0006280026427371432, 3.141588605376409, -0.0005419940617864288, 3.1409415399582397, 3.141194811058624, -0.00023872750654926287, 3.1409638423496733, 3.1413773981647575, -4.198138140488064e-05, -0.0002578950081131607, -0.00033915549931137746, -0.0004574288462454166, -0.00045134292036554655, 3.5707982943249132, 4.711840632085486, 1.5709428739837652, 4.71223301294037, 1.570801817023199, 3.141416055467817, 1.5706377207301783, 3.14772604236396, -0.0024548679729626643, 4.711311216075645, 4.712001060991896, 1.570794224955597, 1.5708752532622294, 4.712227108718425, 3.141217655201899, 1.5702008909825973, 4.71220453127709, 1.5707402978643128, 6.766422959421558e-05, 4.709448509962231, 1.5692325960792868, -0.00021367195816950744, 3.141661862869691, 4.712065591300311, -0.0003978498001534693]",0.0
569,1.1277133773277361,"[4.71185265657861, 1.5703654771265154, -0.0006280022288190122, 3.1415886048294914, -0.0005419945404788512, 3.1409415397700613, 3.1411948109819106, -0.00023872777356643912, 3.1409638426312965, 3.141377398698266, -4.198159027598804e-05, -0.0002578951771514407, -0.0003391559964901098, -0.00045742858009536114, -0.00045134310931141695, 3.5707982946076915, 4.7118406321768616, 1.570942874506566, 4.712233013456477, 1.5708018169232056, 3.1414160557212094, 1.570637721212262, 3.147726041749806, -0.0024548676123759363, 4.711311216134242, 4.712001060617544, 1.5707942250073181, 1.5708752528111405, 4.712227108676102, 3.141217655415091, 1.570200890539097, 4.71220453158553, 1.570740298089372, 6.766390692582813e-05, 4.709448510332465, 1.5692325957693367, -0.00021367228860454755, 3.14166186248274, 4.712065591630698, -0.0003978499151720701]",0.0
570,1.13062046216313,"[4.7118526565077286, 1.5703654768242497, -0.000628002516236606, 3.1415886053219233, -0.0005419935412621025, 3.1409415397788667, 3.1411948109666157, -0.00023872732303411714, 3.140963842531288, 3.141377398317716, -4.1981430493886954e-05, -0.0002578951190741252, -0.0003391557257762543, -0.00045742871835155853, -0.00045134258783213483, 3.5707982941266305, 4.711840632317074, 1.570942874115035, 4.712233013234685, 1.5708018164612325, 3.141416055520673, 1.5706377209042015, 3.1477260421844835, -0.00245486788210386, 4.7113112161767265, 4.7120010611734875, 1.570794225014141, 1.5708752531131118, 4.712227108738775, 3.141217655406443, 1.5702008909025507, 4.712204531201336, 1.5707402977291518, 6.766391824582045e-05, 4.709448510119647, 1.5692325957601765, -0.0002136720167979233, 3.1416618628479793, 4.712065591571557, -0.0003978497423272449]",0.0
571,1.1305361873226432,"[4.711852657040356, 1.5703654775159626, -0.0006280024304001051, 3.1415886050782236, -0.000541993723435918, 3.140941539825817, 3.141194811004778, -0.00023872746186538038, 3.140963842694514, 3.1413773987677103, -4.1981012918412186e-05, -0.0002578948427787131, -0.0003391560105466311, -0.0004574283943904577, -0.0004513429690810189, 3.5707982942616545, 4.711840632253068, 1.5709428743806646, 4.712233012777757, 1.5708018169471616, 3.141416055301981, 1.570637721131033, 3.147726042500755, -0.002454867830432955, 4.711311216029514, 4.712001060832095, 1.5707942244365267, 1.5708752533001804, 4.712227108516456, 3.1412176552159723, 1.5702008909287677, 4.712204530681201, 1.5707402969977182, 6.766380538072151e-05, 4.709448509585433, 1.5692325962294633, -0.00021367217526597237, 3.141661862882822, 4.712065591623034, -0.00039785032199726836]",0.0
572,1.128731125149029,"[4.711852656689375, 1.5703654768009827, -0.0006280027646269212, 3.141588605306559, -0.0005419939163939762, 3.140941540061923, 3.1411948110870234, -0.00023872728993639268, 3.1409638425043784, 3.1413773982522812, -4.198153693686925e-05, -0.0002578947243654894, -0.0003391557518458503, -0.000457428580626183, -0.00045134303993842636, 3.5707982939895357, 4.711840631910134, 1.5709428740370506, 4.7122330131822885, 1.5708018168978308, 3.141416055515823, 1.5706377209548157, 3.147726042141051, -0.002454867736429374, 4.711311215998116, 4.712001060820716, 1.5707942251926565, 1.5708752531796302, 4.712227108832251, 3.1412176553228686, 1.5702008908038385, 4.7122045313705305, 1.5707402974721287, 6.76635758124386e-05, 4.709448509903255, 1.5692325959260913, -0.00021367176870252546, 3.14166186282741, 4.712065591672541, -0.0003978498855772588]",0.0
573,1.1291151809306492,"[4.711852656917419, 1.57036547709419, -0.0006280026460649793, 3.141588605522809, -0.0005419941857036532, 3.1409415400324083, 3.1411948109801995, -0.00023872715437416768, 3.1409638423838513, 3.141377398529477, -4.1981574248993284e-05, -0.00025789493856909, -0.0003391555585986636, -0.00045742802675037515, -0.00045134249684168376, 3.5707982942983176, 4.711840632208347, 1.5709428735589264, 4.712233013137389, 1.570801816529922, 3.1414160556611455, 1.5706377208454847, 3.147726042518319, -0.0024548684753986734, 4.711311216328835, 4.712001060933792, 1.5707942254789775, 1.5708752533748815, 4.7122271082335505, 3.1412176557785667, 1.5702008904225278, 4.712204531476063, 1.570740297874045, 6.766360304877951e-05, 4.709448510020746, 1.569232596472981, -0.00021367233664072719, 3.141661862424504, 4.712065591437002, -0.0003978503349409272]",0.0
574,1.130689809635291,"[4.71185265680572, 1.570365476797996, -0.0006280024064877559, 3.1415886052592352, -0.0005419941049591718, 3.140941539708126, 3.1411948109598744, -0.00023872705287688627, 3.140963842354074, 3.141377398184096, -4.198115246072779e-05, -0.00025789487807100707, -0.0003391556221155181, -0.00045742870851956844, -0.0004513427826677052, 3.570798294120439, 4.711840632044294, 1.5709428739361233, 4.712233013202027, 1.5708018166895144, 3.1414160557828485, 1.5706377210742999, 3.147726042388974, -0.002454867920410474, 4.711311216159003, 4.712001060711368, 1.5707942248099243, 1.5708752530632661, 4.7122271087058065, 3.1412176551685547, 1.5702008907150722, 4.712204530900197, 1.570740297971511, 6.766375935283845e-05, 4.709448509959185, 1.56923259591057, -0.00021367180382757332, 3.141661862657891, 4.712065591620903, -0.00039784994626528844]",0.0
575,1.1292868221366308,"[4.711852656825516, 1.5703654764683244, -0.000628002427210291, 3.141588605837569, -0.0005419939300129831, 3.1409415402448606, 3.1411948114498784, -0.0002387276577294686, 3.1409638427901223, 3.1413773982092845, -4.198161987560182e-05, -0.0002578946936542454, -0.0003391560329772345, -0.00045742831047764014, -0.00045134271259398976, 3.5707982941793612, 4.711840632071753, 1.5709428737687006, 4.712233013525103, 1.5708018168469977, 3.1414160556335537, 1.5706377212230433, 3.147726042274678, -0.0024548679447281233, 4.711311216360411, 4.7120010602556235, 1.5707942245811202, 1.5708752530438468, 4.712227108313888, 3.141217655947138, 1.5702008908343423, 4.712204530921251, 1.5707402975590843, 6.766460677229932e-05, 4.709448510040536, 1.5692325959182383, -0.00021367187494816952, 3.141661863006264, 4.712065591780609, -0.00039784961142102045]",0.0
576,1.1293648171887023,"[4.711852656540275, 1.570365476745112, -0.0006280025887798055, 3.14158860509233, -0.0005419938801161261, 3.1409415400304175, 3.141194810997037, -0.00023872719079085045, 3.1409638425284183, 3.1413773983518003, -4.198142961820886e-05, -0.00025789478010617513, -0.0003391554863304658, -0.00045742820703141297, -0.0004513430949912575, 3.5707982942364054, 4.711840631984862, 1.5709428739936158, 4.7122330132034085, 1.5708018167758087, 3.141416055556114, 1.5706377206898599, 3.1477260420970494, -0.0024548679691265333, 4.711311216102329, 4.712001061028515, 1.5707942248441533, 1.5708752532494719, 4.71222710877649, 3.1412176553586044, 1.5702008906650102, 4.712204530885502, 1.5707402978130758, 6.766416728195644e-05, 4.709448510127042, 1.569232595770469, -0.00021367208134543807, 3.141661862888212, 4.71206559158587, -0.00039785015729356684]",0.0
577,1.131592340722098,"[4.711852656629433, 1.5703654766304271, -0.0006280025163566257, 3.141588605331316, -0.0005419944328275244, 3.140941539812521, 3.1411948110139156, -0.00023872735524599096, 3.140963842880896, 3.141377398453168, -4.198179944299399e-05, -0.0002578948663958393, -0.00033915554363374214, -0.00045742878237363675, -0.00045134276577133797, 3.57079829447718, 4.711840632196342, 1.5709428737445474, 4.712233013463031, 1.5708018166420397, 3.1414160554888344, 1.5706377211077258, 3.1477260418995887, -0.0024548678915999604, 4.711311215823234, 4.712001061340952, 1.5707942249234579, 1.570875253110459, 4.712227109292835, 3.1412176557042826, 1.5702008906217184, 4.7122045305434, 1.5707402977284979, 6.766376741447975e-05, 4.709448509044002, 1.5692325963679188, -0.00021367225784313596, 3.1416618628650244, 4.712065591343192, -0.000397849609139467]",0.0
578,1.129172789297892,"[4.711852656926101, 1.5703654767959874, -0.0006280023339813624, 3.141588605392277, -0.0005419938440317325, 3.1409415398627725, 3.1411948109736185, -0.00023872726271328252, 3.1409638425093513, 3.1413773983076605, -4.198135777972469e-05, -0.00025789495311366785, -0.00033915549851375453, -0.00045742854229304235, -0.0004513429829628438, 3.5707982944266976, 4.711840631747361, 1.5709428739372167, 4.712233013175992, 1.5708018167719418, 3.1414160554709496, 1.5706377209649467, 3.147726042378792, -0.002454867983713227, 4.711311216297947, 4.712001060863414, 1.5707942249120959, 1.5708752527973995, 4.712227108870193, 3.141217655527074, 1.5702008907785536, 4.712204531226532, 1.5707402975337037, 6.766372899119139e-05, 4.709448510030866, 1.5692325957310265, -0.0002136722541869864, 3.141661863004756, 4.712065591252344, -0.0003978498488246341]",0.0
579,1.130440173377238,"[4.7118526568685395, 1.5703654772231748, -0.0006280027661229067, 3.1415886054143023, -0.0005419941354165812, 3.1409415398567484, 3.1411948109126637, -0.00023872674601050194, 3.1409638428386653, 3.14137739839449, -4.198181193486779e-05, -0.0002578946055204968, -0.00033915563496279453, -0.0004574282963866032, -0.00045134308461031603, 3.57079829397346, 4.711840632359128, 1.570942874436135, 4.712233012714719, 1.5708018163899424, 3.1414160557273947, 1.5706377205174595, 3.147726042382593, -0.0024548679602560265, 4.711311216070151, 4.712001060654044, 1.5707942245742317, 1.570875252901422, 4.71222710875834, 3.1412176552841014, 1.570200890274457, 4.712204531378848, 1.5707402976275224, 6.76641555820151e-05, 4.709448509999366, 1.5692325959658973, -0.00021367194365956078, 3.1416618627057455, 4.712065591104956, -0.00039784898708669153]",0.0
580,1.1292088244265215,"[4.711852657045736, 1.5703654770432036, -0.0006280024560926502, 3.141588605369844, -0.0005419939924237176, 3.1409415402402603, 3.1411948110386962, -0.0002387272308015393, 3.1409638425732247, 3.141377398397975, -4.198131435258343e-05, -0.00025789513806458603, -0.00033915547086779755, -0.0004574287472970963, -0.0004513430085672746, 3.5707982941297463, 4.7118406321287125, 1.5709428739684215, 4.712233013081979, 1.570801816373861, 3.1414160554269253, 1.5706377208902107, 3.1477260419745354, -0.0024548680489741644, 4.711311215860743, 4.712001060714002, 1.570794225061636, 1.5708752529228989, 4.71222710880343, 3.141217655515547, 1.5702008908145666, 4.712204531166245, 1.5707402977170335, 6.766413447757679e-05, 4.709448509889054, 1.5692325958216737, -0.00021367182507206847, 3.141661862805605, 4.712065591592371, -0.0003978500855321602]",0.0
581,1.1293456143996212,"[4.711852656661659, 1.5703654767465272, -0.0006280027460891089, 3.1415886053262962, -0.0005419940622690888, 3.1409415398629057, 3.1411948108585874, -0.0002387272529707121, 3.1409638425845237, 3.1413773984283764, -4.1981336646455216e-05, -0.0002578950209511075, -0.00033915568668422814, -0.00045742865866434156, -0.00045134293574171814, 3.570798294229925, 4.711840632041274, 1.570942873985322, 4.712233013108823, 1.5708018166192452, 3.141416055404535, 1.5706377209077556, 3.1477260422307114, -0.0024548679000493618, 4.711311216279118, 4.71200106074816, 1.5707942250419102, 1.5708752530718135, 4.712227108693396, 3.1412176553866957, 1.5702008907237692, 4.7122045310752085, 1.5707402975965745, 6.766404935489826e-05, 4.709448509931202, 1.5692325959052837, -0.0002136719868159565, 3.141661862776515, 4.712065591472885, -0.00039784993017856447]",0.0
582,1.128731125149029,"[4.711852656525928, 1.5703654767746693, -0.0006280024283923153, 3.1415886054216537, -0.0005419939179595979, 3.1409415399434955, 3.1411948111410704, -0.00023872729274627776, 3.140963842717524, 3.1413773983669775, -4.198152719402926e-05, -0.0002578950214512635, -0.0003391556883712858, -0.00045742856442593916, -0.00045134288281448317, 3.570798294133389, 4.711840631974374, 1.5709428739015503, 4.712233012761688, 1.5708018167522804, 3.141416055734098, 1.5706377213351101, 3.1477260421778914, -0.002454868035088191, 4.711311215995883, 4.712001060885177, 1.5707942251572102, 1.570875253029979, 4.7122271088701, 3.1412176552089046, 1.5702008906872997, 4.712204531019296, 1.5707402974735447, 6.766414914323721e-05, 4.709448510154973, 1.5692325959001505, -0.0002136719564114229, 3.1416618625317168, 4.712065591189816, -0.00039785004303817485]",0.0
583,1.1299216980720512,"[4.711852656710801, 1.5703654767957953, -0.0006280025587888798, 3.141588605240885, -0.0005419939164364707, 3.140941539937481, 3.14119481098068, -0.0002387272193070462, 3.1409638424584454, 3.1413773985427214, -4.198123039992333e-05, -0.00025789498592163827, -0.000339155655814488, -0.00045742847585653106, -0.00045134282611680623, 3.570798294127833, 4.71184063207815, 1.5709428739557953, 4.7122330131359345, 1.5708018168312998, 3.1414160554457937, 1.5706377210219566, 3.1477260421067923, -0.0024548680791966373, 4.711311216110813, 4.7120010607881095, 1.57079422499874, 1.5708752530511445, 4.712227108865027, 3.14121765539788, 1.5702008907623535, 4.712204531154601, 1.5707402976825307, 6.76640345067458e-05, 4.709448509991713, 1.5692325960266804, -0.0002136719293525254, 3.141661862791949, 4.712065591428178, -0.0003978497456957235]",0.0
584,1.129633656235836,"[4.71185265684014, 1.570365476664501, -0.0006280024763126879, 3.1415886052787068, -0.0005419939429300609, 3.1409415402502145, 3.1411948107104513, -0.00023872722136857106, 3.1409638424625235, 3.1413773984018616, -4.1981637988725255e-05, -0.0002578951031456967, -0.0003391558723836581, -0.00045742835512006135, -0.00045134276704794277, 3.5707982944348964, 4.711840632097044, 1.570942873873008, 4.712233013000593, 1.5708018166513849, 3.141416055272234, 1.570637720937437, 3.1477260422953672, -0.0024548676300510347, 4.711311216094758, 4.712001060850513, 1.5707942247802984, 1.5708752530240426, 4.712227108883751, 3.141217655370689, 1.5702008908674254, 4.7122045310709195, 1.5707402977609095, 6.766387541415879e-05, 4.709448510128381, 1.5692325960298967, -0.00021367167860821703, 3.141661862592819, 4.712065591311029, -0.0003978499568497812]",0.0
585,1.1314550949981887,"[4.711852656682394, 1.5703654768617445, -0.0006280023696784941, 3.14158860537957, -0.000541994060034965, 3.1409415399386584, 3.141194810933022, -0.00023872717777551013, 3.1409638424354847, 3.141377398340918, -4.198148824267284e-05, -0.00025789495688322825, -0.0003391555785233428, -0.0004574285988797371, -0.0004513428072090746, 3.5707982942561713, 4.7118406320263295, 1.5709428741065259, 4.712233013164527, 1.5708018167306397, 3.1414160552904913, 1.5706377210236986, 3.1477260422334377, -0.0024548679787127895, 4.711311216111368, 4.712001060859848, 1.570794225007074, 1.5708752531953871, 4.712227108765505, 3.141217655358518, 1.5702008906339568, 4.712204531103375, 1.5707402975382414, 6.766406238899391e-05, 4.709448510041202, 1.5692325959388294, -0.00021367188753675865, 3.141661862771161, 4.712065591530968, -0.00039784986688361717]",0.0
586,1.1281934470547612,"[4.7118526569865775, 1.5703654768863389, -0.0006280026776678149, 3.141588605151298, -0.0005419939761389572, 3.140941539759195, 3.141194811292817, -0.00023872711609094954, 3.1409638426020408, 3.1413773980999506, -4.198124071489928e-05, -0.0002578949368716519, -0.000339155994016258, -0.0004574285989380173, -0.0004513430396139321, 3.5707982942551357, 4.71184063189665, 1.570942873961949, 4.712233013359587, 1.5708018165370232, 3.1414160553031563, 1.5706377209653566, 3.147726042113284, -0.00245486789598378, 4.711311216079107, 4.712001061063776, 1.5707942250284812, 1.5708752530947019, 4.712227108757327, 3.1412176554629556, 1.5702008907339335, 4.712204531077668, 1.5707402976078355, 6.766411413385857e-05, 4.7094485102811205, 1.5692325961993108, -0.00021367191164779013, 3.1416618626291304, 4.712065591236009, -0.00039784989653457193]",0.0
587,1.1287119223599482,"[4.711852656689583, 1.5703654767881596, -0.0006280025972042104, 3.141588605397306, -0.000541994087268327, 3.1409415399451666, 3.1411948110954633, -0.0002387273660046802, 3.140963842470693, 3.141377398389857, -4.198128941582583e-05, -0.000257894857229091, -0.00033915567875586103, -0.00045742856212861553, -0.00045134282119975157, 3.570798294203449, 4.711840632014025, 1.5709428740796727, 4.712233012975716, 1.570801816599868, 3.141416055420001, 1.5706377209714755, 3.1477260421959317, -0.0024548679597158757, 4.711311216209312, 4.712001060992228, 1.5707942248461566, 1.5708752529941337, 4.712227108903367, 3.1412176554758235, 1.5702008906811484, 4.7122045311676475, 1.5707402976704123, 6.766397997234847e-05, 4.709448510060708, 1.5692325959976399, -0.00021367187463784467, 3.141661862735343, 4.712065591519885, -0.00039784996099530555]",0.0
588,1.128308663789247,"[4.711852656997811, 1.5703654765358985, -0.0006280023839952048, 3.1415886051748783, -0.0005419938609818559, 3.140941540044736, 3.141194811011907, -0.00023872733288708898, 3.1409638423264985, 3.1413773983972124, -4.198152269316529e-05, -0.0002578949746277544, -0.00033915567204327894, -0.0004574286420775445, -0.0004513431250362075, 3.5707982940080454, 4.711840632204668, 1.5709428738584577, 4.712233013062612, 1.570801816634507, 3.1414160554668578, 1.570637721015144, 3.147726042121749, -0.0024548678635337813, 4.711311216399349, 4.71200106107833, 1.5707942249660631, 1.57087525284785, 4.712227108661073, 3.1412176551187536, 1.5702008904886433, 4.712204531160827, 1.5707402975221174, 6.766410018270338e-05, 4.709448509960044, 1.5692325961881433, -0.00021367210957806698, 3.141661862690096, 4.712065591655482, -0.00039784985197242125]",0.0
589,1.1295760478685932,"[4.711852656755105, 1.5703654766744546, -0.0006280025574027265, 3.141588605345795, -0.0005419939649076389, 3.1409415398587006, 3.141194811039637, -0.0002387271615932991, 3.140963842517017, 3.1413773983666657, -4.1981367690387174e-05, -0.00025789496866680144, -0.0003391555721811444, -0.00045742857036817225, -0.0004513430136885605, 3.570798294321958, 4.7118406322576085, 1.5709428739712878, 4.7122330131281895, 1.5708018166395725, 3.1414160554912223, 1.570637721088338, 3.1477260421333173, -0.002454867923913537, 4.711311216128372, 4.712001060827293, 1.5707942248263036, 1.5708752532175279, 4.712227108799292, 3.1412176554119076, 1.5702008907595306, 4.712204531275089, 1.5707402975689457, 6.766397162056174e-05, 4.709448510044535, 1.569232596004203, -0.000213671923163097, 3.1416618627690225, 4.7120655914177005, -0.0003978499660945717]",0.0
590,1.1295540188791695,"[4.711852656835105, 1.57036547678425, -0.000628002549877912, 3.141588605331796, -0.0005419941625444251, 3.1409415402273515, 3.141194811187674, -0.00023872734002752344, 3.1409638423848962, 3.1413773984292352, -4.198143327406804e-05, -0.00025789513888159124, -0.0003391557977146146, -0.0004574285600612225, -0.00045134286052448194, 3.5707982940328207, 4.711840632051038, 1.570942874168631, 4.712233013293494, 1.5708018165768298, 3.1414160555760544, 1.5706377209294484, 3.147726041990963, -0.0024548681181275787, 4.71131121648048, 4.712001060909501, 1.5707942248390516, 1.5708752533331034, 4.712227108753679, 3.141217655183166, 1.5702008907551486, 4.712204531023418, 1.5707402975663718, 6.76638169531691e-05, 4.709448509935772, 1.569232595775969, -0.0002136718858550373, 3.1416618628070223, 4.712065591051096, -0.0003978499252690654]",0.0
591,1.128596705625462,"[4.7118526567096115, 1.5703654768392195, -0.0006280024411994291, 3.141588605233827, -0.0005419939390602823, 3.1409415399173044, 3.1411948109617556, -0.00023872722378640463, 3.1409638424899775, 3.141377398324371, -4.198141175668012e-05, -0.0002578948176814858, -0.0003391558496562316, -0.00045742864069076624, -0.0004513428095690185, 3.570798294214851, 4.711840632010931, 1.5709428738659132, 4.712233013042359, 1.5708018166283875, 3.1414160554223054, 1.5706377209687132, 3.147726042072547, -0.0024548679569820694, 4.711311216174776, 4.712001060829258, 1.570794224899917, 1.5708752531471983, 4.7122271087644, 3.1412176553426367, 1.5702008906559448, 4.712204531274812, 1.5707402976926248, 6.766407020243632e-05, 4.70944850988157, 1.5692325959251088, -0.0002136719532471441, 3.141661862852617, 4.71206559135814, -0.00039784998113250405]",0.0
592,1.1296912646030792,"[4.711852656593996, 1.570365476856825, -0.0006280025763076101, 3.1415886053468047, -0.0005419939635280258, 3.1409415400218466, 3.1411948113328028, -0.00023872701569687047, 3.140963842383769, 3.141377398643735, -4.1981484833463365e-05, -0.0002578951744542983, -0.0003391557735859157, -0.00045742864552519754, -0.00045134306219966544, 3.5707982944385703, 4.711840631754872, 1.570942873882667, 4.712233012862582, 1.5708018165243862, 3.141416055450686, 1.5706377210961118, 3.14772604213389, -0.002454867906421429, 4.71131121614013, 4.712001060940955, 1.570794224883545, 1.5708752532019938, 4.712227108532721, 3.141217655325521, 1.5702008907694114, 4.712204531075465, 1.5707402978137122, 6.766389350715424e-05, 4.709448510019354, 1.5692325960309548, -0.0002136719606579101, 3.1416618629487862, 4.7120655916247705, -0.0003978496752531415]",0.0
593,1.1294032227668642,"[4.711852656746977, 1.5703654768086537, -0.0006280025305767078, 3.1415886053379607, -0.0005419940247082455, 3.140941540111333, 3.1411948110153416, -0.00023872714910171944, 3.14096384262866, 3.1413773982609645, -4.198132270095394e-05, -0.0002578949469415597, -0.00033915570308156785, -0.0004574286314000001, -0.00045134282008108407, 3.5707982942137173, 4.711840632069481, 1.5709428739709301, 4.712233013050069, 1.5708018166930862, 3.1414160554006414, 1.5706377209663087, 3.14772604209246, -0.002454867942373175, 4.7113112162197925, 4.71200106080998, 1.5707942249113436, 1.5708752531717305, 4.712227108862304, 3.141217655298451, 1.5702008908044682, 4.712204531121533, 1.5707402976482103, 6.766394903299345e-05, 4.709448510098422, 1.5692325960009594, -0.00021367219045530518, 3.141661862680355, 4.712065591543671, -0.0003978498407532105]",0.0
594,1.1304209705881574,"[4.71185265693186, 1.5703654765450532, -0.0006280026754381522, 3.141588605044367, -0.0005419938822255064, 3.140941540115788, 3.1411948110429186, -0.00023872744635290493, 3.1409638425337403, 3.141377398354137, -4.19812319478732e-05, -0.0002578948612621996, -0.0003391556829166122, -0.0004574286375549517, -0.0004513428706396436, 3.5707982943334557, 4.711840632022264, 1.5709428740231435, 4.712233012991288, 1.5708018166032713, 3.141416055322462, 1.5706377211461466, 3.1477260423137636, -0.0024548680651511083, 4.711311215923199, 4.712001060923626, 1.5707942249293085, 1.5708752533098613, 4.712227108610238, 3.1412176554759896, 1.5702008904594564, 4.71220453113406, 1.5707402976910296, 6.766391880402546e-05, 4.709448509916, 1.5692325955936157, -0.00021367202202675066, 3.141661862467911, 4.712065591423161, -0.0003978496791738823]",0.0
595,1.12798221637487,"[4.711852656681623, 1.5703654768152073, -0.0006280025373105894, 3.141588605402406, -0.0005419940754609303, 3.1409415399955507, 3.141194810969235, -0.00023872726304392894, 3.1409638423549917, 3.141377398323802, -4.198124336552308e-05, -0.00025789500331417577, -0.0003391556723667172, -0.00045742847603388805, -0.00045134286480542213, 3.5707982941456615, 4.711840632026271, 1.5709428739286126, 4.712233013136483, 1.5708018166188211, 3.1414160554920034, 1.5706377209931188, 3.1477260421252966, -0.002454867751074202, 4.711311215993251, 4.712001060931459, 1.5707942249009568, 1.570875253090014, 4.712227108657118, 3.1412176553679245, 1.5702008907178455, 4.712204531159868, 1.5707402975539733, 6.766403321135186e-05, 4.709448509973657, 1.5692325959286226, -0.0002136720743585746, 3.1416618627264055, 4.7120655913719025, -0.0003978498347132262]",0.0
596,1.132241069974473,"[4.7118526565144006, 1.5703654768940516, -0.0006280024340531452, 3.141588605129602, -0.0005419939634531238, 3.1409415400432406, 3.1411948114297834, -0.00023872734016181413, 3.1409638424648176, 3.1413773982402913, -4.198124089014006e-05, -0.000257894804741159, -0.00033915549076255885, -0.00045742851574993724, -0.0004513428405019122, 3.5707982944131227, 4.711840632372253, 1.5709428738412277, 4.712233013002225, 1.5708018166364577, 3.1414160552672783, 1.5706377208251825, 3.147726042100823, -0.002454867721846544, 4.71131121629109, 4.712001060673847, 1.5707942251653264, 1.5708752528996386, 4.712227108634267, 3.141217655322299, 1.570200890653502, 4.7122045309795855, 1.5707402975892788, 6.76638472620616e-05, 4.709448509972621, 1.5692325959513744, -0.00021367185430986658, 3.1416618627433786, 4.7120655912539915, -0.0003978498251317186]",0.0
597,1.1309562782328926,"[4.711852656716518, 1.5703654769520217, -0.0006280026262706088, 3.141588605468919, -0.0005419938616991614, 3.140941539962082, 3.1411948110697003, -0.00023872727687366797, 3.140963842416928, 3.1413773983035638, -4.198139499230829e-05, -0.0002578950056834412, -0.0003391557197547387, -0.0004574285301029302, -0.00045134302681663164, 3.570798294198239, 4.711840632132309, 1.5709428739452926, 4.712233013147498, 1.57080181671738, 3.141416055315933, 1.570637721090689, 3.1477260422068998, -0.0024548679006723873, 4.71131121621393, 4.712001060843579, 1.5707942249361664, 1.570875253112329, 4.7122271088752115, 3.1412176553415936, 1.5702008906114195, 4.7122045311004666, 1.5707402977993288, 6.766400778009758e-05, 4.7094485099210734, 1.569232595886384, -0.00021367200687500475, 3.141661862667489, 4.712065591413557, -0.0003978498991706761]",0.0
598,1.1272717131788732,"[4.711852656759733, 1.570365476824676, -0.0006280025187016649, 3.14158860532185, -0.0005419940132003518, 3.1409415399108997, 3.1411948110252856, -0.00023872729692095253, 3.140963842572488, 3.141377398318566, -4.198136517827749e-05, -0.0002578950419874867, -0.0003391556852905738, -0.0004574285426806026, -0.00045134290528500937, 3.57079829419437, 4.7118406320907935, 1.5709428738923432, 4.712233013059079, 1.5708018167200737, 3.1414160554034445, 1.5706377209465552, 3.1477260421255986, -0.0024548679536944076, 4.711311216153143, 4.7120010608971, 1.5707942249179248, 1.5708752531180405, 4.7122271087342105, 3.1412176553654003, 1.5702008906573586, 4.712204531109878, 1.5707402976365192, 6.766393667384318e-05, 4.709448510032487, 1.5692325959161646, -0.00021367190544128715, 3.1416618627675015, 4.712065591457906, -0.00039784985271591224]",0.0
599,1.1289999641961632,"[4.711852656790353, 1.5703654768123534, -0.0006280025208944057, 3.141588605391429, -0.0005419938956813592, 3.1409415398882534, 3.1411948109831225, -0.00023872732609231268, 3.1409638426401107, 3.14137739841484, -4.1981389014520944e-05, -0.000257894859941365, -0.00033915549696184304, -0.00045742854545828044, -0.0004513428795987787, 3.5707982941669765, 4.711840631928031, 1.5709428740072127, 4.712233013111227, 1.5708018166565831, 3.14141605534856, 1.5706377210194613, 3.147726041990126, -0.0024548678731050873, 4.711311216211351, 4.712001060893101, 1.570794224895379, 1.5708752531088186, 4.71222710859228, 3.1412176553072784, 1.570200890790832, 4.712204531132693, 1.5707402977441292, 6.766395480107137e-05, 4.709448509986671, 1.5692325960115219, -0.000213671903392197, 3.141661862619116, 4.712065591367392, -0.0003978498704493478]",0.0
600,1.1283831044960384,"[4.7118526567154575, 1.5703654768375674, -0.0006280025671256378, 3.1415886053277453, -0.0005419940012987342, 3.1409415399801888, 3.1411948110452905, -0.00023872723038452387, 3.1409638425101107, 3.1413773984233386, -4.1981404386696157e-05, -0.0002578948971935859, -0.00033915567846697623, -0.0004574286297411988, -0.00045134289773621477, 3.5707982942318703, 4.711840632101089, 1.5709428739063975, 4.712233013161518, 1.5708018167076698, 3.14141605539537, 1.5706377209729097, 3.1477260421751363, -0.0024548679844407324, 4.711311216130614, 4.712001060915949, 1.5707942248924998, 1.5708752530328873, 4.712227108708084, 3.14121765532351, 1.5702008907503933, 4.7122045311246605, 1.5707402976251184, 6.766397439525099e-05, 4.709448510030676, 1.569232595899804, -0.00021367194454111022, 3.141661862685604, 4.712065591422345, -0.00039784988703010874]",0.0
601,1.128596705625462,"[4.711852656857782, 1.5703654767903106, -0.0006280025520493835, 3.141588605365772, -0.0005419939604219938, 3.1409415398246794, 3.1411948111404495, -0.0002387273767723977, 3.1409638424770523, 3.141377398533796, -4.198143542507415e-05, -0.0002578949345983985, -0.0003391556478136769, -0.0004574285755635768, -0.0004513428017986365, 3.5707982942178664, 4.711840632021932, 1.570942873862332, 4.712233013141365, 1.570801816587714, 3.1414160554203865, 1.570637720850085, 3.1477260421741806, -0.0024548678510002715, 4.711311216074858, 4.712001060752302, 1.5707942249419304, 1.570875253195855, 4.712227108883959, 3.141217655226987, 1.5702008906669633, 4.712204531100745, 1.5707402976139369, 6.766398938213002e-05, 4.7094485100954495, 1.5692325959206286, -0.00021367200878318936, 3.1416618627139146, 4.712065591454923, -0.0003978498816276807]",0.0
602,1.1286351112036241,"[4.711852656739175, 1.5703654767759891, -0.0006280025551615511, 3.1415886053430104, -0.0005419939729702741, 3.140941539920749, 3.1411948110051258, -0.0002387273179243984, 3.1409638424580835, 3.141377398316029, -4.1981411825411375e-05, -0.00025789492503883025, -0.000339155704060576, -0.0004574285326885968, -0.0004513429169885847, 3.570798294249034, 4.711840632084604, 1.5709428740042193, 4.7122330130841386, 1.5708018166162778, 3.141416055391077, 1.5706377209862925, 3.1477260421144235, -0.002454868023107499, 4.711311216092419, 4.712001060820884, 1.5707942249559208, 1.5708752530646501, 4.71222710872725, 3.141217655302218, 1.570200890748973, 4.712204531072599, 1.5707402976593052, 6.766393891869058e-05, 4.709448510025215, 1.569232595973918, -0.00021367197990042818, 3.1416618627633497, 4.712065591429325, -0.00039784986775509063]",0.0
603,1.1284238805237332,"[4.711852656780318, 1.5703654768920068, -0.0006280024925446783, 3.141588605423789, -0.0005419939578093347, 3.140941540037842, 3.1411948108723413, -0.00023872735569121676, 3.1409638425214252, 3.1413773984402265, -4.198126257555428e-05, -0.0002578947959714383, -0.000339155714910039, -0.00045742864234188, -0.0004513430044955638, 3.570798294323849, 4.7118406321105395, 1.57094287389476, 4.712233013115002, 1.5708018166293425, 3.1414160555426296, 1.5706377209953204, 3.1477260421188165, -0.002454867907155069, 4.711311216194872, 4.71200106093549, 1.5707942250465925, 1.5708752531966435, 4.712227108768485, 3.1412176553521958, 1.5702008906615235, 4.712204531039021, 1.5707402976479607, 6.766396238643524e-05, 4.709448510139703, 1.569232595972475, -0.00021367188290382725, 3.1416618628045745, 4.712065591408306, -0.00039784978669756937]",0.0
604,1.1294032227668642,"[4.711852656780584, 1.570365476737949, -0.0006280024864273928, 3.141588605348603, -0.0005419940124533755, 3.140941539935142, 3.1411948110549135, -0.0002387272679954241, 3.1409638424919897, 3.141377398416662, -4.1981343674293956e-05, -0.0002578949278083453, -0.0003391557042389147, -0.0004574285820147749, -0.00045134289756374824, 3.5707982941869156, 4.711840632098649, 1.570942873949752, 4.7122330130908, 1.5708018167038198, 3.1414160553482438, 1.5706377210257818, 3.147726042145, -0.002454867897113475, 4.711311216152555, 4.7120010609031375, 1.570794225027229, 1.5708752531316206, 4.712227108735994, 3.1412176553769315, 1.5702008907766638, 4.71220453107704, 1.5707402977011267, 6.766396315233923e-05, 4.709448510030497, 1.5692325959017779, -0.0002136719768681634, 3.1416618627733794, 4.7120655914289955, -0.0003978499453192444]",0.0
605,1.131035459838749,"[4.711852656846987, 1.5703654768504822, -0.0006280025306711071, 3.141588605357932, -0.0005419940478430609, 3.1409415399006058, 3.141194811040704, -0.00023872711935318924, 3.1409638425941147, 3.1413773984183067, -4.198148776535111e-05, -0.0002578948294841111, -0.000339155702971991, -0.00045742850347296494, -0.00045134295504241736, 3.570798294099467, 4.711840632182923, 1.5709428740950808, 4.712233012969748, 1.570801816636858, 3.141416055477235, 1.5706377208775297, 3.1477260422288316, -0.0024548678783639657, 4.711311216125749, 4.712001060863594, 1.570794224946236, 1.5708752530724137, 4.71222710872807, 3.1412176553869133, 1.570200890683028, 4.712204531128405, 1.5707402977138496, 6.76640081573762e-05, 4.709448510018921, 1.569232595897595, -0.00021367197796566875, 3.141661862761603, 4.712065591328328, -0.0003978497036880585]",0.0
606,1.12951843950135,"[4.711852656762922, 1.570365476837669, -0.0006280025096557932, 3.1415886052829842, -0.0005419939331265937, 3.140941539933594, 3.1411948110366192, -0.00023872729260716673, 3.14096384252927, 3.1413773983910924, -4.198133280576902e-05, -0.00025789493596609444, -0.00033915570687557224, -0.0004574286132772048, -0.00045134294042712433, 3.570798294222563, 4.711840632073716, 1.570942874040222, 4.712233013068062, 1.5708018167009714, 3.1414160553971646, 1.5706377210001539, 3.1477260421455546, -0.0024548678670078834, 4.711311216133333, 4.712001060859207, 1.5707942248639633, 1.5708752530990624, 4.712227108781905, 3.1412176553123867, 1.5702008907628908, 4.712204531033375, 1.5707402975839329, 6.766400839116571e-05, 4.709448509978585, 1.5692325959183606, -0.00021367193232240683, 3.1416618627678683, 4.712065591436037, -0.00039784986003164267]",0.0
607,1.129172789297892,"[4.7118526568419306, 1.5703654769951918, -0.0006280025274444883, 3.1415886052906417, -0.0005419939200528214, 3.140941539944513, 3.1411948110379253, -0.00023872732291512668, 3.140963842503587, 3.1413773984463536, -4.19813824765216e-05, -0.00025789495356342114, -0.00033915572021863565, -0.00045742847914217023, -0.0004513428303674254, 3.5707982942547325, 4.711840632124458, 1.5709428739807796, 4.712233013043006, 1.5708018167040618, 3.1414160555052786, 1.5706377209488063, 3.1477260422721294, -0.002454867984693741, 4.711311216171443, 4.712001060893076, 1.5707942249723827, 1.570875253198491, 4.712227108613222, 3.141217655448778, 1.5702008907486302, 4.712204531087401, 1.5707402975688098, 6.766390259812166e-05, 4.709448509928175, 1.5692325960963287, -0.0002136720433637237, 3.1416618626655457, 4.7120655914629195, -0.00039785001817571543]",0.0
608,1.127348524335197,"[4.711852656748035, 1.5703654767738895, -0.0006280024781817127, 3.141588605369265, -0.0005419939820855569, 3.140941539981101, 3.141194811083048, -0.00023872730596254628, 3.140963842585734, 3.141377398362469, -4.198135805072245e-05, -0.00025789492952911166, -0.000339155717247279, -0.0004574284962608534, -0.00045134290513043304, 3.570798294247349, 4.7118406320673, 1.5709428739606885, 4.712233013160804, 1.5708018166417257, 3.1414160554472335, 1.57063772098366, 3.147726042223358, -0.0024548679395634087, 4.7113112161737085, 4.712001060850336, 1.5707942249602709, 1.570875253108138, 4.712227108731613, 3.1412176553300175, 1.5702008907615606, 4.712204531138988, 1.5707402976580014, 6.766404167326633e-05, 4.709448509957701, 1.5692325959422864, -0.00021367192076244347, 3.141661862736008, 4.712065591474242, -0.0003978498373712416]",0.0
609,1.130574592900805,"[4.711852656789232, 1.5703654767513064, -0.0006280025706409479, 3.141588605389651, -0.0005419939285592781, 3.1409415399961356, 3.1411948110993255, -0.00023872733771474435, 3.140963842456976, 3.1413773983087956, -4.198150466969402e-05, -0.0002578949010081441, -0.00033915570758745125, -0.0004574286343599166, -0.00045134282442291983, 3.5707982941776826, 4.711840632063837, 1.5709428739191964, 4.712233013144638, 1.5708018167585431, 3.1414160555225186, 1.5706377210191345, 3.1477260420906394, -0.002454867895805964, 4.71131121619915, 4.712001060719102, 1.570794224864082, 1.5708752530925936, 4.7122271086529794, 3.141217655596587, 1.5702008907140173, 4.712204531001278, 1.5707402976404337, 6.766407896697727e-05, 4.709448510092471, 1.5692325959446154, -0.00021367194294507035, 3.1416618627672768, 4.7120655914642295, -0.0003978498268071802]",0.0
610,1.1281742442656801,"[4.711852656717675, 1.5703654768310409, -0.0006280025307397568, 3.1415886052537694, -0.0005419940215115244, 3.1409415399680323, 3.141194811024865, -0.00023872731969169452, 3.1409638425512996, 3.1413773983754996, -4.1981431869257014e-05, -0.0002578949325341238, -0.00033915562314901676, -0.0004574285971790264, -0.000451342906872519, 3.57079829416631, 4.711840632077231, 1.5709428739250044, 4.712233013138199, 1.5708018166162245, 3.141416055410459, 1.5706377210403268, 3.1477260422089683, -0.002454867914763266, 4.711311216130367, 4.71200106088266, 1.5707942249320346, 1.5708752531290728, 4.71222710878883, 3.1412176553916322, 1.5702008907277278, 4.712204531068832, 1.570740297679775, 6.766395834975438e-05, 4.7094485099863, 1.5692325960103197, -0.00021367198141493748, 3.141661862784861, 4.7120655913958664, -0.00039784984846558087]",0.0
611,1.1290191669852443,"[4.711852656771561, 1.5703654767294153, -0.000628002525580223, 3.141588605379036, -0.000541994024474022, 3.140941539900544, 3.1411948110468724, -0.00023872722267426503, 3.14096384254321, 3.141377398375589, -4.1981449035969456e-05, -0.0002578949507193986, -0.0003391556794524995, -0.00045742861463225857, -0.00045134285243948193, 3.570798294376304, 4.711840632080537, 1.5709428739606037, 4.71223301315102, 1.5708018167137963, 3.1414160555134667, 1.5706377209085656, 3.147726042006147, -0.002454867916810637, 4.71131121609801, 4.712001061004409, 1.5707942250100237, 1.5708752530851928, 4.712227108869476, 3.1412176554219724, 1.5702008906839309, 4.7122045309881555, 1.5707402976586502, 6.766394666376224e-05, 4.7094485097674195, 1.5692325959894873, -0.00021367197575295282, 3.1416618626601864, 4.712065591425832, -0.00039784982637466285]",0.0
612,1.1297104673921603,"[4.711852656718523, 1.5703654767535145, -0.0006280024975780996, 3.141588605383406, -0.000541993900820572, 3.140941539966062, 3.141194811035984, -0.0002387272238445887, 3.140963842489661, 3.1413773983614433, -4.1981346425131145e-05, -0.0002578949263705855, -0.0003391556649812918, -0.00045742860342275096, -0.0004513429314441808, 3.5707982941535468, 4.71184063205034, 1.570942873924634, 4.712233013070586, 1.5708018166372655, 3.1414160553901755, 1.5706377208980051, 3.147726042202393, -0.0024548679704565236, 4.711311216144693, 4.712001060865888, 1.5707942249354, 1.5708752531514083, 4.712227108760626, 3.1412176553977473, 1.5702008907295986, 4.712204531056272, 1.5707402976126832, 6.76639599757284e-05, 4.709448509980616, 1.5692325959833349, -0.00021367192500708007, 3.1416618627051145, 4.712065591395305, -0.00039784986810309243]",0.0
613,1.1294032227668642,"[4.711852656622073, 1.5703654768113064, -0.0006280023509989462, 3.14158860525487, -0.0005419940368404724, 3.140941539916015, 3.1411948110219563, -0.00023872738061556906, 3.1409638424964688, 3.1413773984440216, -4.1981392838969345e-05, -0.00025789501111870086, -0.00033915575979607735, -0.0004574286509495584, -0.0004513430610254763, 3.570798294225016, 4.7118406320535415, 1.5709428740606617, 4.712233013150021, 1.5708018167032067, 3.141416055467552, 1.5706377208760571, 3.1477260421150826, -0.002454867908674777, 4.71131121613146, 4.712001060782912, 1.5707942249495683, 1.5708752530991046, 4.712227108748263, 3.1412176554503395, 1.570200890708546, 4.712204531197978, 1.5707402977383478, 6.766393341546191e-05, 4.709448510070152, 1.5692325959600975, -0.0002136720077738126, 3.1416618625639567, 4.71206559142254, -0.00039784987176867556]",0.0
614,1.1303249566427522,"[4.71185265681714, 1.570365476747889, -0.0006280025044982261, 3.1415886052687085, -0.0005419939438623337, 3.140941539977556, 3.1411948110228454, -0.0002387272775415134, 3.1409638424504758, 3.1413773983768682, -4.1981415088171846e-05, -0.00025789496039465404, -0.00033915565439913113, -0.0004574285871842818, -0.0004513429397620806, 3.57079829417883, 4.711840632087786, 1.5709428739543894, 4.7122330130900965, 1.5708018166590458, 3.1414160554507213, 1.5706377209828988, 3.1477260421502664, -0.0024548679091727942, 4.711311216229074, 4.712001060922393, 1.5707942249799456, 1.5708752530405108, 4.712227108734835, 3.141217655301098, 1.5702008906573726, 4.712204531127604, 1.5707402976229132, 6.76640176456259e-05, 4.709448510008229, 1.5692325960032865, -0.0002136719722727609, 3.1416618627149036, 4.7120655914824106, -0.0003978498658351386]",0.0
615,1.1289807614070821,"[4.7118526567183885, 1.570365476800639, -0.0006280025151305352, 3.141588605342516, -0.0005419939648823223, 3.140941539964365, 3.1411948110283316, -0.0002387272835647238, 3.1409638425200916, 3.1413773983896025, -4.198140556538242e-05, -0.0002578949488522888, -0.00033915565105439215, -0.00045742857475954525, -0.00045134289073583484, 3.5707982942133847, 4.711840632074273, 1.5709428739607623, 4.7122330130429395, 1.5708018166817403, 3.1414160554745183, 1.5706377210085691, 3.1477260421593267, -0.0024548679337440347, 4.711311216149415, 4.712001060857044, 1.5707942249701323, 1.570875253101965, 4.7122271087604455, 3.141217655340027, 1.5702008907188167, 4.71220453109693, 1.5707402976416978, 6.766398574046307e-05, 4.709448510005021, 1.569232595920608, -0.00021367195564143165, 3.1416618627146193, 4.71206559141377, -0.00039784988897117063]",0.0
616,1.1318803825583132,"[4.71185265677619, 1.570365476840757, -0.0006280025723830169, 3.141588605273861, -0.0005419939649884233, 3.1409415399095155, 3.1411948110816557, -0.00023872722255325297, 3.1409638425406965, 3.1413773983065316, -4.19813632778295e-05, -0.00025789496898627825, -0.0003391557149472822, -0.00045742857353861136, -0.00045134290202359127, 3.5707982942419894, 4.711840631998346, 1.5709428739765026, 4.712233013128533, 1.5708018166507134, 3.141416055452307, 1.5706377209985671, 3.1477260421584816, -0.0024548679276558843, 4.711311216129741, 4.712001060899576, 1.57079422502571, 1.5708752531050347, 4.712227108770464, 3.1412176553720452, 1.5702008907312883, 4.712204531098523, 1.570740297636792, 6.766402975483478e-05, 4.709448510093497, 1.5692325959733862, -0.00021367191502505483, 3.1416618626876054, 4.71206559135445, -0.00039784989368974436]",0.0
617,1.1291320132701976,"[4.71185265670894, 1.5703654767864705, -0.0006280025358302282, 3.1415886053090385, -0.0005419939735547654, 3.1409415399225895, 3.141194811049057, -0.00023872727104895614, 3.1409638424947146, 3.1413773983688484, -4.198137991843802e-05, -0.00025789491258063887, -0.0003391556871682113, -0.000457428553030678, -0.0004513428811136601, 3.5707982942431467, 4.711840632077469, 1.5709428739666729, 4.712233013094154, 1.570801816701164, 3.141416055419619, 1.5706377209827764, 3.1477260421696416, -0.0024548679043506186, 4.7113112161974495, 4.712001060874321, 1.5707942249524225, 1.5708752531245727, 4.71222710874158, 3.141217655345231, 1.5702008907012415, 4.712204531095311, 1.570740297638437, 6.766396245612518e-05, 4.709448510023045, 1.5692325959653481, -0.00021367196269813765, 3.1416618627206456, 4.712065591399415, -0.00039784984352832464]",0.0
618,1.128500691680057,"[4.711852656747364, 1.5703654768652529, -0.0006280025186745639, 3.1415886052772106, -0.0005419939787249842, 3.140941540015613, 3.1411948110937606, -0.00023872726480464983, 3.1409638424814763, 3.1413773983520787, -4.198133140809123e-05, -0.00025789493669245694, -0.0003391555852533426, -0.0004574285755429653, -0.0004513428714784677, 3.570798294276939, 4.71184063213086, 1.5709428739608506, 4.712233013089748, 1.570801816621678, 3.1414160553976322, 1.5706377209141367, 3.1477260421157793, -0.002454867888461737, 4.711311216167167, 4.712001060801217, 1.570794224999791, 1.5708752530707077, 4.7122271087341, 3.141217655384305, 1.570200890718481, 4.7122045311188625, 1.5707402976693998, 6.766395662505439e-05, 4.709448509982598, 1.5692325959208853, -0.00021367190836821913, 3.1416618627527817, 4.712065591425084, -0.0003978498733567574]",0.0
619,1.1299216980720512,"[4.711852656758524, 1.570365476816727, -0.0006280025434176941, 3.1415886053315227, -0.0005419939846167843, 3.1409415399377654, 3.141194811060836, -0.00023872729706708753, 3.1409638424900463, 3.141377398349229, -4.198136820880444e-05, -0.0002578949372311118, -0.0003391556414187141, -0.000457428618004288, -0.00045134290936550356, 3.570798294224198, 4.711840632072234, 1.5709428739776459, 4.712233013084416, 1.570801816705584, 3.1414160554412445, 1.5706377209527862, 3.1477260421654667, -0.002454867946316502, 4.7113112161516195, 4.712001060883587, 1.5707942249655529, 1.570875253133535, 4.71222710873791, 3.141217655344587, 1.5702008907354559, 4.712204531124356, 1.5707402976683993, 6.766401478142853e-05, 4.709448509999664, 1.5692325959578568, -0.00021367196708232047, 3.1416618627485455, 4.712065591415336, -0.0003978498580825995]",0.0
620,1.1302635241941386,"[4.7118526567939245, 1.5703654767783397, -0.0006280025507049521, 3.1415886053113775, -0.0005419939697329096, 3.1409415400174026, 3.14119481094389, -0.00023872728033143227, 3.1409638424718556, 3.141377398372724, -4.1981431965505103e-05, -0.0002578949924810321, -0.0003391556906078597, -0.00045742855110457816, -0.0004513428662378983, 3.5707982942802245, 4.711840632065423, 1.5709428739579798, 4.712233013073501, 1.5708018167022528, 3.141416055411322, 1.5706377209301783, 3.1477260422056403, -0.002454867870182761, 4.711311216143023, 4.712001060874239, 1.570794224916399, 1.5708752531162649, 4.712227108777183, 3.1412176553546867, 1.5702008907874712, 4.712204531123348, 1.5707402977176934, 6.766397731719361e-05, 4.709448510025124, 1.5692325959673292, -0.00021367188704390618, 3.1416618627181276, 4.712065591395055, -0.0003978498724594234]",0.0
621,1.130440173377238,"[4.711852656720381, 1.5703654768130964, -0.0006280025497796922, 3.141588605313577, -0.0005419939533988883, 3.1409415399484355, 3.1411948110354517, -0.0002387272717381635, 3.1409638425045587, 3.141377398377022, -4.198138718471855e-05, -0.00025789495275526086, -0.0003391556924758255, -0.00045742858866645023, -0.00045134286683856873, 3.5707982941965803, 4.711840632121994, 1.5709428739841458, 4.712233013099364, 1.5708018166432554, 3.141416055432527, 1.5706377209713462, 3.1477260421330877, -0.0024548679157401277, 4.711311216144975, 4.712001060890619, 1.570794224965049, 1.570875253142498, 4.712227108738327, 3.141217655349539, 1.5702008907268943, 4.712204531098989, 1.570740297671019, 6.766400228803682e-05, 4.709448510016922, 1.5692325959549256, -0.00021367192414023953, 3.1416618627087805, 4.712065591452947, -0.00039784986275746403]",0.0
622,1.1304017677990763,"[4.711852656751012, 1.5703654768182633, -0.0006280025011169203, 3.1415886053334074, -0.0005419938670422344, 3.1409415399094134, 3.1411948110103385, -0.00023872727504742726, 3.140963842511158, 3.1413773983638547, -4.1981387513244566e-05, -0.0002578949774626365, -0.0003391556540656748, -0.00045742859265677767, -0.0004513428514400441, 3.570798294238392, 4.711840632060273, 1.5709428739986584, 4.712233013144664, 1.5708018166323534, 3.1414160554563377, 1.570637720961276, 3.1477260421837157, -0.002454867926926863, 4.711311216188117, 4.712001060925144, 1.5707942249575293, 1.5708752530682901, 4.712227108762911, 3.141217655403686, 1.5702008907542928, 4.712204531143471, 1.570740297653319, 6.766392124299582e-05, 4.709448510033273, 1.5692325958703846, -0.00021367200986444114, 3.1416618627893516, 4.712065591426917, -0.00039784983885761085]",0.0
623,1.1285390972582192,"[4.711852656745442, 1.570365476810437, -0.000628002563908551, 3.1415886053233333, -0.0005419939572246741, 3.140941539979923, 3.141194811044791, -0.00023872728386857228, 3.1409638425131816, 3.141377398374153, -4.198141290634754e-05, -0.00025789492222123384, -0.0003391556827964814, -0.000457428566578034, -0.00045134292083280587, 3.570798294206316, 4.711840632055934, 1.5709428739795446, 4.712233013099306, 1.5708018166917455, 3.1414160554156325, 1.5706377209667304, 3.1477260421366497, -0.0024548679051942363, 4.7113112161408175, 4.712001060873233, 1.5707942249910847, 1.5708752531210317, 4.712227108762885, 3.1412176553716833, 1.5702008907287013, 4.712204531146029, 1.570740297612996, 6.766395320304824e-05, 4.7094485100030345, 1.569232595946944, -0.0002136719406187118, 3.1416618627432267, 4.712065591437894, -0.0003978498665302436]",0.0
624,1.1308242291588582,"[4.711852656778353, 1.5703654768132091, -0.0006280025360526336, 3.1415886053071476, -0.0005419939985518732, 3.1409415399199014, 3.141194811024315, -0.00023872722077903564, 3.140963842472197, 3.1413773983289013, -4.198135069884289e-05, -0.0002578948978916331, -0.00033915566839010276, -0.00045742859749223295, -0.00045134289611960054, 3.5707982941763707, 4.711840632032901, 1.5709428739739268, 4.712233013136486, 1.5708018166938382, 3.1414160555177544, 1.5706377209964681, 3.147726042192976, -0.0024548679024908857, 4.711311216142932, 4.712001060822334, 1.570794224950113, 1.5708752531133723, 4.712227108747973, 3.1412176553222104, 1.5702008907171987, 4.7122045310934535, 1.5707402977015674, 6.766387524357275e-05, 4.709448509983096, 1.5692325959323545, -0.00021367189558259864, 3.1416618627196744, 4.712065591495473, -0.00039784988740055466]",0.0
625,1.1293456143996212,"[4.711852656727892, 1.5703654768338744, -0.0006280025255441954, 3.1415886053423403, -0.000541993976195994, 3.1409415399467737, 3.141194811064942, -0.0002387272306817802, 3.14096384248807, 3.1413773984040265, -4.19814026887346e-05, -0.0002578949701219089, -0.00033915568054634687, -0.0004574285774258666, -0.00045134291773839854, 3.570798294238859, 4.711840632042292, 1.5709428739571094, 4.712233013080755, 1.570801816658303, 3.1414160554399344, 1.5706377209760114, 3.147726042141186, -0.002454867912404074, 4.711311216171176, 4.712001060872168, 1.5707942249514144, 1.5708752531052368, 4.712227108737092, 3.1412176553517477, 1.5702008907417462, 4.712204531098599, 1.570740297667688, 6.76639764214626e-05, 4.709448510017763, 1.5692325959792117, -0.00021367194438823598, 3.14166186276824, 4.71206559144399, -0.00039784986301922713]",0.0
626,1.1296720618139982,"[4.711852656790979, 1.5703654767692168, -0.0006280025657793549, 3.1415886052696886, -0.0005419939686043788, 3.140941539995887, 3.141194811053959, -0.00023872725721876717, 3.14096384249749, 3.141377398423611, -4.198135587620113e-05, -0.000257894950499727, -0.00033915567559639724, -0.00045742858285748977, -0.0004513429117314529, 3.570798294284382, 4.711840632008227, 1.570942873978032, 4.712233013054517, 1.5708018166261053, 3.141416055401637, 1.570637721030629, 3.147726042168155, -0.0024548679677887696, 4.711311216120909, 4.712001060873885, 1.5707942249286397, 1.5708752531712422, 4.712227108703853, 3.1412176553995397, 1.570200890653119, 4.712204531114922, 1.570740297677625, 6.766396955479422e-05, 4.709448509990943, 1.5692325958837392, -0.0002136719719733241, 3.141661862700323, 4.7120655914527, -0.0003978498126774423]",0.0
627,1.1308434319479392,"[4.711852656773912, 1.5703654768294693, -0.0006280025227251828, 3.1415886053244835, -0.0005419939945602508, 3.140941539924793, 3.1411948110291075, -0.00023872727683638947, 3.140963842476553, 3.1413773983671516, -4.198138693626327e-05, -0.0002578949431999921, -0.0003391556802235588, -0.00045742858971837435, -0.0004513428954395755, 3.5707982942198657, 4.711840632075379, 1.5709428739448184, 4.71223301307494, 1.5708018166490552, 3.1414160554183734, 1.5706377210027074, 3.147726042150801, -0.0024548679299111146, 4.711311216184219, 4.712001060860691, 1.5707942249679234, 1.5708752531128167, 4.71222710876391, 3.141217655374913, 1.5702008907658924, 4.712204531121227, 1.5707402976265852, 6.766397584162505e-05, 4.709448509995955, 1.5692325959367597, -0.00021367193605765537, 3.141661862694158, 4.712065591428023, -0.0003978498279876386]",0.0
628,1.1307666207916152,"[4.711852656729609, 1.5703654768247906, -0.000628002534905445, 3.1415886052575783, -0.0005419939804154876, 3.1409415399380727, 3.1411948110104126, -0.00023872725867076842, 3.140963842474185, 3.141377398360842, -4.1981404336141856e-05, -0.0002578948909725387, -0.000339155622660483, -0.0004574284733268821, -0.0004513429572952439, 3.570798294221715, 4.7118406320489745, 1.5709428739414912, 4.712233013105474, 1.5708018166685096, 3.141416055452864, 1.5706377209226263, 3.147726042122795, -0.00245486794771284, 4.711311216187027, 4.712001060904028, 1.570794224935216, 1.5708752531566568, 4.712227108779311, 3.141217655383241, 1.570200890765101, 4.712204531057407, 1.5707402976638738, 6.766403266542997e-05, 4.709448510025296, 1.5692325958755984, -0.00021367197174461579, 3.1416618627225414, 4.712065591472275, -0.0003978499023533384]",0.0
629,1.1313019284363506,"[4.711852656784841, 1.5703654768056354, -0.0006280025359243702, 3.1415886053347073, -0.0005419940278024978, 3.1409415400156653, 3.1411948110539822, -0.00023872727723376353, 3.140963842481245, 3.141377398402431, -4.198138538473847e-05, -0.00025789499011992967, -0.00033915568821961254, -0.0004574285636391396, -0.0004513428834994842, 3.570798294181251, 4.711840632067401, 1.570942874034563, 4.712233013160694, 1.5708018166478814, 3.1414160554593584, 1.5706377209655176, 3.1477260421100257, -0.0024548679794603847, 4.711311216239944, 4.712001060865006, 1.5707942249234779, 1.5708752531596972, 4.712227108760101, 3.1412176553309976, 1.570200890707777, 4.712204531090306, 1.5707402976260534, 6.766395019415644e-05, 4.709448509995246, 1.5692325959157774, -0.0002136719311102839, 3.1416618627510284, 4.712065591331677, -0.0003978498958090056]",0.0
630,1.1298448869157274,"[4.711852656773934, 1.5703654767974868, -0.0006280025365536283, 3.1415886053399813, -0.0005419939630355283, 3.14094153996291, 3.141194811044823, -0.00023872728142806512, 3.140963842499581, 3.141377398360211, -4.1981404944273544e-05, -0.00025789492857018623, -0.0003391556806661991, -0.0004574285852856745, -0.00045134288094768023, 3.5707982942181977, 4.7118406320723905, 1.570942873959435, 4.712233013114626, 1.5708018166916637, 3.141416055445427, 1.5706377209853344, 3.147726042135971, -0.0024548679166051424, 4.711311216161452, 4.712001060826419, 1.57079422493146, 1.5708752530944565, 4.712227108728582, 3.141217655423375, 1.5702008907086833, 4.71220453107714, 1.5707402976506537, 6.766400873197892e-05, 4.709448510031743, 1.569232595948826, -0.0002136719526719396, 3.1416618627381467, 4.712065591434423, -0.0003978498675595113]",0.0
631,1.1284238805237332,"[4.711852656735736, 1.5703654767975592, -0.0006280025118877288, 3.141588605314722, -0.0005419939812896284, 3.1409415399500853, 3.141194811033874, -0.00023872727557914004, 3.140963842502264, 3.141377398375905, -4.1981382588714504e-05, -0.0002578949479287731, -0.0003391556764560295, -0.0004574285893588284, -0.00045134291977022806, 3.570798294221914, 4.711840632065033, 1.570942873978084, 4.712233013106715, 1.5708018166690523, 3.1414160554298185, 1.5706377209662867, 3.1477260421430238, -0.002454867919259793, 4.711311216154579, 4.712001060857237, 1.5707942249550373, 1.5708752531038113, 4.712227108759911, 3.1412176553672797, 1.5702008907166274, 4.71220453111468, 1.5707402976677942, 6.766398142575599e-05, 4.709448510022381, 1.569232595938781, -0.00021367194911601147, 3.141661862714643, 4.712065591421419, -0.0003978498599388777]",0.0
632,1.130842706461039,"[4.711852656769139, 1.5703654768538362, -0.0006280025061432728, 3.1415886053095017, -0.0005419939713089126, 3.1409415399439315, 3.1411948110235937, -0.000238727284677551, 3.1409638425120145, 3.1413773984021773, -4.1981371352293286e-05, -0.0002578949482299924, -0.0003391556900356915, -0.00045742855752622474, -0.0004513429049024922, 3.5707982942356087, 4.711840632084854, 1.5709428739853708, 4.712233013095053, 1.5708018166785926, 3.1414160554362, 1.5706377209576612, 3.1477260421735194, -0.0024548679358233744, 4.7113112161484345, 4.71200106086278, 1.570794224957499, 1.5708752531161607, 4.712227108727045, 3.14121765538647, 1.5702008907139353, 4.7122045311111815, 1.5707402976450064, 6.766395989823813e-05, 4.709448509999506, 1.5692325959828068, -0.00021367198191680545, 3.1416618626981903, 4.712065591430841, -0.00039784991222429776]",0.0
633,1.1301905371191852,"[4.711852656763016, 1.5703654768093627, -0.0006280025331014162, 3.141588605323063, -0.0005419939673910447, 3.1409415399264984, 3.1411948110433983, -0.0002387272859079938, 3.1409638424886124, 3.1413773983979993, -4.1981390532012805e-05, -0.00025789494050006915, -0.00033915566649505446, -0.0004574285698443319, -0.0004513428975723978, 3.5707982942246455, 4.711840632068228, 1.570942873961028, 4.712233013105868, 1.5708018166611701, 3.1414160554312014, 1.5706377209669056, 3.147726042161794, -0.002454867918639162, 4.711311216144837, 4.712001060864195, 1.5707942249584728, 1.570875253111034, 4.712227108752044, 3.141217655358637, 1.5702008907065463, 4.712204531103775, 1.5707402976495173, 6.766398583621585e-05, 4.709448510009282, 1.5692325959390088, -0.0002136719316708755, 3.141661862732387, 4.7120655914167395, -0.0003978498742097311]",0.0
634,1.1302865510645903,"[4.711852656779945, 1.570365476809834, -0.0006280025386918609, 3.1415886053373057, -0.0005419939790665169, 3.1409415399596257, 3.1411948110407018, -0.00023872725550875916, 3.1409638425287083, 3.1413773983810325, -4.198137404560466e-05, -0.00025789493612798204, -0.00033915566407797273, -0.00045742858038966635, -0.00045134286623647836, 3.5707982942250296, 4.711840632062546, 1.5709428739496738, 4.712233013099673, 1.5708018166564268, 3.1414160554166037, 1.5706377209542375, 3.1477260421429594, -0.002454867913878216, 4.71131121615347, 4.712001060840787, 1.5707942249461206, 1.5708752531281567, 4.712227108797787, 3.1412176553240814, 1.5702008907143878, 4.7122045311084895, 1.5707402976480427, 6.766398060891051e-05, 4.709448510040301, 1.5692325959526021, -0.00021367200060605658, 3.1416618627192223, 4.71206559144743, -0.00039784986800793385]",0.0
635,1.129422425555945,"[4.711852656764042, 1.5703654768143864, -0.0006280025286892724, 3.1415886053176307, -0.0005419939605443681, 3.1409415399511764, 3.141194811031743, -0.00023872727201089918, 3.140963842520029, 3.141377398383468, -4.198139018667421e-05, -0.0002578949263962156, -0.0003391556737400113, -0.0004574285895517444, -0.00045134290757209856, 3.5707982942386343, 4.71184063207909, 1.5709428739706113, 4.712233013094235, 1.5708018166727624, 3.141416055428143, 1.5706377209750446, 3.1477260421552153, -0.0024548679452873353, 4.711311216177444, 4.712001060863965, 1.5707942249666962, 1.5708752531168095, 4.712227108763253, 3.141217655361591, 1.570200890716146, 4.712204531095336, 1.5707402976633924, 6.766397476399673e-05, 4.709448510022193, 1.569232595949964, -0.00021367193235008174, 3.1416618627334025, 4.712065591430512, -0.0003978498698590136]",0.0
636,1.1283634459561473,"[4.711852656753146, 1.5703654768297877, -0.000628002527824128, 3.1415886053556634, -0.0005419939829339145, 3.140941539978366, 3.1411948109818586, -0.00023872727383144796, 3.1409638424940742, 3.141377398374249, -4.198133437088105e-05, -0.0002578949158351459, -0.00033915567490022815, -0.0004574285714746092, -0.0004513429176201689, 3.5707982942384326, 4.711840632076185, 1.5709428739523312, 4.712233013106919, 1.570801816654429, 3.1414160554533317, 1.5706377209879923, 3.147726042139146, -0.0024548679051216503, 4.711311216144632, 4.712001060894095, 1.570794224967499, 1.5708752531144399, 4.712227108741954, 3.1412176553609683, 1.570200890700644, 4.712204531099735, 1.5707402976426397, 6.766398594562387e-05, 4.709448510029189, 1.5692325959515325, -0.00021367194872418954, 3.1416618627470103, 4.712065591411854, -0.000397849849946375]",0.0
637,1.1286351112036241,"[4.711852656762225, 1.5703654768022437, -0.0006280025264606884, 3.1415886053151847, -0.0005419939601129543, 3.140941539945489, 3.141194811028679, -0.00023872724931846417, 3.140963842507384, 3.1413773983722924, -4.198138914599277e-05, -0.000257894951305122, -0.00033915566255549723, -0.0004574285757631066, -0.00045134291465307006, 3.570798294233864, 4.711840632091259, 1.570942873959564, 4.712233013111592, 1.5708018166733806, 3.1414160554357737, 1.5706377209846505, 3.147726042147925, -0.0024548679213454144, 4.711311216150461, 4.712001060852468, 1.5707942249570324, 1.5708752531302876, 4.712227108740121, 3.141217655355731, 1.5702008907263472, 4.712204531111329, 1.570740297645122, 6.766398071309922e-05, 4.709448510008719, 1.5692325959461957, -0.00021367195537463056, 3.1416618627305106, 4.7120655914148655, -0.0003978498685032283]",0.0
638,1.1295568450795122,"[4.711852656750085, 1.570365476781565, -0.0006280025488901317, 3.1415886053368305, -0.000541993987875484, 3.1409415399367315, 3.1411948110438686, -0.00023872725371143854, 3.140963842506097, 3.1413773983677986, -4.198136182708497e-05, -0.00025789493329298277, -0.0003391556464306878, -0.00045742856542329327, -0.0004513429055144721, 3.5707982942378127, 4.711840632094302, 1.57094287399299, 4.712233013082498, 1.5708018166514361, 3.1414160554345827, 1.5706377209988096, 3.1477260421533417, -0.002454867927122712, 4.711311216161235, 4.712001060884206, 1.5707942249137412, 1.5708752531021644, 4.712227108781085, 3.141217655391341, 1.570200890718044, 4.71220453114697, 1.570740297645219, 6.766398091944215e-05, 4.709448510018248, 1.5692325959669338, -0.0002136719336198169, 3.141661862733752, 4.712065591433826, -0.00039784990416732687]",0.0
639,1.1301329287519422,"[4.7118526567508265, 1.570365476821333, -0.0006280025397826738, 3.141588605326339, -0.0005419939690072565, 3.140941539959776, 3.141194811043711, -0.0002387272633393507, 3.1409638424835182, 3.141377398365234, -4.198138191530039e-05, -0.0002578949517967911, -0.0003391556902719688, -0.0004574285741262284, -0.0004513429109672979, 3.5707982942279886, 4.711840632089211, 1.5709428739653732, 4.712233013099977, 1.5708018166723094, 3.141416055429693, 1.570637720980757, 3.1477260421725353, -0.0024548679260774494, 4.711311216157422, 4.712001060864352, 1.5707942249599882, 1.5708752531105477, 4.712227108775098, 3.1412176553660975, 1.5702008907059124, 4.712204531100634, 1.5707402976576401, 6.76639849588955e-05, 4.709448510006505, 1.569232595936447, -0.00021367195965877556, 3.1416618627313007, 4.712065591427879, -0.000397849872420342]",0.0
640,1.1323988578635003,"[4.711852656757069, 1.5703654768373705, -0.0006280025452248129, 3.1415886053522724, -0.0005419939437537399, 3.1409415399466485, 3.141194811022158, -0.00023872726430439244, 3.1409638425183526, 3.1413773983609783, -4.198138163107747e-05, -0.00025789494199065854, -0.0003391556443260663, -0.0004574285549395986, -0.00045134290643044104, 3.5707982942052405, 4.711840632048626, 1.570942873978632, 4.712233013106741, 1.5708018166788404, 3.141416055386291, 1.5706377210019475, 3.147726042133007, -0.0024548679136083607, 4.711311216176642, 4.712001060870247, 1.570794224948183, 1.5708752530965862, 4.712227108740791, 3.1412176553514106, 1.570200890705577, 4.712204531107415, 1.5707402976961045, 6.76639881245829e-05, 4.709448509980536, 1.56923259594718, -0.00021367195116909444, 3.1416618627018043, 4.7120655914108, -0.0003978498738147141]",0.0
641,1.1290544766269734,"[4.711852656756774, 1.5703654768053088, -0.0006280025457460146, 3.1415886053083417, -0.0005419939598091418, 3.1409415399516045, 3.1411948110364594, -0.00023872726908584, 3.1409638425037096, 3.1413773983937716, -4.1981358094062246e-05, -0.00025789494426534625, -0.0003391556763817307, -0.00045742856315104843, -0.0004513428977278416, 3.570798294212195, 4.711840632075236, 1.5709428739585676, 4.712233013096128, 1.5708018166805477, 3.1414160554420514, 1.5706377209765452, 3.1477260421429865, -0.0024548679362686064, 4.711311216156558, 4.7120010608604135, 1.5707942249567899, 1.570875253098282, 4.712227108761622, 3.1412176553668156, 1.5702008907301714, 4.712204531109383, 1.5707402976648768, 6.766398060013719e-05, 4.709448510006795, 1.5692325959553204, -0.00021367195267442553, 3.1416618627312216, 4.712065591417135, -0.00039784985773875365]",0.0
642,1.1285775028363811,"[4.711852656741608, 1.5703654768152469, -0.0006280024997763927, 3.1415886053118496, -0.0005419939877714766, 3.140941539954765, 3.141194811006642, -0.00023872723291491407, 3.1409638424879622, 3.141377398384205, -4.1981380459873075e-05, -0.0002578949496834693, -0.0003391556479150253, -0.00045742856282418397, -0.00045134286175635803, 3.5707982942180356, 4.711840632059433, 1.5709428740007403, 4.7122330131120265, 1.570801816700579, 3.1414160554058377, 1.5706377209858196, 3.14772604216348, -0.002454867955160639, 4.711311216138768, 4.712001060860948, 1.570794224977003, 1.5708752531082364, 4.7122271087640994, 3.1412176553692985, 1.5702008907075269, 4.7122045311067176, 1.5707402976314184, 6.766400561974414e-05, 4.709448510012111, 1.5692325959566154, -0.0002136719353468898, 3.141661862746571, 4.712065591443616, -0.00039784985090966644]",0.0
643,1.129384019977783,"[4.711852656761319, 1.5703654768211013, -0.0006280025320056867, 3.1415886053186517, -0.0005419939726755342, 3.1409415399530483, 3.141194811033213, -0.0002387272594722408, 3.140963842504867, 3.141377398377451, -4.19813829140205e-05, -0.00025789493181945455, -0.0003391556723837675, -0.00045742856548479, -0.00045134290622612927, 3.570798294200451, 4.71184063207866, 1.5709428739799587, 4.712233013082154, 1.5708018166623618, 3.1414160554257586, 1.5706377209737838, 3.147726042172801, -0.0024548679229692, 4.711311216161574, 4.712001060854319, 1.5707942249517022, 1.5708752531100945, 4.712227108737396, 3.1412176553595597, 1.5702008907194254, 4.712204531118317, 1.5707402976580025, 6.76639861655475e-05, 4.7094485100361565, 1.5692325959386269, -0.00021367194984560193, 3.141661862736256, 4.712065591417229, -0.0003978498623428082]",0.0
644,1.1292880060323782,"[4.711852656779363, 1.5703654767970532, -0.0006280025287776261, 3.141588605326792, -0.0005419940037372948, 3.140941539941017, 3.141194811037053, -0.00023872722960390947, 3.140963842532994, 3.1413773983720854, -4.198140867433392e-05, -0.00025789492127118195, -0.00033915568191546745, -0.0004574285693805245, -0.0004513428952875908, 3.570798294227609, 4.711840632089702, 1.5709428739900575, 4.71223301307949, 1.570801816664154, 3.1414160554450095, 1.5706377209441091, 3.1477260421434305, -0.0024548679145541884, 4.711311216138288, 4.712001060896308, 1.570794224965261, 1.570875253085148, 4.712227108753693, 3.141217655374051, 1.5702008907116087, 4.712204531082814, 1.5707402976613682, 6.76639780143178e-05, 4.709448509971618, 1.5692325959402678, -0.00021367196184197222, 3.141661862728873, 4.71206559140608, -0.00039784984182770003]",0.0
645,1.128020621953032,"[4.711852656758712, 1.5703654768184363, -0.0006280025052566656, 3.14158860531186, -0.0005419939616562335, 3.1409415399556995, 3.1411948110410326, -0.00023872726409930077, 3.140963842495448, 3.141377398365301, -4.198138767678885e-05, -0.000257894922683644, -0.0003391556871102772, -0.00045742857466729906, -0.00045134288658193485, 3.5707982942228806, 4.711840632067684, 1.5709428739588829, 4.712233013091041, 1.570801816668866, 3.1414160554312947, 1.5706377209801647, 3.1477260421397055, -0.0024548679299065687, 4.711311216149898, 4.71200106087347, 1.5707942249441231, 1.5708752531171835, 4.712227108757119, 3.1412176553591444, 1.570200890712973, 4.7122045311231275, 1.5707402976616287, 6.766398461625187e-05, 4.709448510004688, 1.5692325959478806, -0.00021367194749241422, 3.141661862736332, 4.712065591414476, -0.0003978498760195452]",0.0
646,1.1287503279381101,"[4.711852656732462, 1.5703654768005388, -0.0006280025585830971, 3.141588605302544, -0.0005419939850464047, 3.140941539935333, 3.1411948109897176, -0.0002387272573924657, 3.1409638425175515, 3.141377398371321, -4.198137422276362e-05, -0.00025789493979584086, -0.00033915569911719746, -0.0004574286017530775, -0.0004513428877722069, 3.57079829422701, 4.711840632051266, 1.5709428739570002, 4.712233013090995, 1.5708018166498106, 3.1414160554242243, 1.5706377209602147, 3.1477260421561883, -0.002454867922888523, 4.711311216184774, 4.712001060841119, 1.570794224966179, 1.570875253104434, 4.71222710873777, 3.1412176553647875, 1.570200890711035, 4.712204531122305, 1.570740297645368, 6.76640075443133e-05, 4.7094485099762995, 1.5692325959360776, -0.00021367195754774332, 3.141661862755429, 4.712065591424244, -0.0003978499030954783]",0.0
647,1.1295736774190606,"[4.711852656760183, 1.5703654768085629, -0.0006280025329386021, 3.1415886053160045, -0.0005419939791057201, 3.1409415399486598, 3.141194811032664, -0.0002387272581868835, 3.1409638424967676, 3.1413773983597895, -4.198137226757719e-05, -0.00025789493133901, -0.00033915566854998946, -0.0004574285810421546, -0.0004513428937109802, 3.5707982942133953, 4.711840632059079, 1.570942873972929, 4.712233013106202, 1.570801816675167, 3.141416055451916, 1.5706377209803815, 3.1477260421634705, -0.002454867918645393, 4.711311216153165, 4.712001060860865, 1.5707942249545856, 1.5708752531118781, 4.712227108746002, 3.141217655353089, 1.5702008907207026, 4.712204531098473, 1.570740297662257, 6.76639538286375e-05, 4.709448510004437, 1.5692325959437352, -0.00021367193836045997, 3.1416618627245776, 4.712065591443874, -0.0003978498758732799]",0.0
648,1.1291919920869733,"[4.711852656756558, 1.5703654768051567, -0.0006280025330583244, 3.1415886053199036, -0.000541993972000958, 3.1409415399580096, 3.1411948110332837, -0.00023872726927742305, 3.1409638424993753, 3.1413773983843254, -4.198138089523102e-05, -0.0002578949398086915, -0.00033915566939149915, -0.00045742857620179614, -0.00045134289871889, 3.5707982942289003, 4.711840632069917, 1.570942873971649, 4.712233013091347, 1.5708018166670465, 3.141416055426435, 1.5706377209786115, 3.147726042154205, -0.0024548679283326134, 4.711311216156603, 4.712001060867322, 1.5707942249488018, 1.570875253119311, 4.7122271087447904, 3.1412176553660354, 1.570200890712455, 4.712204531106956, 1.5707402976576377, 6.766397706402115e-05, 4.709448510003539, 1.5692325959398838, -0.00021367195504541905, 3.1416618627286343, 4.712065591433137, -0.00039784986127153074]",0.0
649,1.1300945231737802,"[4.711852656760312, 1.5703654768064519, -0.0006280025382891815, 3.141588605303418, -0.0005419939695502633, 3.1409415399601546, 3.141194811048313, -0.00023872726282240275, 3.1409638425137194, 3.141377398361281, -4.1981373192590725e-05, -0.00025789495278294054, -0.0003391556744358554, -0.0004574285752097269, -0.00045134289561961545, 3.5707982942366736, 4.711840632048531, 1.5709428739707676, 4.71223301309386, 1.5708018166577806, 3.1414160554271557, 1.5706377209850846, 3.147726042156315, -0.0024548679290245326, 4.711311216147339, 4.712001060881596, 1.5707942249677065, 1.5708752531084549, 4.712227108743759, 3.1412176553671194, 1.5702008907207983, 4.712204531095667, 1.5707402976439981, 6.76639899701177e-05, 4.709448510026457, 1.569232595946228, -0.0002136719480502583, 3.141661862717373, 4.712065591412621, -0.0003978498747781118]",0.0
650,1.1284622861018951,"[4.711852656755757, 1.5703654768089201, -0.0006280025328012983, 3.141588605321537, -0.0005419939689123538, 3.1409415399584373, 3.1411948110360575, -0.00023872726396786573, 3.1409638424942323, 3.1413773983821396, -4.198138347525399e-05, -0.0002578949302040245, -0.00033915567032326993, -0.00045742857856248586, -0.0004513428968782438, 3.5707982942262, 4.711840632068458, 1.5709428739816818, 4.712233013103755, 1.570801816662281, 3.1414160554342976, 1.570637720979049, 3.147726042155635, -0.002454867923348517, 4.711311216160728, 4.712001060864383, 1.5707942249598839, 1.5708752531119126, 4.712227108753683, 3.1412176553616944, 1.570200890727072, 4.712204531103117, 1.5707402976543825, 6.766398584573178e-05, 4.709448510007937, 1.569232595949462, -0.00021367195492429564, 3.1416618627238995, 4.712065591417771, -0.0003978498726053961]",0.0
651,1.1287695307271912,"[4.7118526567608106, 1.570365476811581, -0.0006280025292663218, 3.141588605326483, -0.00054199398960412, 3.14094153996463, 3.1411948110371717, -0.00023872727443277885, 3.1409638425036834, 3.141377398373693, -4.1981381981299825e-05, -0.0002578949610752365, -0.0003391556743046428, -0.0004574285693672373, -0.00045134289220285194, 3.570798294211097, 4.711840632073345, 1.5709428739787619, 4.712233013108701, 1.5708018166691022, 3.1414160554345463, 1.570637720968289, 3.1477260421394404, -0.0024548679374633083, 4.711311216178933, 4.712001060872039, 1.5707942249459546, 1.570875253120351, 4.712227108750794, 3.1412176553560562, 1.5702008907169083, 4.7122045310994976, 1.5707402976417086, 6.76639711149841e-05, 4.70944851000927, 1.5692325959405642, -0.00021367194361417312, 3.141661862736448, 4.712065591406878, -0.000397849876352094]",0.0
652,1.130459376166319,"[4.711852656757736, 1.5703654768053916, -0.0006280025255145832, 3.141588605330513, -0.0005419939694358331, 3.140941539953888, 3.1411948110399246, -0.00023872726739649635, 3.1409638425081243, 3.141377398373107, -4.198137519761735e-05, -0.0002578949403869451, -0.00033915567915618046, -0.0004574285652188441, -0.0004513428982325321, 3.5707982942307632, 4.711840632070353, 1.570942873972474, 4.712233013100847, 1.5708018166698956, 3.1414160554332047, 1.570637720971677, 3.147726042156809, -0.0024548679270641398, 4.7113112161613895, 4.7120010608649485, 1.5707942249584825, 1.5708752531089993, 4.712227108746584, 3.1412176553575564, 1.5702008907231968, 4.712204531110371, 1.5707402976519265, 6.766398915863893e-05, 4.709448510007303, 1.5692325959417015, -0.00021367194482514664, 3.1416618627247805, 4.7120655914318705, -0.000397849868164566]",0.0
653,1.128961558618001,"[4.711852656747268, 1.5703654768100705, -0.0006280025220729261, 3.141588605312241, -0.0005419939834233403, 3.140941539961058, 3.141194811037749, -0.00023872728437197678, 3.14096384252415, 3.141377398370981, -4.198138847671092e-05, -0.00025789493832661687, -0.0003391556643192364, -0.0004574285684375441, -0.0004513428995167698, 3.570798294215996, 4.711840632073547, 1.5709428739582403, 4.7122330131139165, 1.5708018166542816, 3.141416055427289, 1.570637720987768, 3.147726042174036, -0.0024548679223122473, 4.7113112161551625, 4.7120010608691825, 1.5707942249521694, 1.5708752531103867, 4.712227108755761, 3.141217655365078, 1.5702008907272045, 4.712204531100811, 1.5707402976584517, 6.76639844118685e-05, 4.709448509998938, 1.5692325959610833, -0.00021367195322579674, 3.141661862741378, 4.71206559142672, -0.00039784986244992813]",0.0
654,1.129249600454216,"[4.711852656759195, 1.5703654768079023, -0.0006280025255218899, 3.1415886053212656, -0.0005419939628387129, 3.1409415399457727, 3.141194811031729, -0.0002387272719911054, 3.140963842503138, 3.141377398368384, -4.198137902824637e-05, -0.00025789494768497715, -0.00033915566979541314, -0.0004574285700522875, -0.0004513428954210595, 3.570798294223754, 4.711840632067258, 1.5709428739791589, 4.712233013092568, 1.5708018166630304, 3.141416055435573, 1.5706377209753417, 3.1477260421530944, -0.002454867918731618, 4.711311216162051, 4.712001060866023, 1.570794224963322, 1.570875253117852, 4.712227108756706, 3.141217655369415, 1.5702008907183502, 4.712204531103892, 1.5707402976565523, 6.766397906144257e-05, 4.709448510010166, 1.5692325959476854, -0.00021367195421954287, 3.1416618627360666, 4.712065591424916, -0.00039784986620167064]",0.0
655,1.128020621953032,"[4.711852656747826, 1.5703654768161357, -0.0006280025286824755, 3.1415886053234976, -0.000541993953477937, 3.1409415399465765, 3.141194811027742, -0.00023872726590087645, 3.1409638425046, 3.1413773983750204, -4.198138571328412e-05, -0.0002578949437302496, -0.0003391556643084055, -0.0004574285874153993, -0.000451342885228093, 3.5707982942274805, 4.711840632075845, 1.5709428739669207, 4.712233013111946, 1.570801816668953, 3.141416055429621, 1.570637720968898, 3.147726042160384, -0.0024548679296161418, 4.7113112161603, 4.712001060888544, 1.5707942249484537, 1.5708752530888865, 4.712227108747084, 3.1412176553671376, 1.5702008907314804, 4.712204531111685, 1.5707402976479283, 6.766396750825157e-05, 4.709448510020304, 1.569232595928244, -0.00021367196392166235, 3.1416618627351687, 4.712065591425522, -0.000397849868639077]",0.0
656,1.127098888077144,"[4.711852656761175, 1.5703654768101576, -0.0006280025263105364, 3.141588605315508, -0.0005419939698645665, 3.1409415399568372, 3.141194811036801, -0.0002387272623015246, 3.1409638425048305, 3.141377398380988, -4.198137941611948e-05, -0.0002578949436650283, -0.0003391556667326242, -0.0004574285804301338, -0.0004513428989245179, 3.5707982942184144, 4.711840632070765, 1.5709428739656373, 4.7122330130979915, 1.5708018166740818, 3.1414160554347723, 1.5706377209747462, 3.1477260421577897, -0.0024548679132332554, 4.711311216168826, 4.71200106087616, 1.570794224957585, 1.5708752531115573, 4.712227108752997, 3.141217655365815, 1.5702008907131155, 4.712204531108412, 1.570740297650624, 6.766398796869646e-05, 4.709448510009104, 1.56923259594702, -0.0002136719481227712, 3.141661862723745, 4.712065591427595, -0.0003978498702114139]",0.0
657,1.129172789297892,"[4.711852656766298, 1.5703654767937671, -0.0006280025269983772, 3.14158860531153, -0.0005419939680897382, 3.140941539956306, 3.141194811026533, -0.00023872727575158264, 3.140963842484954, 3.1413773983652957, -4.198138999556667e-05, -0.0002578949422177542, -0.00033915566781498967, -0.0004574285730782492, -0.0004513429084572179, 3.5707982942181378, 4.711840632079305, 1.5709428739687739, 4.712233013090466, 1.5708018166622117, 3.1414160554238033, 1.5706377209743605, 3.147726042145176, -0.002454867930366452, 4.711311216162472, 4.712001060872102, 1.5707942249603457, 1.5708752530862917, 4.712227108743999, 3.1412176553435773, 1.5702008907119447, 4.712204531099875, 1.5707402976455165, 6.766398223188385e-05, 4.709448510012755, 1.5692325959649125, -0.0002136719576472063, 3.1416618627296, 4.712065591437217, -0.0003978498735888738]",0.0
658,1.1302289426973473,"[4.711852656750352, 1.5703654768124156, -0.000628002532137464, 3.1415886053235176, -0.0005419939621961657, 3.1409415399548033, 3.141194811032512, -0.00023872726343678976, 3.140963842503003, 3.1413773983694337, -4.198138168323168e-05, -0.0002578949409154062, -0.00033915566743169027, -0.0004574285766387211, -0.00045134290102962393, 3.570798294221646, 4.711840632066895, 1.5709428739682008, 4.712233013095607, 1.5708018166630062, 3.1414160554341413, 1.5706377209642977, 3.147726042158584, -0.0024548679312535763, 4.711311216157158, 4.712001060864403, 1.570794224948061, 1.570875253112122, 4.7122271087534875, 3.1412176553646654, 1.570200890715105, 4.712204531102686, 1.5707402976455118, 6.766398118268734e-05, 4.709448510006614, 1.5692325959539513, -0.00021367194548799326, 3.1416618627219406, 4.712065591421839, -0.00039784986289586693]",0.0
659,1.1295952506576743,"[4.711852656752757, 1.5703654767913648, -0.0006280025177953116, 3.1415886053355515, -0.0005419939702180913, 3.1409415399537277, 3.141194811037063, -0.00023872725961188087, 3.1409638424990725, 3.141377398377811, -4.19813675651864e-05, -0.0002578949356825739, -0.0003391556720345628, -0.00045742858084223635, -0.000451342901042455, 3.570798294207995, 4.711840632074399, 1.5709428739568727, 4.712233013089779, 1.5708018166715982, 3.1414160554061, 1.5706377209679923, 3.1477260421580318, -0.002454867924712892, 4.71131121615276, 4.712001060871835, 1.5707942249649416, 1.5708752531192751, 4.712227108749659, 3.1412176553740947, 1.5702008907323373, 4.712204531088825, 1.5707402976546865, 6.766397318332725e-05, 4.709448510010326, 1.5692325959463245, -0.00021367194951086283, 3.1416618627313144, 4.712065591419401, -0.00039784988624366746]",0.0
660,1.1302289426973473,"[4.711852656759093, 1.5703654768100774, -0.0006280025299787662, 3.1415886053200297, -0.0005419939678367809, 3.1409415399460894, 3.141194811029944, -0.00023872726935485037, 3.1409638425070376, 3.1413773983774234, -4.198137960849475e-05, -0.00025789494128129173, -0.0003391556807544912, -0.00045742857905800273, -0.00045134290475055646, 3.5707982942200456, 4.711840632066872, 1.5709428739779545, 4.712233013096341, 1.570801816674348, 3.1414160554284365, 1.5706377209813922, 3.147726042155096, -0.0024548679221742848, 4.711311216153984, 4.7120010608718985, 1.570794224944026, 1.5708752531122205, 4.712227108755521, 3.141217655357508, 1.5702008907242069, 4.712204531096749, 1.570740297646102, 6.766398609745923e-05, 4.709448510009762, 1.5692325959460105, -0.00021367195095345018, 3.141661862730586, 4.712065591426665, -0.0003978498689481489]",0.0
661,1.1288079363053534,"[4.711852656749903, 1.5703654768271547, -0.0006280025262157527, 3.1415886053057562, -0.0005419939721897812, 3.1409415399620584, 3.1411948110448114, -0.00023872727215190124, 3.1409638425038806, 3.1413773983715667, -4.198136619401332e-05, -0.0002578949380411148, -0.00033915565637768566, -0.0004574285783473511, -0.0004513428943275863, 3.570798294238207, 4.711840632085446, 1.570942873976676, 4.712233013087079, 1.5708018166701772, 3.141416055419521, 1.5706377209684732, 3.1477260421433417, -0.0024548679051415137, 4.711311216156293, 4.7120010608522085, 1.5707942249517246, 1.5708752530990369, 4.712227108751722, 3.141217655359318, 1.5702008907251324, 4.712204531094379, 1.570740297645462, 6.766397890114374e-05, 4.709448510003299, 1.5692325959381606, -0.00021367194045421932, 3.1416618627366057, 4.712065591423746, -0.000397849872048598]",0.0
662,1.1293264116105401,"[4.711852656761095, 1.5703654768059494, -0.0006280025322468146, 3.1415886053252335, -0.0005419939711352502, 3.1409415399590728, 3.1411948110281105, -0.00023872726962832056, 3.140963842502822, 3.1413773983750715, -4.1981383663079364e-05, -0.00025789494946252075, -0.0003391556761620008, -0.00045742858122582757, -0.000451342890216678, 3.570798294229899, 4.711840632072437, 1.5709428739715658, 4.712233013094025, 1.5708018166730637, 3.1414160554268946, 1.5706377209756939, 3.1477260421616218, -0.0024548679181984542, 4.711311216154098, 4.712001060865356, 1.5707942249543307, 1.5708752531072971, 4.71222710875121, 3.1412176553600166, 1.5702008907213785, 4.71220453110977, 1.5707402976584959, 6.766397695497317e-05, 4.7094485100110965, 1.5692325959544495, -0.00021367194316282686, 3.141661862727734, 4.7120655914172405, -0.00039784986770484995]",0.0
663,1.1293619909883594,"[4.711852656753877, 1.5703654768117417, -0.0006280025376551945, 3.141588605308895, -0.0005419939803261258, 3.1409415399572524, 3.141194811014958, -0.0002387272689080956, 3.14096384249352, 3.141377398369608, -4.198139618120087e-05, -0.00025789493863305767, -0.0003391556623552711, -0.0004574285524070176, -0.00045134290058383264, 3.570798294233528, 4.711840632066984, 1.570942873960212, 4.71223301309325, 1.5708018166793012, 3.141416055432691, 1.5706377209596885, 3.1477260421526876, -0.002454867920293261, 4.7113112161600235, 4.7120010608771965, 1.5707942249488014, 1.5708752531200145, 4.712227108758445, 3.1412176553671745, 1.5702008907384783, 4.712204531098677, 1.5707402976657519, 6.766399059642164e-05, 4.7094485100193975, 1.5692325959396403, -0.00021367194750957513, 3.14166186272316, 4.712065591428562, -0.00039784987904893795]",0.0
664,1.130264249681039,"[4.7118526567547425, 1.5703654768195638, -0.0006280025359746629, 3.141588605328099, -0.0005419939698250453, 3.1409415399475527, 3.141194811032545, -0.0002387272655452608, 3.1409638425072774, 3.1413773983707873, -4.198138306921779e-05, -0.0002578949411544987, -0.0003391556635496929, -0.0004574285715180126, -0.00045134289992867555, 3.570798294220222, 4.711840632067553, 1.5709428739701723, 4.712233013101004, 1.5708018166721993, 3.1414160554195862, 1.5706377209834508, 3.1477260421460467, -0.002454867923322426, 4.71131121616092, 4.712001060868748, 1.5707942249580642, 1.5708752531065173, 4.712227108749025, 3.1412176553612645, 1.5702008907135867, 4.712204531104914, 1.5707402976634106, 6.766398207136895e-05, 4.709448510006116, 1.5692325959468951, -0.00021367195098084883, 3.1416618627212096, 4.712065591421381, -0.00039784987268196443]",0.0
665,1.1276173633823312,"[4.711852656755846, 1.5703654768107826, -0.0006280025256047506, 3.141588605319794, -0.0005419939742756623, 3.140941539948813, 3.141194811031741, -0.00023872726340737026, 3.1409638425008883, 3.1413773983752633, -4.198137779338331e-05, -0.00025789494369982574, -0.0003391556684280868, -0.0004574285752251405, -0.0004513428939140325, 3.570798294225892, 4.711840632072495, 1.5709428739707263, 4.712233013097911, 1.5708018166682676, 3.141416055430276, 1.570637720977139, 3.147726042156189, -0.0024548679289180943, 4.7113112161586175, 4.712001060866746, 1.5707942249539935, 1.5708752531094452, 4.712227108751194, 3.141217655362042, 1.570200890717827, 4.712204531099953, 1.570740297656716, 6.766398586690435e-05, 4.709448510011851, 1.569232595947057, -0.00021367194989433132, 3.1416618627275614, 4.712065591424216, -0.0003978498689115379]",0.0
666,1.1308242291588582,"[4.711852656750972, 1.5703654768123878, -0.0006280025297622421, 3.141588605318318, -0.000541993976742307, 3.140941539954508, 3.141194811031049, -0.0002387272622436768, 3.140963842501431, 3.1413773983770397, -4.1981385462432626e-05, -0.00025789494008848047, -0.00033915566823673277, -0.00045742857250075, -0.0004513428931470321, 3.570798294221325, 4.711840632068733, 1.5709428739757605, 4.712233013101077, 1.570801816678821, 3.1414160554251107, 1.5706377209766142, 3.14772604215196, -0.002454867929533222, 4.711311216150265, 4.712001060866878, 1.5707942249671483, 1.57087525311113, 4.712227108755855, 3.1412176553669515, 1.5702008907172744, 4.712204531110166, 1.5707402976424263, 6.766398186632772e-05, 4.709448510012752, 1.5692325959494562, -0.00021367194680417932, 3.141661862734051, 4.712065591430683, -0.00039784986664489537]",0.0
667,1.1281742442656801,"[4.711852656751504, 1.5703654768102449, -0.0006280025302436332, 3.1415886053185407, -0.0005419939711751961, 3.140941539950481, 3.141194811034989, -0.00023872726843999662, 3.140963842502141, 3.141377398374026, -4.198138207884808e-05, -0.00025789493841129544, -0.0003391556744894897, -0.00045742857292923553, -0.00045134289554365147, 3.5707982942251975, 4.711840632070119, 1.5709428739684248, 4.712233013097984, 1.5708018166735556, 3.1414160554286448, 1.5706377209746543, 3.147726042155337, -0.0024548679224431122, 4.711311216161634, 4.712001060867363, 1.5707942249585403, 1.5708752531123422, 4.712227108748086, 3.141217655359672, 1.5702008907175493, 4.712204531100313, 1.5707402976522096, 6.76639793701928e-05, 4.709448510011761, 1.5692325959475175, -0.00021367195303772604, 3.141661862726822, 4.712065591421625, -0.00039784986515247487]",0.0
668,1.1296720618139982,"[4.711852656749408, 1.570365476802223, -0.0006280025363911146, 3.14158860532237, -0.0005419939783291882, 3.1409415399436282, 3.1411948110394805, -0.00023872726605445851, 3.1409638425040085, 3.141377398372416, -4.1981377755696525e-05, -0.00025789493518210547, -0.0003391556682526115, -0.0004574285721565699, -0.00045134289807160317, 3.5707982942302716, 4.71184063207815, 1.570942873972156, 4.712233013093722, 1.570801816667843, 3.141416055432071, 1.5706377209807239, 3.147726042153474, -0.002454867922454892, 4.711311216162613, 4.712001060872252, 1.570794224947872, 1.5708752531105108, 4.712227108755154, 3.141217655367763, 1.570200890716796, 4.712204531111794, 1.5707402976493632, 6.766397748236314e-05, 4.709448510016369, 1.5692325959534525, -0.0002136719492659376, 3.1416618627276613, 4.712065591423406, -0.00039784987582751753]",0.0
669,1.128270258211085,"[4.71185265675164, 1.570365476811588, -0.0006280025309554015, 3.141588605322652, -0.0005419939707278589, 3.140941539953527, 3.141194811037741, -0.00023872726279398375, 3.140963842503553, 3.1413773983779376, -4.198138295829193e-05, -0.0002578949437397661, -0.0003391556712787025, -0.0004574285740346713, -0.0004513429003259542, 3.570798294226041, 4.711840632067952, 1.5709428739707394, 4.712233013097249, 1.570801816669278, 3.141416055431897, 1.5706377209735518, 3.1477260421525934, -0.002454867923203316, 4.71131121615721, 4.712001060868766, 1.5707942249549878, 1.5708752531098717, 4.712227108748929, 3.141217655360974, 1.570200890718333, 4.712204531102456, 1.5707402976567613, 6.766398123937624e-05, 4.7094485100127725, 1.5692325959507398, -0.0002136719505266456, 3.1416618627345976, 4.71206559142644, -0.0003978498723319765]",0.0
670,1.129998509228375,"[4.711852656758266, 1.5703654768196813, -0.0006280025292191019, 3.141588605324364, -0.0005419939797475277, 3.1409415399466223, 3.141194811037375, -0.00023872726547041813, 3.1409638424972286, 3.141377398376293, -4.198138529358101e-05, -0.0002578949450810858, -0.00033915567497969253, -0.0004574285797712086, -0.0004513428998394751, 3.57079829422502, 4.711840632068516, 1.570942873961262, 4.712233013090855, 1.5708018166621007, 3.1414160554311255, 1.570637720980093, 3.1477260421492756, -0.002454867924134393, 4.711311216163146, 4.712001060866622, 1.5707942249589322, 1.5708752531093677, 4.712227108750248, 3.1412176553661886, 1.570200890731915, 4.712204531105867, 1.5707402976493514, 6.766397868256115e-05, 4.709448510010447, 1.569232595948906, -0.0002136719489405146, 3.1416618627255057, 4.712065591428671, -0.00039784986290905246]",0.0
671,1.1280590275311941,"[4.711852656761014, 1.5703654768114688, -0.0006280025330805991, 3.1415886053193653, -0.0005419939731662411, 3.140941539950773, 3.1411948110354757, -0.0002387272650582428, 3.1409638425026074, 3.1413773983734203, -4.198137822722111e-05, -0.00025789493990710017, -0.00033915567259481627, -0.00045742857543085966, -0.0004513428971446941, 3.570798294225344, 4.711840632070358, 1.5709428739699687, 4.712233013103375, 1.570801816666582, 3.1414160554244392, 1.5706377209704099, 3.1477260421523883, -0.002454867923113587, 4.711311216158185, 4.712001060867447, 1.5707942249543834, 1.5708752531127137, 4.712227108753264, 3.1412176553627242, 1.5702008907191622, 4.712204531105501, 1.5707402976544655, 6.76639810046363e-05, 4.709448510013418, 1.5692325959496627, -0.0002136719521508002, 3.141661862728948, 4.7120655914271605, -0.00039784986761595806]",0.0
672,1.1299024952829702,"[4.711852656757168, 1.5703654768097088, -0.0006280025311698017, 3.141588605326151, -0.0005419939744018454, 3.140941539955132, 3.1411948110346843, -0.00023872727006653873, 3.1409638425116833, 3.1413773983773625, -4.19813828666103e-05, -0.0002578949404880909, -0.0003391556670015611, -0.0004574285777393409, -0.00045134289074308045, 3.570798294222019, 4.7118406320709925, 1.5709428739638054, 4.712233013091671, 1.5708018166670255, 3.141416055435473, 1.570637720973867, 3.1477260421507562, -0.00245486792381357, 4.7113112161526685, 4.712001060861309, 1.5707942249575264, 1.5708752531124028, 4.71222710876035, 3.1412176553535076, 1.5702008907169642, 4.7122045311035015, 1.5707402976509641, 6.766398176965512e-05, 4.7094485100173475, 1.5692325959428426, -0.00021367196185332786, 3.1416618627231387, 4.712065591427293, -0.0003978498746577754]",0.0
673,1.1300753203846992,"[4.711852656750628, 1.570365476812016, -0.0006280025326699874, 3.1415886053198494, -0.0005419939680665632, 3.140941539952898, 3.141194811033846, -0.0002387272705122273, 3.14096384250129, 3.1413773983745035, -4.1981379691488804e-05, -0.0002578949434423459, -0.0003391556723143859, -0.0004574285765425252, -0.0004513428946274543, 3.570798294221412, 4.71184063207445, 1.570942873970304, 4.712233013098826, 1.5708018166667406, 3.1414160554292434, 1.5706377209774491, 3.147726042151998, -0.002454867924455227, 4.711311216157924, 4.712001060868221, 1.570794224956275, 1.5708752531154462, 4.7122271087492145, 3.141217655361446, 1.5702008907208358, 4.712204531104988, 1.5707402976541076, 6.766398357520532e-05, 4.709448510014293, 1.5692325959484705, -0.0002136719470326756, 3.141661862725766, 4.712065591429234, -0.0003978498717213904]",0.0
674,1.1295568450795122,"[4.711852656757629, 1.5703654768091286, -0.0006280025340768173, 3.141588605318951, -0.0005419939768080758, 3.1409415399496057, 3.1411948110348127, -0.00023872726210193127, 3.140963842509756, 3.141377398373511, -4.198138735349954e-05, -0.000257894938085005, -0.0003391556767303336, -0.00045742857647053376, -0.00045134289598165836, 3.5707982942205194, 4.711840632083679, 1.5709428739752338, 4.712233013094837, 1.5708018166646374, 3.141416055435654, 1.5706377209683833, 3.147726042148877, -0.0024548679230094054, 4.71131121615043, 4.712001060876575, 1.5707942249610483, 1.5708752531082617, 4.712227108748033, 3.1412176553662174, 1.5702008907178608, 4.712204531098801, 1.570740297658006, 6.766398279517309e-05, 4.709448510004531, 1.5692325959444242, -0.00021367194859532232, 3.141661862725685, 4.712065591422852, -0.00039784986555931306]",0.0
675,1.129076775352487,"[4.711852656752138, 1.5703654768106148, -0.000628002532899811, 3.141588605317243, -0.0005419939735537408, 3.140941539949562, 3.1411948110295644, -0.00023872726480501106, 3.1409638425046227, 3.1413773983755835, -4.198137882637328e-05, -0.00025789494193626493, -0.000339155672857915, -0.0004574285761489591, -0.00045134289885727656, 3.57079829422485, 4.7118406320695, 1.5709428739697326, 4.712233013095303, 1.570801816665023, 3.14141605542808, 1.5706377209734979, 3.1477260421554103, -0.00245486792536397, 4.711311216159936, 4.7120010608686895, 1.5707942249593216, 1.5708752531113421, 4.712227108752539, 3.1412176553577673, 1.570200890719536, 4.712204531108264, 1.5707402976530498, 6.766398121052945e-05, 4.7094485100063315, 1.5692325959451852, -0.0002136719500980575, 3.1416618627297273, 4.712065591423714, -0.0003978498728834461]",0.0
676,1.1281934470547612,"[4.711852656756809, 1.5703654768075896, -0.0006280025365024882, 3.1415886053200235, -0.0005419939735274885, 3.140941539951736, 3.1411948110289263, -0.00023872726989578697, 3.1409638425047146, 3.1413773983702, -4.1981383388303055e-05, -0.0002578949381200895, -0.00033915567661241193, -0.0004574285817647566, -0.00045134289541143513, 3.570798294223821, 4.711840632067728, 1.5709428739653648, 4.712233013099678, 1.5708018166707662, 3.1414160554330337, 1.5706377209748477, 3.1477260421513815, -0.002454867924523384, 4.711311216162021, 4.712001060856264, 1.5707942249544036, 1.5708752531057382, 4.712227108743696, 3.1412176553754825, 1.5702008907158667, 4.712204531102789, 1.5707402976515104, 6.766398968588231e-05, 4.70944851000929, 1.569232595944302, -0.00021367195229920704, 3.141661862734674, 4.7120655914247696, -0.00039784987699263284]",0.0
677,1.1292303976651352,"[4.711852656756155, 1.5703654768128994, -0.0006280025276048916, 3.141588605318793, -0.0005419939708347599, 3.1409415399528355, 3.141194811030912, -0.0002387272656873511, 3.1409638425050175, 3.1413773983788573, -4.198138178217012e-05, -0.00025789494194643214, -0.0003391556753057146, -0.0004574285696794524, -0.0004513428978920065, 3.5707982942250185, 4.711840632071959, 1.5709428739706943, 4.712233013098525, 1.570801816666034, 3.14141605542939, 1.5706377209762719, 3.1477260421537467, -0.002454867923445511, 4.71131121615767, 4.712001060865741, 1.5707942249555038, 1.5708752531086392, 4.712227108750997, 3.1412176553665185, 1.5702008907174907, 4.712204531102991, 1.5707402976515275, 6.766397656061585e-05, 4.709448510011447, 1.5692325959480902, -0.00021367195068545584, 3.1416618627237036, 4.712065591426025, -0.0003978498739651661]",0.0
678,1.1297296701812412,"[4.711852656759547, 1.5703654768198803, -0.0006280025271841576, 3.141588605319625, -0.0005419939754613274, 3.1409415399495697, 3.1411948110366836, -0.0002387272769157062, 3.140963842502545, 3.141377398374156, -4.1981376249202336e-05, -0.00025789494158092835, -0.0003391556684433675, -0.0004574285788619325, -0.000451342903715619, 3.5707982942265506, 4.711840632072956, 1.5709428739741242, 4.712233013095635, 1.5708018166770739, 3.141416055433984, 1.570637720968986, 3.1477260421587085, -0.0024548679309905172, 4.7113112161537085, 4.712001060870594, 1.570794224958751, 1.5708752531138992, 4.71222710874397, 3.1412176553656024, 1.5702008907209044, 4.712204531108758, 1.570740297654359, 6.766398092416682e-05, 4.709448510008319, 1.5692325959538915, -0.00021367195882529024, 3.1416618627248476, 4.712065591422919, -0.00039784987672087594]",0.0
679,1.129307208821459,"[4.711852656755611, 1.5703654768119808, -0.0006280025299117282, 3.1415886053237445, -0.0005419939737141132, 3.1409415399552603, 3.141194811028351, -0.00023872726873848648, 3.140963842501589, 3.1413773983751145, -4.198137556174704e-05, -0.00025789493776953406, -0.00033915567203655005, -0.00045742857516220954, -0.00045134290069836374, 3.5707982942265977, 4.711840632071964, 1.5709428739677076, 4.71223301309854, 1.5708018166665876, 3.1414160554339516, 1.570637720976069, 3.1477260421525313, -0.002454867922907304, 4.711311216155799, 4.712001060870946, 1.5707942249579796, 1.5708752531113086, 4.712227108750475, 3.1412176553628264, 1.5702008907173965, 4.712204531103371, 1.5707402976512936, 6.766398144284678e-05, 4.709448510014386, 1.5692325959468492, -0.0002136719490551569, 3.1416618627310617, 4.712065591423307, -0.0003978498675256243]",0.0
680,1.1300945231737802,"[4.711852656758352, 1.5703654768165634, -0.0006280025354842169, 3.141588605330054, -0.0005419939690120812, 3.1409415399504903, 3.141194811033259, -0.0002387272673322599, 3.1409638425063413, 3.141377398368758, -4.198138326519696e-05, -0.00025789493928917963, -0.0003391556609337819, -0.00045742857146733364, -0.00045134290311650663, 3.5707982942203533, 4.711840632066868, 1.57094287397024, 4.712233013099917, 1.570801816673233, 3.141416055421648, 1.5706377209847997, 3.147726042146935, -0.002454867923644025, 4.71131121615971, 4.712001060869572, 1.5707942249572338, 1.5708752531050492, 4.712227108751088, 3.1412176553626083, 1.57020089071486, 4.7122045311051215, 1.5707402976620375, 6.766398187659307e-05, 4.7094485100056565, 1.5692325959435742, -0.00021367194889940967, 3.141661862722678, 4.712065591419174, -0.0003978498700676603]",0.0
681,1.1305937956898862,"[4.711852656757874, 1.5703654768080195, -0.0006280025299511865, 3.1415886053186823, -0.0005419939693382695, 3.1409415399508145, 3.141194811033654, -0.00023872726280088933, 3.140963842504131, 3.141377398373146, -4.198138342056529e-05, -0.0002578949436519776, -0.0003391556683084032, -0.0004574285751214179, -0.0004513429022836816, 3.5707982942265, 4.711840632075825, 1.5709428739674323, 4.712233013100824, 1.570801816670111, 3.1414160554316193, 1.570637720978028, 3.1477260421522892, -0.002454867924394635, 4.711311216155777, 4.712001060864292, 1.5707942249565796, 1.5708752531150556, 4.712227108748497, 3.1412176553613502, 1.5702008907216012, 4.712204531105766, 1.570740297651088, 6.766398064287541e-05, 4.709448510010673, 1.5692325959458626, -0.0002136719511808774, 3.1416618627287205, 4.7120655914220535, -0.00039784986987188376]",0.0
682,1.1298064813375652,"[4.7118526567565455, 1.5703654768112636, -0.0006280025282773883, 3.141588605319447, -0.0005419939720218663, 3.140941539952789, 3.1411948110353443, -0.00023872726681077678, 3.1409638425022623, 3.1413773983731583, -4.198138167907334e-05, -0.00025789493884852274, -0.00033915567305475717, -0.00045742857426853367, -0.0004513428975106364, 3.5707982942238425, 4.71184063207044, 1.5709428739689966, 4.712233013095766, 1.5708018166689623, 3.141416055430154, 1.5706377209764293, 3.1477260421516196, -0.002454867925127879, 4.711311216156659, 4.712001060867441, 1.5707942249553826, 1.5708752531124377, 4.712227108752095, 3.141217655362307, 1.5702008907180944, 4.71220453110581, 1.5707402976544345, 6.7663982352843e-05, 4.709448510009879, 1.5692325959479683, -0.00021367194897162, 3.1416618627284794, 4.712065591423466, -0.0003978498708653969]",0.0
683,1.1300177120174562,"[4.711852656754958, 1.5703654768115092, -0.000628002528206088, 3.141588605320253, -0.0005419939670598912, 3.1409415399518563, 3.141194811034887, -0.00023872726760000023, 3.140963842502352, 3.1413773983734505, -4.1981382929401834e-05, -0.0002578949396912505, -0.00033915567047526, -0.00045742857717966546, -0.00045134289425181125, 3.5707982942246757, 4.711840632071284, 1.570942873969097, 4.712233013099704, 1.5708018166686721, 3.1414160554303643, 1.5706377209744276, 3.147726042154634, -0.0024548679271119062, 4.711311216158017, 4.712001060873085, 1.5707942249538016, 1.570875253105476, 4.7122271087513825, 3.1412176553641165, 1.570200890722113, 4.712204531107493, 1.5707402976532088, 6.766397813043554e-05, 4.709448510012547, 1.5692325959411682, -0.0002136719526590349, 3.1416618627307225, 4.7120655914242455, -0.00039784987000388635]",0.0
684,1.1294003965665216,"[4.711852656755572, 1.5703654768112063, -0.0006280025295296248, 3.1415886053217057, -0.0005419939734425884, 3.1409415399523684, 3.141194811032724, -0.0002387272671621432, 3.1409638425024706, 3.1413773983722453, -4.198138467003734e-05, -0.0002578949403910228, -0.0003391556700301625, -0.0004574285748394203, -0.0004513428984202733, 3.5707982942261514, 4.711840632070616, 1.5709428739710518, 4.712233013097089, 1.570801816668266, 3.1414160554288766, 1.570637720974301, 3.1477260421549356, -0.0024548679231969407, 4.711311216158141, 4.712001060869002, 1.5707942249556563, 1.5708752531125663, 4.712227108750749, 3.14121765536282, 1.570200890719446, 4.712204531103544, 1.5707402976528235, 6.766398216820768e-05, 4.709448510011729, 1.5692325959454367, -0.00021367194964328902, 3.141661862727446, 4.712065591425837, -0.00039784987157771563]",0.0
685,1.1298256841266463,"[4.711852656756334, 1.5703654768086914, -0.0006280025355680732, 3.1415886053168967, -0.0005419939726340697, 3.1409415399536615, 3.1411948110318364, -0.0002387272686999907, 3.1409638425014537, 3.1413773983760893, -4.198138071314656e-05, -0.00025789494158748354, -0.0003391556690910396, -0.00045742856878781135, -0.0004513428992899576, 3.5707982942238754, 4.711840632070214, 1.5709428739677722, 4.712233013095622, 1.5708018166727398, 3.1414160554323143, 1.5706377209723792, 3.1477260421532294, -0.002454867925758042, 4.711311216158402, 4.712001060868249, 1.5707942249552476, 1.5708752531097694, 4.7122271087547105, 3.141217655364915, 1.5702008907252472, 4.712204531102662, 1.5707402976568734, 6.7663982808466e-05, 4.70944851001194, 1.569232595945972, -0.00021367194922024805, 3.141661862727148, 4.712065591424789, -0.00039784986947129827]",0.0
686,1.1299409008611323,"[4.711852656756552, 1.570365476809115, -0.0006280025297599234, 3.1415886053212545, -0.0005419939715093881, 3.1409415399519327, 3.1411948110324777, -0.0002387272682855674, 3.140963842500767, 3.1413773983742375, -4.1981382502506296e-05, -0.0002578949402440491, -0.000339155670409825, -0.00045742857440734185, -0.0004513428991220922, 3.5707982942228655, 4.711840632073517, 1.570942873970181, 4.712233013096923, 1.5708018166689643, 3.1414160554297474, 1.5706377209746556, 3.1477260421524553, -0.002454867924856174, 4.711311216159185, 4.712001060867374, 1.5707942249561875, 1.570875253108182, 4.712227108751117, 3.141217655360781, 1.570200890719027, 4.712204531104538, 1.570740297653038, 6.766398122339508e-05, 4.709448510009899, 1.569232595948865, -0.00021367195114250479, 3.141661862728895, 4.712065591426784, -0.00039784987003871157]",0.0
687,1.129960103650213,"[4.7118526567586105, 1.5703654768067914, -0.0006280025332257692, 3.141588605316446, -0.0005419939722273949, 3.140941539954443, 3.1411948110388477, -0.00023872726844869483, 3.140963842503093, 3.1413773983720237, -4.1981379894449344e-05, -0.00025789494379606446, -0.0003391556707082125, -0.000457428575831662, -0.0004513429000203201, 3.570798294225005, 4.711840632067625, 1.5709428739713407, 4.71223301309545, 1.5708018166654778, 3.1414160554286252, 1.5706377209781697, 3.147726042154843, -0.002454867927356728, 4.711311216156527, 4.712001060869614, 1.5707942249599363, 1.5708752531068144, 4.712227108749086, 3.1412176553623232, 1.5702008907172975, 4.712204531101371, 1.5707402976508005, 6.766398152407096e-05, 4.709448510014208, 1.5692325959467632, -0.00021367194976567945, 3.141661862726399, 4.712065591424389, -0.0003978498701842777]",0.0
688,1.129076775352487,"[4.7118526567568875, 1.5703654768123498, -0.0006280025315960346, 3.141588605319331, -0.0005419939711506872, 3.140941539951836, 3.1411948110337553, -0.00023872726818100954, 3.140963842505217, 3.141377398375012, -4.198138304838675e-05, -0.0002578949397872157, -0.00033915567116736404, -0.0004574285760900094, -0.00045134289884772653, 3.5707982942267025, 4.7118406320718185, 1.5709428739710476, 4.712233013097548, 1.5708018166692732, 3.1414160554314248, 1.570637720976057, 3.1477260421533817, -0.002454867927002413, 4.711311216160155, 4.712001060867214, 1.5707942249568423, 1.5708752531105907, 4.712227108752612, 3.1412176553620133, 1.5702008907183647, 4.712204531104228, 1.5707402976543339, 6.766398093501951e-05, 4.7094485100122725, 1.5692325959471074, -0.0002136719482008219, 3.1416618627284505, 4.712065591425681, -0.00039784986906737387]",0.0
689,1.1301905371191852,"[4.711852656755866, 1.5703654768070843, -0.0006280025284261488, 3.141588605324602, -0.0005419939707185623, 3.1409415399521787, 3.1411948110357755, -0.0002387272662061977, 3.1409638425050197, 3.1413773983766684, -4.198137860734281e-05, -0.00025789493813311275, -0.0003391556708952082, -0.00045742857820713415, -0.0004513428997096018, 3.57079829422184, 4.711840632072733, 1.570942873968151, 4.712233013095518, 1.5708018166700917, 3.1414160554252466, 1.5706377209738476, 3.147726042155395, -0.0024548679272694885, 4.711311216159318, 4.712001060867278, 1.5707942249595952, 1.5708752531131978, 4.7122271087528205, 3.1412176553661655, 1.5702008907218594, 4.712204531099884, 1.5707402976546065, 6.766397825660133e-05, 4.709448510011393, 1.5692325959463138, -0.00021367194748339997, 3.1416618627293453, 4.712065591424181, -0.0003978498726484359]",0.0
690,1.1294032227668642,"[4.711852656755722, 1.5703654768104771, -0.0006280025311584249, 3.14158860531984, -0.0005419939710937069, 3.1409415399504805, 3.141194811033889, -0.00023872726582144493, 3.140963842502642, 3.1413773983729754, -4.198138035627256e-05, -0.0002578949385466647, -0.0003391556705558566, -0.00045742857580088404, -0.0004513428983315372, 3.570798294224303, 4.711840632070028, 1.570942873969535, 4.712233013097094, 1.570801816669519, 3.1414160554315522, 1.5706377209764297, 3.147726042155751, -0.0024548679231550063, 4.71131121615553, 4.712001060866843, 1.5707942249571523, 1.570875253109688, 4.712227108750977, 3.1412176553626887, 1.5702008907197773, 4.712204531104177, 1.5707402976550673, 6.766397985178546e-05, 4.709448510010754, 1.5692325959470135, -0.00021367194945733168, 3.141661862727071, 4.71206559142787, -0.0003978498700123899]",0.0
691,1.12836627215649,"[4.711852656756919, 1.5703654768109099, -0.0006280025318834619, 3.141588605321586, -0.000541993977386218, 3.140941539953532, 3.1411948110357866, -0.00023872726739009012, 3.140963842501728, 3.1413773983728723, -4.198137970356492e-05, -0.00025789494332866615, -0.00033915567082495543, -0.0004574285749568603, -0.00045134289649840766, 3.570798294219257, 4.711840632069853, 1.5709428739729194, 4.712233013101171, 1.5708018166698523, 3.141416055434651, 1.57063772097534, 3.1477260421534554, -0.0024548679256273156, 4.711311216160333, 4.71200106086642, 1.570794224953977, 1.570875253112275, 4.7122271087507, 3.141217655360852, 1.5702008907187832, 4.712204531102937, 1.5707402976527018, 6.766397492491072e-05, 4.709448510009212, 1.5692325959438804, -0.00021367194729079, 3.14166186272903, 4.71206559142403, -0.000397849871321351]",0.0
692,1.131726760245665,"[4.711852656756923, 1.5703654768094024, -0.0006280025315350319, 3.1415886053219353, -0.0005419939717192864, 3.1409415399487135, 3.1411948110344237, -0.00023872726875130457, 3.1409638425016424, 3.141377398376944, -4.198138328684351e-05, -0.0002578949411101683, -0.00033915567141347386, -0.0004574285741316869, -0.0004513428982112684, 3.5707982942233065, 4.711840632069973, 1.5709428739685873, 4.712233013098916, 1.570801816668099, 3.1414160554308017, 1.5706377209751772, 3.147726042155023, -0.0024548679256215017, 4.711311216156515, 4.712001060868624, 1.570794224957031, 1.5708752531113075, 4.7122271087512715, 3.1412176553628166, 1.5702008907178056, 4.712204531104892, 1.5707402976535823, 6.766398182433122e-05, 4.709448510011474, 1.569232595946614, -0.00021367194887061716, 3.1416618627279145, 4.712065591423913, -0.000397849870430275]",0.0
693,1.1300921527242473,"[4.7118526567549965, 1.5703654768141135, -0.0006280025307546486, 3.1415886053188196, -0.000541993971538277, 3.140941539950854, 3.1411948110384382, -0.00023872727072264075, 3.1409638425022535, 3.141377398377287, -4.198137872878486e-05, -0.0002578949408005094, -0.0003391556671089247, -0.000457428574828938, -0.0004513428972314848, 3.5707982942269263, 4.711840632073699, 1.5709428739712696, 4.712233013096067, 1.570801816668193, 3.1414160554280075, 1.570637720973168, 3.14772604215275, -0.0024548679196462575, 4.711311216155701, 4.712001060863743, 1.5707942249552993, 1.5708752531079877, 4.71222710875187, 3.141217655362674, 1.5702008907192315, 4.712204531102513, 1.5707402976504343, 6.766398224839134e-05, 4.709448510008419, 1.569232595943591, -0.00021367194643582432, 3.141661862730227, 4.712065591423095, -0.00039784986976834066]",0.0
694,1.1293648171887023,"[4.711852656757011, 1.5703654768117363, -0.0006280025317344209, 3.141588605321135, -0.0005419939711411452, 3.1409415399513425, 3.1411948110338117, -0.000238727265094682, 3.1409638425016846, 3.1413773983748947, -4.198138082405747e-05, -0.00025789494033046664, -0.00033915567155281564, -0.0004574285745234292, -0.00045134289875175854, 3.5707982942225414, 4.711840632071707, 1.570942873971996, 4.7122330130944805, 1.5708018166694695, 3.1414160554298283, 1.5706377209743505, 3.1477260421537756, -0.0024548679248293827, 4.711311216158328, 4.712001060866477, 1.5707942249562337, 1.5708752531105061, 4.7122271087496275, 3.141217655362516, 1.5702008907188665, 4.712204531105815, 1.5707402976533356, 6.766398147863456e-05, 4.70944851001442, 1.5692325959449087, -0.00021367194977238647, 3.1416618627278154, 4.712065591423783, -0.0003978498698957692]",0.0
695,1.1304017677990763,"[4.711852656754524, 1.570365476812156, -0.0006280025298572426, 3.1415886053194653, -0.0005419939748522375, 3.140941539954414, 3.141194811035221, -0.00023872726902066837, 3.140963842508142, 3.141377398374207, -4.1981382504108204e-05, -0.0002578949393296556, -0.00033915566984789205, -0.00045742857213016303, -0.0004513428994733933, 3.57079829421897, 4.711840632072886, 1.5709428739698656, 4.712233013098113, 1.570801816665323, 3.1414160554287642, 1.5706377209780615, 3.1477260421603477, -0.0024548679242261786, 4.711311216157952, 4.712001060865946, 1.5707942249548907, 1.5708752531101922, 4.71222710875009, 3.1412176553636177, 1.5702008907213465, 4.7122045311062, 1.57074029765488, 6.766398305569867e-05, 4.709448510012177, 1.5692325959480713, -0.00021367195154524673, 3.1416618627315613, 4.712065591423846, -0.00039784986671450695]",0.0
696,1.130440173377238,"[4.711852656757572, 1.5703654768127127, -0.0006280025334986421, 3.1415886053217505, -0.0005419939707744458, 3.14094153995279, 3.1411948110349335, -0.00023872726605469425, 3.1409638425019004, 3.1413773983736326, -4.198138110562381e-05, -0.0002578949409458427, -0.00033915567170901155, -0.00045742857328771646, -0.0004513428967276805, 3.5707982942247374, 4.711840632073045, 1.5709428739690483, 4.712233013096471, 1.5708018166691087, 3.1414160554300397, 1.570637720976819, 3.1477260421560356, -0.0024548679255048792, 4.711311216158106, 4.712001060868683, 1.570794224956718, 1.5708752531112875, 4.712227108751985, 3.141217655362743, 1.5702008907188707, 4.712204531102933, 1.5707402976521134, 6.766398156801543e-05, 4.709448510009483, 1.569232595946866, -0.00021367195081993087, 3.141661862729675, 4.712065591425293, -0.000397849871177922]",0.0
697,1.129768075759403,"[4.711852656751517, 1.5703654768110107, -0.000628002530511366, 3.1415886053215054, -0.0005419939731749477, 3.1409415399534755, 3.1411948110363603, -0.00023872726734002573, 3.1409638424996063, 3.1413773983725704, -4.198138124825971e-05, -0.0002578949446123242, -0.0003391556754448187, -0.00045742857697479803, -0.00045134290347976575, 3.5707982942247787, 4.7118406320739545, 1.5709428739705182, 4.71223301309913, 1.5708018166700606, 3.1414160554298785, 1.570637720975587, 3.1477260421553273, -0.0024548679244085726, 4.71131121615723, 4.712001060865841, 1.5707942249570488, 1.5708752531092878, 4.712227108757601, 3.1412176553649616, 1.5702008907166074, 4.712204531105099, 1.5707402976559555, 6.766398219199854e-05, 4.709448510011349, 1.5692325959435736, -0.00021367195258495983, 3.141661862726455, 4.712065591424707, -0.00039784986876184093]",0.0
698,1.1278669996403843,"[4.711852656756242, 1.5703654768103843, -0.0006280025309318871, 3.1415886053208837, -0.0005419939714131682, 3.1409415399506107, 3.1411948110332912, -0.0002387272675795708, 3.1409638425047763, 3.141377398375097, -4.1981380564065724e-05, -0.0002578949413265538, -0.0003391556730070412, -0.00045742857611930435, -0.00045134289942506294, 3.5707982942232497, 4.711840632069897, 1.5709428739723328, 4.7122330130970225, 1.5708018166705706, 3.1414160554295996, 1.5706377209771298, 3.1477260421532316, -0.0024548679242416623, 4.711311216156823, 4.7120010608690075, 1.5707942249533953, 1.570875253110692, 4.712227108752314, 3.1412176553622264, 1.5702008907210145, 4.712204531102571, 1.57074029765131, 6.766398255620492e-05, 4.709448510010487, 1.5692325959466835, -0.00021367195076267635, 3.1416618627283017, 4.712065591425003, -0.00039784986942337637]",0.0
699,1.128961558618001,"[4.711852656754999, 1.5703654768102995, -0.000628002531756065, 3.141588605320824, -0.000541993973261019, 3.1409415399522223, 3.141194811034847, -0.00023872726659036016, 3.1409638425031434, 3.141377398374949, -4.1981381176047205e-05, -0.0002578949398723188, -0.00033915567097632187, -0.00045742857518456286, -0.00045134289834906335, 3.570798294224752, 4.711840632072013, 1.5709428739694182, 4.712233013097554, 1.5708018166694575, 3.1414160554296093, 1.5706377209758073, 3.1477260421538054, -0.002454867925329906, 4.711311216157725, 4.712001060868228, 1.5707942249550184, 1.570875253109845, 4.71222710875092, 3.141217655362568, 1.570200890719387, 4.712204531104779, 1.570740297652762, 6.766398136572976e-05, 4.709448510011361, 1.569232595947085, -0.0002136719495774913, 3.14166186272711, 4.7120655914246, -0.0003978498706034002]",0.0
700,1.129864089704808,"[4.711852656754636, 1.5703654768084927, -0.0006280025311783681, 3.1415886053216218, -0.0005419939721346406, 3.140941539949913, 3.1411948110349295, -0.0002387272674404388, 3.1409638425039828, 3.14137739837308, -4.198137990063597e-05, -0.0002578949414188635, -0.00033915566971444216, -0.0004574285738146857, -0.0004513428968995494, 3.5707982942255216, 4.711840632071454, 1.5709428739721425, 4.712233013095931, 1.57080181666814, 3.1414160554312867, 1.570637720976355, 3.1477260421527813, -0.002454867923630997, 4.711311216159506, 4.712001060868312, 1.5707942249563067, 1.5708752531113963, 4.7122271087525425, 3.1412176553655713, 1.5702008907191192, 4.712204531105795, 1.570740297653034, 6.766398039025527e-05, 4.709448510011385, 1.5692325959482907, -0.00021367195116747388, 3.141661862728533, 4.712065591424154, -0.00039784986967310494]",0.0
701,1.1280014191639511,"[4.711852656755192, 1.570365476810934, -0.0006280025313786403, 3.1415886053215103, -0.0005419939724215538, 3.140941539951339, 3.141194811034059, -0.00023872726770644313, 3.1409638425027238, 3.1413773983737, -4.198138154003119e-05, -0.0002578949407621317, -0.00033915567164828343, -0.00045742857433859807, -0.00045134289808390827, 3.5707982942250096, 4.711840632071127, 1.5709428739704852, 4.7122330130969985, 1.570801816668059, 3.1414160554295174, 1.5706377209757034, 3.147726042153051, -0.002454867926212703, 4.711311216156652, 4.712001060866738, 1.5707942249562359, 1.5708752531104295, 4.712227108751016, 3.141217655362709, 1.5702008907206217, 4.7122045311038026, 1.5707402976535754, 6.766398046449877e-05, 4.709448510011179, 1.569232595946781, -0.00021367195027421356, 3.1416618627284794, 4.712065591424501, -0.0003978498696662577]",0.0
702,1.127540552226007,"[4.71185265675655, 1.5703654768128168, -0.0006280025300141725, 3.1415886053214703, -0.0005419939734352608, 3.1409415399519585, 3.141194811035082, -0.0002387272661709154, 3.1409638425024653, 3.141377398375497, -4.1981381897567786e-05, -0.0002578949427392751, -0.00033915567124485717, -0.0004574285766024423, -0.00045134289806711175, 3.570798294223935, 4.711840632069886, 1.5709428739679607, 4.71223301309613, 1.570801816668116, 3.141416055430628, 1.5706377209760678, 3.1477260421524793, -0.0024548679239625227, 4.711311216159717, 4.712001060867999, 1.5707942249576043, 1.5708752531101544, 4.7122271087507075, 3.1412176553641027, 1.5702008907219802, 4.712204531104658, 1.5707402976525415, 6.766398153540305e-05, 4.709448510010188, 1.5692325959471516, -0.0002136719501721654, 3.141661862726843, 4.712065591425622, -0.0003978498677024808]",0.0
703,1.1294584606845746,"[4.711852656756291, 1.570365476810206, -0.0006280025310457395, 3.1415886053208335, -0.0005419939717610224, 3.1409415399525895, 3.141194811033537, -0.0002387272673387993, 3.1409638425025763, 3.1413773983742455, -4.198138139882056e-05, -0.00025789494188844375, -0.00033915567174497887, -0.000457428575374718, -0.0004513428978095037, 3.5707982942249, 4.711840632071384, 1.5709428739707458, 4.712233013097249, 1.5708018166694848, 3.141416055429365, 1.570637720975709, 3.147726042154621, -0.0024548679241967767, 4.711311216157676, 4.712001060867998, 1.5707942249561213, 1.570875253110073, 4.712227108750759, 3.141217655363351, 1.5702008907198812, 4.712204531104953, 1.5707402976539924, 6.766398081354753e-05, 4.709448510010598, 1.569232595947726, -0.00021367194855467987, 3.1416618627283275, 4.712065591423764, -0.000397849869502868]",0.0
704,1.1298256841266463,"[4.7118526567565455, 1.5703654768099071, -0.0006280025310621869, 3.141588605322374, -0.0005419939720777545, 3.1409415399542495, 3.141194811033586, -0.00023872726781310103, 3.1409638425055872, 3.1413773983751314, -4.1981381496234603e-05, -0.00025789494217666616, -0.00033915567023369797, -0.0004574285761977106, -0.0004513428953020797, 3.5707982942242102, 4.711840632070747, 1.5709428739693723, 4.712233013096389, 1.5708018166694484, 3.141416055430657, 1.5706377209745606, 3.147726042153435, -0.0024548679240249628, 4.711311216156118, 4.712001060866173, 1.570794224956859, 1.5708752531104846, 4.7122271087528365, 3.141217655360883, 1.5702008907189196, 4.712204531104422, 1.5707402976537785, 6.766398135237177e-05, 4.7094485100118835, 1.5692325959465654, -0.000213671952360477, 3.141661862726796, 4.712065591424252, -0.00039784987029085905]",0.0
705,1.1285198944691381,"[4.711852656755894, 1.5703654768103068, -0.0006280025306674554, 3.1415886053207247, -0.0005419939719106045, 3.140941539952684, 3.1411948110345698, -0.00023872726723061526, 3.140963842502665, 3.1413773983756745, -4.198138108101871e-05, -0.00025789494102996776, -0.0003391556703379464, -0.00045742857446250573, -0.0004513428984494351, 3.5707982942246974, 4.711840632071347, 1.5709428739707179, 4.712233013096473, 1.5708018166686548, 3.1414160554294788, 1.570637720975916, 3.1477260421538387, -0.0024548679252043345, 4.711311216157277, 4.712001060868651, 1.5707942249557778, 1.570875253111725, 4.712227108751286, 3.1412176553624485, 1.570200890719072, 4.712204531104658, 1.5707402976538625, 6.766398022630089e-05, 4.709448510010386, 1.5692325959461806, -0.00021367195039726774, 3.1416618627276103, 4.712065591425518, -0.0003978498685736072]",0.0
706,1.1282697231503294,"[4.711852656755656, 1.5703654768094697, -0.0006280025323190689, 3.1415886053201505, -0.0005419939719785405, 3.1409415399530625, 3.1411948110330563, -0.00023872726780835217, 3.1409638425032576, 3.141377398374889, -4.1981381180852484e-05, -0.00025789494038989626, -0.0003391556715039436, -0.0004574285762746268, -0.0004513428977109007, 3.5707982942244514, 4.711840632070013, 1.5709428739697655, 4.712233013097543, 1.5708018166691338, 3.1414160554299317, 1.5706377209754614, 3.1477260421527475, -0.0024548679255349017, 4.7113112161585535, 4.712001060865734, 1.5707942249553841, 1.5708752531109251, 4.712227108748506, 3.141217655366132, 1.5702008907177087, 4.712204531104135, 1.570740297653745, 6.766398280334746e-05, 4.709448510009193, 1.5692325959450135, -0.00021367195146363994, 3.141661862729354, 4.7120655914259855, -0.0003978498699976067]",0.0
707,1.1285775028363811,"[4.711852656755187, 1.5703654768104731, -0.0006280025308713951, 3.1415886053206363, -0.0005419939710437189, 3.140941539952436, 3.1411948110342167, -0.00023872726679051066, 3.140963842502996, 3.141377398373991, -4.198138135179515e-05, -0.0002578949410118614, -0.0003391556708750061, -0.0004574285752798572, -0.00045134289827287137, 3.570798294224029, 4.711840632070895, 1.5709428739699935, 4.712233013096857, 1.5708018166681836, 3.141416055430891, 1.5706377209738467, 3.1477260421544893, -0.0024548679256838294, 4.7113112161575454, 4.712001060867325, 1.5707942249553535, 1.5708752531109158, 4.712227108751656, 3.1412176553633353, 1.5702008907192333, 4.712204531104084, 1.5707402976520077, 6.766398126990937e-05, 4.709448510010669, 1.5692325959475928, -0.0002136719495965659, 3.141661862727625, 4.7120655914246115, -0.0003978498690932105]",0.0
708,1.129307208821459,"[4.7118526567550205, 1.570365476812798, -0.0006280025314597762, 3.1415886053222684, -0.0005419939701955934, 3.140941539952237, 3.141194811033588, -0.00023872726650901401, 3.1409638425043926, 3.141377398372882, -4.198138047810825e-05, -0.0002578949409175838, -0.00033915566855435153, -0.00045742857366144014, -0.00045134289945254264, 3.570798294222804, 4.711840632069742, 1.5709428739705478, 4.712233013099116, 1.5708018166692423, 3.141416055428585, 1.5706377209758628, 3.1477260421518385, -0.002454867925151472, 4.711311216158249, 4.71200106086869, 1.5707942249571405, 1.5708752531095658, 4.712227108750978, 3.141217655363027, 1.570200890718328, 4.712204531103797, 1.570740297654575, 6.7663981964431e-05, 4.70944851000953, 1.5692325959466655, -0.00021367194975816, 3.141661862726212, 4.7120655914232845, -0.0003978498696708753]",0.0
709,1.1291151809306492,"[4.711852656755947, 1.5703654768113289, -0.0006280025304682809, 3.141588605320569, -0.0005419939724390352, 3.140941539951196, 3.1411948110341728, -0.00023872726807719078, 3.1409638425040893, 3.1413773983735687, -4.198138061649675e-05, -0.00025789494222541, -0.0003391556709993556, -0.0004574285746385775, -0.000451342898567507, 3.570798294224182, 4.711840632071574, 1.570942873969113, 4.7122330130965056, 1.5708018166700113, 3.141416055429752, 1.5706377209747229, 3.1477260421537214, -0.002454867925307026, 4.711311216157312, 4.712001060868316, 1.5707942249560356, 1.5708752531106447, 4.712227108750583, 3.1412176553632007, 1.5702008907187073, 4.712204531104636, 1.5707402976533287, 6.766398080729043e-05, 4.7094485100112, 1.5692325959468376, -0.00021367195001860913, 3.141661862728304, 4.712065591425443, -0.0003978498700749836]",0.0
710,1.1300945231737802,"[4.7118526567563315, 1.5703654768123605, -0.0006280025300490642, 3.1415886053199604, -0.0005419939723731229, 3.140941539952344, 3.1411948110351284, -0.00023872726872730865, 3.1409638425021726, 3.1413773983754223, -4.198138011181481e-05, -0.0002578949400754311, -0.00033915567054163453, -0.0004574285759655644, -0.00045134289896992837, 3.570798294224815, 4.711840632071279, 1.5709428739726308, 4.712233013098136, 1.5708018166698696, 3.1414160554314274, 1.570637720974259, 3.147726042154712, -0.0024548679259444434, 4.711311216157348, 4.712001060868211, 1.5707942249578037, 1.5708752531114714, 4.712227108749949, 3.1412176553634383, 1.570200890721049, 4.712204531104866, 1.570740297653617, 6.766398195864637e-05, 4.709448510010196, 1.5692325959484033, -0.00021367195272616602, 3.1416618627269943, 4.712065591423686, -0.00039784987193625224]",0.0
711,1.1286351112036241,"[4.711852656756352, 1.5703654768100013, -0.0006280025305613114, 3.141588605321826, -0.0005419939713213808, 3.140941539952069, 3.1411948110350525, -0.00023872726765224522, 3.14096384250374, 3.1413773983740705, -4.198138035988886e-05, -0.00025789494093889044, -0.0003391556719737783, -0.00045742857417784504, -0.0004513428985973616, 3.570798294225043, 4.71184063207129, 1.5709428739699598, 4.712233013097296, 1.5708018166682018, 3.1414160554307156, 1.5706377209750426, 3.1477260421540376, -0.002454867924615385, 4.711311216158708, 4.71200106086763, 1.5707942249556939, 1.5708752531104027, 4.712227108750504, 3.1412176553621904, 1.5702008907200122, 4.712204531104403, 1.5707402976540517, 6.766398194769327e-05, 4.7094485100105015, 1.5692325959460454, -0.00021367194986294418, 3.141661862727276, 4.712065591424908, -0.0003978498700703686]",0.0
712,1.1289807614070821,"[4.711852656755185, 1.5703654768097592, -0.0006280025295685531, 3.1415886053213855, -0.0005419939725733808, 3.1409415399529017, 3.141194811034726, -0.00023872726596311863, 3.1409638425038224, 3.141377398374667, -4.198138095313384e-05, -0.000257894940842823, -0.0003391556716935657, -0.00045742857275959806, -0.0004513428969625694, 3.5707982942245002, 4.711840632070707, 1.570942873971788, 4.712233013098856, 1.570801816670859, 3.141416055429795, 1.5706377209750726, 3.1477260421534883, -0.0024548679260567407, 4.711311216156983, 4.712001060867393, 1.5707942249591045, 1.57087525311019, 4.712227108751584, 3.1412176553630524, 1.570200890720029, 4.7122045311059, 1.570740297651061, 6.766398299944877e-05, 4.709448510010818, 1.5692325959459186, -0.00021367194864062604, 3.1416618627288346, 4.712065591426959, -0.0003978498689556233]",0.0
713,1.128846341883515,"[4.711852656755877, 1.5703654768101758, -0.0006280025316629148, 3.1415886053197752, -0.0005419939729707096, 3.140941539951494, 3.14119481103459, -0.00023872726579064334, 3.1409638425046653, 3.141377398374245, -4.1981382545768896e-05, -0.00025789494050642344, -0.000339155672402447, -0.0004574285753319895, -0.0004513428972708524, 3.570798294223105, 4.71184063207426, 1.5709428739714002, 4.712233013097098, 1.5708018166677185, 3.1414160554313124, 1.5706377209737228, 3.147726042152149, -0.002454867924144652, 4.71131121615621, 4.7120010608701035, 1.5707942249575653, 1.5708752531101982, 4.712227108750475, 3.1412176553636857, 1.5702008907192981, 4.712204531102401, 1.5707402976547054, 6.766398184494319e-05, 4.709448510009872, 1.5692325959461624, -0.00021367194985193668, 3.1416618627276867, 4.712065591424357, -0.00039784986885897433]",0.0
714,1.1284466243933506,"[4.711852656754881, 1.570365476810514, -0.0006280025313624101, 3.1415886053196527, -0.000541993972321896, 3.1409415399515193, 3.1411948110331434, -0.00023872726659761377, 3.1409638425035102, 3.141377398374683, -4.198138057122498e-05, -0.0002578949412599012, -0.0003391556713201683, -0.00045742857519959044, -0.00045134289833278823, 3.5707982942242857, 4.71184063207066, 1.5709428739700457, 4.712233013096869, 1.570801816667908, 3.1414160554295596, 1.5706377209750857, 3.14772604215396, -0.002454867924898363, 4.711311216158424, 4.712001060868045, 1.5707942249571425, 1.5708752531107055, 4.712227108751746, 3.141217655361769, 1.57020089071967, 4.712204531105132, 1.5707402976532296, 6.766398128954815e-05, 4.709448510009933, 1.5692325959461617, -0.0002136719501665347, 3.141661862728565, 4.712065591424395, -0.00039784987074968555]",0.0
715,1.129960103650213,"[4.7118526567563705, 1.5703654768103859, -0.0006280025309099216, 3.14158860532058, -0.0005419939724333057, 3.1409415399520966, 3.141194811034115, -0.00023872726690708388, 3.140963842503184, 3.141377398374472, -4.1981381370514795e-05, -0.00025789494068393954, -0.0003391556707795379, -0.0004574285742725944, -0.0004513428985792712, 3.5707982942245677, 4.711840632070761, 1.570942873970018, 4.7122330130970225, 1.57080181666934, 3.14141605543025, 1.570637720975084, 3.1477260421537743, -0.0024548679248882067, 4.711311216157803, 4.712001060867796, 1.5707942249562414, 1.5708752531100927, 4.7122271087517085, 3.141217655363245, 1.5702008907196487, 4.712204531104084, 1.5707402976534983, 6.766398120891268e-05, 4.709448510010722, 1.5692325959465212, -0.00021367195032627443, 3.1416618627282364, 4.712065591424258, -0.0003978498697752553]",0.0
716,1.1281934470547612,"[4.711852656755051, 1.5703654768104311, -0.0006280025315900091, 3.1415886053195528, -0.0005419939713477058, 3.140941539952737, 3.1411948110339347, -0.00023872726796254836, 3.1409638425024524, 3.1413773983745505, -4.1981380922182615e-05, -0.00025789494148609356, -0.00033915567071707303, -0.00045742857411678483, -0.0004513428977055185, 3.570798294223582, 4.71184063207136, 1.5709428739697031, 4.712233013097514, 1.5708018166690993, 3.141416055430279, 1.5706377209755495, 3.147726042152939, -0.0024548679246476075, 4.711311216158042, 4.7120010608679985, 1.5707942249561466, 1.5708752531113468, 4.712227108751713, 3.141217655363249, 1.5702008907208702, 4.712204531103733, 1.5707402976539737, 6.766398197580821e-05, 4.709448510012104, 1.5692325959466382, -0.00021367194955929133, 3.1416618627277146, 4.712065591425355, -0.00039784987035191937]",0.0
717,1.1282318526329231,"[4.711852656755878, 1.5703654768104869, -0.000628002531462756, 3.1415886053207562, -0.0005419939715696456, 3.140941539952387, 3.1411948110345125, -0.00023872726743133496, 3.140963842503432, 3.141377398374262, -4.198138169022338e-05, -0.00025789494075149027, -0.00033915567117784475, -0.00045742857482443047, -0.0004513428988226604, 3.57079829422416, 4.7118406320712385, 1.5709428739700129, 4.712233013097382, 1.570801816669018, 3.1414160554300836, 1.5706377209754125, 3.147726042153288, -0.002454867924329929, 4.711311216157607, 4.712001060867768, 1.5707942249566178, 1.5708752531109114, 4.712227108751171, 3.1412176553630204, 1.5702008907197595, 4.712204531104833, 1.570740297652853, 6.766398076836347e-05, 4.709448510010882, 1.5692325959466538, -0.00021367195015063444, 3.141661862728135, 4.712065591424672, -0.0003978498700709955]",0.0
718,1.128615908414543,"[4.711852656756163, 1.5703654768100828, -0.0006280025298994029, 3.1415886053201705, -0.0005419939714936906, 3.1409415399515024, 3.1411948110340715, -0.00023872726584530624, 3.1409638425031683, 3.141377398374193, -4.198138121240861e-05, -0.0002578949419078243, -0.0003391556700998138, -0.00045742857526227316, -0.00045134289847155505, 3.5707982942247485, 4.711840632072298, 1.5709428739697469, 4.712233013098368, 1.5708018166688777, 3.1414160554303208, 1.5706377209764955, 3.147726042153471, -0.002454867925032667, 4.711311216157533, 4.712001060866944, 1.5707942249562492, 1.5708752531113719, 4.712227108750633, 3.141217655362591, 1.5702008907196845, 4.7122045311039695, 1.5707402976530107, 6.766398156904765e-05, 4.709448510011227, 1.5692325959464724, -0.00021367195042698868, 3.1416618627282653, 4.712065591424088, -0.0003978498698745733]",0.0
719,1.1293648171887023,"[4.711852656755351, 1.5703654768105424, -0.0006280025311505227, 3.141588605321077, -0.0005419939719173227, 3.1409415399521516, 3.141194811034856, -0.00023872726686984907, 3.1409638425030293, 3.141377398374427, -4.198138133593409e-05, -0.00025789494115615236, -0.00033915567069395133, -0.0004574285751700435, -0.000451342898381284, 3.5707982942243617, 4.711840632070802, 1.5709428739702203, 4.712233013097187, 1.5708018166691482, 3.141416055430274, 1.5706377209752422, 3.147726042153533, -0.0024548679247747727, 4.7113112161577435, 4.712001060868053, 1.570794224956263, 1.5708752531106511, 4.712227108751078, 3.1412176553625204, 1.5702008907195166, 4.712204531104188, 1.5707402976538252, 6.766398168207355e-05, 4.7094485100111285, 1.56923259594702, -0.00021367195007388718, 3.1416618627290247, 4.712065591424806, -0.00039784986989403515]",0.0
720,1.12836627215649,"[4.71185265675522, 1.5703654768112594, -0.0006280025300623379, 3.141588605320611, -0.0005419939715205408, 3.1409415399524527, 3.1411948110342136, -0.00023872726639440878, 3.140963842503595, 3.1413773983757753, -4.198138144801695e-05, -0.00025789494156292544, -0.00033915567189154257, -0.0004574285739286853, -0.00045134289817743567, 3.570798294224451, 4.711840632070811, 1.5709428739705238, 4.712233013097605, 1.5708018166681816, 3.1414160554300574, 1.5706377209755804, 3.1477260421534656, -0.002454867924298163, 4.711311216157799, 4.712001060867573, 1.5707942249560447, 1.570875253109929, 4.712227108750966, 3.1412176553635343, 1.57020089071884, 4.7122045311036205, 1.5707402976533464, 6.766398032834214e-05, 4.709448510011445, 1.5692325959474487, -0.0002136719503133158, 3.141661862728068, 4.712065591425276, -0.00039784987115516296]",0.0
721,1.1286903491213343,"[4.711852656755722, 1.5703654768109214, -0.000628002530883313, 3.1415886053210946, -0.0005419939724777676, 3.1409415399520237, 3.141194811034107, -0.00023872726712010242, 3.1409638425030306, 3.1413773983744226, -4.198138112745694e-05, -0.0002578949409862286, -0.00033915567097828314, -0.0004574285748376602, -0.00045134289786207904, 3.5707982942236978, 4.7118406320712785, 1.5709428739704157, 4.7122330130978085, 1.570801816669243, 3.14141605543065, 1.5706377209753248, 3.1477260421535793, -0.00245486792475634, 4.711311216158135, 4.712001060867503, 1.5707942249558764, 1.5708752531109964, 4.712227108751394, 3.1412176553628166, 1.570200890719562, 4.712204531104322, 1.5707402976534883, 6.766398063594978e-05, 4.709448510010593, 1.5692325959464275, -0.00021367194977350512, 3.1416618627282378, 4.712065591424727, -0.00039784987006939975]",0.0
722,1.129307208821459,"[4.711852656756553, 1.570365476809955, -0.0006280025308664995, 3.1415886053199653, -0.0005419939726597097, 3.140941539952725, 3.141194811035259, -0.00023872726784950342, 3.1409638425027238, 3.141377398373384, -4.198138076174288e-05, -0.00025789494135752486, -0.0003391556709533024, -0.0004574285754574089, -0.0004513428979761868, 3.570798294223543, 4.711840632070376, 1.570942873970863, 4.712233013097384, 1.5708018166680044, 3.1414160554299397, 1.5706377209762934, 3.1477260421536597, -0.002454867925246906, 4.711311216158083, 4.712001060868085, 1.5707942249568936, 1.5708752531099535, 4.712227108750982, 3.1412176553625977, 1.5702008907187002, 4.712204531103399, 1.5707402976525469, 6.766398080008094e-05, 4.709448510011547, 1.5692325959463624, -0.0002136719497616498, 3.1416618627277275, 4.7120655914247624, -0.00039784987018299953]",0.0
723,1.128731125149029,"[4.711852656756291, 1.5703654768107995, -0.0006280025309647964, 3.141588605320921, -0.0005419939720447648, 3.140941539952172, 3.1411948110343184, -0.0002387272672078767, 3.1409638425031834, 3.1413773983745688, -4.198138103501001e-05, -0.0002578949412152531, -0.0003391556704259911, -0.00045742857508065927, -0.0004513428984332077, 3.5707982942242444, 4.711840632071405, 1.570942873970445, 4.712233013097155, 1.570801816668311, 3.141416055430137, 1.5706377209754994, 3.1477260421534146, -0.0024548679248930024, 4.711311216157245, 4.712001060867677, 1.5707942249560425, 1.570875253110285, 4.712227108751695, 3.1412176553633344, 1.5702008907196623, 4.712204531104671, 1.5707402976533755, 6.766398161690165e-05, 4.70944851001079, 1.5692325959465316, -0.0002136719495510661, 3.14166186272827, 4.712065591425057, -0.0003978498705197854]",0.0
724,1.1290959781415681,"[4.7118526567551555, 1.5703654768114526, -0.0006280025305276326, 3.141588605320196, -0.0005419939715992101, 3.140941539951354, 3.14119481103508, -0.00023872726832872338, 3.1409638425028272, 3.1413773983750506, -4.19813808168817e-05, -0.00025789494036510495, -0.0003391556704908879, -0.0004574285749120169, -0.0004513428974668325, 3.570798294224826, 4.711840632071702, 1.5709428739702298, 4.712233013097114, 1.5708018166690325, 3.141416055429255, 1.5706377209751186, 3.1477260421535904, -0.002454867923344544, 4.711311216157753, 4.712001060866882, 1.5707942249564686, 1.5708752531101693, 4.712227108751331, 3.141217655362753, 1.570200890719123, 4.712204531103536, 1.5707402976525897, 6.766398164192829e-05, 4.709448510010586, 1.5692325959461335, -0.0002136719496322124, 3.141661862728252, 4.712065591424214, -0.00039784986938978497]",0.0
725,1.1307666207916152,"[4.7118526567556795, 1.5703654768110447, -0.0006280025310806367, 3.1415886053203, -0.0005419939723063389, 3.140941539952193, 3.141194811034223, -0.00023872726742453452, 3.140963842503379, 3.141377398374231, -4.198138152713885e-05, -0.00025789494108390676, -0.00033915567089609405, -0.00045742857432164874, -0.00045134289812278597, 3.5707982942239624, 4.711840632071163, 1.5709428739703537, 4.712233013097509, 1.570801816668489, 3.141416055430376, 1.5706377209758675, 3.1477260421541122, -0.0024548679245562158, 4.711311216157629, 4.712001060867668, 1.5707942249559472, 1.5708752531103098, 4.712227108751029, 3.141217655362773, 1.570200890719426, 4.712204531104833, 1.5707402976533749, 6.766398175110788e-05, 4.70944851001107, 1.5692325959468525, -0.00021367195041948578, 3.1416618627281996, 4.712065591424696, -0.0003978498694375126]",0.0
726,1.125505056583421,"[4.711852656755572, 1.5703654768102524, -0.0006280025299709909, 3.1415886053213766, -0.0005419939719961585, 3.1409415399522915, 3.1411948110343304, -0.00023872726738426788, 3.140963842504235, 3.14137739837467, -4.19813810730702e-05, -0.00025789493987219954, -0.00033915567098950045, -0.0004574285753045659, -0.00045134289841935717, 3.5707982942228744, 4.71184063207177, 1.5709428739697804, 4.7122330130970775, 1.5708018166684914, 3.1414160554287798, 1.570637720975843, 3.147726042154862, -0.002454867925228138, 4.711311216158347, 4.712001060867561, 1.5707942249568723, 1.570875253111097, 4.712227108751577, 3.141217655363777, 1.5702008907200695, 4.7122045311038345, 1.5707402976538487, 6.766398132286908e-05, 4.709448510011453, 1.5692325959469877, -0.00021367195006997736, 3.1416618627285824, 4.7120655914246585, -0.0003978498698665715]",0.0
727,1.1296720618139982,"[4.711852656755545, 1.5703654768105535, -0.00062800253119166, 3.141588605320879, -0.0005419939724934153, 3.140941539952134, 3.141194811034343, -0.00023872726717481024, 3.1409638425029085, 3.1413773983743787, -4.1981381111541106e-05, -0.0002578949413883604, -0.0003391556713441655, -0.0004574285748060235, -0.0004513428989505444, 3.570798294224236, 4.711840632071421, 1.5709428739703608, 4.712233013097193, 1.5708018166690239, 3.141416055430006, 1.5706377209755957, 3.147726042153769, -0.002454867924592819, 4.711311216157759, 4.712001060867135, 1.5707942249566627, 1.5708752531109238, 4.712227108751761, 3.1412176553630204, 1.570200890719008, 4.712204531104003, 1.5707402976535547, 6.766398169186475e-05, 4.709448510010878, 1.569232595946974, -0.00021367195002738239, 3.1416618627276454, 4.712065591424833, -0.00039784986987503385]",0.0
728,1.1302265722478144,"[4.7118526567549495, 1.5703654768108668, -0.0006280025302038392, 3.1415886053209188, -0.0005419939711323259, 3.1409415399521223, 3.14119481103451, -0.00023872726723980908, 3.1409638425022424, 3.141377398373849, -4.198138140995315e-05, -0.00025789494116087064, -0.00033915567193893754, -0.0004574285758301845, -0.00045134289814516987, 3.5707982942244123, 4.71184063207162, 1.570942873970003, 4.712233013097954, 1.5708018166690885, 3.1414160554299597, 1.5706377209755267, 3.147726042153805, -0.0024548679251791025, 4.711311216157816, 4.7120010608685075, 1.5707942249562055, 1.5708752531096792, 4.712227108752586, 3.141217655363637, 1.5702008907192537, 4.7122045311049625, 1.5707402976537532, 6.76639811501424e-05, 4.709448510011399, 1.5692325959453444, -0.000213671951090905, 3.141661862727961, 4.712065591424696, -0.0003978498697813863]",0.0
729,1.1303249566427522,"[4.711852656755241, 1.5703654768106239, -0.0006280025306031277, 3.141588605321093, -0.0005419939719546626, 3.1409415399524208, 3.1411948110337162, -0.00023872726752675514, 3.140963842503074, 3.141377398374559, -4.198138111491536e-05, -0.00025789494083606226, -0.00033915567089594687, -0.00045742857482699586, -0.0004513428984268934, 3.5707982942242915, 4.711840632071325, 1.5709428739700522, 4.712233013096742, 1.5708018166689726, 3.1414160554308936, 1.570637720976061, 3.1477260421536974, -0.0024548679248763594, 4.711311216157612, 4.71200106086806, 1.5707942249566529, 1.570875253110407, 4.712227108751031, 3.1412176553630022, 1.570200890719369, 4.712204531104084, 1.570740297653087, 6.766398137561455e-05, 4.709448510010972, 1.5692325959464253, -0.00021367194978814068, 3.1416618627281623, 4.712065591424381, -0.00039784987002780667]",0.0
730,1.128884747461677,"[4.71185265675653, 1.5703654768109785, -0.0006280025310040417, 3.1415886053211888, -0.0005419939723881321, 3.1409415399524323, 3.1411948110331482, -0.00023872726717479682, 3.1409638425028157, 3.141377398374429, -4.198137956246462e-05, -0.0002578949401250602, -0.000339155671418461, -0.00045742857509184265, -0.0004513428983099817, 3.5707982942248604, 4.711840632071151, 1.5709428739696931, 4.712233013098401, 1.5708018166681075, 3.1414160554299255, 1.5706377209749411, 3.1477260421530926, -0.0024548679242159324, 4.711311216157535, 4.712001060868459, 1.57079422495646, 1.5708752531110886, 4.712227108751387, 3.1412176553629894, 1.570200890719064, 4.712204531104214, 1.5707402976530263, 6.766398136712024e-05, 4.70944851001204, 1.5692325959472435, -0.00021367195024771815, 3.1416618627286397, 4.7120655914248255, -0.0003978498691298944]",0.0
731,1.1293624467391694,"[4.7118526567563155, 1.5703654768101791, -0.0006280025311035198, 3.1415886053215716, -0.0005419939717163604, 3.140941539952695, 3.1411948110337464, -0.00023872726734733965, 3.140963842504204, 3.141377398374726, -4.198138150286493e-05, -0.0002578949412804083, -0.0003391556707203277, -0.00045742857565423816, -0.0004513428961851455, 3.570798294224276, 4.71184063207092, 1.570942873969876, 4.712233013096813, 1.5708018166692688, 3.141416055429822, 1.5706377209752187, 3.1477260421533715, -0.0024548679247005057, 4.7113112161571955, 4.712001060867138, 1.5707942249566778, 1.570875253110608, 4.712227108751818, 3.141217655362068, 1.5702008907193024, 4.712204531104328, 1.570740297653542, 6.766398141605112e-05, 4.709448510011418, 1.5692325959469813, -0.00021367195107519662, 3.141661862727022, 4.712065591424607, -0.00039784987029885596]",0.0
732,1.128961558618001,"[4.711852656755978, 1.5703654768102253, -0.000628002530606161, 3.1415886053208326, -0.0005419939717550901, 3.140941539951884, 3.141194811033808, -0.00023872726741998822, 3.1409638425025643, 3.1413773983743605, -4.198138148252474e-05, -0.0002578949407514295, -0.00033915567084112755, -0.0004574285747853039, -0.00045134289828202036, 3.570798294223866, 4.711840632071701, 1.5709428739702618, 4.712233013097203, 1.5708018166689186, 3.1414160554298522, 1.5706377209753524, 3.1477260421532374, -0.0024548679248784775, 4.711311216158269, 4.7120010608677765, 1.5707942249563336, 1.570875253110031, 4.712227108751206, 3.1412176553625617, 1.570200890719442, 4.712204531104294, 1.5707402976532143, 6.766398135560377e-05, 4.7094485100106835, 1.5692325959473064, -0.000213671950367362, 3.141661862728154, 4.71206559142529, -0.00039784986997646135]",0.0
733,1.1308626347370203,"[4.711852656755762, 1.5703654768105628, -0.0006280025307690557, 3.141588605320876, -0.000541993972086334, 3.1409415399522937, 3.1411948110343335, -0.00023872726724588319, 3.1409638425032136, 3.141377398374564, -4.198138127571915e-05, -0.00025789494117423864, -0.0003391556711004442, -0.00045742857459930494, -0.0004513428980389044, 3.570798294224274, 4.711840632071284, 1.570942873970373, 4.712233013097415, 1.5708018166689859, 3.1414160554298682, 1.5706377209753442, 3.147726042153465, -0.002454867925116722, 4.711311216157927, 4.712001060867861, 1.5707942249564553, 1.5708752531106387, 4.712227108751327, 3.1412176553629934, 1.5702008907194824, 4.712204531104421, 1.5707402976530165, 6.766398158975614e-05, 4.709448510011, 1.5692325959466307, -0.00021367194999504695, 3.141661862728197, 4.712065591424599, -0.0003978498698793908]",0.0
734,1.1300177120174562,"[4.711852656755684, 1.5703654768104627, -0.0006280025307479131, 3.141588605320617, -0.0005419939717831687, 3.1409415399517395, 3.141194811034297, -0.00023872726668610364, 3.140963842503191, 3.1413773983741744, -4.198138094289899e-05, -0.00025789494046422293, -0.0003391556710567144, -0.0004574285747392471, -0.00045134289784926724, 3.57079829422432, 4.711840632070816, 1.570942873970373, 4.712233013097496, 1.5708018166693232, 3.1414160554301316, 1.5706377209756488, 3.147726042153966, -0.0024548679248127814, 4.7113112161573385, 4.7120010608676655, 1.570794224956938, 1.5708752531104733, 4.712227108751192, 3.141217655363089, 1.5702008907196976, 4.71220453110447, 1.5707402976532712, 6.766398134912058e-05, 4.709448510010909, 1.5692325959466762, -0.00021367194969141288, 3.1416618627278345, 4.712065591425684, -0.0003978498698192394]",0.0
735,1.1291896216374404,"[4.711852656755734, 1.5703654768106026, -0.0006280025307758268, 3.1415886053208597, -0.0005419939719742108, 3.1409415399517915, 3.141194811034439, -0.00023872726713789107, 3.1409638425031847, 3.141377398374268, -4.1981381126325815e-05, -0.0002578949410194468, -0.00033915567084799846, -0.00045742857465420385, -0.00045134289810405334, 3.5707982942242893, 4.711840632071316, 1.570942873970356, 4.712233013097166, 1.570801816668823, 3.141416055430161, 1.5706377209755567, 3.1477260421536686, -0.0024548679246751814, 4.711311216157859, 4.712001060868053, 1.5707942249564306, 1.5708752531106005, 4.712227108751672, 3.141217655362848, 1.570200890719622, 4.71220453110439, 1.5707402976532572, 6.766398115638024e-05, 4.709448510011209, 1.5692325959469953, -0.00021367195001839262, 3.1416618627279367, 4.712065591424573, -0.0003978498699617359]",0.0
736,1.1292664327937645,"[4.711852656755672, 1.5703654768102346, -0.000628002531345013, 3.141588605320707, -0.0005419939718670309, 3.1409415399515868, 3.1411948110341874, -0.00023872726726125807, 3.1409638425031967, 3.1413773983742885, -4.198138106356275e-05, -0.00025789494077417134, -0.0003391556708711385, -0.00045742857509276053, -0.00045134289779007625, 3.5707982942245047, 4.7118406320709845, 1.5709428739703462, 4.712233013097005, 1.5708018166687094, 3.1414160554300548, 1.5706377209758073, 3.1477260421533577, -0.00245486792478928, 4.71131121615833, 4.712001060867738, 1.5707942249560087, 1.570875253110941, 4.712227108750953, 3.1412176553640045, 1.5702008907191274, 4.712204531104374, 1.5707402976534786, 6.766398136402579e-05, 4.709448510010816, 1.5692325959467865, -0.0002136719504386132, 3.141661862728076, 4.712065591424704, -0.000397849870062154]",0.0
737,1.1304934992542632,"[4.7118526567557, 1.5703654768106026, -0.000628002530759209, 3.1415886053206417, -0.0005419939720749762, 3.140941539952161, 3.1411948110343637, -0.00023872726752907606, 3.1409638425032016, 3.141377398374418, -4.198138118126115e-05, -0.0002578949409545557, -0.00033915567090318706, -0.000457428574962625, -0.00045134289812733767, 3.57079829422448, 4.7118406320711586, 1.5709428739701663, 4.712233013097623, 1.570801816668899, 3.141416055430151, 1.5706377209755154, 3.1477260421537303, -0.002454867924928716, 4.711311216157689, 4.7120010608679666, 1.5707942249564326, 1.5708752531106547, 4.712227108751369, 3.1412176553630617, 1.570200890719628, 4.7122045311041685, 1.5707402976533738, 6.76639813390885e-05, 4.70944851001058, 1.5692325959470317, -0.00021367195026243433, 3.1416618627280064, 4.7120655914247624, -0.000397849870100787]",0.0
738,1.1300753203846992,"[4.711852656756138, 1.5703654768112425, -0.0006280025308954199, 3.1415886053205173, -0.0005419939717919137, 3.1409415399519673, 3.1411948110343078, -0.00023872726714854254, 3.140963842502694, 3.141377398374696, -4.1981380955083454e-05, -0.00025789494068099403, -0.00033915567102590005, -0.0004574285751796909, -0.00045134289839721456, 3.570798294224014, 4.711840632071237, 1.5709428739708018, 4.712233013097012, 1.5708018166691262, 3.14141605543011, 1.5706377209750948, 3.1477260421538937, -0.002454867925088014, 4.711311216157759, 4.712001060867734, 1.5707942249565168, 1.5708752531107704, 4.7122271087506915, 3.141217655362955, 1.5702008907197458, 4.712204531104435, 1.5707402976534877, 6.766398141651718e-05, 4.7094485100113594, 1.5692325959467477, -0.00021367195048916973, 3.141661862727664, 4.7120655914243645, -0.0003978498703491444]",0.0
739,1.1297104673921603,"[4.711852656755734, 1.5703654768105038, -0.0006280025312048854, 3.141588605320775, -0.0005419939720391548, 3.1409415399519522, 3.1411948110341927, -0.00023872726712419274, 3.140963842503328, 3.1413773983745004, -4.1981381279954234e-05, -0.0002578949411009675, -0.00033915567092949675, -0.0004574285749448695, -0.00045134289812140014, 3.570798294224206, 4.711840632071538, 1.5709428739704048, 4.7122330130973955, 1.570801816668784, 3.1414160554301396, 1.5706377209752391, 3.1477260421537303, -0.002454867924766051, 4.711311216157749, 4.712001060868029, 1.5707942249565143, 1.5708752531103845, 4.712227108751137, 3.1412176553631004, 1.5702008907195741, 4.712204531103991, 1.5707402976533753, 6.76639812679294e-05, 4.709448510010995, 1.5692325959465643, -0.00021367195013679744, 3.141661862727978, 4.712065591424817, -0.00039784986978733014]",0.0
740,1.131611543511179,"[4.711852656755979, 1.57036547681071, -0.0006280025305925512, 3.1415886053202877, -0.0005419939720135958, 3.1409415399520593, 3.1411948110344494, -0.0002387272668311873, 3.1409638425032367, 3.141377398374145, -4.198138153094964e-05, -0.0002578949405215398, -0.00033915567163657134, -0.00045742857492117746, -0.000451342897879883, 3.5707982942238927, 4.711840632071491, 1.5709428739700138, 4.712233013096951, 1.5708018166686526, 3.141416055430109, 1.5706377209754294, 3.147726042153009, -0.002454867924755374, 4.71131121615735, 4.712001060868132, 1.5707942249562588, 1.5708752531108385, 4.71222710875127, 3.1412176553629223, 1.5702008907192242, 4.712204531104081, 1.5707402976538234, 6.766398156072371e-05, 4.709448510010632, 1.569232595946771, -0.00021367194974278628, 3.1416618627279713, 4.712065591424457, -0.00039784986990099144]",0.0
741,1.1290383697743251,"[4.711852656755708, 1.5703654768104744, -0.0006280025308080963, 3.1415886053207456, -0.0005419939719487174, 3.140941539952124, 3.14119481103404, -0.00023872726727595012, 3.1409638425031408, 3.141377398374107, -4.19813814280157e-05, -0.00025789494077562125, -0.000339155670867765, -0.0004574285747278458, -0.00045134289817853256, 3.570798294224411, 4.711840632071224, 1.570942873970494, 4.712233013097354, 1.5708018166689104, 3.141416055429888, 1.5706377209753266, 3.1477260421538404, -0.002454867924717336, 4.711311216157673, 4.712001060867891, 1.5707942249561788, 1.570875253110794, 4.712227108751294, 3.141217655362894, 1.570200890719279, 4.712204531104176, 1.5707402976533742, 6.766398139929564e-05, 4.709448510011109, 1.5692325959465612, -0.0002136719500464712, 3.1416618627280917, 4.71206559142476, -0.00039784987027626667]",0.0
742,1.1291919920869733,"[4.711852656755916, 1.5703654768111959, -0.000628002530626926, 3.1415886053210462, -0.000541993972362755, 3.140941539952012, 3.1411948110341052, -0.00023872726698400965, 3.1409638425028654, 3.141377398374294, -4.198138191611964e-05, -0.0002578949411690809, -0.00033915567088087446, -0.00045742857522773666, -0.0004513428981986989, 3.57079829422446, 4.711840632070733, 1.5709428739697506, 4.712233013097076, 1.5708018166686344, 3.1414160554297856, 1.5706377209755533, 3.1477260421536633, -0.0024548679244753616, 4.711311216158247, 4.712001060867997, 1.570794224956336, 1.570875253110792, 4.712227108751112, 3.141217655363075, 1.5702008907199578, 4.712204531104107, 1.570740297653094, 6.766398146969049e-05, 4.7094485100110335, 1.5692325959465385, -0.00021367194995012157, 3.14166186272766, 4.712065591425084, -0.0003978498698344852]",0.0
743,1.131726760245665,"[4.711852656755739, 1.570365476810453, -0.0006280025307405031, 3.141588605320692, -0.000541993971971707, 3.140941539951834, 3.141194811034113, -0.00023872726733134081, 3.140963842503375, 3.1413773983745554, -4.1981381174307846e-05, -0.00025789494098555813, -0.0003391556711523447, -0.00045742857509623193, -0.0004513428983724995, 3.5707982942241108, 4.711840632070922, 1.5709428739704863, 4.712233013097327, 1.5708018166690474, 3.1414160554300095, 1.570637720975575, 3.147726042153458, -0.002454867924748478, 4.711311216157673, 4.712001060867872, 1.5707942249560192, 1.5708752531105485, 4.712227108751358, 3.141217655362918, 1.5702008907196574, 4.712204531104193, 1.5707402976532274, 6.766398144591989e-05, 4.709448510011044, 1.5692325959467082, -0.00021367195007434927, 3.1416618627279638, 4.712065591424721, -0.00039784986982156035]",0.0
744,1.1280782303202752,"[4.711852656756255, 1.570365476811058, -0.0006280025315322429, 3.1415886053209237, -0.0005419939714505165, 3.1409415399520078, 3.141194811034244, -0.00023872726699729075, 3.1409638425030586, 3.1413773983743667, -4.198138102969813e-05, -0.00025789494100566883, -0.0003391556713546644, -0.000457428574699649, -0.0004513428980016557, 3.5707982942241276, 4.711840632071322, 1.570942873970077, 4.712233013097127, 1.570801816669137, 3.1414160554298665, 1.5706377209760811, 3.1477260421541073, -0.002454867924947912, 4.71131121615779, 4.712001060868066, 1.570794224956019, 1.5708752531107006, 4.712227108751596, 3.1412176553627846, 1.5702008907194978, 4.712204531103701, 1.5707402976528826, 6.766398148338623e-05, 4.70944851001066, 1.569232595946702, -0.00021367195027026533, 3.1416618627283976, 4.712065591424865, -0.00039784987016095786]",0.0
745,1.1289999641961632,"[4.711852656755972, 1.5703654768103426, -0.0006280025308905727, 3.141588605320726, -0.0005419939720657057, 3.140941539951723, 3.141194811034329, -0.00023872726739679835, 3.1409638425029076, 3.1413773983747477, -4.1981381436468535e-05, -0.0002578949409744783, -0.00033915567120555576, -0.0004574285748766555, -0.0004513428980424109, 3.5707982942242213, 4.711840632071167, 1.5709428739700189, 4.712233013097308, 1.5708018166687971, 3.1414160554302395, 1.5706377209754412, 3.1477260421538853, -0.002454867924841109, 4.711311216157657, 4.7120010608678085, 1.570794224956385, 1.5708752531107244, 4.712227108751323, 3.141217655362978, 1.5702008907194127, 4.712204531104351, 1.5707402976532758, 6.766398136896034e-05, 4.70944851001115, 1.569232595946682, -0.00021367195003367835, 3.1416618627281907, 4.712065591424779, -0.0003978498700611159]",0.0
746,1.1289039502507583,"[4.711852656755765, 1.5703654768108166, -0.0006280025311976211, 3.1415886053211026, -0.0005419939714153988, 3.1409415399517036, 3.1411948110341372, -0.00023872726725655477, 3.1409638425030253, 3.141377398374532, -4.198138128869372e-05, -0.00025789494096488294, -0.00033915567050507404, -0.0004574285745661284, -0.00045134289834964985, 3.5707982942238408, 4.7118406320707, 1.570942873969786, 4.712233013097864, 1.5708018166687567, 3.1414160554296875, 1.5706377209755638, 3.1477260421535753, -0.0024548679251367306, 4.711311216157742, 4.7120010608679115, 1.57079422495652, 1.5708752531104224, 4.712227108751193, 3.1412176553629143, 1.5702008907189702, 4.712204531104289, 1.5707402976537397, 6.76639813011523e-05, 4.7094485100108825, 1.5692325959467024, -0.00021367194967825636, 3.141661862727605, 4.712065591424294, -0.000397849869916108]",0.0
747,1.131611543511179,"[4.71185265675592, 1.5703654768108122, -0.0006280025310052158, 3.1415886053205018, -0.000541993971820841, 3.140941539952001, 3.1411948110341714, -0.0002387272673191399, 3.1409638425033513, 3.141377398374437, -4.1981381384770455e-05, -0.0002578949407706289, -0.00033915567096603577, -0.00045742857510140455, -0.0004513428982631359, 3.570798294224514, 4.711840632071246, 1.5709428739702205, 4.71223301309728, 1.5708018166688962, 3.141416055430244, 1.5706377209756006, 3.1477260421536752, -0.0024548679249883436, 4.711311216158035, 4.71200106086769, 1.570794224956346, 1.5708752531105385, 4.712227108751461, 3.1412176553628353, 1.5702008907193652, 4.712204531104202, 1.5707402976535716, 6.766398117937201e-05, 4.709448510011161, 1.5692325959467832, -0.00021367194988465527, 3.1416618627280615, 4.712065591424881, -0.0003978498698812052]",0.0
748,1.1298064813375652,"[4.711852656755836, 1.570365476810726, -0.0006280025307723368, 3.141588605320915, -0.000541993972034955, 3.1409415399524496, 3.1411948110344126, -0.000238727267141013, 3.1409638425033157, 3.1413773983746687, -4.198138134417507e-05, -0.00025789494118273623, -0.0003391556712121529, -0.0004574285743912407, -0.000451342897829605, 3.5707982942244283, 4.711840632071302, 1.5709428739705393, 4.71223301309745, 1.5708018166691309, 3.141416055429709, 1.5706377209753304, 3.1477260421532343, -0.002454867925579859, 4.711311216158294, 4.712001060867793, 1.5707942249567008, 1.5708752531107684, 4.7122271087512715, 3.141217655363147, 1.5702008907193596, 4.712204531104656, 1.5707402976527944, 6.766398184850126e-05, 4.709448510011047, 1.5692325959465443, -0.0002136719497938451, 3.1416618627282933, 4.712065591424605, -0.0003978498697668074]",0.0
749,1.1287503279381101,"[4.711852656755979, 1.570365476810706, -0.0006280025309363392, 3.1415886053208824, -0.0005419939720745733, 3.1409415399522334, 3.1411948110339654, -0.00023872726715205703, 3.1409638425030013, 3.141377398374393, -4.198138070485531e-05, -0.0002578949407448607, -0.00033915567108785564, -0.0004574285749068863, -0.0004513428981653118, 3.5707982942243786, 4.711840632071166, 1.570942873970007, 4.712233013097541, 1.5708018166686848, 3.1414160554299904, 1.5706377209753513, 3.147726042153493, -0.0024548679246432226, 4.711311216157717, 4.712001060867905, 1.570794224956365, 1.5708752531106862, 4.712227108751291, 3.141217655362998, 1.5702008907193592, 4.712204531104297, 1.5707402976532652, 6.7663981326191e-05, 4.709448510011265, 1.5692325959468398, -0.00021367195014992, 3.1416618627282222, 4.712065591424755, -0.0003978498697314755]",0.0
750,1.1291151809306492,"[4.711852656755718, 1.570365476810671, -0.0006280025308820093, 3.1415886053206648, -0.0005419939720529111, 3.140941539952085, 3.141194811034181, -0.0002387272671563206, 3.1409638425031425, 3.1413773983744635, -4.1981381304765415e-05, -0.00025789494087990767, -0.0003391556708630949, -0.00045742857496657187, -0.00045134289812833416, 3.570798294224052, 4.711840632071209, 1.5709428739702058, 4.712233013097266, 1.5708018166689504, 3.1414160554298856, 1.5706377209755638, 3.1477260421536957, -0.002454867924881521, 4.711311216157711, 4.7120010608678005, 1.5707942249564248, 1.570875253110623, 4.7122271087514, 3.1412176553631306, 1.5702008907194624, 4.712204531104247, 1.5707402976533018, 6.766398125130354e-05, 4.709448510011062, 1.569232595946821, -0.0002136719500943128, 3.1416618627281947, 4.7120655914247, -0.0003978498699257271]",0.0
751,1.1310714949673786,"[4.711852656755805, 1.5703654768104067, -0.0006280025306622611, 3.141588605320982, -0.000541993971853447, 3.14094153995222, 3.1411948110344867, -0.00023872726725112243, 3.140963842503405, 3.1413773983743782, -4.19813809858374e-05, -0.0002578949408054647, -0.00033915567108642303, -0.0004574285747891158, -0.00045134289823230226, 3.5707982942240277, 4.711840632071299, 1.5709428739699831, 4.712233013097181, 1.5708018166686943, 3.1414160554298314, 1.570637720975489, 3.1477260421539763, -0.0024548679248493433, 4.711311216158062, 4.712001060867589, 1.5707942249562803, 1.5708752531105854, 4.712227108751175, 3.1412176553630142, 1.570200890719734, 4.712204531104254, 1.570740297653577, 6.76639813568379e-05, 4.709448510010989, 1.5692325959465985, -0.00021367195005838786, 3.1416618627280877, 4.7120655914247305, -0.000397849869982894]",0.0
752,1.129480033923188,"[4.7118526567558625, 1.5703654768106081, -0.0006280025308938066, 3.1415886053207784, -0.0005419939718872359, 3.1409415399521734, 3.1411948110343584, -0.00023872726731148395, 3.1409638425030386, 3.1413773983743867, -4.198138126155903e-05, -0.00025789494094720236, -0.00033915567092628946, -0.0004574285747576822, -0.00045134289810538724, 3.5707982942242014, 4.7118406320712465, 1.5709428739701805, 4.712233013097337, 1.5708018166690372, 3.141416055430115, 1.5706377209755324, 3.147726042153567, -0.002454867924818228, 4.711311216157735, 4.712001060867789, 1.5707942249562228, 1.570875253110601, 4.712227108751279, 3.1412176553631515, 1.5702008907195615, 4.712204531104135, 1.5707402976534077, 6.766398137622892e-05, 4.709448510011175, 1.5692325959467757, -0.00021367195003249795, 3.1416618627279655, 4.712065591424801, -0.00039784986988511303]",0.0
753,1.1309178726547304,"[4.711852656755506, 1.5703654768105098, -0.0006280025311422837, 3.1415886053202344, -0.0005419939718857183, 3.140941539952167, 3.14119481103404, -0.00023872726717499634, 3.140963842502921, 3.1413773983744404, -4.198138099041519e-05, -0.0002578949412250896, -0.00033915567096571176, -0.0004574285747000339, -0.00045134289802492897, 3.5707982942242125, 4.711840632071088, 1.5709428739699902, 4.712233013097168, 1.5708018166688495, 3.1414160554299713, 1.5706377209753921, 3.1477260421535194, -0.002454867924832449, 4.711311216157906, 4.712001060867805, 1.5707942249563447, 1.5708752531106438, 4.712227108751394, 3.14121765536283, 1.5702008907197724, 4.7122045311043275, 1.5707402976534184, 6.766398134702203e-05, 4.709448510011, 1.5692325959465643, -0.00021367194999880222, 3.141661862728003, 4.712065591424767, -0.0003978498701614196]",0.0
754,1.12951843950135,"[4.711852656755792, 1.5703654768106567, -0.0006280025308476808, 3.141588605320708, -0.0005419939719549314, 3.140941539952104, 3.1411948110342456, -0.00023872726709772257, 3.1409638425032433, 3.1413773983746025, -4.198138121804553e-05, -0.00025789494100210924, -0.0003391556710207881, -0.00045742857469444845, -0.00045134289814905613, 3.570798294224267, 4.711840632071101, 1.570942873970245, 4.712233013097265, 1.5708018166688105, 3.1414160554300374, 1.5706377209754943, 3.147726042153609, -0.002454867924753813, 4.711311216157791, 4.712001060867737, 1.5707942249563152, 1.570875253110561, 4.712227108751151, 3.141217655362999, 1.5702008907194274, 4.7122045311041365, 1.5707402976533082, 6.76639812144164e-05, 4.709448510011012, 1.5692325959469025, -0.0002136719500280858, 3.14166186272806, 4.712065591424786, -0.00039784987010494315]",0.0
755,1.1309003148282821,"[4.711852656755574, 1.5703654768107531, -0.0006280025306806495, 3.141588605320824, -0.0005419939717454356, 3.1409415399521428, 3.1411948110344006, -0.00023872726701008927, 3.140963842502914, 3.1413773983743694, -4.198138127408392e-05, -0.00025789494113355026, -0.000339155671292347, -0.000457428574989412, -0.0004513428981361431, 3.570798294224359, 4.711840632071188, 1.570942873970191, 4.712233013097412, 1.5708018166688904, 3.1414160554300334, 1.5706377209754958, 3.1477260421536415, -0.002454867924812728, 4.711311216157757, 4.712001060867818, 1.5707942249562494, 1.5708752531101946, 4.71222710875148, 3.141217655363143, 1.570200890719239, 4.712204531104468, 1.5707402976533962, 6.766398112757582e-05, 4.709448510011016, 1.5692325959464493, -0.00021367195040467984, 3.141661862728038, 4.712065591424758, -0.00039784987003798207]",0.0
756,1.1299409008611323,"[4.711852656755908, 1.5703654768106003, -0.0006280025309108081, 3.1415886053207234, -0.0005419939721197352, 3.1409415399520517, 3.141194811034316, -0.00023872726727715507, 3.1409638425031257, 3.1413773983744107, -4.198138117019357e-05, -0.0002578949409636644, -0.0003391556709989051, -0.0004574285748349179, -0.0004513428981327088, 3.5707982942242382, 4.711840632071176, 1.5709428739702587, 4.712233013097339, 1.570801816668961, 3.1414160554299326, 1.5706377209757312, 3.1477260421535393, -0.002454867924745098, 4.711311216157834, 4.71200106086788, 1.5707942249564761, 1.570875253110503, 4.712227108751229, 3.1412176553629187, 1.570200890719482, 4.712204531104263, 1.5707402976534859, 6.766398129908723e-05, 4.709448510011044, 1.5692325959465931, -0.00021367195011563097, 3.141661862728098, 4.712065591424743, -0.000397849870072869]",0.0
757,1.1279630135857892,"[4.711852656755972, 1.570365476810403, -0.0006280025309500982, 3.1415886053206044, -0.0005419939720580396, 3.14094153995224, 3.1411948110345462, -0.00023872726723681104, 3.1409638425029733, 3.141377398374044, -4.1981381100855175e-05, -0.00025789494104955533, -0.0003391556708825773, -0.00045742857508107777, -0.00045134289809482933, 3.570798294224102, 4.71184063207093, 1.570942873970298, 4.712233013097193, 1.5708018166687094, 3.141416055430124, 1.5706377209754447, 3.147726042153717, -0.0024548679250178122, 4.711311216157815, 4.712001060867729, 1.570794224956338, 1.5708752531104684, 4.712227108751172, 3.1412176553628455, 1.5702008907192446, 4.712204531104118, 1.570740297652961, 6.766398115452512e-05, 4.7094485100109535, 1.569232595946701, -0.00021367194995091027, 3.141661862727959, 4.712065591424657, -0.000397849869853115]",0.0
758,1.1293264116105401,"[4.711852656755847, 1.5703654768106494, -0.0006280025308574497, 3.1415886053207442, -0.0005419939720243253, 3.140941539951996, 3.1411948110341883, -0.00023872726723450844, 3.140963842503264, 3.1413773983742614, -4.198138115206671e-05, -0.00025789494114354216, -0.00033915567102757736, -0.0004574285748373479, -0.0004513428982249711, 3.5707982942241916, 4.711840632071204, 1.5709428739700682, 4.7122330130972045, 1.5708018166690125, 3.1414160554300485, 1.5706377209754356, 3.147726042153661, -0.0024548679249870834, 4.711311216157744, 4.71200106086792, 1.570794224956303, 1.5708752531106145, 4.7122271087511995, 3.1412176553630275, 1.5702008907194036, 4.712204531104356, 1.5707402976533855, 6.76639812627843e-05, 4.709448510011045, 1.5692325959467728, -0.00021367195010491463, 3.1416618627280455, 4.712065591424853, -0.00039784987000561625]",0.0
759,1.1291151809306492,"[4.711852656755702, 1.5703654768108892, -0.000628002530807942, 3.141588605320668, -0.0005419939719199422, 3.1409415399517675, 3.141194811034442, -0.00023872726748827076, 3.1409638425031456, 3.1413773983744484, -4.198138104095501e-05, -0.0002578949409434523, -0.00033915567079907146, -0.00045742857486544855, -0.00045134289801512594, 3.570798294224422, 4.711840632071361, 1.570942873970053, 4.7122330130971015, 1.5708018166691176, 3.1414160554298363, 1.5706377209752647, 3.1477260421536135, -0.002454867924524157, 4.711311216157694, 4.712001060867567, 1.5707942249563027, 1.5708752531105001, 4.712227108751186, 3.1412176553629214, 1.570200890719322, 4.712204531104236, 1.5707402976531573, 6.766398135995006e-05, 4.709448510010801, 1.5692325959465796, -0.00021367194996621097, 3.141661862728147, 4.712065591424658, -0.0003978498698105842]",0.0
760,1.1292111948760541,"[4.711852656755711, 1.5703654768106194, -0.0006280025309995937, 3.141588605320749, -0.0005419939720790714, 3.140941539952013, 3.141194811034278, -0.00023872726713892306, 3.1409638425031776, 3.141377398374325, -4.19813812138894e-05, -0.0002578949408458785, -0.00033915567105451545, -0.00045742857493516497, -0.0004513428981310664, 3.570798294224239, 4.711840632071242, 1.570942873970079, 4.712233013097392, 1.5708018166689712, 3.1414160554300588, 1.5706377209754796, 3.1477260421536406, -0.0024548679248405205, 4.711311216157839, 4.712001060867753, 1.570794224956274, 1.5708752531103916, 4.712227108751259, 3.141217655363004, 1.5702008907195162, 4.71220453110428, 1.5707402976532407, 6.766398145132652e-05, 4.709448510011081, 1.5692325959468092, -0.00021367194999603986, 3.1416618627280037, 4.712065591424639, -0.00039784987015824036]",0.0
761,1.1319763965037182,"[4.7118526567556716, 1.5703654768104731, -0.0006280025310351168, 3.1415886053207833, -0.0005419939721745414, 3.140941539952199, 3.14119481103441, -0.0002387272670201808, 3.140963842503027, 3.1413773983747375, -4.198138117336189e-05, -0.0002578949407351012, -0.00033915567084495744, -0.0004574285748713812, -0.00045134289820594276, 3.570798294224439, 4.711840632071386, 1.5709428739701337, 4.712233013097179, 1.5708018166689612, 3.1414160554298567, 1.5706377209756441, 3.1477260421537037, -0.0024548679250121926, 4.711311216157687, 4.712001060868004, 1.5707942249559808, 1.570875253110664, 4.712227108751196, 3.1412176553627855, 1.5702008907193903, 4.712204531104483, 1.5707402976533142, 6.766398117112902e-05, 4.709448510010908, 1.5692325959466926, -0.00021367195006360805, 3.141661862727747, 4.712065591424837, -0.000397849869817091]",0.0
762,1.1307474180025343,"[4.711852656755832, 1.57036547681056, -0.0006280025307645064, 3.1415886053206132, -0.000541993971900306, 3.1409415399519522, 3.1411948110342616, -0.00023872726701693368, 3.140963842503074, 3.1413773983743587, -4.198138119505658e-05, -0.00025789494103801227, -0.00033915567090281453, -0.0004574285748638514, -0.000451342898293222, 3.5707982942243164, 4.711840632071329, 1.5709428739701568, 4.7122330130974435, 1.5708018166688835, 3.1414160554300623, 1.5706377209756188, 3.1477260421536353, -0.0024548679248699726, 4.711311216157797, 4.712001060867738, 1.5707942249563107, 1.5708752531106671, 4.712227108751183, 3.1412176553630005, 1.5702008907195324, 4.7122045311042315, 1.5707402976532885, 6.76639813361376e-05, 4.709448510010988, 1.5692325959466749, -0.00021367195006779196, 3.141661862728122, 4.712065591424648, -0.0003978498699250853]",0.0
763,1.1311890821513972,"[4.711852656755988, 1.570365476810458, -0.0006280025309271967, 3.1415886053209876, -0.0005419939718462662, 3.140941539952198, 3.1411948110340453, -0.00023872726704347782, 3.140963842503342, 3.1413773983744147, -4.198138131337766e-05, -0.00025789494111518876, -0.00033915567081251453, -0.0004574285750472566, -0.00045134289774294544, 3.570798294224297, 4.711840632071172, 1.570942873970118, 4.712233013097195, 1.5708018166689846, 3.1414160554301374, 1.5706377209755185, 3.147726042153568, -0.002454867924780732, 4.711311216157599, 4.712001060867456, 1.570794224956453, 1.570875253110668, 4.712227108751353, 3.141217655362722, 1.5702008907194813, 4.712204531104367, 1.5707402976533875, 6.766398144393344e-05, 4.709448510010967, 1.5692325959467537, -0.00021367195037361088, 3.141661862727866, 4.712065591424583, -0.00039784986996533494]",0.0
764,1.130574592900805,"[4.7118526567559, 1.5703654768105488, -0.0006280025308533782, 3.1415886053206576, -0.0005419939718878857, 3.1409415399521854, 3.1411948110342265, -0.00023872726714887455, 3.140963842503134, 3.141377398374477, -4.198138117923645e-05, -0.0002578949410430601, -0.0003391556709680335, -0.000457428574963305, -0.0004513428981262519, 3.5707982942242, 4.711840632071206, 1.570942873970211, 4.712233013097314, 1.570801816669036, 3.1414160554300503, 1.5706377209754867, 3.147726042153787, -0.0024548679246271026, 4.711311216157916, 4.71200106086794, 1.5707942249563311, 1.5708752531105563, 4.712227108751284, 3.1412176553630453, 1.57020089071938, 4.712204531104379, 1.5707402976533684, 6.766398139599575e-05, 4.709448510010933, 1.5692325959467879, -0.0002136719499386732, 3.1416618627280144, 4.712065591424687, -0.00039784986995666414]",0.0
765,1.1290534069870266,"[4.711852656755814, 1.5703654768105808, -0.0006280025310191422, 3.141588605320899, -0.0005419939719537068, 3.1409415399520575, 3.141194811034055, -0.00023872726729835155, 3.140963842502907, 3.1413773983742455, -4.198138128753819e-05, -0.00025789494110279524, -0.0003391556712747426, -0.0004574285748918176, -0.0004513428980437465, 3.5707982942244954, 4.711840632071196, 1.5709428739703877, 4.712233013097207, 1.5708018166688822, 3.141416055429805, 1.5706377209755589, 3.1477260421537725, -0.0024548679249072154, 4.711311216157616, 4.712001060867682, 1.570794224956292, 1.570875253110445, 4.712227108751122, 3.141217655363042, 1.570200890719747, 4.71220453110438, 1.5707402976535283, 6.766398110564802e-05, 4.709448510010885, 1.5692325959469555, -0.00021367194976341654, 3.1416618627281676, 4.712065591424492, -0.00039784986979368123]",0.0
766,1.1302673482755092,"[4.711852656756096, 1.570365476810515, -0.0006280025309308973, 3.1415886053206923, -0.0005419939721668259, 3.1409415399520437, 3.1411948110341736, -0.00023872726702327328, 3.1409638425031012, 3.14137739837441, -4.1981381271500743e-05, -0.0002578949407314613, -0.00033915567089267974, -0.00045742857451724553, -0.0004513428983574173, 3.570798294224391, 4.711840632070904, 1.5709428739701297, 4.712233013097095, 1.5708018166690896, 3.141416055430159, 1.5706377209752387, 3.147726042153692, -0.002454867924892529, 4.711311216157838, 4.712001060867788, 1.5707942249563243, 1.5708752531103292, 4.712227108751514, 3.1412176553631497, 1.5702008907195728, 4.712204531104202, 1.5707402976534213, 6.766398131098383e-05, 4.7094485100107715, 1.5692325959465938, -0.0002136719502403495, 3.1416618627281334, 4.7120655914245155, -0.0003978498698339808]",0.0
