iteration,energy,paramter,std
1,1.561951848827881,"[1.5707963267948966, 4.71238898038469, 1.5707963267948966, 4.71238898038469, 3.141592653589793, 4.71238898038469, 1.5707963267948966, 1.5707963267948966, 3.141592653589793, 4.71238898038469, 3.141592653589793, 1.5707963267948966, 4.71238898038469, 4.71238898038469, 0.0, 0.0, 0.0, 0.0, 3.141592653589793, 1.5707963267948966, 3.141592653589793, 0.0, 3.141592653589793, 0.0, 0.0, 3.141592653589793, 0.0, 1.5707963267948966, 0.0, 4.71238898038469, 1.5707963267948966, 4.71238898038469, 1.5707963267948966, 1.5707963267948966, 3.141592653589793, 0.0, 4.71238898038469, 3.141592653589793, 0.0, 4.71238898038469]",0.0
2,4.043917374055533,"[3.5707963267948966, 4.71238898038469, 1.5707963267948966, 4.71238898038469, 3.141592653589793, 4.71238898038469, 1.5707963267948966, 1.5707963267948966, 3.141592653589793, 4.71238898038469, 3.141592653589793, 1.5707963267948966, 4.71238898038469, 4.71238898038469, 0.0, 0.0, 0.0, 0.0, 3.141592653589793, 1.5707963267948966, 3.141592653589793, 0.0, 3.141592653589793, 0.0, 0.0, 3.141592653589793, 0.0, 1.5707963267948966, 0.0, 4.71238898038469, 1.5707963267948966, 4.71238898038469, 1.5707963267948966, 1.5707963267948966, 3.141592653589793, 0.0, 4.71238898038469, 3.141592653589793, 0.0, 4.71238898038469]",0.0
3,4.061551316975734,"[1.5707963267948966, 6.71238898038469, 1.5707963267948966, 4.71238898038469, 3.141592653589793, 4.71238898038469, 1.5707963267948966, 1.5707963267948966, 3.141592653589793, 4.71238898038469, 3.141592653589793, 1.5707963267948966, 4.71238898038469, 4.71238898038469, 0.0, 0.0, 0.0, 0.0, 3.141592653589793, 1.5707963267948966, 3.141592653589793, 0.0, 3.141592653589793, 0.0, 0.0, 3.141592653589793, 0.0, 1.5707963267948966, 0.0, 4.71238898038469, 1.5707963267948966, 4.71238898038469, 1.5707963267948966, 1.5707963267948966, 3.141592653589793, 0.0, 4.71238898038469, 3.141592653589793, 0.0, 4.71238898038469]",0.0
4,3.043397610424036,"[1.5707963267948966, 4.71238898038469, 3.5707963267948966, 4.71238898038469, 3.141592653589793, 4.71238898038469, 1.5707963267948966, 1.5707963267948966, 3.141592653589793, 4.71238898038469, 3.141592653589793, 1.5707963267948966, 4.71238898038469, 4.71238898038469, 0.0, 0.0, 0.0, 0.0, 3.141592653589793, 1.5707963267948966, 3.141592653589793, 0.0, 3.141592653589793, 0.0, 0.0, 3.141592653589793, 0.0, 1.5707963267948966, 0.0, 4.71238898038469, 1.5707963267948966, 4.71238898038469, 1.5707963267948966, 1.5707963267948966, 3.141592653589793, 0.0, 4.71238898038469, 3.141592653589793, 0.0, 4.71238898038469]",0.0
5,3.0456937289494004,"[1.5707963267948966, 4.71238898038469, 1.5707963267948966, 6.71238898038469, 3.141592653589793, 4.71238898038469, 1.5707963267948966, 1.5707963267948966, 3.141592653589793, 4.71238898038469, 3.141592653589793, 1.5707963267948966, 4.71238898038469, 4.71238898038469, 0.0, 0.0, 0.0, 0.0, 3.141592653589793, 1.5707963267948966, 3.141592653589793, 0.0, 3.141592653589793, 0.0, 0.0, 3.141592653589793, 0.0, 1.5707963267948966, 0.0, 4.71238898038469, 1.5707963267948966, 4.71238898038469, 1.5707963267948966, 1.5707963267948966, 3.141592653589793, 0.0, 4.71238898038469, 3.141592653589793, 0.0, 4.71238898038469]",0.0
6,7.239697132144003,"[1.5707963267948966, 4.71238898038469, 1.5707963267948966, 4.71238898038469, 5.141592653589793, 4.71238898038469, 1.5707963267948966, 1.5707963267948966, 3.141592653589793, 4.71238898038469, 3.141592653589793, 1.5707963267948966, 4.71238898038469, 4.71238898038469, 0.0, 0.0, 0.0, 0.0, 3.141592653589793, 1.5707963267948966, 3.141592653589793, 0.0, 3.141592653589793, 0.0, 0.0, 3.141592653589793, 0.0, 1.5707963267948966, 0.0, 4.71238898038469, 1.5707963267948966, 4.71238898038469, 1.5707963267948966, 1.5707963267948966, 3.141592653589793, 0.0, 4.71238898038469, 3.141592653589793, 0.0, 4.71238898038469]",0.0
7,2.873093129378889,"[1.5707963267948966, 4.71238898038469, 1.5707963267948966, 4.71238898038469, 3.141592653589793, 6.71238898038469, 1.5707963267948966, 1.5707963267948966, 3.141592653589793, 4.71238898038469, 3.141592653589793, 1.5707963267948966, 4.71238898038469, 4.71238898038469, 0.0, 0.0, 0.0, 0.0, 3.141592653589793, 1.5707963267948966, 3.141592653589793, 0.0, 3.141592653589793, 0.0, 0.0, 3.141592653589793, 0.0, 1.5707963267948966, 0.0, 4.71238898038469, 1.5707963267948966, 4.71238898038469, 1.5707963267948966, 1.5707963267948966, 3.141592653589793, 0.0, 4.71238898038469, 3.141592653589793, 0.0, 4.71238898038469]",0.0
8,3.0002256733993433,"[1.5707963267948966, 4.71238898038469, 1.5707963267948966, 4.71238898038469, 3.141592653589793, 4.71238898038469, 3.5707963267948966, 1.5707963267948966, 3.141592653589793, 4.71238898038469, 3.141592653589793, 1.5707963267948966, 4.71238898038469, 4.71238898038469, 0.0, 0.0, 0.0, 0.0, 3.141592653589793, 1.5707963267948966, 3.141592653589793, 0.0, 3.141592653589793, 0.0, 0.0, 3.141592653589793, 0.0, 1.5707963267948966, 0.0, 4.71238898038469, 1.5707963267948966, 4.71238898038469, 1.5707963267948966, 1.5707963267948966, 3.141592653589793, 0.0, 4.71238898038469, 3.141592653589793, 0.0, 4.71238898038469]",0.0
9,1.9172091293918299,"[1.5707963267948966, 4.71238898038469, 1.5707963267948966, 4.71238898038469, 3.141592653589793, 4.71238898038469, 1.5707963267948966, 3.5707963267948966, 3.141592653589793, 4.71238898038469, 3.141592653589793, 1.5707963267948966, 4.71238898038469, 4.71238898038469, 0.0, 0.0, 0.0, 0.0, 3.141592653589793, 1.5707963267948966, 3.141592653589793, 0.0, 3.141592653589793, 0.0, 0.0, 3.141592653589793, 0.0, 1.5707963267948966, 0.0, 4.71238898038469, 1.5707963267948966, 4.71238898038469, 1.5707963267948966, 1.5707963267948966, 3.141592653589793, 0.0, 4.71238898038469, 3.141592653589793, 0.0, 4.71238898038469]",0.0
10,3.314903794062105,"[1.5707963267948966, 4.71238898038469, 1.5707963267948966, 4.71238898038469, 3.141592653589793, 4.71238898038469, 1.5707963267948966, 1.5707963267948966, 5.141592653589793, 4.71238898038469, 3.141592653589793, 1.5707963267948966, 4.71238898038469, 4.71238898038469, 0.0, 0.0, 0.0, 0.0, 3.141592653589793, 1.5707963267948966, 3.141592653589793, 0.0, 3.141592653589793, 0.0, 0.0, 3.141592653589793, 0.0, 1.5707963267948966, 0.0, 4.71238898038469, 1.5707963267948966, 4.71238898038469, 1.5707963267948966, 1.5707963267948966, 3.141592653589793, 0.0, 4.71238898038469, 3.141592653589793, 0.0, 4.71238898038469]",0.0
11,1.9434860272844434,"[1.5707963267948966, 4.71238898038469, 1.5707963267948966, 4.71238898038469, 3.141592653589793, 4.71238898038469, 1.5707963267948966, 1.5707963267948966, 3.141592653589793, 6.71238898038469, 3.141592653589793, 1.5707963267948966, 4.71238898038469, 4.71238898038469, 0.0, 0.0, 0.0, 0.0, 3.141592653589793, 1.5707963267948966, 3.141592653589793, 0.0, 3.141592653589793, 0.0, 0.0, 3.141592653589793, 0.0, 1.5707963267948966, 0.0, 4.71238898038469, 1.5707963267948966, 4.71238898038469, 1.5707963267948966, 1.5707963267948966, 3.141592653589793, 0.0, 4.71238898038469, 3.141592653589793, 0.0, 4.71238898038469]",0.0
12,3.2916534773287207,"[1.5707963267948966, 4.71238898038469, 1.5707963267948966, 4.71238898038469, 3.141592653589793, 4.71238898038469, 1.5707963267948966, 1.5707963267948966, 3.141592653589793, 4.71238898038469, 5.141592653589793, 1.5707963267948966, 4.71238898038469, 4.71238898038469, 0.0, 0.0, 0.0, 0.0, 3.141592653589793, 1.5707963267948966, 3.141592653589793, 0.0, 3.141592653589793, 0.0, 0.0, 3.141592653589793, 0.0, 1.5707963267948966, 0.0, 4.71238898038469, 1.5707963267948966, 4.71238898038469, 1.5707963267948966, 1.5707963267948966, 3.141592653589793, 0.0, 4.71238898038469, 3.141592653589793, 0.0, 4.71238898038469]",0.0
13,2.717779740491646,"[1.5707963267948966, 4.71238898038469, 1.5707963267948966, 4.71238898038469, 3.141592653589793, 4.71238898038469, 1.5707963267948966, 1.5707963267948966, 3.141592653589793, 4.71238898038469, 3.141592653589793, 3.5707963267948966, 4.71238898038469, 4.71238898038469, 0.0, 0.0, 0.0, 0.0, 3.141592653589793, 1.5707963267948966, 3.141592653589793, 0.0, 3.141592653589793, 0.0, 0.0, 3.141592653589793, 0.0, 1.5707963267948966, 0.0, 4.71238898038469, 1.5707963267948966, 4.71238898038469, 1.5707963267948966, 1.5707963267948966, 3.141592653589793, 0.0, 4.71238898038469, 3.141592653589793, 0.0, 4.71238898038469]",0.0
14,4.379439948294806,"[1.5707963267948966, 4.71238898038469, 1.5707963267948966, 4.71238898038469, 3.141592653589793, 4.71238898038469, 1.5707963267948966, 1.5707963267948966, 3.141592653589793, 4.71238898038469, 3.141592653589793, 1.5707963267948966, 6.71238898038469, 4.71238898038469, 0.0, 0.0, 0.0, 0.0, 3.141592653589793, 1.5707963267948966, 3.141592653589793, 0.0, 3.141592653589793, 0.0, 0.0, 3.141592653589793, 0.0, 1.5707963267948966, 0.0, 4.71238898038469, 1.5707963267948966, 4.71238898038469, 1.5707963267948966, 1.5707963267948966, 3.141592653589793, 0.0, 4.71238898038469, 3.141592653589793, 0.0, 4.71238898038469]",0.0
15,4.386468116385726,"[1.5707963267948966, 4.71238898038469, 1.5707963267948966, 4.71238898038469, 3.141592653589793, 4.71238898038469, 1.5707963267948966, 1.5707963267948966, 3.141592653589793, 4.71238898038469, 3.141592653589793, 1.5707963267948966, 4.71238898038469, 6.71238898038469, 0.0, 0.0, 0.0, 0.0, 3.141592653589793, 1.5707963267948966, 3.141592653589793, 0.0, 3.141592653589793, 0.0, 0.0, 3.141592653589793, 0.0, 1.5707963267948966, 0.0, 4.71238898038469, 1.5707963267948966, 4.71238898038469, 1.5707963267948966, 1.5707963267948966, 3.141592653589793, 0.0, 4.71238898038469, 3.141592653589793, 0.0, 4.71238898038469]",0.0
16,2.708099550419006,"[1.5707963267948966, 4.71238898038469, 1.5707963267948966, 4.71238898038469, 3.141592653589793, 4.71238898038469, 1.5707963267948966, 1.5707963267948966, 3.141592653589793, 4.71238898038469, 3.141592653589793, 1.5707963267948966, 4.71238898038469, 4.71238898038469, 2.0, 0.0, 0.0, 0.0, 3.141592653589793, 1.5707963267948966, 3.141592653589793, 0.0, 3.141592653589793, 0.0, 0.0, 3.141592653589793, 0.0, 1.5707963267948966, 0.0, 4.71238898038469, 1.5707963267948966, 4.71238898038469, 1.5707963267948966, 1.5707963267948966, 3.141592653589793, 0.0, 4.71238898038469, 3.141592653589793, 0.0, 4.71238898038469]",0.0
17,2.7161366430097402,"[1.5707963267948966, 4.71238898038469, 1.5707963267948966, 4.71238898038469, 3.141592653589793, 4.71238898038469, 1.5707963267948966, 1.5707963267948966, 3.141592653589793, 4.71238898038469, 3.141592653589793, 1.5707963267948966, 4.71238898038469, 4.71238898038469, 0.0, 2.0, 0.0, 0.0, 3.141592653589793, 1.5707963267948966, 3.141592653589793, 0.0, 3.141592653589793, 0.0, 0.0, 3.141592653589793, 0.0, 1.5707963267948966, 0.0, 4.71238898038469, 1.5707963267948966, 4.71238898038469, 1.5707963267948966, 1.5707963267948966, 3.141592653589793, 0.0, 4.71238898038469, 3.141592653589793, 0.0, 4.71238898038469]",0.0
18,2.990554795647617,"[1.5707963267948966, 4.71238898038469, 1.5707963267948966, 4.71238898038469, 3.141592653589793, 4.71238898038469, 1.5707963267948966, 1.5707963267948966, 3.141592653589793, 4.71238898038469, 3.141592653589793, 1.5707963267948966, 4.71238898038469, 4.71238898038469, 0.0, 0.0, 2.0, 0.0, 3.141592653589793, 1.5707963267948966, 3.141592653589793, 0.0, 3.141592653589793, 0.0, 0.0, 3.141592653589793, 0.0, 1.5707963267948966, 0.0, 4.71238898038469, 1.5707963267948966, 4.71238898038469, 1.5707963267948966, 1.5707963267948966, 3.141592653589793, 0.0, 4.71238898038469, 3.141592653589793, 0.0, 4.71238898038469]",0.0
19,2.9965275231868422,"[1.5707963267948966, 4.71238898038469, 1.5707963267948966, 4.71238898038469, 3.141592653589793, 4.71238898038469, 1.5707963267948966, 1.5707963267948966, 3.141592653589793, 4.71238898038469, 3.141592653589793, 1.5707963267948966, 4.71238898038469, 4.71238898038469, 0.0, 0.0, 0.0, 2.0, 3.141592653589793, 1.5707963267948966, 3.141592653589793, 0.0, 3.141592653589793, 0.0, 0.0, 3.141592653589793, 0.0, 1.5707963267948966, 0.0, 4.71238898038469, 1.5707963267948966, 4.71238898038469, 1.5707963267948966, 1.5707963267948966, 3.141592653589793, 0.0, 4.71238898038469, 3.141592653589793, 0.0, 4.71238898038469]",0.0
20,2.8821049231584603,"[1.5707963267948966, 4.71238898038469, 1.5707963267948966, 4.71238898038469, 3.141592653589793, 4.71238898038469, 1.5707963267948966, 1.5707963267948966, 3.141592653589793, 4.71238898038469, 3.141592653589793, 1.5707963267948966, 4.71238898038469, 4.71238898038469, 0.0, 0.0, 0.0, 0.0, 5.141592653589793, 1.5707963267948966, 3.141592653589793, 0.0, 3.141592653589793, 0.0, 0.0, 3.141592653589793, 0.0, 1.5707963267948966, 0.0, 4.71238898038469, 1.5707963267948966, 4.71238898038469, 1.5707963267948966, 1.5707963267948966, 3.141592653589793, 0.0, 4.71238898038469, 3.141592653589793, 0.0, 4.71238898038469]",0.0
21,1.8984630389441917,"[1.5707963267948966, 4.71238898038469, 1.5707963267948966, 4.71238898038469, 3.141592653589793, 4.71238898038469, 1.5707963267948966, 1.5707963267948966, 3.141592653589793, 4.71238898038469, 3.141592653589793, 1.5707963267948966, 4.71238898038469, 4.71238898038469, 0.0, 0.0, 0.0, 0.0, 3.141592653589793, 3.5707963267948966, 3.141592653589793, 0.0, 3.141592653589793, 0.0, 0.0, 3.141592653589793, 0.0, 1.5707963267948966, 0.0, 4.71238898038469, 1.5707963267948966, 4.71238898038469, 1.5707963267948966, 1.5707963267948966, 3.141592653589793, 0.0, 4.71238898038469, 3.141592653589793, 0.0, 4.71238898038469]",0.0
22,7.256570938220658,"[1.5707963267948966, 4.71238898038469, 1.5707963267948966, 4.71238898038469, 3.141592653589793, 4.71238898038469, 1.5707963267948966, 1.5707963267948966, 3.141592653589793, 4.71238898038469, 3.141592653589793, 1.5707963267948966, 4.71238898038469, 4.71238898038469, 0.0, 0.0, 0.0, 0.0, 3.141592653589793, 1.5707963267948966, 5.141592653589793, 0.0, 3.141592653589793, 0.0, 0.0, 3.141592653589793, 0.0, 1.5707963267948966, 0.0, 4.71238898038469, 1.5707963267948966, 4.71238898038469, 1.5707963267948966, 1.5707963267948966, 3.141592653589793, 0.0, 4.71238898038469, 3.141592653589793, 0.0, 4.71238898038469]",0.0
23,1.8927624987113432,"[1.5707963267948966, 4.71238898038469, 1.5707963267948966, 4.71238898038469, 3.141592653589793, 4.71238898038469, 1.5707963267948966, 1.5707963267948966, 3.141592653589793, 4.71238898038469, 3.141592653589793, 1.5707963267948966, 4.71238898038469, 4.71238898038469, 0.0, 0.0, 0.0, 0.0, 3.141592653589793, 1.5707963267948966, 3.141592653589793, 2.0, 3.141592653589793, 0.0, 0.0, 3.141592653589793, 0.0, 1.5707963267948966, 0.0, 4.71238898038469, 1.5707963267948966, 4.71238898038469, 1.5707963267948966, 1.5707963267948966, 3.141592653589793, 0.0, 4.71238898038469, 3.141592653589793, 0.0, 4.71238898038469]",0.0
24,3.2257275985840836,"[1.5707963267948966, 4.71238898038469, 1.5707963267948966, 4.71238898038469, 3.141592653589793, 4.71238898038469, 1.5707963267948966, 1.5707963267948966, 3.141592653589793, 4.71238898038469, 3.141592653589793, 1.5707963267948966, 4.71238898038469, 4.71238898038469, 0.0, 0.0, 0.0, 0.0, 3.141592653589793, 1.5707963267948966, 3.141592653589793, 0.0, 5.141592653589793, 0.0, 0.0, 3.141592653589793, 0.0, 1.5707963267948966, 0.0, 4.71238898038469, 1.5707963267948966, 4.71238898038469, 1.5707963267948966, 1.5707963267948966, 3.141592653589793, 0.0, 4.71238898038469, 3.141592653589793, 0.0, 4.71238898038469]",0.0
25,7.474315261507238,"[1.5707963267948966, 4.71238898038469, 1.5707963267948966, 4.71238898038469, 3.141592653589793, 4.71238898038469, 1.5707963267948966, 1.5707963267948966, 3.141592653589793, 4.71238898038469, 3.141592653589793, 1.5707963267948966, 4.71238898038469, 4.71238898038469, 0.0, 0.0, 0.0, 0.0, 3.141592653589793, 1.5707963267948966, 3.141592653589793, 0.0, 3.141592653589793, 2.0, 0.0, 3.141592653589793, 0.0, 1.5707963267948966, 0.0, 4.71238898038469, 1.5707963267948966, 4.71238898038469, 1.5707963267948966, 1.5707963267948966, 3.141592653589793, 0.0, 4.71238898038469, 3.141592653589793, 0.0, 4.71238898038469]",0.0
26,2.252882011915616,"[1.5707963267948966, 4.71238898038469, 1.5707963267948966, 4.71238898038469, 3.141592653589793, 4.71238898038469, 1.5707963267948966, 1.5707963267948966, 3.141592653589793, 4.71238898038469, 3.141592653589793, 1.5707963267948966, 4.71238898038469, 4.71238898038469, 0.0, 0.0, 0.0, 0.0, 3.141592653589793, 1.5707963267948966, 3.141592653589793, 0.0, 3.141592653589793, 0.0, 2.0, 3.141592653589793, 0.0, 1.5707963267948966, 0.0, 4.71238898038469, 1.5707963267948966, 4.71238898038469, 1.5707963267948966, 1.5707963267948966, 3.141592653589793, 0.0, 4.71238898038469, 3.141592653589793, 0.0, 4.71238898038469]",0.0
27,2.7214349520335426,"[1.5707963267948966, 4.71238898038469, 1.5707963267948966, 4.71238898038469, 3.141592653589793, 4.71238898038469, 1.5707963267948966, 1.5707963267948966, 3.141592653589793, 4.71238898038469, 3.141592653589793, 1.5707963267948966, 4.71238898038469, 4.71238898038469, 0.0, 0.0, 0.0, 0.0, 3.141592653589793, 1.5707963267948966, 3.141592653589793, 0.0, 3.141592653589793, 0.0, 0.0, 5.141592653589793, 0.0, 1.5707963267948966, 0.0, 4.71238898038469, 1.5707963267948966, 4.71238898038469, 1.5707963267948966, 1.5707963267948966, 3.141592653589793, 0.0, 4.71238898038469, 3.141592653589793, 0.0, 4.71238898038469]",0.0
28,3.3235565064258186,"[1.5707963267948966, 4.71238898038469, 1.5707963267948966, 4.71238898038469, 3.141592653589793, 4.71238898038469, 1.5707963267948966, 1.5707963267948966, 3.141592653589793, 4.71238898038469, 3.141592653589793, 1.5707963267948966, 4.71238898038469, 4.71238898038469, 0.0, 0.0, 0.0, 0.0, 3.141592653589793, 1.5707963267948966, 3.141592653589793, 0.0, 3.141592653589793, 0.0, 0.0, 3.141592653589793, 2.0, 1.5707963267948966, 0.0, 4.71238898038469, 1.5707963267948966, 4.71238898038469, 1.5707963267948966, 1.5707963267948966, 3.141592653589793, 0.0, 4.71238898038469, 3.141592653589793, 0.0, 4.71238898038469]",0.0
29,4.076737956979031,"[1.5707963267948966, 4.71238898038469, 1.5707963267948966, 4.71238898038469, 3.141592653589793, 4.71238898038469, 1.5707963267948966, 1.5707963267948966, 3.141592653589793, 4.71238898038469, 3.141592653589793, 1.5707963267948966, 4.71238898038469, 4.71238898038469, 0.0, 0.0, 0.0, 0.0, 3.141592653589793, 1.5707963267948966, 3.141592653589793, 0.0, 3.141592653589793, 0.0, 0.0, 3.141592653589793, 0.0, 3.5707963267948966, 0.0, 4.71238898038469, 1.5707963267948966, 4.71238898038469, 1.5707963267948966, 1.5707963267948966, 3.141592653589793, 0.0, 4.71238898038469, 3.141592653589793, 0.0, 4.71238898038469]",0.0
30,1.9610022644071028,"[1.5707963267948966, 4.71238898038469, 1.5707963267948966, 4.71238898038469, 3.141592653589793, 4.71238898038469, 1.5707963267948966, 1.5707963267948966, 3.141592653589793, 4.71238898038469, 3.141592653589793, 1.5707963267948966, 4.71238898038469, 4.71238898038469, 0.0, 0.0, 0.0, 0.0, 3.141592653589793, 1.5707963267948966, 3.141592653589793, 0.0, 3.141592653589793, 0.0, 0.0, 3.141592653589793, 0.0, 1.5707963267948966, 2.0, 4.71238898038469, 1.5707963267948966, 4.71238898038469, 1.5707963267948966, 1.5707963267948966, 3.141592653589793, 0.0, 4.71238898038469, 3.141592653589793, 0.0, 4.71238898038469]",0.0
31,2.7106667416199337,"[1.5707963267948966, 4.71238898038469, 1.5707963267948966, 4.71238898038469, 3.141592653589793, 4.71238898038469, 1.5707963267948966, 1.5707963267948966, 3.141592653589793, 4.71238898038469, 3.141592653589793, 1.5707963267948966, 4.71238898038469, 4.71238898038469, 0.0, 0.0, 0.0, 0.0, 3.141592653589793, 1.5707963267948966, 3.141592653589793, 0.0, 3.141592653589793, 0.0, 0.0, 3.141592653589793, 0.0, 1.5707963267948966, 0.0, 6.71238898038469, 1.5707963267948966, 4.71238898038469, 1.5707963267948966, 1.5707963267948966, 3.141592653589793, 0.0, 4.71238898038469, 3.141592653589793, 0.0, 4.71238898038469]",0.0
32,3.0191041199938,"[1.5707963267948966, 4.71238898038469, 1.5707963267948966, 4.71238898038469, 3.141592653589793, 4.71238898038469, 1.5707963267948966, 1.5707963267948966, 3.141592653589793, 4.71238898038469, 3.141592653589793, 1.5707963267948966, 4.71238898038469, 4.71238898038469, 0.0, 0.0, 0.0, 0.0, 3.141592653589793, 1.5707963267948966, 3.141592653589793, 0.0, 3.141592653589793, 0.0, 0.0, 3.141592653589793, 0.0, 1.5707963267948966, 0.0, 4.71238898038469, 3.5707963267948966, 4.71238898038469, 1.5707963267948966, 1.5707963267948966, 3.141592653589793, 0.0, 4.71238898038469, 3.141592653589793, 0.0, 4.71238898038469]",0.0
33,4.059817172812116,"[1.5707963267948966, 4.71238898038469, 1.5707963267948966, 4.71238898038469, 3.141592653589793, 4.71238898038469, 1.5707963267948966, 1.5707963267948966, 3.141592653589793, 4.71238898038469, 3.141592653589793, 1.5707963267948966, 4.71238898038469, 4.71238898038469, 0.0, 0.0, 0.0, 0.0, 3.141592653589793, 1.5707963267948966, 3.141592653589793, 0.0, 3.141592653589793, 0.0, 0.0, 3.141592653589793, 0.0, 1.5707963267948966, 0.0, 4.71238898038469, 1.5707963267948966, 6.71238898038469, 1.5707963267948966, 1.5707963267948966, 3.141592653589793, 0.0, 4.71238898038469, 3.141592653589793, 0.0, 4.71238898038469]",0.0
34,2.8757455113864867,"[1.5707963267948966, 4.71238898038469, 1.5707963267948966, 4.71238898038469, 3.141592653589793, 4.71238898038469, 1.5707963267948966, 1.5707963267948966, 3.141592653589793, 4.71238898038469, 3.141592653589793, 1.5707963267948966, 4.71238898038469, 4.71238898038469, 0.0, 0.0, 0.0, 0.0, 3.141592653589793, 1.5707963267948966, 3.141592653589793, 0.0, 3.141592653589793, 0.0, 0.0, 3.141592653589793, 0.0, 1.5707963267948966, 0.0, 4.71238898038469, 1.5707963267948966, 4.71238898038469, 3.5707963267948966, 1.5707963267948966, 3.141592653589793, 0.0, 4.71238898038469, 3.141592653589793, 0.0, 4.71238898038469]",0.0
35,1.8946696097579698,"[1.5707963267948966, 4.71238898038469, 1.5707963267948966, 4.71238898038469, 3.141592653589793, 4.71238898038469, 1.5707963267948966, 1.5707963267948966, 3.141592653589793, 4.71238898038469, 3.141592653589793, 1.5707963267948966, 4.71238898038469, 4.71238898038469, 0.0, 0.0, 0.0, 0.0, 3.141592653589793, 1.5707963267948966, 3.141592653589793, 0.0, 3.141592653589793, 0.0, 0.0, 3.141592653589793, 0.0, 1.5707963267948966, 0.0, 4.71238898038469, 1.5707963267948966, 4.71238898038469, 1.5707963267948966, 3.5707963267948966, 3.141592653589793, 0.0, 4.71238898038469, 3.141592653589793, 0.0, 4.71238898038469]",0.0
36,7.232350720065716,"[1.5707963267948966, 4.71238898038469, 1.5707963267948966, 4.71238898038469, 3.141592653589793, 4.71238898038469, 1.5707963267948966, 1.5707963267948966, 3.141592653589793, 4.71238898038469, 3.141592653589793, 1.5707963267948966, 4.71238898038469, 4.71238898038469, 0.0, 0.0, 0.0, 0.0, 3.141592653589793, 1.5707963267948966, 3.141592653589793, 0.0, 3.141592653589793, 0.0, 0.0, 3.141592653589793, 0.0, 1.5707963267948966, 0.0, 4.71238898038469, 1.5707963267948966, 4.71238898038469, 1.5707963267948966, 1.5707963267948966, 5.141592653589793, 0.0, 4.71238898038469, 3.141592653589793, 0.0, 4.71238898038469]",0.0
37,7.235127569558574,"[1.5707963267948966, 4.71238898038469, 1.5707963267948966, 4.71238898038469, 3.141592653589793, 4.71238898038469, 1.5707963267948966, 1.5707963267948966, 3.141592653589793, 4.71238898038469, 3.141592653589793, 1.5707963267948966, 4.71238898038469, 4.71238898038469, 0.0, 0.0, 0.0, 0.0, 3.141592653589793, 1.5707963267948966, 3.141592653589793, 0.0, 3.141592653589793, 0.0, 0.0, 3.141592653589793, 0.0, 1.5707963267948966, 0.0, 4.71238898038469, 1.5707963267948966, 4.71238898038469, 1.5707963267948966, 1.5707963267948966, 3.141592653589793, 2.0, 4.71238898038469, 3.141592653589793, 0.0, 4.71238898038469]",0.0
38,1.9565546203056876,"[1.5707963267948966, 4.71238898038469, 1.5707963267948966, 4.71238898038469, 3.141592653589793, 4.71238898038469, 1.5707963267948966, 1.5707963267948966, 3.141592653589793, 4.71238898038469, 3.141592653589793, 1.5707963267948966, 4.71238898038469, 4.71238898038469, 0.0, 0.0, 0.0, 0.0, 3.141592653589793, 1.5707963267948966, 3.141592653589793, 0.0, 3.141592653589793, 0.0, 0.0, 3.141592653589793, 0.0, 1.5707963267948966, 0.0, 4.71238898038469, 1.5707963267948966, 4.71238898038469, 1.5707963267948966, 1.5707963267948966, 3.141592653589793, 0.0, 6.71238898038469, 3.141592653589793, 0.0, 4.71238898038469]",0.0
39,1.9513954471228891,"[1.5707963267948966, 4.71238898038469, 1.5707963267948966, 4.71238898038469, 3.141592653589793, 4.71238898038469, 1.5707963267948966, 1.5707963267948966, 3.141592653589793, 4.71238898038469, 3.141592653589793, 1.5707963267948966, 4.71238898038469, 4.71238898038469, 0.0, 0.0, 0.0, 0.0, 3.141592653589793, 1.5707963267948966, 3.141592653589793, 0.0, 3.141592653589793, 0.0, 0.0, 3.141592653589793, 0.0, 1.5707963267948966, 0.0, 4.71238898038469, 1.5707963267948966, 4.71238898038469, 1.5707963267948966, 1.5707963267948966, 3.141592653589793, 0.0, 4.71238898038469, 5.141592653589793, 0.0, 4.71238898038469]",0.0
40,1.9136236478370166,"[1.5707963267948966, 4.71238898038469, 1.5707963267948966, 4.71238898038469, 3.141592653589793, 4.71238898038469, 1.5707963267948966, 1.5707963267948966, 3.141592653589793, 4.71238898038469, 3.141592653589793, 1.5707963267948966, 4.71238898038469, 4.71238898038469, 0.0, 0.0, 0.0, 0.0, 3.141592653589793, 1.5707963267948966, 3.141592653589793, 0.0, 3.141592653589793, 0.0, 0.0, 3.141592653589793, 0.0, 1.5707963267948966, 0.0, 4.71238898038469, 1.5707963267948966, 4.71238898038469, 1.5707963267948966, 1.5707963267948966, 3.141592653589793, 0.0, 4.71238898038469, 3.141592653589793, 2.0, 4.71238898038469]",0.0
41,1.9119905766485135,"[1.5707963267948966, 4.71238898038469, 1.5707963267948966, 4.71238898038469, 3.141592653589793, 4.71238898038469, 1.5707963267948966, 1.5707963267948966, 3.141592653589793, 4.71238898038469, 3.141592653589793, 1.5707963267948966, 4.71238898038469, 4.71238898038469, 0.0, 0.0, 0.0, 0.0, 3.141592653589793, 1.5707963267948966, 3.141592653589793, 0.0, 3.141592653589793, 0.0, 0.0, 3.141592653589793, 0.0, 1.5707963267948966, 0.0, 4.71238898038469, 1.5707963267948966, 4.71238898038469, 1.5707963267948966, 1.5707963267948966, 3.141592653589793, 0.0, 4.71238898038469, 3.141592653589793, 0.0, 6.71238898038469]",0.0
42,4.027525727395196,"[1.252425328708827, 4.391756010506251, 1.3807657397719424, 4.522063861653211, 2.4132870367895647, 4.54420398592044, 1.3863035655556424, 1.525226147096243, 2.9167349532194593, 4.663448164743013, 2.9197173582806846, 1.4225339614459829, 4.350979247169063, 4.350077717769448, -0.1470206511736909, -0.14805159909130447, -0.1832522415902541, -0.1840183856839699, 2.972251682641992, 1.527630778210319, 2.4111225705922985, -0.04243431897436969, 2.92817391724667, -0.7584009614999129, -0.08862819543387356, 2.9928614205894233, -0.2259676161380534, 1.2482153098198006, -0.05118768887128871, 4.565039025996828, 1.3838819566237295, 4.391978455662151, 1.4022711013731732, 1.5281173755558142, 2.414229388535366, -0.7277194619216244, 4.661771807452203, 3.091637267091812, -0.04511025657336346, 4.667488203958792]",0.0
43,2.471263246234033,"[1.4116108277518618, 4.55207249544547, 1.4757810332834196, 4.61722642101895, 2.777439845189679, 4.628296483152565, 1.4785499461752696, 1.5480112369455699, 3.0291638034046264, 4.687918572563851, 3.030655005935239, 1.4966651441204397, 4.531684113776876, 4.531233349077069, -0.07351032558684545, -0.07402579954565223, -0.09162612079512705, -0.09200919284198494, 3.0569221681158925, 1.5492135525026078, 2.776357612091046, -0.021217159487184844, 3.0348832854182315, -0.37920048074995644, -0.04431409771693678, 3.067227037089608, -0.1129838080690267, 1.4095058183073486, -0.025593844435644355, 4.638714003190759, 1.477339141709313, 4.55218371802342, 1.486533714084035, 1.5494568511753553, 2.7779110210625797, -0.3638597309608122, 4.687080393918446, 3.1166149603408027, -0.02255512828668173, 4.689938592171741]",0.0
44,2.039249959140635,"[1.5429496178252686, 4.684344425284044, 1.5541750689417388, 4.695741960955198, 3.6143046184079344, 4.697678474019288, 1.5546594416510944, 1.5668104752588248, 3.121925199646329, 4.708108312050881, 3.1221860593548727, 1.5578283775663564, 4.680777835776205, 4.680698982403977, -0.012859341178596133, -0.012949514299882978, -0.016028381574555925, -0.016095393305318957, 3.126781038326575, 1.567020799262002, 3.077701193832042, -0.003711569640159799, 3.122925722633959, -0.06633446822773921, -0.007751973576698615, 3.1285836942783187, -0.01976453408440121, 1.542581383370924, -0.004477193850556967, 4.6995008362974655, 1.5544476326623027, 4.684363881721833, 1.556056061712425, 1.567063360094323, 3.0779729354655525, -0.06365087331914335, 4.7079616874089165, 3.1372232445744075, -0.00394562379706488, 4.708461679025085]",0.0
45,1.6743922362518564,"[1.7481976718474777, 4.536239149917741, 1.5707963267948966, 4.71238898038469, 3.141592653589793, 4.71238898038469, 1.5707963267948966, 1.5707963267948966, 3.141592653589793, 4.71238898038469, 3.141592653589793, 1.5707963267948966, 4.71238898038469, 4.71238898038469, 0.0, 0.0, 0.0, 0.0, 3.141592653589793, 1.5707963267948966, 3.141592653589793, 0.0, 3.141592653589793, 0.0, 0.0, 3.141592653589793, 0.0, 1.5707963267948966, 0.0, 4.71238898038469, 1.5707963267948966, 4.71238898038469, 1.5707963267948966, 1.5707963267948966, 3.141592653589793, 0.0, 4.71238898038469, 3.141592653589793, 0.0, 4.71238898038469]",0.0
46,1.5795131350276586,"[1.9106124622550944, 5.064034583089704, 1.5598708086709687, 4.701446528610395, 3.1328422664638507, 4.702719441212189, 1.5601891974993927, 1.5681763389707883, 3.1286648038199867, 4.709575202999324, 3.1288362726401373, 1.562272208730049, 4.6916102802171515, 4.69155844816238, -0.008452727606402767, -0.008512000381039577, -0.010535807514518186, -0.010579855798073828, 3.1318566533163725, 1.568314589561021, 3.0995953927498197, -0.002439696305179619, 3.1293224695713597, -0.043603104004887386, -0.005095542621182606, 3.1330415786960266, -0.012991662680276213, 1.5522500243148079, -0.002942957927176724, 4.703917319993354, 1.5600499707954754, 4.693967467038891, 1.5611072265635655, 1.5683425657315972, 3.0997740144984367, -0.04183911808576066, 4.709478823399335, 3.138720545003897, -0.002593545247049041, 4.709807478878512]",0.0
47,1.5639179237896679,"[1.5707963267948966, 4.71238898038469, 1.747709857602858, 4.5357492266001564, 3.141592653589793, 4.71238898038469, 1.5707963267948966, 1.5707963267948966, 3.141592653589793, 4.71238898038469, 3.141592653589793, 1.5707963267948966, 4.71238898038469, 4.71238898038469, 0.0, 0.0, 0.0, 0.0, 3.141592653589793, 1.5707963267948966, 3.141592653589793, 0.0, 3.141592653589793, 0.0, 0.0, 3.141592653589793, 0.0, 1.5707963267948966, 0.0, 4.71238898038469, 1.5707963267948966, 4.71238898038469, 1.5707963267948966, 1.5707963267948966, 3.141592653589793, 0.0, 4.71238898038469, 3.141592653589793, 0.0, 4.71238898038469]",0.0
48,1.8179193588471076,"[1.5691772887166175, 4.716587070255843, 1.9211199515957658, 5.063357211637635, 3.1361755462786634, 4.706402853074811, 1.5642297650154275, 1.5691743693897242, 3.1335894020196333, 4.710647053561708, 3.1336955533231015, 1.5655192960046678, 4.6995254982354675, 4.699493410534797, -0.005232835057077628, -0.005269529088577571, -0.00652240856251315, -0.006549677559353822, 3.13556538216703, 1.5692599562640348, 3.11559338458955, -0.0015103442283762095, 3.133996543543633, -0.026993399274021834, -0.003154500571242831, 3.136298934619611, -0.008042756266223531, 1.5593148563966952, -0.0018218986970749754, 4.707144424597295, 1.5641435738578433, 4.700984763269341, 1.564798089808809, 1.5692772754884285, 3.115703964060656, -0.02590136747226287, 4.710587387785985, 3.1398146156361477, -0.0016055875834204193, 4.710790848727023]",0.0
49,1.5923275322762573,"[1.5707963267948966, 4.71238898038469, 1.5707963267948966, 4.71238898038469, 3.141592653589793, 4.897142396308791, 1.4023737175514344, 1.5707963267948966, 3.141592653589793, 4.71238898038469, 3.141592653589793, 1.5707963267948966, 4.71238898038469, 4.71238898038469, 0.0, 0.0, 0.0, 0.0, 3.141592653589793, 1.5707963267948966, 3.141592653589793, 0.0, 3.141592653589793, 0.0, 0.0, 3.141592653589793, 0.0, 1.5707963267948966, 0.0, 4.71238898038469, 1.5707963267948966, 4.71238898038469, 1.5707963267948966, 1.5707963267948966, 3.141592653589793, 0.0, 4.71238898038469, 3.141592653589793, 0.0, 4.71238898038469]",0.0
50,1.6808939439365396,"[1.5692767726526708, 4.716329113071333, 1.5685380325447278, 4.710222574722317, 3.13650840760204, 5.046065710993282, 1.9383730941013346, 1.5692740327076793, 3.1340811723974307, 4.710754088559211, 3.134180801093662, 1.5658435501409533, 4.700315911909317, 4.700285795879853, -0.0049112965860686544, -0.004945735904271703, -0.006121630541877901, -0.0061472239591418305, 3.135935735831247, 1.5693543605833011, 3.1171909440597996, -0.0014175391296883625, 3.134463296572004, -0.025334754154267017, -0.0029606681115129036, 3.1366242141831853, -0.007548558470127968, 1.5600203505306596, -0.001709949721997231, 4.707466683264079, 1.564552361060965, 4.701685510473165, 1.5651666594136635, 1.5693706156050458, 3.1172947288290516, -0.024309823690884046, 4.710698089025992, 3.1399238695298353, -0.001506930130813398, 4.710889048040411]",0.0
51,1.5754114494307814,"[1.5707963267948966, 4.71238898038469, 1.5707963267948966, 4.71238898038469, 3.141592653589793, 4.71238898038469, 1.5707963267948966, 1.3257774054591764, 3.191248752786973, 4.71238898038469, 3.141592653589793, 1.5707963267948966, 4.71238898038469, 4.71238898038469, 0.0, 0.0, 0.0, 0.0, 3.141592653589793, 1.5707963267948966, 3.141592653589793, 0.0, 3.141592653589793, 0.0, 0.0, 3.141592653589793, 0.0, 1.5707963267948966, 0.0, 4.71238898038469, 1.5707963267948966, 4.71238898038469, 1.5707963267948966, 1.5707963267948966, 3.141592653589793, 0.0, 4.71238898038469, 3.141592653589793, 0.0, 4.71238898038469]",0.0
52,1.7108112637334343,"[1.5693806985521368, 4.716059638083837, 1.568692482626292, 4.710370740326169, 3.136856131202471, 4.711140563548625, 1.5708667989835652, 1.6699262734893525, 3.628567104378325, 4.710865902675452, 3.1346877152048247, 1.5661822822428986, 4.701141617598737, 4.7011135612757124, -0.004575401404009317, -0.0046074853358383005, -0.0057029577597867585, -0.00572680078275038, 3.136322625807672, 1.5694529800608015, 3.118859834651418, -0.0013205902780564864, 3.1349508901496854, -0.023602050435413014, -0.0027581810214123335, 3.1369640174978066, -0.0070322947142795736, 1.5607573450179018, -0.0015930022188039173, 4.707803330798698, 1.5649794006359972, 4.702417546079567, 1.5655516856723743, 1.569468123363188, 3.1189565213349906, -0.02264721738898767, 4.710813733082672, 3.140038001616101, -0.0014038676173264157, 4.710991631958737]",0.0
53,1.5789480078668148,"[1.5707963267948966, 4.71238898038469, 1.5707963267948966, 4.71238898038469, 3.141592653589793, 4.71238898038469, 1.5707963267948966, 1.5707963267948966, 3.141592653589793, 4.46825751297303, 3.195442691838894, 1.5707963267948966, 4.71238898038469, 4.71238898038469, 0.0, 0.0, 0.0, 0.0, 3.141592653589793, 1.5707963267948966, 3.141592653589793, 0.0, 3.141592653589793, 0.0, 0.0, 3.141592653589793, 0.0, 1.5707963267948966, 0.0, 4.71238898038469, 1.5707963267948966, 4.71238898038469, 1.5707963267948966, 1.5707963267948966, 3.141592653589793, 0.0, 4.71238898038469, 3.141592653589793, 0.0, 4.71238898038469]",0.0
54,1.7112316398084755,"[1.5693780984733008, 4.716066379966423, 1.5686886185039666, 4.710367033432577, 3.1368474316503963, 4.711138270586323, 1.5708669284195573, 1.5709541014996773, 3.140203084884539, 4.819973583956798, 3.6268075582175605, 1.5661738076453833, 4.7011209596116625, 4.701092851757698, -0.0045838050258064705, -0.004615947886067093, -0.005713432359916138, -0.005737319175266434, 3.1363129463683332, 1.5694505127411285, 3.118818081372116, -0.0013230158010359698, 3.134938691248849, -0.023645400228793495, -0.0027632469616666088, 3.136955516100067, -0.00704521090237471, 1.5607389064594817, -0.0015959280797255679, 4.707794908354105, 1.5649687167105564, 4.702399231585323, 1.5655420528606134, 1.569465683857159, 3.118914945639741, -0.022688813444260155, 4.710810839832136, 3.140035146192924, -0.0014064460954680154, 4.710989065454368]",0.0
55,1.5766404790096944,"[1.5707963267948966, 4.71238898038469, 1.5707963267948966, 4.71238898038469, 3.141592653589793, 4.71238898038469, 1.5707963267948966, 1.5707963267948966, 3.141592653589793, 4.71238898038469, 3.141592653589793, 1.8020903453544916, 4.6175044348646015, 4.71238898038469, 0.0, 0.0, 0.0, 0.0, 3.141592653589793, 1.5707963267948966, 3.141592653589793, 0.0, 3.141592653589793, 0.0, 0.0, 3.141592653589793, 0.0, 1.5707963267948966, 0.0, 4.71238898038469, 1.5707963267948966, 4.71238898038469, 1.5707963267948966, 1.5707963267948966, 3.141592653589793, 0.0, 4.71238898038469, 3.141592653589793, 0.0, 4.71238898038469]",0.0
56,1.772971435424456,"[1.5682883059004973, 4.718892161041571, 1.567069016916468, 4.708813332425862, 3.133201116351855, 4.71017720230963, 1.5709211799988072, 1.571075338467539, 3.139135314884937, 4.712825008917466, 3.1391049849876596, 1.756387937531682, 5.166983548364856, 4.692412699985467, -0.008106084616643206, -0.00816292663841915, -0.010103738248072484, -0.010145980129077789, 3.1322559228066753, 1.568416364615726, 3.101317683676154, -0.002339645332202304, 3.1298256649268836, -0.0418149580904725, -0.004886576449444619, 3.133392254868838, -0.012458879772422028, 1.5530106007866928, -0.002822268395688643, 4.704264739409077, 1.5604906745713591, 4.694722925958121, 1.5615045727018375, 1.5684431934946987, 3.101488980218061, -0.04012331253073894, 4.709598167777274, 3.138838329032141, -0.0024871849902920666, 4.709913345226257]",0.0
57,1.5894413403412124,"[1.5707963267948966, 4.71238898038469, 1.5707963267948966, 4.71238898038469, 3.141592653589793, 4.71238898038469, 1.5707963267948966, 1.5707963267948966, 3.141592653589793, 4.71238898038469, 3.141592653589793, 1.5707963267948966, 4.71238898038469, 4.806390871228224, -0.23165414850125232, 0.0, 0.0, 0.0, 3.141592653589793, 1.5707963267948966, 3.141592653589793, 0.0, 3.141592653589793, 0.0, 0.0, 3.141592653589793, 0.0, 1.5707963267948966, 0.0, 4.71238898038469, 1.5707963267948966, 4.71238898038469, 1.5707963267948966, 1.5707963267948966, 3.141592653589793, 0.0, 4.71238898038469, 3.141592653589793, 0.0, 4.71238898038469]",0.0
58,1.7814630454671274,"[1.5681861126876833, 4.719157143253768, 1.5669171418772767, 4.70866763708751, 3.132859190113239, 4.710087079971325, 1.5709262673368218, 1.5710867072321708, 3.139035186796777, 4.712842775578319, 3.1390036210606542, 1.5689869820574653, 4.710257387706287, 5.1665342714191045, 0.18603248337505682, -0.008495537782531268, -0.010515430780341962, -0.010559393872500197, 3.131875483186721, 1.568319389354472, 3.0996766173753727, -0.0024349778208097345, 3.129346200669113, -0.043518773605120534, -0.005085687608424222, 3.1330581168664318, -0.012966536209753812, 1.5522858937130546, -0.0029372661117851415, 4.703933704572475, 1.5600707547400625, 4.694003095089237, 1.5611259657270846, 1.5683473114178534, 3.0998548936613486, -0.04175819931553574, 4.709484451776203, 3.138726099793418, -0.0025885292117807136, 4.709812471620634]",0.0
59,1.5961209282352047,"[1.5707963267948966, 4.71238898038469, 1.5707963267948966, 4.71238898038469, 3.141592653589793, 4.71238898038469, 1.5707963267948966, 1.5707963267948966, 3.141592653589793, 4.71238898038469, 3.141592653589793, 1.5707963267948966, 4.71238898038469, 4.71238898038469, 8.721361158494765e-18, 0.19446445482597155, -0.15711007545424216, 0.0, 3.141592653589793, 1.5707963267948966, 3.141592653589793, 0.0, 3.141592653589793, 0.0, 0.0, 3.141592653589793, 0.0, 1.5707963267948966, 0.0, 4.71238898038469, 1.5707963267948966, 4.71238898038469, 1.5707963267948966, 1.5707963267948966, 3.141592653589793, 0.0, 4.71238898038469, 3.141592653589793, 0.0, 4.71238898038469]",0.0
60,1.6850365971607282,"[1.569187046575294, 4.716561768585534, 1.5684046856115719, 4.710094653592894, 3.136208194903971, 4.710969785387435, 1.57087643928194, 1.5709753555927923, 3.140015893771157, 4.7126687595900965, 3.139996432488414, 1.5696808080762048, 4.711074785536028, 4.710492187103657, 0.0003073385412680395, 0.3111039384727122, 0.38704571221340744, -0.0065102029917956435, 3.1356017082198493, 1.5692692158896828, 3.115750080837772, -0.0015012414619058213, 3.1340423249056126, -0.026830711454108386, -0.0031354885596157865, 3.136330839589776, -0.007994282990599209, 1.5593840546243627, -0.0018109182079516395, 4.707176033263503, 1.5641836696553664, 4.701053495895472, 1.5648342408725815, 1.5692864307320078, 3.1158599938521303, -0.025745261271481606, 4.710598245891305, 3.139825331778841, -0.0015959107901801501, 4.710800480583785]",0.0
61,1.6039966672356836,"[1.5707963267948966, 4.71238898038469, 1.5707963267948966, 4.71238898038469, 3.141592653589793, 4.71238898038469, 1.5707963267948966, 1.5707963267948966, 3.141592653589793, 4.71238898038469, 3.141592653589793, 1.5707963267948966, 4.71238898038469, 4.71238898038469, 8.145052516419601e-19, 1.0211876153428948e-17, 0.0, 0.16928798436620088, 2.957631847032448, 1.5707963267948966, 3.141592653589793, 0.0, 3.141592653589793, 0.0, 0.0, 3.141592653589793, 0.0, 1.5707963267948966, 0.0, 4.71238898038469, 1.5707963267948966, 4.71238898038469, 1.5707963267948966, 1.5707963267948966, 3.141592653589793, 0.0, 4.71238898038469, 3.141592653589793, 0.0, 4.71238898038469]",0.0
62,1.676279441432341,"[1.5690595461258645, 4.716892371276415, 1.5682152000750982, 4.709912878104991, 3.135781593685604, 4.710857345056798, 1.5708827864537867, 1.5709895397304674, 3.1398909698560615, 4.712690926005862, 3.1398699666900183, 1.5695924274845292, 4.710970664183015, 4.710341907498614, 0.0003316884348796873, -0.0015650932025635684, 0.0001931052885020216, 0.36393562423940373, 3.4787392873584233, 1.569148225570923, 3.1137026191215575, -0.0016201821900423072, 3.133444125605797, -0.028956461666682656, -0.003383907819147083, 3.13591395529477, -0.008627656011501455, 1.5584798803152333, -0.001954394081563569, 4.706763020605602, 1.5636597604275368, 4.700155405339663, 1.5643618752613146, 1.569166804315014, 3.1138212403512773, -0.027785013169758312, 4.710456369137999, 3.139685309971304, -0.0017223520031639209, 4.7106746265304835]",0.0
63,1.5657104434289502,"[1.5707963267948966, 4.71238898038469, 1.5707963267948966, 4.71238898038469, 3.141592653589793, 4.71238898038469, 1.5707963267948966, 1.5707963267948966, 3.141592653589793, 4.71238898038469, 3.141592653589793, 1.5707963267948966, 4.71238898038469, 4.71238898038469, 9.440312440774909e-20, -3.08579268236993e-18, 0.0, 6.926810360001854e-18, 3.141592653589793, 1.321231682345533, 3.1563401361160675, 0.0, 3.141592653589793, 0.0, 0.0, 3.141592653589793, 0.0, 1.5707963267948966, 0.0, 4.71238898038469, 1.5707963267948966, 4.71238898038469, 1.5707963267948966, 1.5707963267948966, 3.141592653589793, 0.0, 4.71238898038469, 3.141592653589793, 0.0, 4.71238898038469]",0.0
64,2.0388314326118993,"[1.5650962036532738, 4.727169132591245, 1.5623250555461303, 4.704262399891712, 3.1225207249186346, 4.707362145314084, 1.5710800878427034, 1.5714304526490968, 3.136007718771413, 4.713379967475602, 3.1359387862717916, 1.5668451230294644, 4.707734059272624, 4.705670476581319, 0.0010886031593846856, -0.005136643988386745, 0.0006337725559633393, -0.004944561644757866, 3.144389993558049, 1.5987296962248256, 3.6061024565868607, -0.005317446330314486, 3.1148491425869764, -0.09503525700672777, -0.011106002970305626, 3.122955136404737, -0.02831601166803106, 1.5303736857250734, -0.006414331487452762, 4.693924551281798, 1.5473740790536277, 4.672238323792108, 1.5496784235707297, 1.5654482255850009, 3.050446731655584, -0.09119055697891165, 4.706046140273993, 3.1353327419655823, -0.005652768185591917, 4.70676246216536]",0.0
65,1.5668273712570693,"[1.5707963267948966, 4.71238898038469, 1.5707963267948966, 4.71238898038469, 3.141592653589793, 4.71238898038469, 1.5707963267948966, 1.5707963267948966, 3.141592653589793, 4.71238898038469, 3.141592653589793, 1.5707963267948966, 4.71238898038469, 4.71238898038469, -2.706360288440968e-18, 1.3929500077826134e-18, -5.4127205768819375e-18, -2.009885284549663e-18, 3.141592653589793, 1.5707963267948966, 3.141592653589793, -0.24520012407281291, 3.1903461063360052, 0.0, 0.0, 3.141592653589793, 0.0, 1.5707963267948966, 0.0, 4.71238898038469, 1.5707963267948966, 4.71238898038469, 1.5707963267948966, 1.5707963267948966, 3.141592653589793, 0.0, 4.71238898038469, 3.141592653589793, 0.0, 4.71238898038469]",0.0
66,1.6994538412226727,"[1.5689980835718695, 4.717051740798876, 1.5681238571420426, 4.709825251859042, 3.13557594734839, 4.710803142346738, 1.5708858461558823, 1.5709963773010927, 3.139830749339889, 4.712701611493889, 3.1398090028973633, 1.5695498229532332, 4.710920471698908, 4.710269464080722, 0.0003434264848832689, -0.001620479946085759, 0.00019993904962846757, -0.0015598828740381054, 3.142475142882645, 1.5707443735434305, 3.1381286824717223, 0.09706165804672073, 3.628739355371428, -0.029981195601386543, -0.0035036601982224463, 3.1357129930738035, -0.008932978256798778, 1.5580440162649927, -0.0020235577093650615, 4.706563924736526, 1.563407206029901, 4.699722474008629, 1.5641341678530833, 1.5691091374977861, 3.1128384438380925, -0.028768290967957175, 4.710387976378212, 3.139617811402124, -0.0017833039442354376, 4.710613957634169]",0.0
67,1.5784799781981405,"[1.5707963267948966, 4.71238898038469, 1.5707963267948966, 4.71238898038469, 3.141592653589793, 4.71238898038469, 1.5707963267948966, 1.5707963267948966, 3.141592653589793, 4.71238898038469, 3.141592653589793, 1.5707963267948966, 4.71238898038469, 4.71238898038469, 2.2435023901411913e-19, 1.0712308296099566e-32, 8.974009560564584e-19, 4.590989269756956e-33, 3.141592653589793, 1.5707963267948966, 3.141592653589793, -6.891992521513125e-18, 3.141592653589793, 0.029018007646077863, -0.24831019961381404, 3.141592653589793, 0.0, 1.5707963267948966, 0.0, 4.71238898038469, 1.5707963267948966, 4.71238898038469, 1.5707963267948966, 1.5707963267948966, 3.141592653589793, 0.0, 4.71238898038469, 3.141592653589793, 0.0, 4.71238898038469]",0.0
68,1.976913724736416,"[1.563407807610776, 4.731547064413601, 1.5598158359212244, 4.7018552788519585, 3.116871554174226, 4.705873179509552, 1.571164138839187, 1.571618282904001, 3.1343534419056893, 4.713673501253888, 3.1342640913630424, 1.565674762910059, 4.7063552556593535, 4.703680432690813, 0.0014110511522595136, -0.0066581355713284576, 0.000821498162716813, -0.006409157778117627, 3.1452185752596327, 1.570582864238654, 3.127360086642579, 0.0001804589900300489, 3.1383330691818516, 0.4550664388012328, 0.055953616882762826, 3.1174346398338026, -0.03670331153012003, 1.5184003606733332, -0.00831427849379069, 4.688455323994995, 1.5404363288664447, 4.6603455614762215, 1.5434232281400952, 1.5638640996471365, 3.0234489966838947, -0.11820151300406942, 4.704167369258872, 3.1334785346528444, -0.007327137527548492, 4.705095868153523]",0.0
69,1.5899007025303864,"[1.5707963267948966, 4.71238898038469, 1.5707963267948966, 4.71238898038469, 3.141592653589793, 4.71238898038469, 1.5707963267948966, 1.5707963267948966, 3.141592653589793, 4.71238898038469, 3.141592653589793, 1.5707963267948966, 4.71238898038469, 4.71238898038469, -1.3425973019389452e-17, 7.924447841320651e-18, 2.3184262586733033e-17, 1.9516579134687167e-17, 3.141592653589793, 1.5707963267948966, 3.141592653589793, 3.814953686353096e-18, 3.141592653589793, -1.1592131293366518e-17, -7.245082058354074e-19, 2.932767380896852, 0.13744819200236402, 1.5707963267948966, 0.0, 4.71238898038469, 1.5707963267948966, 4.71238898038469, 1.5707963267948966, 1.5707963267948966, 3.141592653589793, 0.0, 4.71238898038469, 3.141592653589793, 0.0, 4.71238898038469]",0.0
70,1.6978391907094663,"[1.5678788918093667, 4.71995375259531, 1.566460563777323, 4.708229636866334, 3.1318312658856446, 4.709816147458611, 1.5709415612727902, 1.571120884862557, 3.138734174250624, 4.712896187042757, 3.1386988932433484, 1.568774023098323, 4.710006500327713, 4.708950318173475, 0.0005571684792836026, -0.002629035287063038, 0.0003243772426834656, -0.0025307237707182847, 3.143024387130814, 1.5707120388456928, 3.1359727739209498, 7.125614183944236e-05, 3.140305572193232, -0.0002744213238546344, 0.0010631464493356076, 3.414758831273038, 0.41167607410384544, 1.550107225115061, -0.0032829808453844803, 4.702938522892069, 1.5588083603418295, 4.691839085702617, 1.559987769127548, 1.5680590635484288, 3.0949423804584075, -0.046673118223984504, 4.70914259023016, 3.138388707863526, -0.002893197788888629, 4.7095092178441345]",0.0
71,1.568197169331084,"[1.5707963267948966, 4.71238898038469, 1.5707963267948966, 4.71238898038469, 3.141592653589793, 4.71238898038469, 1.5707963267948966, 1.5707963267948966, 3.141592653589793, 4.71238898038469, 3.141592653589793, 1.5707963267948966, 4.71238898038469, 4.71238898038469, 1.7132874020894513e-18, -4.349876421501838e-18, 1.3706299216715618e-17, -8.69975284300368e-18, 3.141592653589793, 1.5707963267948966, 3.141592653589793, 2.6365890194123873e-18, 3.141592653589793, 0.0, 1.5645457417849813e-19, 3.141592653589793, 6.853149608357809e-18, 1.6099765304568634, -0.24691073618011591, 4.71238898038469, 1.5707963267948966, 4.71238898038469, 1.5707963267948966, 1.5707963267948966, 3.141592653589793, 0.0, 4.71238898038469, 3.141592653589793, 0.0, 4.71238898038469]",0.0
72,1.7495277007691725,"[1.567099200905351, 4.721975454574214, 1.565301821593337, 4.707118043180777, 3.12922251359425, 4.7091285522114275, 1.570980375505815, 1.5712076237185848, 3.1379702393725135, 4.713031739135507, 3.1379255294385966, 1.5682335579962052, 4.709369777302647, 4.708031328149236, 0.000706072978426323, -0.003331650738590264, 0.0004110677728390744, -0.0032070652536963984, 3.143407021062485, 1.5706895127062455, 3.134470848743116, 9.029950216217585e-05, 3.1399615968646977, -0.0003477610250437635, 0.0013472746716593205, 3.1441252463459617, -0.00039215663976732305, 2.055785141789677, 0.0774862366875415, 4.700412867382235, 1.555604549992169, 4.686347081239257, 1.5570991583648197, 1.5673275239371767, 3.082474992560889, -0.05914661152264784, 4.708274985335132, 3.1375324463351215, -0.0036664112488983547, 4.708739594983735]",0.0
73,1.6019284741861366,"[1.5707963267948966, 4.71238898038469, 1.5707963267948966, 4.71238898038469, 3.141592653589793, 4.71238898038469, 1.5707963267948966, 1.5707963267948966, 3.141592653589793, 4.71238898038469, 3.141592653589793, 1.5707963267948966, 4.71238898038469, 4.71238898038469, 3.14235071470051e-18, 6.284701429401013e-18, 6.2847014294010144e-18, 6.284701429401015e-18, 3.141592653589793, 1.5707963267948966, 3.141592653589793, 1.1534503776940413e-18, 3.141592653589793, -4.2958010923945495e-18, -1.2181315703103924e-18, 3.141592653589793, 0.0, 1.5707963267948966, 0.0, 4.908718955505803, 1.4160237812031697, 4.71238898038469, 1.5707963267948966, 1.5707963267948966, 3.141592653589793, 0.0, 4.71238898038469, 3.141592653589793, 0.0, 4.71238898038469]",0.0
74,1.6769613520124496,"[1.567996027548172, 4.719650025113402, 1.5666346457386577, 4.708396635540986, 3.132223188024839, 4.709919447339195, 1.570935730072454, 1.571107853775582, 3.1388489429055944, 4.712875822569542, 3.1388150784395177, 1.568855219093696, 4.710102157493356, 4.709088381314765, 0.0005347980265456444, -0.0025234788677349893, 0.0003113534158760634, -0.0024291145831733534, 3.1429669026737717, 1.5707154230277744, 3.1361984134845633, 6.839519005812328e-05, 3.1403572488307705, -0.000263403239587799, 0.0010204608555113585, 3.1435109051720325, -0.00029702963213770755, 1.57123266417158, 0.0004687128024339391, 5.016945909198277, 1.9612080645015804, 4.692664169074789, 1.5604217354006826, 1.5681689653471902, 3.09681540050369, -0.04479918094256379, 4.7092729336006505, 3.1385173470796865, -0.0027770351795445565, 4.709624841024923]",0.0
75,1.5992010760404813,"[1.5707963267948966, 4.71238898038469, 1.5707963267948966, 4.71238898038469, 3.141592653589793, 4.71238898038469, 1.5707963267948966, 1.5707963267948966, 3.141592653589793, 4.71238898038469, 3.141592653589793, 1.5707963267948966, 4.71238898038469, 4.71238898038469, 1.2282474662222076e-17, -2.5840684390502166e-17, 5.454514467749615e-33, -1.3558209728280097e-17, 3.141592653589793, 1.5707963267948966, 3.141592653589793, -5.822303564596531e-18, 3.141592653589793, -5.822303564596532e-18, 8.07521387203193e-19, 3.141592653589793, 8.965288369502308e-35, 1.5707963267948966, -3.2300855488127707e-18, 4.71238898038469, 1.5707963267948966, 4.828765076976754, 1.349534933547013, 1.5707963267948966, 3.141592653589793, 0.0, 4.71238898038469, 3.141592653589793, 0.0, 4.71238898038469]",0.0
76,1.7358736884607562,"[1.566273130890713, 4.724117415413703, 1.564074152823627, 4.705940327489378, 3.126458582358885, 4.7084000560689425, 1.5710214985635265, 1.5712995221461532, 3.1371608626147585, 4.713175354404925, 3.137106162884208, 1.5676609438839741, 4.708695179464031, 4.707057672949637, 0.0008638349083820752, -0.004076060546808733, 0.0005029149999206862, -0.003923638213399333, 3.1438124155796054, 1.570665646622587, 3.1328795830925253, 0.00011047563716578724, 3.1395971605179165, -0.00042546326284438466, 0.0016483039687373987, 3.1446911180521635, -0.000479778444063739, 1.571501122697465, 0.0007570904540603181, 4.710378972270419, 1.5748357320679631, 5.143003755816361, 1.801579940734815, 1.5665524694453739, 3.069265994931243, -0.07236207772693992, 4.707355771856245, 3.1366252509713433, -0.004485618515443102, 4.707924191899919]",0.0
77,1.5636584926716233,"[1.5707963267948966, 4.71238898038469, 1.5707963267948966, 4.71238898038469, 3.141592653589793, 4.71238898038469, 1.5707963267948966, 1.5707963267948966, 3.141592653589793, 4.71238898038469, 3.141592653589793, 1.5707963267948966, 4.71238898038469, 4.71238898038469, 1.7317449228466132e-18, 3.675385967189504e-18, -7.219988438660224e-34, 6.9269796913864496e-18, 3.141592653589793, 1.5707963267948966, 3.141592653589793, -3.4634898456932244e-18, 3.141592653589793, 7.6904923444880975e-34, 1.3243507593517487e-20, 3.141592653589793, 6.503187448393894e-18, 1.5707963267948966, 8.658724614233061e-19, 4.71238898038469, 1.5707963267948966, 4.71238898038469, 1.5707963267948966, 1.3212255815394485, 3.156236529874447, 0.0, 4.71238898038469, 3.141592653589793, 0.0, 4.71238898038469]",0.0
78,2.488497065394642,"[1.558620415211883, 4.743960548573523, 1.552701024788608, 4.695029964957073, 3.1008535131452843, 4.701651265103567, 1.571402462722658, 1.5721508695199238, 3.129662793329593, 4.714505806793357, 3.1295155480859855, 1.5623562446249046, 4.702445702585557, 4.698037727570054, 0.0023253420125032534, -0.010972275770555984, 0.0013537880521915372, -0.010561972769274588, 3.147567991889487, 1.5704445511350755, 3.1181380922047395, 0.0002973874266562505, 3.136221020849939, -0.0011452970819642307, 0.004437040493141971, 3.149933355636777, -0.0012915071639836274, 1.5726935545019267, 0.002037998491388769, 4.706978274857241, 1.5816699308780904, 4.715919389393855, 1.5842138605080747, 1.597843014420486, 3.5945373242849668, -0.1947902056489391, 4.698840174779228, 3.1282209897572515, -0.012074757670488469, 4.700370294707791]",0.0
79,1.5753234961989797,"[1.5707963267948966, 4.71238898038469, 1.5707963267948966, 4.71238898038469, 3.141592653589793, 4.71238898038469, 1.5707963267948966, 1.5707963267948966, 3.141592653589793, 4.71238898038469, 3.141592653589793, 1.5707963267948966, 4.71238898038469, 4.71238898038469, -1.925910514534822e-18, -7.814727520036566e-19, 6.92216930613562e-18, -7.814727520036539e-19, 3.141592653589793, 1.5707963267948966, 3.141592653589793, 3.851821029069639e-18, 3.141592653589793, 1.9259105145348197e-18, 1.9189676731662396e-19, 3.141592653589793, 6.922169306135627e-18, 1.5707963267948966, -1.828226420534363e-18, 4.71238898038469, 1.5707963267948966, 4.71238898038469, 1.5707963267948966, 1.5707963267948966, 3.141592653589793, 0.017347059751215872, 4.462991547523027, 3.141592653589793, 0.0, 4.71238898038469]",0.0
80,2.011161127683796,"[1.5504551619974773, 4.76513266754631, 1.5405661861060884, 4.683388885309533, 3.0735335547833404, 4.694450476594485, 1.5718089418021726, 1.5730592355395165, 3.1216625438884824, 4.71592536569208, 3.121416554933534, 1.5566962652797427, 4.695777669522278, 4.688413674998998, 0.003884732963458563, -0.01833036221805171, 0.0022616479827943536, -0.017644907095530793, 3.1515750964028615, 1.5702086478667643, 3.1024092959305487, 0.000496817557605829, 3.1326187655940054, -0.0019133414798065118, 0.007412551517681457, 3.1555266899621133, -0.0021576010864182505, 1.5739658489439214, 0.0034046948261404523, 4.703349817111061, 1.5889618473877618, 4.718286906874064, 1.5932117543851756, 1.5686759477993308, 3.0920857149580865, 0.47884246824043647, 4.751846185790986, 3.1192538565495065, -0.020172176349158067, 4.692310478308243]",0.0
81,1.5662493496675038,"[1.562573239292168, 4.70410746924385, 1.565888096602201, 4.70747314284074, 3.122781515478344, 4.70804499197356, 1.5660311310691217, 1.5696193113712875, 3.1357848866860136, 4.711124906044075, 3.1358619181302543, 1.5669669126492776, 4.703054261209778, 4.703030975938242, -0.0037973423665385686, -0.00382397034141146, -0.004733154799673211, -0.004752943253898599, 3.137218807886912, 1.5696814197045896, 3.1227256102764134, -0.001096020429444414, 3.1360803394838555, -0.019588459709138858, -0.0022891450874700874, 3.1377511292339215, -0.005836434510230949, 1.5624645002615378, -0.0013221080034974192, 4.708583132566457, 1.5659685842220024, 4.704113214698029, 1.5664435506834078, 1.5696939878485934, 3.1228058551352555, -0.018795998532511862, 4.711081608027701, 2.8969788880265117, 0.0, 4.71238898038469]",0.0
82,1.800398031103237,"[1.4870843181730662, 4.659513927583863, 1.5130658248133808, 4.655117075401606, 2.9408533052147776, 4.665079291838724, 1.5277801680570464, 1.5610351619959482, 3.080080855136056, 4.70238058572337, 3.0806776719324813, 1.5298262613586457, 4.620141646209556, 4.616768528334782, -0.03295813960871019, -0.042736168300956466, -0.042187884447752295, -0.050912669872188614, 3.1059950218853447, 1.5603779512900326, 2.9527376672674492, -0.009780669423576187, 3.0874775617510255, -0.1794359844297633, -0.01769162549918049, 3.11254503647989, -0.05414483447227394, 1.4961841185454827, -0.010594091364669813, 4.673806054186502, 1.5345722610005956, 4.639459048741424, 1.5407273357121556, 1.5598346824245264, 2.949038253012319, -0.12592372506182384, 4.706270347222957, 3.2445370064125187, -0.008658357769051094, 4.703770829748119]",0.0
83,1.5663612298112812,"[1.5708200974975033, 4.712412919974096, 1.5708105151493557, 4.712403190729926, 3.1416470314581537, 4.7124015376700905, 1.5708101016757334, 1.5707997292253812, 3.1416094422594787, 4.712392634478753, 3.1416092195825884, 1.5708073965864784, 4.712415964511194, 4.712416031822561, 1.0977080818022888e-05, 1.105405502892873e-05, 1.3682259260597485e-05, 1.373946228321803e-05, 3.141605297184479, 1.5707995496871336, 3.141647193064841, 3.1682960531127665e-06, 3.1416085881860436, 5.6624893036397434e-05, 6.6172939397735176e-06, 3.141603758388689, 1.687153991498114e-05, 1.5708204118323754, 3.821853550109576e-06, 4.712399982052448, 1.5708102824816048, 4.712412903365555, 1.570808909483142, 1.5707995133560582, 3.141646961098846, 0.015578888891158866, 4.713472583825798, 3.1403625002361513, -0.2495087001521736, 4.71238898038469]",0.0
84,1.9932213111034927,"[1.5521328801384773, 4.766416310019181, 1.541667876771075, 4.684485204163335, 3.077490850655826, 4.695376639045383, 1.572710196518023, 1.5732706885017829, 3.122878321169613, 4.716146326556075, 3.1226190360919013, 1.5575032176756303, 4.697646264400062, 4.690327528503648, 0.004585871118984143, -0.017500992361373126, 0.0031498801179942887, -0.016642543817092636, 3.1523521427463153, 1.5704240850569353, 3.106217139361048, 0.0007026477846473907, 3.13371757190122, 0.0018251643330634616, 0.007807104449386538, 3.156180521457864, -0.0010349017294416132, 1.575533914232343, 0.0036374302438276877, 4.704124226133047, 1.5897799069493022, 4.719829176452628, 1.5939158604621935, 1.568897490673212, 3.095935522529708, 0.47972468976947386, 4.751873447941645, 3.119312425690185, 0.03221440864519709, 4.692421796794571]",0.0
85,1.5660624396817133,"[1.5708198948182586, 4.71241271585485, 1.5708103941733367, 4.712403069566404, 3.1416465678090364, 4.712401430601269, 1.5708099842251686, 1.5707997002147942, 3.1416092991120528, 4.712392603322374, 3.1416090783338015, 1.5708073022006692, 4.712415734432913, 4.712415801170355, 1.088348550086642e-05, 1.0959803396509258e-05, 1.3565598427356437e-05, 1.3622313712370825e-05, 3.141605189379747, 1.570799522207367, 3.141646728037795, 3.141281796878202e-06, 3.141608452320815, 5.614208481894948e-05, 6.560872042617097e-06, 3.1416036637043923, 1.672768590176074e-05, 1.5708202064729764, 3.789266781274098e-06, 4.712399888247492, 1.5708101634894114, 4.7124126993879205, 1.5708088021977245, 1.5707994861860657, 3.141646498049642, 0.015446056577101316, 4.713463344556322, 3.1403729890532777, 0.0009751807824020267, 4.462873835452068]",0.0
86,1.9949613971142741,"[1.552034323704138, 4.766682458959214, 1.5415187889916027, 4.684342256883927, 3.0771579776093048, 4.695288683056216, 1.5727169550637665, 1.573282401456682, 3.1227809512762015, 4.716164425166162, 3.1225204111700147, 1.5574342308494484, 4.697566717393107, 4.690211244400863, 0.004606614734633793, -0.0175910898186567, 0.0031628597161530735, -0.016728888407686833, 3.152403519549071, 1.5704215516965006, 3.106028372738255, 0.0007055191683146882, 3.133674766453924, 0.0018226287608500758, 0.007844911582363908, 3.1562514256820187, -0.0010435787195793636, 1.5755527121703483, 0.0036548925079210063, 4.704080484133677, 1.5898722787822888, 4.719861568726971, 1.594029268794515, 1.568887304828316, 3.095695213778107, 0.47891458259582226, 4.751847792419238, 3.119454671110631, 0.03217293283113469, 4.744292485940311]",0.0
87,1.662386939022548,"[1.5614153252495173, 4.739535719671951, 1.5561575578932496, 4.698365618634308, 3.109375315599549, 4.703838831720453, 1.5717566409293315, 1.5720393641257893, 3.1321868024329973, 4.714276702775425, 3.132056532379904, 1.5641152788221724, 4.704977848888898, 4.701300112392777, 0.0023033073673168966, -0.00879554490932835, 0.0015814298580765368, -0.008364444203843416, 3.146998086569432, 1.5706089392456986, 3.1238105131640244, 0.0003527595841573441, 3.1376337100218583, 0.0009113143804250379, 0.003922455791181954, 3.148922039635906, -0.0005217893597896818, 1.5731745194826225, 0.0018274462539605032, 4.708234732259184, 1.5803343027885925, 4.71612527455583, 1.5824127977947058, 1.5698418158116063, 3.11864393368395, 0.23945729129791113, 4.732118386401964, 3.130523662350212, 0.016086466415567345, 4.7283407331625]",0.0
88,1.5761980820238966,"[1.549462880357033, 4.699975946486614, 1.5558218073056826, 4.697549439705037, 3.0901234363723415, 4.700228125206889, 1.56001954662525, 1.568383788259643, 3.1258361101388044, 4.70993502490693, 3.125981875133189, 1.5602882826269209, 4.688974317768937, 4.688008759043899, -0.008206630584203695, -0.011019657982484448, -0.010548738357990816, -0.013060125408334771, 3.1328224603867, 1.5681727414993563, 3.0935727879120725, -0.0024460224692792213, 3.1278693785129605, -0.04505320784808567, -0.004319004253542882, 3.134529892395012, -0.013620393618359476, 1.5521267071147746, -0.002603044324907051, 4.702561820070398, 1.5620014253952772, 4.694185628529434, 1.5636145923357074, 1.5680116182301211, 3.0924774475441006, -0.023975670474199316, 4.711483331509516, 3.1671035721783647, -0.0014419027554933427, 4.710938896007357]",0.0
89,1.5569910664399522,"[1.5707424581520533, 4.712334729014301, 1.5707641734584332, 4.712356777213212, 3.1414694236618534, 4.748840673049435, 1.610782494722578, 1.5706396862115697, 3.1408197393378745, 4.712220753751367, 3.140829990903078, 1.5702866973936682, 4.711146689223994, 4.711143590353373, -0.0005053611970207048, -0.0005089049241743473, -0.0006299017956149043, -0.0006325352997736558, 3.1410105696777735, 1.570647951766432, 3.139081773433948, -0.0001458615375489786, 3.1408590590423335, -0.002606888315794892, -0.0003046459839259808, 3.141081412527103, -0.0007767294190836593, 1.5402841814728259, -0.004841717644105136, 4.712627660167401, 1.571099093642999, 4.712907986411782, 1.5710693066159769, 1.5708654588339963, 3.1427708480912875, 0.0011787714748040647, 4.71247097088063, 3.141673572113617, 7.30703058694648e-05, 4.712461711371309]",0.0
90,1.5781056723438922,"[1.5685333356248263, 4.715255012532055, 1.5681746612265035, 4.709852966534308, 3.134903370529016, 4.789032198776139, 1.6563248379427504, 1.57051613051105, 3.1380252676865203, 4.7121657737299, 3.138036727793075, 1.5683767578670402, 4.707738735881724, 4.707212652441008, -0.00114398867049658, -0.002714758902089681, -0.0016072133322489425, -0.003013233273451656, 3.1406619755598326, 1.570339022936044, 3.1317996290121592, -0.0003740597314243786, 3.1389052971652385, -0.007443617712960711, -0.00033335910596322634, 3.1411382438183013, -0.0023293850015505733, 1.644402475921954, 0.011883822555797188, 4.708395226048596, 1.567812153219265, 4.705500003093325, 1.568529910085979, 1.5696745342993088, 3.121534936064525, -0.0066803043747575425, 4.712356488086228, 3.141418104565008, -0.000271591360682863, 4.712110212604427]",0.0
91,1.5704311077829338,"[1.5706480054088583, 4.71223960520043, 1.5707077961177107, 4.712300312492269, 3.1412533535304514, 4.748911591754296, 1.6108602899368594, 1.5706256734478135, 3.140750595923148, 4.724935701287417, 3.198473753116932, 1.569795088111051, 4.709948324559711, 4.709942236392243, -0.0009928531959735314, -0.0009998153467102627, -0.001237530729728921, -0.0012427046192876193, 3.140449067822266, 1.5705048231692085, 3.1366596761429015, -0.0002865655190364376, 3.1401514038553695, -0.02244767536177646, -0.002623278529427204, 3.1415038343514823, -0.00013494322035404295, 1.5412003660492046, -0.00469633596143788, 4.713046158927205, 1.5716299620265766, 4.713818006423539, 1.5715479467222981, 1.5709866742645506, 3.1448366826252485, 0.003245617668034267, 4.712614732201663, 3.141815453849392, 0.00020119105425249522, 4.712589237160689]",0.0
92,1.5796373364927465,"[1.5661992946556076, 4.718182429454327, 1.5654777490179805, 4.707243907480198, 3.128012474816035, 4.747730144955843, 1.6125092789578075, 1.5707164626720722, 3.1367725101428343, 4.720659069755795, 3.1739317100507916, 1.5671943766205998, 4.706136545379291, 4.705078688559521, -0.0010287163317290174, -0.004201804884224585, -0.0016495193802622808, -0.004491171862238558, 3.141191735520694, 1.570248303128815, 3.1281570534783327, -0.00038579468547093583, 3.138019386202106, 0.10309088182982191, 0.013134294081531333, 3.13608259066824, -0.011691795465202128, 1.5283447130064773, -0.006323270102274529, 4.704354013519199, 1.5648215716128313, 4.698554217923727, 1.5662686753999393, 1.5685398994652928, 3.101234079099147, -0.013257967242789779, 4.712342301335821, 3.141257940310521, -0.0005331379235084468, 4.711841224965054]",0.0
93,1.5644222770850482,"[1.5288640490487435, 4.670158780937057, 1.5721385455669856, 4.713733279484974, 3.141055221689982, 4.750025115389318, 1.6120817844630786, 1.5709693971256788, 3.142446637419555, 4.712557836121452, 3.1423581683440434, 1.5713600064849556, 4.7137630264949335, 4.7137664540256585, 0.0005589588085339013, 0.000562878376397938, 0.0006967079373049596, 0.000699620745719103, 3.1422364721731095, 1.5709604381861462, 3.1443698327411735, 0.00016133132444664643, 3.1424040517276253, 0.0028020277408243293, 0.00032745035255989845, 3.142162414338934, 0.0008656384785848485, 1.5425996193355533, -0.004474300137552839, 4.722098749959506, 1.5831132323014068, 4.714652475947962, 1.5719868497977594, 1.5710978263066822, 3.1467310101552144, 0.005140872868620772, 4.712746558358938, 3.1419455564658696, 0.0003186751299768108, 4.7127061756713164]",0.0
94,1.575034759895518,"[1.5888744599281164, 4.733903655694132, 1.568532933244167, 4.710179762069523, 3.13771378082078, 4.747832544441136, 1.6106112973762035, 1.5705320149175832, 3.1388837080690233, 4.712110926147218, 3.138696384021551, 1.5689683823194611, 4.708735393484881, 4.708395486808538, -0.0010055158157631834, -0.0020173531139097644, -0.0013698837128650236, -0.0022753067208178693, 3.140683301175391, 1.570423032841892, 3.133954749667379, -0.0003184284524008445, 3.139472884826839, -0.003662348769058371, -8.302996033291988e-05, 3.1408943984131934, -0.0021146731788650058, 1.5392716903942274, -0.004871296311555613, 4.7859345421537025, 1.6654279473442315, 4.7061819833384995, 1.5684041231558628, 1.5698382730332368, 3.124660875930123, -0.008332597569751117, 4.7120872626506545, 3.141203270528792, -0.0004248965000044454, 4.7119606319317375]",0.0
95,1.5730330126459002,"[1.5706892674523105, 4.712281160403683, 1.5993789484430903, 4.7410159027347865, 3.141283936856814, 4.748463796460379, 1.6103690749476272, 1.5705420010362, 3.1403377297421438, 4.7121329120084265, 3.14043175657862, 1.5522906082445889, 4.6672787679009575, 4.712026963694354, -0.00014690111801810306, -0.0001479312277374242, -0.0001831032508292211, -0.00018386877201981928, 3.1414234502992353, 1.5707531963414785, 3.140862777405635, -4.239981832421213e-05, 3.1413794083706725, -0.0007577843538369147, -8.855613747609764e-05, 3.1414440432807136, -0.00022578389621842035, 1.5410706860618515, -0.004716913796140366, 4.712986923140795, 1.5715548210483898, 4.713689198990345, 1.571480198318172, 1.57096951700617, 3.1445442771393397, 0.002953068988314477, 4.7125943837186455, 3.1417953714094824, 0.00018305639289891283, 4.7125711867119255]",0.0
96,1.5711699931964758,"[1.5682599638102324, 4.717607712332891, 1.634394808510076, 4.776221574226313, 3.1303962801319343, 4.747283678297778, 1.6112707731171518, 1.5704157180645717, 3.1364138447388616, 4.71231696256947, 3.1374227206100405, 1.59953463435162, 4.7843276518439914, 4.701857157056944, -0.0028286151573454705, -0.005209418681635729, -0.003799602256472569, -0.005929522583451842, 3.138919258923657, 1.569782391093709, 3.1213307235807277, -0.0008826996448677573, 3.1359354274133002, -0.009315567515200041, -0.0002780770349853168, 3.139391106067261, -0.0058209821749254835, 1.5357985782729964, -0.005245487062806976, 4.708759860361607, 1.5693381017911574, 4.706573423798749, 1.5697875987227805, 1.5697132264113185, 3.121714537308748, 0.00033731426681468484, 4.7130653444976325, 3.1420449164498114, 0.00023621213995835087, 4.712611348234449]",0.0
97,1.5718560426629475,"[1.5707348004357131, 4.712327016891188, 1.570789187811729, 4.712381830336688, 3.1414427196450854, 4.748848847066067, 1.6107914613185788, 1.570637824310565, 3.140810552128586, 4.712224597694759, 3.140847417585982, 1.5702949754255262, 4.711166868055475, 4.741722028490006, 0.011902925131898485, -0.0010167164125728175, -0.0012584501809445043, -0.0012637115309012468, 3.1404297364342852, 1.570499895537328, 3.1365762881683095, -0.01048215178954626, 3.0888738249823877, -0.0023406779878139532, -0.00027353613284120224, 3.1411336194629165, -0.0006974113324000338, 1.540397412339727, -0.0048237499830198136, 4.712679382253312, 1.571164703443505, 4.713020455402732, 1.5711284615456382, 1.5708804397981353, 3.143026163713473, 0.0014342121275336863, 4.712488738281902, 3.1416911072177363, 8.890469533799885e-05, 4.712477472230044]",0.0
98,1.5838365412549988,"[1.5687621864772383, 4.716892751204557, 1.5694118446892833, 4.71111660594042, 3.132527089055169, 4.748241134895419, 1.6119761521000495, 1.5706409817237406, 3.1380437454032473, 4.712465441223836, 3.1386994589870936, 1.5706241890772343, 4.713558443622728, 4.803980937017428, 0.03838479083073144, -0.0044796991076321005, -0.0033123115686503244, -0.005108189731384977, 3.13923798811372, 1.5699158513166716, 3.1240766181277055, 0.012956715985542003, 3.205730495698034, -0.012167749770932162, -0.0007386850473645567, 3.138890599072269, -0.006192526259573937, 1.5348417401693732, -0.005445692611389024, 4.708608437868287, 1.568652052548285, 4.705918139061073, 1.569120983044559, 1.5696743854780986, 3.1212754657023116, -0.003278293508536127, 4.712711320768134, 3.1417293272181963, -2.1726880583696024e-05, 4.712356608965451]",0.0
99,1.557871418581488,"[1.5707191289675573, 4.712311234079917, 1.5708403795278627, 4.712433101395752, 3.141388070043321, 4.74886557513951, 1.6108098114006988, 1.5706340139419113, 3.140791750562765, 4.712232464300649, 3.1408830811825523, 1.5703119163654742, 4.711208163906735, 4.711205252070967, -0.0004803397670830301, -0.0005314988964971188, -0.0006578676946662413, -0.0006606181191321992, 3.1409847267606135, 1.5706413643251886, 3.138970297293608, -0.00013704476957181302, 3.140903402006373, -0.002511324725035876, -0.00029347823885693115, 3.168157760994131, 0.04036041301825754, 1.5381994913127597, -0.005172519723865299, 4.711614375213057, 1.5698137351246884, 4.67894667995734, 1.5532067946688204, 1.5709110982466885, 3.143548665522767, 0.0019569698110470614, 4.712525099156459, 3.1417269926976377, 0.00012130967344139821, 4.7125097267279665]",0.0
100,1.5666089794737974,"[1.569062158937206, 4.717220864732316, 1.5684009223935973, 4.710104570331579, 3.1335650692877977, 4.747910166997661, 1.6116204413812805, 1.5707158335882225, 3.1384020434397124, 4.712311889500723, 3.137990465017338, 1.5702927594319598, 4.7127568465405965, 4.708049746410982, -0.0005378585066693699, -0.0026337305069735538, -0.001018584900674179, -0.002811947236543817, 3.141360393842704, 1.570455746727359, 3.1332026268536706, 0.0003546404443557338, 3.14234566906916, -0.00038438474435917823, 0.0006410538880549317, 3.1823916290447016, 0.059890377256213476, 1.536914825294324, -0.005115701386119123, 4.709716259483034, 1.570067856122794, 4.7952100271972915, 1.616092391140722, 1.5690674363822557, 3.1109266839935255, -0.013564467188983104, 4.711998041521459, 3.141024653350287, -0.0006586311930761009, 4.711722619614461]",0.0
101,1.5799649569695733,"[1.5742280978120609, 4.71584513355125, 1.5715882329971267, 4.713182113976102, 3.088953787128524, 4.750163074230886, 1.612233120244843, 1.571000718802554, 3.142601188493974, 4.7125454652831245, 3.1423020846157454, 1.571413914269024, 4.713894434069692, 4.713897718006878, 0.0006122238267265219, 0.0006702227228417528, 0.000829574398921074, 0.0008330426977016057, 3.142359252311684, 1.570991735231434, 3.1448994577782377, 0.00019209893895403787, 3.142558794058059, 0.004364963652145538, 0.0005100980500591738, 3.142557517301455, 0.001465919083867407, 1.5433786286601638, -0.00435068565053211, 4.7141592433375745, 1.5730419168003393, 4.71630781871549, 1.5728575047592015, 1.5726713059772375, 3.1735473043106324, -0.0024456869113158855, 4.7122188684613375, 3.1414247657685914, -0.00015160452597522592, 4.712238079870194]",0.0
102,1.5649430014801398,"[1.5504320949592019, 4.7341986945894945, 1.5595514997417432, 4.701864634313646, 3.200735151585986, 4.7418259206084254, 1.6150444295955804, 1.5698969916046346, 3.1191849249310786, 4.712981440697163, 3.1233540410080844, 1.5697533979203622, 4.720109769608254, 4.689845997172792, -0.0012804527861643112, -0.018513853192049977, -0.008497171813547906, -0.02004198978541713, 3.138301528756285, 1.5681473166720832, 3.0798681219151773, 0.0029981001441760583, 3.1500413636235667, 0.003540353746911325, 0.004826597583964744, 3.1480207788085934, -0.003714563331574831, 1.5342559164963772, -0.004121396198331328, 4.7006882405711545, 1.5730778029596817, 4.712389090638154, 1.5819573852123407, 1.575046553831208, 3.2063014480850716, -0.02625064917574181, 4.714117641624752, 3.1421267983046692, -0.00045508249876488995, 4.711866611478579]",0.0
103,1.5695184668510964,"[1.5707094784542868, 4.712301515001391, 1.5708241469606516, 4.712416843669403, 3.141607359085656, 4.748856151775183, 1.6107994743161653, 1.5785435827834209, 3.1798200684755704, 4.712130161032241, 3.1404192849096164, 1.5699781817061715, 4.710394640165228, 4.710389777225292, -0.0008112476222830673, -0.0307723023512016, -0.03808870298842955, -0.00046576131911766716, 3.1411640416675866, 1.570687072261582, 3.139743790998328, -0.00010740374831516098, 3.141052478260061, -0.0019195572819280414, -0.0002243231569653713, 3.1412162061222273, -0.0005719372799579024, 1.5405765333488899, -0.004795326765270312, 4.712761201923848, 1.5712684922247733, 4.713198371192919, 1.5712220393039638, 1.5709041383309494, 3.1434300499783445, 0.0018382961794384052, 4.712516844706705, 3.141718846169416, 0.00011395326997759123, 4.712502404485702]",0.0
104,1.588271528155784,"[1.5645159702202953, 4.720519549742316, 1.5672636546288181, 4.709102894093276, 3.150142295190806, 4.746781048047644, 1.6126074848162746, 1.5895941785653602, 3.228208825038589, 4.712334637994075, 3.1341987072991513, 1.5696127786848648, 4.713009664761012, 4.702667048140794, -0.0012576887098108942, 0.04687275651246629, 0.06294238725778638, -0.008916501780262681, 3.1385631862210857, 1.56940579983529, 3.112289749139274, 0.0005466860370649802, 3.1420774533363742, -0.008044499124525727, 0.0005672871877269032, 3.1418894049507884, -0.00415403651543913, 1.5349191514575589, -0.005120241338862755, 4.706947847172057, 1.5697435508735649, 4.709194682752037, 1.572928699591287, 1.570775581991456, 3.1385998522783263, -0.007441035306807533, 4.713085604541355, 3.1418798573104176, -6.0863909602274635e-05, 4.7123046929923875]",0.0
105,1.5716841358084532,"[1.5707776509044125, 4.71237017180518, 1.5707001755216834, 4.712292680084948, 3.141322232282302, 4.7488241556463375, 1.610764375738089, 1.5706314885898733, 3.140779289675939, 4.712211930285068, 3.1407899893386304, 1.5702696899402337, 4.711105231237039, 4.711101997018828, -0.0005222391684235164, -0.0005221704136303729, -0.0006463212783731403, 0.04361882752590232, 3.18173241776274, 1.5696471663764835, 3.1221459574689083, -0.0001868999807261325, 3.1406526607096623, -0.0033403416977806585, -0.0003903587572216647, 3.1409375738040675, -0.0009952638364819923, 1.5399722117498487, -0.004891221515308608, 4.712485157285855, 1.5709183278160772, 4.7125981157827725, 1.5709063250233757, 1.5708241838057262, 3.1420674114215457, 0.0004749903252816987, 4.712422018758258, 3.1416252600082326, 2.944394998966208e-05, 4.7124182876047325]",0.0
106,1.6006710957020351,"[1.5497102031439824, 4.740298805796823, 1.5586149887867136, 4.701045716475251, 3.1703845516917157, 4.741774338247342, 1.6169168084710317, 1.570247401443001, 3.118014894312947, 4.713385043605206, 3.1218080990223203, 1.5705922542642239, 4.723810305327679, 4.688670054292002, -0.0004884486703467659, -0.007510398716881627, 0.007448551063625717, -0.005051853714995544, 3.1545405164481837, 1.5771960206635358, 3.2302691690267067, 0.0020495133993199037, 3.1442009692830646, -0.023937778243230564, 0.0023273638924107432, 3.143270637342861, -0.013106280581350327, 1.5208344757292613, -0.005980604146713034, 4.692764916515166, 1.5657895667366342, 4.6990819362826, 1.5767588360475506, 1.5703998409394375, 3.125862576310658, -0.030855840376943666, 4.714370767616838, 3.142187553401906, -0.0005514511727320539, 4.711759494280899]",0.0
107,1.561468153406782,"[1.6136585969923276, 4.671189646284093, 1.5677640616746007, 4.709601839177877, 3.1511447432384814, 4.746920462780071, 1.6127241610680416, 1.5705947103095563, 3.1345139213470046, 4.7126348556383215, 3.1356232061024243, 1.5705197265991961, 4.715189353439942, 4.704944037337084, -0.0003575750116773524, -0.002437736724283853, 0.0018641453110402931, -0.0074824016035445785, 3.1398369556452645, 1.5709183758657095, 3.1379375903576854, 0.0008414962877238547, 3.1435802727900164, -0.0026174028702121463, 0.0011881270401592576, 3.1429370827147425, -0.002521420220271933, 1.537254626485593, -0.004754729127036789, 4.708043320791195, 1.5710812416066127, 4.711500101546163, 1.5741074294970108, 1.5710790728454644, 3.1437955753275473, -0.002203293840830959, 4.713439141898997, 3.1422323259778295, 0.0002602616512070796, 4.712624537770214]",0.0
108,1.5559095466614254,"[1.5707424581520533, 4.712334729014301, 1.5486961592596369, 4.734390640744093, 3.1414694236618534, 4.750332329105144, 1.6094226897969712, 1.5706396862115697, 3.1408197393378745, 4.712220753751367, 3.140829990903078, 1.5702866973936682, 4.711146689223994, 4.711143590353373, -0.000505361197020705, -0.0005089049241743497, -0.0006299017956149055, -0.0006325352997736579, 3.1410105696777735, 1.570647951766432, 3.139081773433948, -0.00014586153754897886, 3.1408590590423335, -0.0026068883157949027, -0.0003046459839259815, 3.141081412527103, -0.0007767294190836591, 1.5402841814728259, -0.004841717644105136, 4.712627660167401, 1.571099093642999, 4.712907986411782, 1.5710693066159769, 1.5708654588339963, 3.1427708480912875, 0.0011787714748040634, 4.71247097088063, 3.141673572113617, 7.307030586946447e-05, 4.712461711371309]",0.0
109,1.5598482878223638,"[1.5713437665863095, 4.712172621834381, 1.5505267754022811, 4.730859390608661, 3.144335583647512, 4.796271929138716, 1.5676004399242651, 1.570626362813862, 3.138951740760759, 4.71234342486822, 3.1392875634792214, 1.5703557286002432, 4.712344264386182, 4.709307071089743, -0.00046158188332367524, -0.0010802907560071148, 0.00010892010714789102, -0.002661699561634738, 3.140662905132748, 1.5707280606172425, 3.1387428273429707, 0.0001466275598819485, 3.141665175459911, -0.0026100030857928703, 0.00013756435087668362, 3.1416311253914966, -0.0012935664002405249, 1.5393867238529522, -0.00481594867545677, 4.7112696223293025, 1.5710938052603314, 4.7124909228477, 1.5719693023385128, 1.5709287385972328, 3.1430744072840895, 0.0001768882605303907, 4.712757776190794, 3.1418390940847263, 0.00012852277329640797, 4.712509946109754]",0.0
110,1.5597853241087294,"[1.5705975194862376, 4.7127522166354385, 1.5484704650439625, 4.7341744216985555, 3.1409722273263547, 4.750200417458109, 1.6094371884992884, 1.6010080201480505, 3.1345239117346226, 4.712191141082459, 3.1406957405933387, 1.5702315787717787, 4.711012330066931, 4.711008782435071, -0.0005600642934387733, -0.0005507181403019543, -0.0006816564921565878, -0.0006610862409809398, 3.140984295976439, 1.5706317512706602, 3.138807620136259, -0.00015738037414944465, 3.1408011263215823, -0.0025872648661614925, -0.0003023527498486451, 3.1411116033776163, -0.0007308604083714521, 1.5403237523831035, -0.004835438466667374, 4.712674315370669, 1.571158276070101, 4.713026239843941, 1.5711315039683542, 1.5708446798188, 3.14241671820058, 0.004869777416289722, 4.712727702074188, 3.1414881448111838, 0.0003052773202974492, 4.712692840077535]",0.0
111,1.5754170207376648,"[1.5705846429517427, 4.71853363564251, 1.5412915877501359, 4.7283670594229195, 3.1438678121775703, 4.747979094112056, 1.6100546667609634, 1.558826635626161, 3.134069984602725, 4.712187839759272, 3.1330021837563935, 1.56964256311691, 4.713342716741797, 4.702230636368721, -0.0012351314291770832, -0.0032798462375362805, 0.0012314397201366805, -0.008521691587799841, 3.1393110297192544, 1.5706775043757115, 3.133381412466055, 0.0007369507530538377, 3.1428661201263957, -0.0022990337800048843, 0.001350699639789994, 3.143583970170525, -0.001921586763917187, 1.5376441791027837, -0.00464527445029916, 4.708417658994395, 1.5720425749543359, 4.713305810617572, 1.5753742507672257, 1.570758946854527, 3.1381202699344373, 0.05756141044709198, 4.717697111952485, 3.139262519939538, 0.0040537159764268554, 4.71639840468105]",0.0
112,1.5547021850273517,"[1.5707424581520533, 4.712334729014301, 1.5486961592596369, 4.734390640744093, 3.1414694236618534, 4.750332329105144, 1.6094226897969712, 1.5706396862115697, 3.1408197393378745, 4.738176744924788, 3.135104669492032, 1.5702866973936682, 4.711146689223994, 4.71732282269909, -0.015733191133134677, -0.0005089049241743472, -0.0006299017956149038, -0.0006325352997736565, 3.1410105696777735, 1.570647951766432, 3.139081773433948, -0.00014586153754897856, 3.1408590590423335, -0.002606888315794904, -0.0003046459839259817, 3.141081412527103, -0.0007767294190836591, 1.5402841814728259, -0.004841717644105136, 4.712627660167401, 1.571099093642999, 4.712907986411782, 1.5710693066159769, 1.5708654588339963, 3.1427708480912875, 0.0011787714748040723, 4.71247097088063, 3.141673572113617, 7.30703058694646e-05, 4.712461711371309]",0.0
113,1.5648649856915682,"[1.5713935053605101, 4.7121593303422555, 1.547591455859453, 4.733648996167052, 3.144572725639027, 4.750270977455579, 1.6095399110882769, 1.5695139420105353, 3.1390222627885342, 4.706121458494279, 3.140534487641166, 1.570361426733738, 4.712443372858064, 4.735578929861288, -0.06557600266493505, -0.001127610210468971, 0.00017007292821854148, -0.0028297080053131646, 3.140634112951579, 1.5707346879932498, 3.1387146799372054, 0.00017083988129270035, 3.141731897841391, -0.0026102548659116425, 0.00017417676002235376, 3.141676646874418, -0.001336342365508686, 1.5393124333982504, -0.004813813246558046, 4.711157201491766, 1.5710933858173142, 4.712456429871316, 1.5720438345611722, 1.5709339712279957, 3.143099429634258, 9.508710735947916e-05, 4.71278160131607, 3.141852740426053, 0.00013318599707560694, 4.712514011424587]",0.0
114,1.5658098563911198,"[1.5707424581520533, 4.712334729014301, 1.5486961592596369, 4.734390640744093, 3.1414694236618534, 4.750332329105144, 1.6094226897969712, 1.5706396862115697, 3.1408197393378745, 4.738176744924788, 3.135104669492032, 1.5702866973936682, 4.711146689223994, 4.71732282269909, -0.015733191133134677, 0.01835523521753261, -0.01587045814147908, -0.013978307720936597, 3.1555130700644347, 1.570647951766432, 3.139081773433948, -0.0001458615375489781, 3.1408590590423335, -0.002606888315794903, -0.00030464598392598207, 3.141081412527103, -0.0007767294190836559, 1.5402841814728259, -0.004841717644105137, 4.712627660167401, 1.571099093642999, 4.712907986411782, 1.5710693066159769, 1.5708654588339963, 3.1427708480912875, 0.0011787714748040796, 4.71247097088063, 3.141673572113617, 7.307030586946476e-05, 4.712461711371309]",0.0
115,1.5634843533948901,"[1.5718534008831218, 4.7120354298587, 1.546811100547336, 4.733125103251269, 3.1467648780145763, 4.750227639048512, 1.6096227154476626, 1.5687187236132567, 3.1377525370201065, 4.738716139782542, 3.1321857144395158, 1.5704142150545533, 4.713359341761404, 4.714074067882115, -0.0160086723551995, 0.027277846591424626, -0.02256702346583643, 0.031202418615618042, 3.1016997760399043, 1.5707959579009363, 3.1384553674736257, 0.00039455570809923224, 3.142348465504126, -0.0026126329750644716, 0.0005124140386804676, 3.142097116554157, -0.001731649318849802, 1.5386259968652332, -0.004794101761236584, 4.710118479026905, 1.5710893538462956, 4.712137453261834, 1.5727322347767534, 1.5709823679384562, 3.143331537503644, -0.0006704204964487965, 4.713001028639604, 3.1419793037591157, 0.00017565133117931008, 4.712550955842783]",0.0
116,1.562080098952146,"[1.5707424581520533, 4.712334729014301, 1.5486961592596369, 4.734390640744093, 3.1414694236618534, 4.750332329105144, 1.6094226897969712, 1.5706396862115697, 3.1408197393378745, 4.738176744924788, 3.135104669492032, 1.5702866973936682, 4.711146689223994, 4.71732282269909, -0.015733191133134677, -0.000508904924174347, -0.0006299017956149038, -0.0006325352997736567, 3.1410105696777735, 1.6010669114363212, 3.137284230848583, -0.00014586153754897872, 3.1408590590423335, -0.0018025649771380512, -0.007187326945757187, 3.141081412527103, -0.0007767294190836589, 1.5402841814728259, -0.004841717644105136, 4.712627660167401, 1.571099093642999, 4.712907986411782, 1.5710693066159769, 1.5708654588339963, 3.1427708480912875, 0.0011787714748040725, 4.71247097088063, 3.141673572113617, 7.307030586946462e-05, 4.712461711371309]",0.0
117,1.5591028785680032,"[1.571090571759639, 4.712240943703961, 1.5481054766164202, 4.733994084909268, 3.143128752866662, 4.750299524503904, 1.6094853677811054, 1.570037753095276, 3.1398586323121265, 4.738345764159169, 3.1341900157071922, 1.5703266550185935, 4.7118400233046716, 4.716304826246284, -0.015819513100373144, -0.001418581117016704, 0.00026550728015555425, -0.0009582841990184079, 3.1398866117070097, 1.5559400004395463, 3.139757364433601, 2.3478061804791463e-05, 3.1413257641586965, 0.0044595816892124395, -0.060532564724394035, 3.1413996831122635, -0.0010759533142193165, 1.539764589769627, -0.004826797219946271, 4.711841408928272, 1.5710960416803075, 4.712666540055375, 1.5715903847102968, 1.5709020922706038, 3.1429465399686562, 0.0005993276652998579, 4.712637064337605, 3.141769373042946, 0.00010521404270826989, 4.712489676102571]",0.0
118,1.5623312091177637,"[1.5707424581520533, 4.712334729014301, 1.5486961592596369, 4.734390640744093, 3.1414694236618534, 4.750332329105144, 1.6094226897969712, 1.5706396862115697, 3.1408197393378745, 4.738176744924788, 3.135104669492032, 1.5702866973936682, 4.711146689223994, 4.71732282269909, -0.015733191133134677, -0.0005089049241743462, -0.000629901795614904, -0.0006325352997736562, 3.1410105696777735, 1.570647951766432, 3.139081773433948, -0.03033990451682109, 3.146862579037168, -0.002606888315794901, -0.0003046459839259793, 3.1455672217426716, -0.0037292761027126896, 1.5402841814728259, -0.004841717644105136, 4.712627660167401, 1.571099093642999, 4.712907986411782, 1.5710693066159769, 1.5708654588339963, 3.1427708480912875, 0.0011787714748040731, 4.71247097088063, 3.141673572113617, 7.307030586946466e-05, 4.712461711371309]",0.0
119,1.5640870398189302,"[1.5713280056136054, 4.712176976633457, 1.5477025964836306, 4.733723610621209, 3.1442605124977465, 4.750277149845947, 1.6095281178345577, 1.5696271994814062, 3.139203101071104, 4.738461045168985, 3.133566168295178, 1.5703539084573406, 4.712312917725558, 4.715610493086514, -0.015878389734083433, -0.002039033519972111, 0.0008762286742748961, -0.0011804640129860226, 3.1391200065905207, 1.5692218152986477, 3.1388404963013166, -0.00893934488368858, 3.143449138771987, -0.0026410549015171954, 0.0003924614336859787, 3.08961200686027, 0.032949338453690254, 1.5394101978185768, -0.004816620617441639, 4.711305139567281, 1.5710939600631337, 4.712501859509489, 1.5719457904670837, 1.5709270784183678, 3.143066372111512, 0.00020411307486282667, 4.712750349795999, 3.141834714883565, 0.00012713795246706858, 4.712508749685948]",0.0
120,1.5567736979979563,"[1.5707424581520533, 4.712334729014301, 1.5486961592596369, 4.734390640744093, 3.1414694236618534, 4.750332329105144, 1.6094226897969712, 1.5706396862115697, 3.1408197393378745, 4.738176744924788, 3.135104669492032, 1.5702866973936682, 4.711146689223994, 4.71732282269909, -0.015733191133134674, -0.0005089049241743473, -0.0006299017956149046, -0.0006325352997736574, 3.1410105696777735, 1.570647951766432, 3.139081773433948, -0.00014586153754897243, 3.1408590590423335, -0.0026068883157949045, -0.00030464598392597843, 3.141081412527103, -0.0007767294190836608, 1.5402841814728259, -0.004841717644105136, 4.712627660167401, 1.571099093642999, 4.717822951361585, 1.5617246729291303, 1.5708654588339963, 3.1427708480912875, -0.0008620962856806269, 4.741812380178499, 3.141673572113617, 7.307030586946474e-05, 4.712461711371309]",0.0
121,1.567145820819492,"[1.5715629000708746, 4.712113693701989, 1.5473040252244974, 4.733456029103082, 3.145380167761147, 4.7502550144888795, 1.6095704106686932, 1.569221036810418, 3.1385545808516375, 4.73857509322819, 3.1329489930406127, 1.570380870415782, 4.7127807544577, 4.714923585941624, -0.01593663667187342, -0.0026528500756950978, 0.0014804182960074254, -0.001400267574888875, 3.1383616004501595, 1.5686497155568022, 3.1387437071171047, 0.0024222047453184583, 3.1415277424143886, -0.0026547609495097798, 0.0006721085661052516, 3.141654638026963, -0.0013655239362950033, 1.539059596151578, -0.004806552855485044, 4.710774605701129, 1.5710919007092203, 4.739988891857297, 1.5197276063274787, 1.5709517973349003, 3.1431849226285897, 0.0013369951411245564, 4.690953857385409, 3.141899357881742, 0.0001488273821671161, 4.712527619274005]",0.0
122,1.5631134999323326,"[1.5717289878907859, 4.713328267879037, 1.5492850031759922, 4.734980397319865, 3.143726209468911, 4.750853480527997, 1.6099943737651643, 1.570780893600881, 3.1415165013222635, 4.738328396835165, 3.1357921899584955, 1.5788645878671277, 4.708936112989701, 4.718445509242137, -0.015277621230528596, -5.0140444216924046e-05, -6.206180043633936e-05, -6.232126946894006e-05, 3.1415353031014526, 1.5707817079742004, 3.1413452662284036, -1.4371176106688804e-05, 3.1415203753414653, -0.00025684667600723134, -3.0015596700569316e-05, 3.1415422829748363, -7.652816127177195e-05, 1.5412837567114928, -0.0046831033933345196, 4.713084250475181, 1.5716782814015537, 4.713900835990236, 1.57159151230558, 1.5709977072324635, 3.14502471385215, 0.0034337409756568095, 4.71262781728526, 3.17102006199974, 7.307030586946434e-05, 4.712461711371309]",0.0
123,1.5603012469307445,"[1.5704477266376216, 4.711638361653743, 1.5478023256352769, 4.733670787274502, 3.141571118159877, 4.74998179232335, 1.609126873615087, 1.5700114918563732, 3.139526371405517, 4.738235291515057, 3.133858761371896, 1.625395637835023, 4.688371301656211, 4.715715924962568, -0.016091446419695083, -0.0016094184901260568, -0.00017462877165732736, -0.0012766865009446278, 3.139676753659171, 1.5698032382127396, 3.1375584375559273, 0.0007528409850416257, 3.1407067716538055, -0.004072832983832254, -0.0001011981332946768, 3.1410161878740954, -0.0014326920335530537, 1.5392012465393081, -0.004926012611931976, 4.711639459201817, 1.570739556150039, 4.712019176166806, 1.5713303966664012, 1.5708169283586193, 3.1415403804544546, -0.0007176312406605998, 4.712326739308135, 3.1236815728451903, 0.00010197122998651771, 4.712486854887765]",0.0
124,1.5621163970120537,"[1.5707423294086698, 4.712334599356217, 1.5486960824147582, 4.734390563780111, 3.1414691291484402, 4.750332261094222, 1.6094226151914874, 1.5706396677838261, 3.140819648409551, 4.7381767251340206, 3.1351045797697386, 1.5702866374390911, 4.711146543076536, 4.717322676187071, -0.01573325058558538, -0.0005089647935214487, -0.0006299758994552308, -0.0006326097134285805, 3.1410105011993954, 1.570647934311077, 3.1390814780452647, -0.00014587869720809296, 3.140858972739717, -0.002607194999212614, -0.0003046818235401977, 3.1410813523829244, -0.0007768207962368115, 1.5402840510269882, -0.004841738343466246, 4.712627600581786, 1.5710990180582611, 4.7129078568436515, 1.5710692384674714, 1.5708654415754124, 3.142770553958944, 0.0010943953880148392, 4.71246510202704, 3.1416802346892894, -0.02128327195641146, 4.735275346470804]",0.0
125,1.574244826274722,"[1.5708625055738783, 4.712298703994781, 1.5484858437676583, 4.734248876417918, 3.142048798023149, 4.750319220334926, 1.609443151906124, 1.5704267069016185, 3.140478296762326, 4.7382359887601995, 3.134779658416536, 1.5701757544895754, 4.711439007515968, 4.716960044553748, -0.01576500719552334, -0.000831489190607789, -0.00031535824183553284, -0.0007492377488550038, 3.140612121127161, 1.5703481506338555, 3.139024498690432, 0.00023854554236788604, 3.1409573185281334, -0.0026209343981336048, -0.0001590950916168734, 3.1411659551093365, -0.0008670005145827192, 1.5400977697624, -0.004836912540509612, 4.7123486684802804, 1.571096321968908, 4.7127962121364515, 1.5712966744025767, 1.5708780087691072, 3.1428263001178918, 0.006438083800558029, 4.7128319459738455, 3.140939595109743, -0.045167175210813, 4.669689286313682]",0.0
126,1.5612072296765747,"[1.5707424581520533, 4.712334729014301, 1.5486961592596369, 4.734390640744093, 3.1414694236618534, 4.750332329105144, 1.6094226897969712, 1.5706396862115697, 3.1408197393378745, 4.738176744924788, 3.135104669492032, 1.5702866973936682, 4.711146689223994, 4.71732282269909, -0.015733191133134677, -0.0005089049241743492, -0.0006299017956149026, -0.0006325352997736584, 3.1410105696777735, 1.570647951766432, 3.139081773433948, -0.00014586153754897973, 3.1408590590423335, -0.002606888315794902, -0.00030464598392598125, 3.141081412527103, -0.0007767294190836586, 1.545123014523503, -0.03533568447243954, 4.708839667223498, 1.5740852770327216, 4.712907986411782, 1.5710693066159769, 1.5708654588339963, 3.1427708480912875, 0.0011787714748040718, 4.71247097088063, 3.141673572113617, 7.30703058694646e-05, 4.712461711371309]",0.0
127,1.562930795428128,"[1.571494843170229, 4.712034768136752, 1.547244742713583, 4.733401212915484, 3.1452446490122505, 4.7502139978599995, 1.6095277227317646, 1.5691960635861928, 3.138478306582422, 4.738567330767184, 3.132874518147813, 1.569512505979246, 4.713052524753113, 4.714813086808438, -0.01597383897684504, -0.0027095411793059444, 0.0014574884529482525, -0.001451919654808312, 3.1382948065423877, 1.568619570601849, 3.1385655389932037, 0.0024375144279453692, 3.141483297808417, -0.0028367359091963007, 0.0006605836349607714, 3.141624727847539, -0.0014254409373319814, 1.540203049418323, -0.012587445061154725, 4.759967476570463, 1.5322246623555722, 4.712097508174131, 1.5725717490206486, 1.570942439559287, 3.143014956286363, -0.0005631060323196284, 4.712317183969085, 3.1396631374553516, 0.0035545815997326544, 4.712737141108396]",0.0
128,1.5627688388760013,"[1.5704235863732, 4.712149190957354, 1.5484723345869142, 4.734168833604413, 3.1407001114507147, 4.750150560372454, 1.6092616088824074, 1.5706036259127085, 3.140584225725321, 4.738140065565421, 3.134871334634008, 1.5701296332856314, 4.710796709433279, 4.716958410667944, -0.015855855930892514, -0.0006736161420015261, -0.0007875741611499021, -0.0008277454564229568, 3.1408794812896077, 1.5706087369441764, 3.138364018802339, -0.00018242232195698783, 3.1406539367641217, -0.0032803002078404106, -0.0003692022933443462, 3.140975845185588, -0.0009803139244949377, 1.5400051260067877, -0.004880625439745896, 4.712480773254421, 1.5709676359405453, 4.712635900267422, 1.5709619609768686, 1.6019629237206396, 3.140209596349536, 0.0008204062797766526, 4.712457434114843, 3.142054884716539, 5.1518134357138456e-05, 4.712440036908805]",0.0
129,1.5686556382463324,"[1.560718639499462, 4.705990288954002, 1.5402863488874226, 4.7263681817936405, 3.1186461667027197, 4.744238604397906, 1.6041681867422872, 1.568445178914849, 3.1314056605851404, 4.737234727189406, 3.125839878948685, 1.564554848687168, 4.700894550535304, 4.703528907562565, -0.019957072340962213, -0.007483635547876806, -0.004395893802680146, -0.00765734519302461, 3.1347903357485176, 1.5679432857985072, 3.114985343313035, 0.0004378661157111933, 3.134508320022501, -0.025038023726654687, -0.0017698226032699374, 3.1379670723529047, -0.007960053408241402, 1.5299405768470251, -0.004835745511779985, 4.706683542486546, 1.5665284097863525, 4.70334685313992, 1.5685617993546608, 1.5641099663732707, 3.1189793827725163, -0.01188225452089512, 4.71191654206249, 3.152889381598431, 0.0017764920004475185, 4.7119360278439535]",0.0
130,1.5631274685926597,"[1.5711795228835266, 4.712129793744071, 1.5475759722499027, 4.733257468842882, 3.1385326097703756, 4.750455072775086, 1.6093750646910467, 1.5704149249966453, 3.1399846329129204, 4.740023949593868, 3.143798025387949, 1.569846095531292, 4.709916211837388, 4.716153204444554, -0.01632773228227652, -0.0008440649451270433, -0.001264545195417873, -0.0023486298345628, 3.139200370105035, 1.5700789681040843, 3.1297107047421626, -0.00021326119629176205, 3.1406211461547398, 0.0235910576703922, 0.0026896266638888723, 3.1397625800934934, -0.0025749320685950474, 1.5385540303473082, -0.00514182349688012, 4.711590968710549, 1.5695230064507502, 4.710523913342503, 1.569645225566653, 1.5703662838366517, 3.134381355105316, -0.00013695335027249676, 4.7123252689306385, 3.14154763980178, -2.6357892541289227e-05, 4.7123638028202555]",0.0
131,1.562607429881077,"[1.5651334482543164, 4.722369711061788, 1.5434299629170898, 4.7310614819249635, 3.1553597395939303, 4.74775054177554, 1.6128702911679773, 1.5673006519002264, 3.1326898922883646, 4.742365601280784, 3.130672128024804, 1.5662384222268588, 4.719107303310969, 4.70806285845163, -0.01320035265682223, -0.011031530098315796, 0.009600722965018425, 0.001970240522092655, 3.1435387372142647, 1.5666658152922617, 3.181063852097935, 0.009003001424963372, 3.1410038707142527, -0.0010910155399206209, 0.00532596696870703, 3.143940472438127, -0.007701715509198955, 1.5309714742663016, 0.0017810959283618708, 4.701548510653199, 1.5706366279968416, 4.703962927228139, 1.5781470070398105, 1.5628984113612405, 3.1351785556249356, -0.01720478404709389, 4.7127043324550195, 3.133121737732843, 0.011915278730493951, 4.7131692343815486]",0.0
132,1.563536842030719,"[1.5682074833166144, 4.7142711757881495, 1.5491883665911996, 4.734961893140182, 3.1475108981759083, 4.74079410375784, 1.6002280675322953, 1.5705899235557026, 3.138667808439719, 4.738689257978375, 3.1352083580728194, 1.5701903607623608, 4.712000628005178, 4.717731136050112, -0.014732904357328687, -0.002374363814575689, -0.0014092814320328605, -0.002636153101734473, 3.140774215363752, 1.5703956781171189, 3.1330201673155966, 0.0001509438148324001, 3.141648466017793, -0.0010401089545022015, 0.0003465959377736104, 3.142242298818866, -0.00044312540657765327, 1.5182474190639708, -0.008160651568513333, 4.712803566574793, 1.5731388496501173, 4.714696261251722, 1.573193910028058, 1.5717083759572614, 3.1563167377920838, -0.0008626671107300025, 4.712706066141139, 3.1417812693422116, 7.087443364640672e-05, 4.712452163331134]",0.0
133,1.5648762810826398,"[1.5636901360015503, 4.720024927349572, 1.5461019472346331, 4.732839803492268, 3.161692706945584, 4.759086406716915, 1.6240780257970533, 1.5680276938004336, 3.128736271190679, 4.73995524946585, 3.1284542633524053, 1.567510932037182, 4.714591167043623, 4.711897283592721, -0.013591115752809186, -0.011024016937358884, -0.00014651554875771798, -0.009749064406616072, 3.1353285823217707, 1.5662709382037798, 3.113711667230136, 0.004834474324769469, 3.1430889846170125, -0.004599900269218762, 0.002807998825555103, 3.145826310164247, -0.0012422480753321282, 1.5695979679615244, 0.003927947619031424, 4.70755074476404, 1.574066190733774, 4.711423927081525, 1.5778009120549523, 1.5688373026823663, 3.167392631615851, -0.013112735925040132, 4.712811355039974, 3.1376576687564013, 0.005522283228754904, 4.712641210429668]",0.0
134,1.5665418772234427,"[1.5703564527479492, 4.71285504073344, 1.5628913625848744, 4.748623696725187, 3.140125854849947, 4.749999072317166, 1.6093139683734587, 1.5705910933420364, 3.1401939449217395, 4.738231005172727, 3.1349011737655985, 1.5765141298073548, 4.726547369133294, 4.70396128823269, -0.020986110908479995, -0.0010508731580005553, -0.00099099926893641, -0.0012423771449870196, 3.140774860519957, 1.5705489856095658, 3.1370440552367467, -0.0018374117979564188, 3.1322091741666442, -0.0029857150931801644, -0.0002541222874752184, 3.140984793862123, -0.0012131081035539216, 1.5400314540836197, -0.004845798910181295, 4.712420858848912, 1.571204609505559, 4.712371740940925, 1.5710270123356025, 1.5707579559434715, 3.1407727382085207, 0.0015449999792041388, 4.712572800586691, 3.1417488961844646, 0.00012095172917153847, 4.712507879649617]",0.0
135,1.570834621733846,"[1.5721999703871268, 4.713145327159895, 1.5609897616021289, 4.747278261478858, 3.138681719479655, 4.751056258279783, 1.6106794937608204, 1.5688861220594015, 3.1377101649388384, 4.738589761355319, 3.1318058924609713, 1.5757086045166502, 4.72912384808741, 4.755995298488845, 0.0010211734573538495, -0.004297821215823675, 0.0007395578339560341, -0.0032226614912636265, 3.1364684290686937, 1.567812791576338, 3.1319288296885617, 0.008533752409882262, 3.16938690114013, -0.01071576102246723, 1.851838162310603e-05, 3.140079969862889, -0.004289216150023686, 1.5381487861101815, -0.0025830106052743464, 4.709401451088477, 1.569282202461684, 4.7082230577570465, 1.5711140258559475, 1.5672054408234306, 3.1264859204095194, 0.00017178619685936556, 4.712414015146771, 3.1387072205193602, 0.004393949064603456, 4.7128859651044195]",0.0
136,1.5606785171443998,"[1.5706952243606307, 4.712844933953044, 1.5484718282555778, 4.734175687950709, 3.1394557420576246, 4.750201868752618, 1.6094371751783463, 1.5692798278466393, 3.1338729149430904, 4.738226489042408, 3.135054393628668, 1.5702619687232875, 4.711221680569747, 4.717261804896461, -0.015654259323399616, -0.004209938415064898, -0.005020849216390566, -0.0005858383101032847, 3.141253254743542, 1.5706859553122259, 3.1395021864264283, -0.000112092210592934, 3.1409415136983334, -0.0018031600521989039, -0.00015255765155289044, 3.150892647250513, 0.013951814263553125, 1.539868369469184, -0.004885597298988582, 4.712409653168628, 1.5710482498642948, 4.732799541412728, 1.5816787054985906, 1.5704250118241947, 3.135162618304348, -0.0016980363176709642, 4.712317722150748, 3.1415068807565647, -8.980933562426858e-05, 4.712298673387818]",0.0
137,1.5675593667294319,"[1.5711968842445543, 4.713807369288026, 1.5434242849459405, 4.729832326820545, 3.1461093028794527, 4.75085578180825, 1.6110620980371742, 1.5779204048518536, 3.182633765214095, 4.7387192753375444, 3.1304639336583238, 1.5673233996835347, 4.710076014833779, 4.71312376045263, -0.015827180444877225, 0.01979194483203469, 0.03238674217604963, -0.0038510435493504616, 3.1361032102275908, 1.5673061362582414, 3.130822135221217, 0.0036072737742240068, 3.1412936890034997, -0.007159231581139028, 0.0008771208972148126, 3.147091372258434, 0.005389228125855712, 1.539385949956596, -0.0017942668397769503, 4.709434102715366, 1.570509994247638, 4.7211930389280345, 1.5789147516469766, 1.567317629154221, 3.1373122171104972, -0.0034172115516125515, 4.712318536354354, 3.1379793999524295, 0.005100515914937586, 4.7128088456547275]",0.0
138,1.554423871733114,"[1.5748645209069925, 4.720433825955806, 1.5503223828531867, 4.729412008793525, 3.142466397658774, 4.751198544562093, 1.6108936851565288, 1.5702702633975774, 3.138888743874029, 4.737650900873617, 3.1325948064309954, 1.5706224177422212, 4.712026817702654, 4.715432783843487, -0.016452795968874574, 0.0003344636372117464, 0.000500757809561972, -0.0026766831085127066, 3.1392206526240956, 1.570598742423789, 3.138147341448848, 0.0001657325409462039, 3.142386287626692, -0.0028211481832399457, -0.00030312767075110346, 3.1397952088275156, -0.0028119900628250207, 1.5388216925112224, -0.0050636960518838665, 4.729926186910505, 1.593145440558468, 4.712373762549485, 1.5708554909170933, 1.5705185614098696, 3.1368122914097585, -0.0011012498704177699, 4.712333773657421, 3.141531115931546, -6.121068190559025e-05, 4.71232763629368]",0.0
139,1.5640914288859564,"[1.5853474422749485, 4.697818740959329, 1.527070556163103, 4.753996859225471, 3.136570478381753, 4.746244417337144, 1.6015494919493838, 1.5690472526750878, 3.145957951130806, 4.741438016000951, 3.1426422121624604, 1.5629817454106008, 4.701176279699211, 4.7217404456544, -0.012914759255465811, -0.010782889376029347, -0.003547779549515998, 0.010476766088182836, 3.14511787593203, 1.5661556140876105, 3.143837026401917, 0.0037422362266598575, 3.132154480324437, -0.007172967104813334, 0.0010371308885227409, 3.147304842905594, 0.006589964248709927, 1.5499971799886176, 0.0014830413629616616, 4.7411732376451825, 1.6094743951570039, 4.699941014404982, 1.567634712697241, 1.5657005432308393, 3.144475553156756, 0.0005743704181271872, 4.711994220202995, 3.135752488177465, 0.008322059925254796, 4.71321876522793]",0.0
140,1.572707045623861,"[1.5782527521789762, 4.723004193524998, 1.5516965802662774, 4.724213566108273, 3.1182254360378616, 4.75405714148474, 1.6132072975774632, 1.569773997186608, 3.1383384706087862, 4.739054815965561, 3.130121547863723, 1.5700397497368295, 4.714144169283062, 4.716244078730493, -0.01718795331651958, 0.0008931519027826711, 0.003513131310547676, -0.0021872638301209404, 3.1375033290366003, 1.568962606731485, 3.1433040001595756, 0.0028595752904960743, 3.1447470744881865, -0.0009719003779453601, 0.0010418093660856218, 3.1388391433795872, -0.00438536440322942, 1.5402183678122645, -0.0026301739144393337, 4.729064074345326, 1.592266576174519, 4.713449633380157, 1.5724622922483071, 1.569294191883124, 3.151644677997445, 0.0002673561237487845, 4.71048355604132, 3.1393418506924005, 0.0021952449578749498, 4.711516781030496]",0.0
141,1.5593294831773392,"[1.5736356403310512, 4.727374150966648, 1.5392645325391268, 4.73487391019073, 3.162155452636421, 4.74589846838255, 1.61172245329865, 1.5654673620319797, 3.1338886075561536, 4.718956955114219, 3.1334688549562566, 1.5814235529085077, 4.71572176408598, 4.705474645900885, -0.009344721321612875, 0.004980373201085071, 0.00016244644764359858, -0.010259102927434274, 3.1347436536170847, 1.5792509856862385, 3.136777162177485, -0.008951997480088235, 3.149674046402818, 0.006645621207522315, -0.008412362416159516, 3.144016583544789, 0.004765667164002068, 1.5347121090998719, -0.018372075637145217, 4.742944940675778, 1.6062954881436355, 4.718203169981154, 1.5668959755007, 1.579033387455994, 3.12211732177017, -0.028312739881415718, 4.729117862818695, 3.1488378176005054, -0.005010952492688644, 4.721935364898383]",0.0
142,1.5626539370680195,"[1.574182211181373, 4.725234707476738, 1.5415006029479708, 4.732527600702137, 3.1427229231280998, 4.7476717758974, 1.6164247769557532, 1.5541702995928726, 3.1387529438890605, 4.727017335955947, 3.1313138647652647, 1.5700163085196912, 4.712842150200225, 4.710050085463445, -0.010777544560243118, -0.00020365248808329234, 0.002072876388429344, -0.005034057059973156, 3.1376941156009575, 1.5699254378493226, 3.1373262092973806, 0.001360888563074521, 3.1436129304028837, -0.0032593252236799547, 0.00048596114630839165, 3.139111818289695, -0.005182584300220173, 1.5375545810087854, -0.004283904315927763, 4.728160694413051, 1.5926209998739649, 4.713259652737585, 1.5727736008866535, 1.5697065861840938, 3.1354819622394503, 0.01743883463965229, 4.71324099283737, 3.1399869624857053, 0.002022796642750076, 4.713261123626964]",0.0
143,1.570277460834806,"[1.5743142715622822, 4.718596706629212, 1.5559876949935685, 4.7109355271522935, 3.1688667277943887, 4.756118586780949, 1.5986540956699544, 1.5941901602169186, 3.1279501121500277, 4.758013045357178, 3.1258924321502115, 1.570710552525, 4.708086384114957, 4.714280168845266, -0.028485263344090257, -0.005213235579357048, -6.129278195277858e-05, -0.003916628061937808, 3.137407164296809, 1.5716734887893136, 3.136874416761077, -0.001054004760054612, 3.141753770186177, -0.0031020305642865545, -0.002935460195480141, 3.1452231295301862, 0.00233377230355687, 1.539807798114814, -0.0076012200084301235, 4.733964996945457, 1.6009023342001916, 4.709367910691958, 1.569964757886925, 1.5706316709933283, 3.1211200319601335, 0.024634645386164833, 4.723841315381359, 3.139551834926898, 0.006066616423063333, 4.72041258743612]",0.0
144,1.5575971531985906,"[1.5754296518068494, 4.716111502670785, 1.5479397979586946, 4.733004822798112, 3.145973955994839, 4.750468506991134, 1.608206262443035, 1.5727584915117232, 3.139660234975487, 4.739367426934588, 3.1344698765290366, 1.5700609847917677, 4.710110573394006, 4.716643618079136, -0.016678398916353268, -0.0011958778254940285, -0.0007857476742169933, -0.000814700899790853, 3.140468019672202, 1.5706418447227262, 3.1382670961622248, -0.000254031396243588, 3.1405781311547445, -0.003318864020685623, -0.0007144225742501545, 3.1271480441129063, -0.022159353058281855, 1.5413621126658024, -0.004925230180391493, 4.7313985169876105, 1.5950233912592544, 4.728511556924289, 1.579263999007173, 1.5704532624854495, 3.1352706912408457, -0.0035464952847642397, 4.713206407488865, 3.141445644846507, 0.00041498898296718815, 4.712910880097088]",0.0
145,1.5575704592194883,"[1.58932056972321, 4.723449694121472, 1.5499633534672173, 4.729194708098364, 3.143870521865119, 4.750528462334012, 1.6106809998658516, 1.5703155150084616, 3.1380998382057235, 4.737811058332396, 3.132218126187612, 1.5701857924178177, 4.7114348384743785, 4.714432988041311, -0.016512936390775283, -0.0004791450543534027, 0.00015997543013915896, -0.003341748334960325, 3.1393134382466026, 1.5705600875749712, 3.1366766962065773, 0.00010587699568485199, 3.1417890549697525, -0.004118364313763641, -0.0002512280409597267, 3.1398408397586794, -0.0033676605318684895, 1.538099625366359, -0.005102737663449378, 4.72736682004795, 1.5906927052297222, 4.711844448679937, 1.5710935902462269, 1.5705047536873082, 3.1361828252040813, -0.002329612325481685, 4.712415116108695, 3.141556603473996, -8.517636715836084e-05, 4.71230363474391]",0.0
146,1.5719495557469596,"[1.56860650658196, 4.745813487998964, 1.546896138234294, 4.7369364571603, 3.140444833147947, 4.750370064949058, 1.6050520631289469, 1.5743570186975544, 3.142335891958228, 4.740820503936556, 3.1369251349966527, 1.5695367975238832, 4.707470318806703, 4.719329894496646, -0.017713023395508152, -0.0010656343996942564, -0.003020371217425006, 0.0020208303943200466, 3.1414482478207244, 1.5705341451464454, 3.1365484830700274, -0.0010188210985542943, 3.1383010363967663, -0.004827627712437962, -0.0013892715538648451, 3.1391097049270758, -0.0021137376338198777, 1.54188882057985, -0.005099746215366342, 4.729901480889134, 1.5908195672476868, 4.712511583669267, 1.5693215945578889, 1.5705064774051254, 3.1347563658029576, -0.0015033825948016963, 4.712505222994056, 3.1413436190058404, -8.590533822972462e-05, 4.712595714162175]",0.0
147,1.5666523799551908,"[1.5748594855951497, 4.720411448508738, 1.5507039870244588, 4.728327540716226, 3.142499191672062, 4.751450641430323, 1.6115981909478705, 1.5714746433017968, 3.1472697279733532, 4.737092325538658, 3.1318725286544327, 1.570757764579803, 4.712398701430532, 4.711264036236662, -0.0178880951617404, -0.0060326838531067906, -0.007357402243237117, -0.0030840245710439663, 3.1388070085130346, 1.5706122719349318, 3.138834282824079, 0.0015286279987250869, 3.149092375089652, -0.0025326286405022245, -0.00025671709229044916, 3.1397920957541894, -0.0028101406714809186, 1.5384950698344924, -0.0050863994293782674, 4.729933342439604, 1.593146995296223, 4.712386301366501, 1.5708694637403748, 1.5704957156620127, 3.1369142417678266, -0.001060034534931909, 4.712307954829203, 3.1415124354788673, -2.9856855909426227e-05, 4.712317221205404]",0.0
148,1.5548965301638187,"[1.5743583702124042, 4.718526152340356, 1.55227760890104, 4.721377784367473, 3.1447133264733815, 4.753195265661142, 1.6157855185924697, 1.5684620157161362, 3.145603737257819, 4.733590275824462, 3.1277621626480494, 1.572190454281418, 4.7157690761414885, 4.727234234855679, -0.009755009630386866, -0.0049035180021155065, -0.005455128015411734, -0.006592514214014515, 3.134763992187204, 1.5704346960004163, 3.13955055032477, -0.0038291137372581797, 3.1211273722983783, -0.0012299517942131494, -0.00028842547346273064, 3.1398512404039787, -0.002634105127836057, 1.5364014927733127, -0.005369960470059145, 4.730593564707964, 1.5937685193485422, 4.7119355164407475, 1.5705369492387904, 1.5702066283671934, 3.1360459370908167, -0.002990742177701979, 4.712641071198956, 3.1412296412860425, 0.000543629263274729, 4.7126033957199125]",0.0
149,1.5600133782748504,"[1.5748628315933313, 4.7203450658772566, 1.552190278109117, 4.72390482214801, 3.142451900266594, 4.744326502265481, 1.605508162218383, 1.5679288279440744, 3.139600561186705, 4.737484902673927, 3.1409475984074, 1.5716546219645213, 4.71475402058444, 4.715064815599252, -0.015312717139015093, 0.0002753924884686871, 0.000542516671780733, -0.005290518445386805, 3.136620154923679, 1.5705343333332709, 3.1393612616839945, 0.00030705637373569245, 3.14235031416736, -0.005260871256498084, -0.0005243837461956126, 3.1398669984074825, -0.0026698242598624257, 1.5439367212452701, -0.00410551974877992, 4.729882355566591, 1.593052000688819, 4.712263255961241, 1.5708344819165345, 1.570380515709382, 3.136931098289102, -0.0012881603954131367, 4.712176471494515, 3.141410081525783, 7.207465041952918e-05, 4.712250918718199]",0.0
150,1.5659375967056874,"[1.5743209164833194, 4.718637991142689, 1.5496989838933481, 4.728805620062541, 3.144519158414488, 4.76385987166942, 1.624568462584415, 1.5700169762795464, 3.136658873687482, 4.7419021808122634, 3.1530598156371767, 1.5705132605403371, 4.711403301613174, 4.7149873760674, -0.016478055306593242, 0.0011937998548265244, 0.001926887839861253, -0.003237273090310449, 3.1381308507674746, 1.5704769540951211, 3.137113738995423, -3.645220461460848e-05, 3.141219162065882, -0.010849635711823891, -0.001492908561544735, 3.139950953191546, -0.0025286929556227926, 1.5288418874436547, -0.006765359820777281, 4.730861768651699, 1.5941643088844337, 4.712585239449355, 1.5708317225105837, 1.5704626263725592, 3.137025990126236, -0.0015779282399680686, 4.712919554372295, 3.141474056395793, 0.0004217327681393084, 4.712767206405205]",0.0
151,1.5624304798456046,"[1.5748489841665227, 4.7204288717687755, 1.5546287408752473, 4.734631236831097, 3.1424663365912773, 4.751266240824386, 1.610703522364345, 1.5705468670320444, 3.1387471279399084, 4.737872463672202, 3.132480911626827, 1.5676559512161052, 4.704769727177509, 4.715630510413168, -0.016530930550548783, 0.00040332271022672315, 0.0005718793486732346, -0.010884245280788794, 3.1316916988107106, 1.5708184040864965, 3.1415815982380124, 0.00017326960410105484, 3.1425159130922604, -0.0023627383618172832, -0.00025739992628979406, 3.139888771007708, -0.0026739058507059404, 1.5389972078605305, -0.005053840612690301, 4.730018256838901, 1.5932668794748444, 4.7125758338181845, 1.5709572151734166, 1.5705606249293165, 3.1372256087721584, -0.0006501734030090008, 4.712382872417052, 3.1415753707953398, -5.1042887424764455e-05, 4.7123634743293055]",0.0
152,1.5656287669657776,"[1.573929294743561, 4.716855046372629, 1.5672428725819514, 4.7255685133288505, 3.1464742066079268, 4.748235417812537, 1.6133094134442472, 1.5631770359147363, 3.1366302746042045, 4.730953260825624, 3.1302135356658707, 1.565928232951554, 4.700495201040894, 4.7155319863532545, -0.012475355772825991, 0.0026290854014085763, 0.004359494127457708, 0.010903893160868754, 3.150067911745463, 1.5699480431313708, 3.135606535116045, 0.0003933625018866419, 3.141135591596317, -0.0016522343098717709, -0.00046813644510748024, 3.1400189694304457, -0.0022892136705442885, 1.5396419168188062, -0.004746118501934702, 4.731165324875697, 1.5942888437048395, 4.711533630387346, 1.5702597828875253, 1.5698974654713178, 3.135438285216526, -0.004661573592715964, 4.712864374910293, 3.140934686273873, 0.001108647103935304, 4.712822283122732]",0.0
153,1.5604036493943039,"[1.575057147603916, 4.720227904162987, 1.5504899006000832, 4.728430966504643, 3.143259820681846, 4.761925905415339, 1.6012849109648613, 1.5669535084299335, 3.1412010006789104, 4.73484876777204, 3.1327150408968953, 1.570291463978882, 4.712183890680374, 4.714272616113346, -0.014702192932619642, 0.0010073037242204711, 0.0022068210440366136, -0.00308138381101404, 3.138929846586069, 1.570262559083203, 3.1378895155382014, 0.0006323241238880519, 3.14249464368215, -0.0032483055886512084, -9.825208999561129e-06, 3.1401285253751587, -0.0027501450652480572, 1.5387159635084606, -0.004626459439952341, 4.729282935824456, 1.5929052941531217, 4.712419729009455, 1.5714184949171213, 1.5701555560792595, 3.1368625559305476, -0.0017292933016905508, 4.71204845043841, 3.1412321011906372, 0.0003300757481909289, 4.712160138688934]",0.0
154,1.565534240732393,"[1.5747164374078582, 4.718588131523425, 1.5458946279642434, 4.728369718088365, 3.1451238499739222, 4.746726434513029, 1.6152236338964068, 1.575723314461721, 3.157423371017474, 4.739775008925773, 3.128854888432696, 1.5695948763637508, 4.712856836285499, 4.7148694938602915, -0.01739590891918176, 0.011195882124107668, 0.01743606403840974, -0.00349188965905848, 3.137800581423162, 1.5689139640232759, 3.1335924540519944, 0.001775647000403527, 3.1412919068478193, -0.00474046862337151, 0.0005217095371227342, 3.1428322351566464, 0.0004317611351622578, 1.5386023142596723, -0.0033814431143896068, 4.7284357519833655, 1.592941543021723, 4.715809168210606, 1.574414919518016, 1.5687499718216056, 3.133798914855198, -0.002939135539008551, 4.711663501097244, 3.1398470096697855, 0.0020431450136632234, 4.712081707998657]",0.0
155,1.5671758725893148,"[1.5750529226830772, 4.7200852473062955, 1.5496248828414616, 4.728962574770491, 3.143265271545257, 4.751403183538466, 1.6110808509240493, 1.569811987785227, 3.138896314320737, 4.737946643037687, 3.1320125816519697, 1.5700012045216285, 4.712068658425978, 4.715223731333359, -0.016472713949624178, -6.049747580779785e-05, 0.0012189262245958766, -0.0026033184611576462, 3.1388593741228026, 1.5669982842526144, 3.1389793969575956, 0.0010364154448125238, 3.1424680331058368, -0.00197280636588767, -0.012757732059832345, 3.139790918885539, -0.0032195984492832163, 1.5390392037589482, -0.004172949474499008, 4.729132501136977, 1.5926394376050381, 4.715377725262012, 1.5641149775039147, 1.5697852355782105, 3.137276896564784, -0.0009049733924179409, 4.708858621450092, 3.1408610727374455, 0.0007667653896857616, 4.712023816960273]",0.0
156,1.5668136768814083,"[1.5746710386811158, 4.718976781077524, 1.5478887318633392, 4.729091180704141, 3.1450028043369462, 4.7508152767413065, 1.6112643557733164, 1.5704675591806332, 3.1355832569815987, 4.737914200707163, 3.1305828063292456, 1.571110643899074, 4.713497807885922, 4.715489916535526, -0.016521864133243046, 0.0003428228271895607, 0.0014636662798163226, -0.002571554716628643, 3.139204085181553, 1.5745759595735336, 3.13868148222389, 0.00036207352878288497, 3.1421226042649892, -0.004565585420721583, 0.017754204401274846, 3.139888750668851, -0.003056424523364781, 1.5388590290646242, -0.0049211335205755205, 4.729989853074384, 1.5935477102651974, 4.722378289044665, 1.5500794577397858, 1.570275186760996, 3.136340774468075, -0.0019424649331084725, 4.704298669297557, 3.141310408660707, 0.0004530461211911185, 4.71255122177594]",0.0
157,1.562237817169779,"[1.5757104900544896, 4.720561129845021, 1.5501272943200233, 4.7294257943407665, 3.1450304453001263, 4.751636267999891, 1.611323319766288, 1.5699707842867332, 3.1389117390208194, 4.737706098331497, 3.1323980506502727, 1.5706268338373361, 4.712987825574732, 4.715643129435781, -0.01640945223545534, 0.007840892343517447, -0.004736485772980517, 0.005322935616352824, 3.1304113003950262, 1.570315172852481, 3.1397708579627515, 0.0007592765278298646, 3.143012276542131, -0.001886693587144232, 3.180987735374943e-05, 3.1400802602625353, -0.002739772154861447, 1.5392499028652502, -0.004520162102755346, 4.72950594064436, 1.5930827122743914, 4.712449836091882, 1.5713687645805476, 1.5704383773794064, 3.1385036323112216, -0.0006489156808714794, 4.712069563913591, 3.1404868404822137, 0.00042720752040392707, 4.712212752309131]",0.0
158,1.5578195962503554,"[1.5696396198199376, 4.7154718267892, 1.5434514605581167, 4.725128947718984, 3.1332594338521536, 4.748132558479539, 1.6089301346653684, 1.5694766709717773, 3.1319044220863606, 4.737885704747706, 3.1262584521696772, 1.5676899693569641, 4.707899512893192, 4.709779390468631, -0.018337822758729493, 1.3480618961019388e-05, -0.0023966859947660794, -0.0022715376434861894, 3.1336689300521434, 1.5691900116978061, 3.128404022227309, 0.0008435961615277952, 3.138712196752618, -0.014084266968836256, -3.798948875407594e-05, 3.1383441761081294, -0.006886838642909852, 1.5348676368685048, -0.0043644338212968205, 4.726571362159034, 1.5912164512413463, 4.704992948404066, 1.571685453860005, 1.5668435798308253, 3.1251577400019572, -0.008256081739628962, 4.712664518775947, 3.146589714229776, 0.0012166823047678567, 4.711902432982038]",0.0
159,1.565186010421818,"[1.5741841120358588, 4.721457639172923, 1.550142062541196, 4.729302916465724, 3.1428634938570927, 4.750974393148768, 1.6111859194122649, 1.5703625719540673, 3.1385803823819334, 4.737834998747426, 3.1329380141866006, 1.5706026245053024, 4.7122711579578, 4.715112785851829, -0.01627048970895898, 4.307332917646888e-05, 0.0007916029631171155, -0.0024731474104512626, 3.140183147841284, 1.5709170306908495, 3.1419096083478726, 0.00015445670444803373, 3.1423158536050546, -0.0019097580468799454, 3.6774580237864535e-05, 3.1398034358345805, -0.003272020308890874, 1.5379211923668363, -0.0029236408278930635, 4.718118820646152, 1.6019200856331297, 4.711693634053763, 1.5711374739552313, 1.5705483801165572, 3.135769180970694, -0.002446936178108171, 4.712488648451063, 3.1414217374269136, -0.00014445611422944846, 4.7123023953710055]",0.0
160,1.5636177803862075,"[1.5724066350113353, 4.722591242385292, 1.5446238731480155, 4.726410616605949, 3.1493808238809042, 4.750803064409012, 1.6132436319941779, 1.5685682916872306, 3.135316028427411, 4.739911842805874, 3.130028753274676, 1.5678649054489762, 4.71409785362068, 4.712600372142047, -0.01591292627479741, -0.0030357504156158796, 0.005753458775193951, -0.0017351936861512872, 3.141847667821067, 1.5687550324626192, 3.158544443534573, 0.004283689503660312, 3.1422990264309085, -0.0018062483454529558, 0.0026602649532185612, 3.1397133431305124, -0.007049794570634819, 1.5373676093940845, -0.003159220775496222, 4.7336052620762405, 1.582452610339551, 4.704797290062614, 1.574480817360847, 1.5670086307830304, 3.1335528871839746, -0.008443972259506485, 4.710698167353382, 3.137988012426271, 0.0036936210153750877, 4.710890089287694]",0.0
161,1.5730631006278444,"[1.5737772164775479, 4.721440968120937, 1.5501100141223703, 4.729295724486078, 3.144506713952461, 4.752233217452632, 1.6126504520399556, 1.5701256542293556, 3.1377412982264588, 4.744698606996766, 3.130702059587771, 1.570279639767659, 4.712057189106431, 4.710939639009651, -0.0056954874062337575, -0.0005867464027943459, 0.00015553409393033262, -0.0036323215635149556, 3.138797123565124, 1.5702814155146398, 3.134796278346945, 0.000458596715291933, 3.1425663288047945, -0.0027372258544966503, -2.0773209242930463e-05, 3.140272778402251, -0.0028508229277309895, 1.542593621161465, -0.004196899142478756, 4.729452912248148, 1.5934410189537807, 4.712171315890145, 1.5714924744143823, 1.5705764383300735, 3.14010205659977, -0.002673615760746119, 4.712273567756522, 3.1413042570665124, 8.639027935984333e-05, 4.712218787555301]",0.0
162,1.564272047720294,"[1.5720610581738446, 4.721458203753247, 1.546814768965321, 4.72810078630501, 3.1518273533077017, 4.7544770677932116, 1.6166755554386987, 1.5691608012218727, 3.133031898990939, 4.729461440195423, 3.130867158293678, 1.5689538582399998, 4.713242709843213, 4.720251958905152, -0.030220571025267512, -0.003871976066706238, 0.0019247262172306196, -0.00656404588862774, 3.1379242995890433, 1.5684543949425007, 3.1280026943465735, 0.0026027236409851763, 3.142975113131143, -0.003772074607778004, 0.0015436544626512834, 3.1413106571735163, -0.003582608043101372, 1.5508156275791498, -0.001062073109662714, 4.728296519465235, 1.5928449670689442, 4.709483673034941, 1.5746511746274554, 1.5693466626498132, 3.1476530310142743, -0.006458838888425862, 4.711957085255805, 3.139677329054037, 0.0021127940577318274, 4.711689755173492]",0.0
163,1.5673780925521927,"[1.5749592300949093, 4.720194387539861, 1.5497799332081257, 4.729052956757911, 3.1430909020779634, 4.75133477489575, 1.6110437030573275, 1.5699333176105807, 3.138760429170069, 4.737801094988776, 3.13211161196506, 1.5702231131029911, 4.712056640768176, 4.715185840813622, -0.01653052556948664, 7.910599185312545e-05, 0.0009299467995438917, -0.0026866236455396334, 3.1388539076009474, 1.5701135610896526, 3.1384175290740646, -0.0018440705712334602, 3.1429776400529232, -0.0033134606635551456, -0.00017180188689107172, 3.1270906096210744, 0.0052448195665314576, 1.5389799091291503, -0.004475913969404015, 4.7294206658922295, 1.592709792963108, 4.71189380586453, 1.5710225694980018, 1.5700162758435785, 3.1371272745607257, -0.0014545021676140451, 4.711878958424862, 3.1411356216999073, 0.0024609374842939936, 4.71396217137856]",0.0
164,1.561579168625435,"[1.575590122504406, 4.716969331166525, 1.5483715575364667, 4.730253574606451, 3.1422522519963465, 4.749991057777405, 1.6097627249120918, 1.571514665547822, 3.136215742052619, 4.73612693264952, 3.1315498147994894, 1.5719778384195087, 4.713641975989272, 4.718898335089946, -0.019172121659170382, 0.0005536527862773677, 0.0022792234012972254, -0.002162656660755592, 3.1413826166612493, 1.5713910061810195, 3.1385484554998593, -0.000988400941326514, 3.1413677888403453, -0.002168675024441023, 0.00045834900557924566, 3.138360897600729, -0.0011894575286114442, 1.537323810900445, -0.006561776389350924, 4.734190389573242, 1.593276692364833, 4.710919108836106, 1.5729738051289694, 1.5708670492858214, 3.134429066783912, 0.0025351001267843584, 4.714972095845663, 3.141626442075353, -0.021733366291137087, 4.692864675415457]",0.0
165,1.5614612398776389,"[1.5747830370324485, 4.7200070110841565, 1.550163790590531, 4.729478824308625, 3.1423783371509315, 4.751329932183037, 1.6110248904373876, 1.569821925922492, 3.138834823180877, 4.73788292211434, 3.1320020455717894, 1.584009839497477, 4.7067205995353305, 4.716642668568786, -0.016050021700367286, -0.0001439567478108787, 0.0009504247320114877, -0.0026160034298340832, 3.13866824228354, 1.569828403766658, 3.137965810297708, 0.0011586409031058128, 3.1432652575425446, -0.004091156367376785, -0.0002201332925978899, 3.1394617152586113, -0.003319918087118797, 1.5389499602282748, -0.004227641438725709, 4.729258929154447, 1.5923575037807012, 4.711424237670678, 1.5708500347105756, 1.5697081283775902, 3.136304203725301, -0.00141153380619702, 4.711627718108362, 3.136599736737842, 0.0005712956093815458, 4.711837162911738]",0.0
166,1.5808398687260061,"[1.5758336324104705, 4.718257572691537, 1.555243619803851, 4.736706263965242, 3.140684489020478, 4.750484546305579, 1.6104431360603864, 1.5705151729979516, 3.1360732083311036, 4.736835824852568, 3.1308836463044467, 1.5696765968013333, 4.723661049933732, 4.7355503880686385, -0.010886663321792715, -0.0005662358851367864, 0.0019052726075630183, -0.0036409527017541633, 3.1393417690810197, 1.5702407453816096, 3.1349829999218626, 0.0034718686675887806, 3.154189616336987, -0.005423134216027199, 0.0003128088823226789, 3.1415317969290246, -0.005797963090117085, 1.5365995010535136, -0.005420556904347829, 4.731288813598976, 1.591927219649179, 4.708746420197176, 1.5721290967147885, 1.569630992420625, 3.1281131077096123, -0.0006226647570077536, 4.713580555968081, 3.1424077161795836, 0.003498527821947077, 4.715151051126363]",0.0
167,1.5658158350404294,"[1.5772512182759955, 4.71414584700856, 1.5445255937382183, 4.735356288101795, 3.1410141730203294, 4.749364210542099, 1.6080762645718272, 1.570674735970262, 3.1395893286437637, 4.737904720676257, 3.1350363082070025, 1.5695389228742131, 4.70984916236968, 4.7159274939979205, -0.017414744552841057, -0.0013528719578856784, -0.0006057488594713306, 7.742156040621822e-05, 3.14206119059578, 1.5706181016246181, 3.13941535807611, -0.00022605711656057567, 3.1381743255415153, -0.002438789913755963, 0.00017697563027886198, 3.1429470318890957, -0.000860437454220321, 1.5404203283610252, -0.004833441634245089, 4.733826793737972, 1.5967422421559256, 4.709658389115699, 1.5710325457198175, 1.5704757408529222, 3.1384101975980903, -0.0004010143825275348, 4.713017132616618, 3.1412489343764163, 0.002062217176759264, 4.714110330999501]",0.0
168,1.553408274121218,"[1.5748603899423275, 4.721109741167751, 1.5492111170846237, 4.731296346671531, 3.141455886975455, 4.750457502475939, 1.6117916739684643, 1.568336101949098, 3.139261351879664, 4.734671150957056, 3.133185409807676, 1.5717485166960716, 4.712878746587636, 4.7146331636511, -0.015086632025061593, 0.0013906477872849153, 0.00044148693104022977, -0.0033392637155714036, 3.1390361915947, 1.571337973120496, 3.138277479388997, -0.000620677239609553, 3.143108228817712, -0.0017079680377186561, -0.0008620339774997239, 3.1397795582115973, -0.00246854330591141, 1.5383635007655896, -0.006077786733330676, 4.730650632446687, 1.5934911966740397, 4.713100000683258, 1.570622474026752, 1.5713914532301008, 3.1372807381301855, -0.006147372188716967, 4.712706948303081, 3.142443664635659, -0.0009998756984891943, 4.7126134039983]",0.0
169,1.5535582350970796,"[1.5742393143184121, 4.722430174698146, 1.550168844009726, 4.726830373218623, 3.1422754599703553, 4.75016477945666, 1.610886718384465, 1.5712964123744102, 3.135116060164073, 4.73360346251259, 3.131258305231439, 1.574405461337076, 4.714633641129117, 4.711354972687217, -0.01929348250015613, 0.003778816299860434, 0.001159941317532121, -0.005772258835314658, 3.1401486435885078, 1.5741987947269251, 3.1382716451153603, -0.003528035582245197, 3.141730355907709, 0.002200870050527652, -0.0013542995947500166, 3.1424138005259015, -0.002978279083182549, 1.5354927601376296, -0.010025443765861428, 4.733550220720673, 1.5936929693281103, 4.715063806197275, 1.5724818756391987, 1.5742152333583268, 3.1356166936421754, -0.004221498867646911, 4.716819634067742, 3.144802700197191, -0.0007318851904282379, 4.716968447561874]",0.0
170,1.5615279634147812,"[1.5748060113524973, 4.721013515209567, 1.5489593953492116, 4.7311222422289525, 3.1413465064354607, 4.750819145579703, 1.61219204438335, 1.5735916589212957, 3.138311822463486, 4.730247811657682, 3.1345374387740192, 1.5715472002911246, 4.712673970881808, 4.713700867331219, -0.012407587159681014, 0.0012085963470959671, 0.0007032665117816019, -0.0031080496726478713, 3.138859273335138, 1.5709371334415476, 3.1384551365907947, -0.0002002804363150396, 3.143120306822819, -0.002290528958448627, -0.0008483245380693512, 3.1396307835236863, -0.002540666132207648, 1.5384240799451465, -0.005652803949311646, 4.730495851015329, 1.5931578514256075, 4.71278267711434, 1.5705980245330542, 1.5709792199433636, 3.137392111008563, -0.00539009597756477, 4.7123593598798, 3.1420176435708025, -0.0006572134878797237, 4.71236386648388]",0.0
171,1.5666901241798328,"[1.5745604896705017, 4.720715205030194, 1.5495793183296551, 4.730297372236031, 3.141713130021058, 4.755903459662674, 1.6186299210836166, 1.5662949897989225, 3.139060469720765, 4.737363069029342, 3.1430726170721575, 1.571421802527507, 4.712473749064745, 4.7143923581454725, -0.01716882666389012, 0.0018241107648711119, 0.0009762047721569346, -0.0033671608414507013, 3.139386992738633, 1.5717500242040923, 3.1373874862336453, -0.000963581235399803, 3.1422370281554266, -0.005621096005359385, -0.0007256984246263369, 3.140494919280365, -0.0029456786932362845, 1.532931367679164, -0.007450127969637271, 4.731730790832316, 1.593372066878965, 4.713510813808373, 1.5709736398162943, 1.5716300747100267, 3.137036674458084, -0.0065522905881686645, 4.713285415621585, 3.142985841528003, -0.0013193322872410494, 4.7127513191285555]",0.0
172,1.5730375811618702,"[1.574909709219625, 4.721364565639995, 1.5495459782255885, 4.7314895107197295, 3.1415046192677862, 4.750268089179683, 1.6116288745206104, 1.5682935779950347, 3.1389986549490234, 4.7347159801362935, 3.1333270822517694, 1.5720634660436565, 4.713171777550209, 4.714298701935603, -0.015199205592991826, 0.001686721238069848, 7.661259953913328e-06, -0.0037606850457275083, 3.1392778607009384, 1.5719839782455693, 3.137879235238669, 0.006581740060913914, 3.141539987710303, -0.0010428776250231153, -0.0009236818615199589, 3.1388945743115984, -0.0015155449932790967, 1.5379193491562009, -0.006826018800874678, 4.730924359401859, 1.5940589456424035, 4.713509124755927, 1.5708816909393133, 1.5720614042308225, 3.1370467210142285, -0.006283810898508043, 4.712680250273751, 3.143087493677806, -0.00147438347011979, 4.713103302167425]",0.0
173,1.5569518115453314,"[1.5748439025181187, 4.721513795655673, 1.5499453706765018, 4.7314481388427145, 3.1415663859934897, 4.749860789504819, 1.611454079658044, 1.5680683662185542, 3.1388553213747983, 4.7346321146300525, 3.1330896365984637, 1.5721733145385475, 4.713264691130956, 4.714264309509893, -0.01568221901043016, 0.0019783014926626997, -0.000166370971512536, -0.00390299847414831, 3.1397306786185526, 1.5725771582618004, 3.1374628557425637, -0.0029334631999344556, 3.142882715354027, -0.0004868464365402681, -0.0007469175615371728, 3.140481096896705, -0.0026342249217293358, 1.5375250772272768, -0.007518890775675035, 4.7314127304291524, 1.59438742831248, 4.711705098842152, 1.5756907032417198, 1.572588271726792, 3.136592884608768, -0.005544395431010797, 4.698797338997017, 3.143697713865432, -0.001986953144896657, 4.713411868515525]",0.0
174,1.5670535935854146,"[1.5747905002017093, 4.721364050810191, 1.5497578930563167, 4.73173342764293, 3.1422284844588506, 4.750275863979479, 1.6116738141697058, 1.5683583643826797, 3.1392606193166226, 4.734245362484526, 3.1311263163232717, 1.5721096293946892, 4.713419737714075, 4.7146588081198955, -0.015027813840611956, 0.0028117492518440375, -0.0006355445477842262, -0.0040255840213672235, 3.1405278119073192, 1.5719950287029392, 3.140301398000184, -0.0006216239482795591, 3.1430626691136525, -0.0077233505583949105, -0.0016592817200987773, 3.1402592017050925, -0.0018227768623625335, 1.5384417649599103, -0.006599182166603049, 4.731127820445333, 1.5943375007026155, 4.714025422412812, 1.5711778961898446, 1.572050153281723, 3.1391903091879594, -0.005928916108014625, 4.712744016776932, 3.142988290513398, -0.0013532388094494464, 4.713028338069381]",0.0
175,1.5591557676726784,"[1.5747206454379055, 4.720291390011398, 1.5481272363453873, 4.730385818297013, 3.1407942420627313, 4.750846241044413, 1.6122244753955377, 1.5682806411924428, 3.1399214915907248, 4.734791532973058, 3.1341072816680176, 1.5706489759838635, 4.711699170157766, 4.715561225811498, -0.015151582744823151, 0.010126772042939384, -0.006058615913036177, -0.009091007025734687, 3.1455850958800715, 1.5694095937562251, 3.137654271432697, -0.0012901906165330452, 3.143273575583337, 0.0011583288051175643, 2.750013218524958e-05, 3.1391158729459723, -0.003864603163315232, 1.5393117356355024, -0.00402361234509618, 4.729859508838222, 1.59146058108249, 4.7116315812844904, 1.5697059772037656, 1.5693443918300636, 3.1362369420598983, -0.0060823244141749375, 4.712875245449502, 3.1406160956463314, 0.0002665533796696769, 4.711109858281552]",0.0
176,1.5610071229456675,"[1.5748090544486497, 4.721473159798845, 1.5496318706284697, 4.731561823762733, 3.1418106369162393, 4.749881867321929, 1.6112629799480571, 1.5682921221796369, 3.138906393654285, 4.734695555129656, 3.13313541928275, 1.5721081230701364, 4.713269058164515, 4.714302869733083, -0.015160268029351465, 0.0011986188965563997, 0.00031448553767594596, -0.003518550224575173, 3.138987522129839, 1.564224185101445, 3.1382949670906677, -0.0006327819931812881, 3.1429964546608895, -0.001751990730052217, 0.000794575079652882, 3.1400664976882062, -0.0021360815642786444, 1.5370754731201517, -0.007033340477324901, 4.730988966375622, 1.5942422470491544, 4.713688923471959, 1.5710179054303737, 1.5721853111214064, 3.137736058145201, -0.0063472455894355755, 4.7127203325126406, 3.143171366205869, -0.0015285817036703384, 4.713163713285744]",0.0
177,1.5621105581782566,"[1.5733496541369494, 4.721217383312646, 1.5482693944208588, 4.73077075797738, 3.144248467310375, 4.745992643618191, 1.6074760292375427, 1.5683718433389102, 3.1389865040355387, 4.734896098242423, 3.1333376033349176, 1.5705248204842082, 4.712168683025591, 4.715989503390295, -0.014354466242062346, 0.0007157680562352755, 0.0004522952793680949, -0.003963995553654448, 3.1390507922803916, 1.57337527658035, 3.135390611136513, -0.0007397710541622836, 3.143876852101916, -0.000916092205452863, -0.0009827152343567177, 3.1396953387949615, -0.0034586320282181827, 1.5280984145255212, -0.00530520472637053, 4.729807610599386, 1.5924364766345276, 4.712504217782155, 1.5707990588413219, 1.5694797611425513, 3.144469872785994, -0.006902371965271666, 4.712911368763491, 3.1403003476107894, 0.0005830347217464528, 4.710879854778264]",0.0
178,1.5694509648507133,"[1.5751817186662096, 4.7216021092749685, 1.5502391125805, 4.731937390731197, 3.142018293585674, 4.7505633331642985, 1.6119205792626505, 1.5685696471797763, 3.1404340365883985, 4.7346475270958095, 3.1331019458315694, 1.5726585088517504, 4.713729626114977, 4.713856671185564, -0.015410607931312766, 0.0021225125807579955, 0.0013310726011185757, -0.003447935826925942, 3.138919071600152, 1.5713346711064995, 3.1382406869084924, -0.0006958761270983718, 3.1427375132523565, -0.0016744319786195306, -0.000863099542659406, 3.1379645148634787, -0.0052109141855058334, 1.5387118027774926, -0.007857576726703817, 4.731513440118288, 1.5950232047828425, 4.709531721056818, 1.5687330710569523, 1.5679537026982857, 3.1386092316682856, -0.005572169290626167, 4.712742941928853, 3.1441481946029937, -0.0022254031758682023, 4.713977919765137]",0.0
179,1.566620754867793,"[1.574606309731746, 4.720625451764191, 1.5488014280529352, 4.730958459300178, 3.1416411834286757, 4.7503535774149155, 1.611689537340925, 1.568661497221107, 3.141211005745796, 4.734624257042031, 3.133100251150412, 1.5712702523041235, 4.712313795247293, 4.714914606662174, -0.01513562252001606, 0.0023128596799058174, 0.001693351828046072, -0.003282008008702565, 3.138965650004869, 1.5714015068590517, 3.1378253680141595, -0.0008924634013210951, 3.1430927944944163, -0.002123792264221831, -0.0008805212635501108, 3.1370046999909995, -0.006844287140910539, 1.5383143347284338, -0.0053312273916255835, 4.730376646083456, 1.5927576516906143, 4.707376821059755, 1.5675659852486303, 1.5841767677632106, 3.138390028867172, -0.0055181145972077305, 4.712816515500889, 3.1419366484009, -0.0004613889756124209, 4.712056937450602]",0.0
180,1.5668099407052978,"[1.5749774944634485, 4.720991314389897, 1.5476670763459524, 4.729970524339879, 3.1420600553908082, 4.750578229470107, 1.6118773401181823, 1.5683844021791724, 3.1395472604766637, 4.734715252826918, 3.1334407500260166, 1.5728710029582926, 4.710621258919033, 4.716458855768656, -0.014366622755334575, 0.001522499041248032, 0.0005665107505969662, -0.0030785466029664846, 3.13923599460851, 1.5713796275923149, 3.1390271157800513, -0.0004103762657127807, 3.14418346858759, -0.0011528078550584499, -0.0008088409477042202, 3.139932854339544, -0.0021999467072085907, 1.5384933392774482, -0.00500929679112341, 4.73031746677965, 1.5927609663556466, 4.713392302887344, 1.5707466639447858, 1.57144377620941, 3.138192918823616, -0.005625074712629719, 4.712733865697406, 3.148743637093547, -0.00028191390027766455, 4.711844715145391]",0.0
181,1.5718165936207276,"[1.5740049286019107, 4.719916365910094, 1.5545765580228907, 4.737429740161614, 3.1408060956108383, 4.750049005470529, 1.6116179501910868, 1.5681249789966387, 3.1393230025859182, 4.734687532477775, 3.133366999751653, 1.5747173258912808, 4.718249700396619, 4.710163526919529, -0.017437600211296558, 0.0007826443474813744, 0.0004692816934320356, -0.0027437819343794066, 3.139373063004105, 1.5717096684674683, 3.1376276429108527, -0.002514462047104239, 3.1392689213165537, -0.0010090519617994222, -0.0005573794862934167, 3.140439479171158, -0.0024398714560026316, 1.53797628287882, -0.0008105355585963222, 4.728561686423434, 1.5890304469891146, 4.713828511051782, 1.5710418750574966, 1.5713971056775098, 3.1368704094699016, -0.005623790856861033, 4.713102057924036, 3.14535741372382, 0.002581894940111094, 4.70858994890037]",0.0
182,1.5632879963674147,"[1.574951362956462, 4.72128850675522, 1.549247003188916, 4.731186431077729, 3.141477846592722, 4.750476612914006, 1.6118241337902564, 1.5683279439337785, 3.139218710327099, 4.734659539730456, 3.1331299899960317, 1.571755917822295, 4.712898151285308, 4.7145914170577425, -0.015102527038466144, 0.0014092552228256998, 0.000466433949834917, -0.0033844003774459357, 3.138996668034758, 1.5713368839530995, 3.138256803223502, -0.000613801650514566, 3.143141928057073, -0.001712748319340398, -0.000862006363726047, 3.1397511554578936, -0.002513486578231749, 1.537427410329433, -0.0003871066874369892, 4.731739997725954, 1.5934201040916092, 4.713088186392367, 1.5706177428374062, 1.5713837926535947, 3.1371491550051007, -0.006211600434516965, 4.712702953070245, 3.142441617269055, -0.004520282248268081, 4.716367906337445]",0.0
183,1.56396241760189,"[1.5731054362279475, 4.717745623254581, 1.548457686502682, 4.732858713354537, 3.1408561491663245, 4.749943396781169, 1.6112444305124884, 1.5682480291676317, 3.139940303739328, 4.734782225051522, 3.1339688813800604, 1.5711157822149318, 4.712213663794142, 4.7157471439489465, -0.015168884695482042, 0.0007892028414470101, 0.0002418137329395417, -0.0021622268704876756, 3.139801470448107, 1.571690623172565, 3.138404216014413, -0.0017640042660228665, 3.142326245414646, -0.0011817942512700281, -0.0006475037670720985, 3.1406557412893483, -0.0018576736560151398, 1.539960655063893, -0.011490021618164294, 4.723262182415004, 1.5849570445786967, 4.713938414972364, 1.570994858953424, 1.5715062506892732, 3.1388688588384674, -0.005530765405089908, 4.713027739508323, 3.1416968476263225, -0.00604388654604536, 4.717867600760173]",0.0
184,1.56636962991263,"[1.5747114299649658, 4.721095757117902, 1.5497756436421892, 4.729152865026959, 3.141577692128771, 4.75093863889231, 1.613142310205568, 1.568019204699297, 3.1413043936269265, 4.733678389286237, 3.131875411227932, 1.5719614665311048, 4.7137813330943725, 4.717526027107814, -0.01364020231044601, -0.00024326844929841687, -0.0013046608152144717, -0.004166598261012319, 3.138143874223567, 1.5713016885879367, 3.138588597838857, -0.0015408231136193277, 3.137930673888671, -0.0013295170741190803, -0.0007123211165497377, 3.1398409220041605, -0.002599229774302554, 1.5376993098612841, -0.006164449459848709, 4.730897478969593, 1.5934871691895913, 4.7130634619912115, 1.5706308336658819, 1.5712882034309268, 3.1371950030233093, -0.006262823019133758, 4.712806683997213, 3.1423761762817906, -0.0008173058600885465, 4.712677624564112]",0.0
185,1.5696281198161932,"[1.5771498186238544, 4.721600782955245, 1.5460800399589123, 4.731033549719255, 3.1399206350620115, 4.749612705529011, 1.6100252418569017, 1.5645530549677253, 3.1379335442023737, 4.7336626462213705, 3.1333112007156734, 1.5705287640658094, 4.7106841916181095, 4.713005953165903, -0.016028862339113707, 0.0008550245403205269, 0.0019565911147393284, -0.0024513283426982647, 3.1360754606174934, 1.5729629569416848, 3.1380509559485934, -0.006300164272003389, 3.1480798202106675, 0.001201558785991368, -0.0013893212756658645, 3.1412201963656066, -0.001449073210872978, 1.5412475915487545, -0.007589214580021158, 4.731227832039591, 1.5953068810194935, 4.715978679726469, 1.571342710266016, 1.5711957311440972, 3.1332795212937348, -0.010946621248672333, 4.7136846463338715, 3.136230316675403, 0.0003858521872040844, 4.709717392350395]",0.0
186,1.558105374893195,"[1.576005104283091, 4.721355262061498, 1.547645578521768, 4.731164948195393, 3.140688261018733, 4.750035104002475, 1.6109084579126831, 1.5664445784584116, 3.138597448041019, 4.734166898589213, 3.1332483052616746, 1.5711386403809404, 4.711781469102873, 4.713819558408502, -0.015557747182087649, 0.001122836163802721, 0.001199039022889779, -0.002895296029134834, 3.1375558261060967, 1.5721504650310905, 3.138164217668795, -0.0034604207558064713, 3.14559402451419, -0.00025320462586364404, -0.0011256776265827942, 3.140499877288602, -0.001958808258392194, 1.539805546157172, -0.006833500656675917, 4.730939232243139, 1.5943990388467666, 4.714539340204864, 1.570982592146384, 1.571293592187099, 3.13528012971196, -0.00854699671869465, 4.713195797318477, 3.139336990655531, -0.000307011755642555, 4.711165398174348]",0.0
187,1.5638301961447203,"[1.5748757213866642, 4.72116787956038, 1.5492337106086767, 4.7315187142283355, 3.1415610239218976, 4.7503536096721515, 1.6116846768382798, 1.5680050113866175, 3.1397527386049813, 4.734373301286806, 3.133433326073924, 1.5723096606395677, 4.712222582364507, 4.712002112961542, -0.015777658039680204, 0.0014793168176204042, 0.00027071630517738667, -0.0031634536716515435, 3.138879282501387, 1.571338611166909, 3.138611790697938, -0.0010032293916030827, 3.1414560420388398, -0.001509647143825685, -0.0008890315043487353, 3.1395194010056913, -0.0022285887868669038, 1.5386455241279535, -0.0053464024250726196, 4.730152057364542, 1.593083150241319, 4.713530797949796, 1.5704757932716775, 1.571422601081097, 3.1381911332397565, -0.0065897762700701645, 4.7125546016296225, 3.142779758777934, -0.0010660900711207018, 4.711676989587923]",0.0
188,1.5605437075226087,"[1.5745261709310996, 4.720347965017106, 1.5519950355969423, 4.734634724394269, 3.140784952798573, 4.75027495423178, 1.611624483618195, 1.5684110745811644, 3.138347591080553, 4.735096834042742, 3.133011902394112, 1.5725203275454072, 4.716734958851346, 4.715664053633918, -0.015581370411878924, 0.0009493054909778219, 0.0009323201565796809, -0.003127878617247232, 3.1392757278865124, 1.571690767393344, 3.1373686417769626, -0.0015742978179478307, 3.14403269935526, -0.0013753524742382544, -0.0006959908175458578, 3.140670512603336, -0.0027123083819481867, 1.5380423327068504, -0.0044970445888392555, 4.7301312586988375, 1.591620799197215, 4.713126532195569, 1.5711450500118664, 1.5713389022169015, 3.1353763414371074, -0.0055699235576455895, 4.713239734648789, 3.143121156796524, 0.0014048629865604915, 4.711296117482031]",0.0
189,1.5640961579898847,"[1.5747968168050157, 4.720622593449385, 1.5489846518812713, 4.731630421170555, 3.1416984158188797, 4.750435828333925, 1.6116651435875182, 1.5687061059937522, 3.1391883354394614, 4.735216413323584, 3.133272315347974, 1.5715724393063422, 4.712757229115175, 4.714731977087498, -0.014799396056063396, 0.0011635708481655212, 0.00037468222385164944, -0.003115507932474989, 3.1393397038321633, 1.5713507566510523, 3.138111991960728, -0.0006510392855479026, 3.1428513071682618, -0.0017322048946293606, -0.0008093937714946579, 3.138321517084609, -0.004949673662158885, 1.5387490478905606, -0.006058498133333833, 4.730917573506679, 1.593672869244266, 4.7150920886783405, 1.5717888928252517, 1.5713954581475924, 3.1373134961346696, -0.006177984620021016, 4.712857453516264, 3.142450664329648, -0.000936300782345773, 4.712685274207254]",0.0
190,1.5539006226591916,"[1.574026233792615, 4.721432438025209, 1.549064595650267, 4.730776087369272, 3.1424726171358524, 4.751240354334687, 1.6129627219141183, 1.5687705416891502, 3.1376966845710084, 4.738534936462314, 3.1322734272241575, 1.5713937987184219, 4.713485652539113, 4.712880037925273, -0.010681163232231207, 0.0009347021111086535, 0.000517177651609053, -0.004047958435696019, 3.1393186677273777, 1.5715989749351285, 3.13619597172813, -0.0011897059971736137, 3.1434297321115503, -0.0010993458626741032, -0.000670491728589228, 3.1413613568276064, -0.0013564882430993751, 1.5398656566074225, -0.006304278681161912, 4.7310446377159225, 1.593681367232281, 4.712152845782723, 1.5710381916234482, 1.5717352545412073, 3.1385297924079767, -0.005963682946650183, 4.713144552622333, 3.1421138628385474, -0.001362462850027518, 4.712349786853524]",0.0
191,1.5661017874661924,"[1.5745194114726646, 4.7229192423817405, 1.5492425712810058, 4.731857997856531, 3.1410848101016855, 4.750371702848479, 1.611424392194539, 1.5685067370261028, 3.1397803707932925, 4.734760995520848, 3.1336693660097885, 1.5716814362046185, 4.712364352642881, 4.714902347662035, -0.015124236226515505, 0.0014111276937104136, 0.0001875364882961188, -0.002898502913194866, 3.1392396530252302, 1.57095464577783, 3.138107725107704, -0.0007453388668889667, 3.1428105805732827, -0.001654207978806865, -0.002670523239324165, 3.139677678653581, -0.0023425201918453806, 1.5385642281942056, -0.006090709319943841, 4.730609064656391, 1.5933465221801275, 4.7120245565197045, 1.5727430079069171, 1.5714186330858477, 3.1371892887129604, -0.006215422627165457, 4.713587191763957, 3.1424343583681833, -0.001052898978195373, 4.712613588428812]",0.0
192,1.5605835137321136,"[1.5731885122990956, 4.725919474657001, 1.5485818773966635, 4.732074481431654, 3.141051804449466, 4.750219609613951, 1.6110143426513184, 1.5695467941494787, 3.1390468428546403, 4.7357464198730845, 3.1334216452790695, 1.5708628245002616, 4.712126436162526, 4.715596779073565, -0.015903466416905872, 0.0010261482133081348, 0.00039230211045928156, -0.0021810525196932235, 3.140158200547598, 1.5720610565864892, 3.1375502226476923, -0.0010921813887446743, 3.1423568281584795, -0.002245315896356547, 0.0017657324451082908, 3.140431587687233, -0.00241944696702691, 1.5387813216604898, -0.006397733967409372, 4.731214766635511, 1.5928237396131708, 4.7145237711094925, 1.5674247901835632, 1.5713608688805762, 3.136400485983442, -0.005507459371493565, 4.71176013038909, 3.142249569659059, -0.0009924379086305622, 4.712561599232306]",0.0
193,1.563478037180431,"[1.5751776319283197, 4.720667635804883, 1.5497392892991866, 4.731620241882105, 3.1406878799662956, 4.750430738661131, 1.6114756203213223, 1.5685618724382047, 3.1395476580157675, 4.734311378648447, 3.13337039133356, 1.5720728372057327, 4.712718537417174, 4.715108219767286, -0.015324439456895506, 0.0017611153859902445, -1.5406447393852198e-05, -0.003400093466655713, 3.1388270952462456, 1.571542857848949, 3.1361286860188184, -0.0011268639048769165, 3.1431061394853037, -0.0017924865986860003, -0.0011856463193995297, 3.1395295518780935, -0.0018146191143479798, 1.5384548176876442, -0.006327164459192033, 4.730433357923131, 1.5946656887100543, 4.713827899455188, 1.5703500695709574, 1.5717605125616927, 3.1375194215082236, -0.005139050549916849, 4.713011401765024, 3.1428102473350417, -0.0026496980353805264, 4.711609569696735]",0.0
194,1.557732773128135,"[1.5742601765247226, 4.720583126857955, 1.5484913294075933, 4.73041691272176, 3.1422899164947187, 4.750399372745256, 1.6121567078514643, 1.5688916610553496, 3.138058322737837, 4.735257189665265, 3.1323378914901463, 1.5709134418069315, 4.713790028998958, 4.715136397943546, -0.016049942672990505, 0.0008283999054344468, 0.0016124912709251074, -0.0030752652452747625, 3.1400401499639585, 1.571265747001662, 3.1409870618632256, -0.00041701878402268424, 3.1431464758407306, -0.0012516511314989481, -0.0003157748369454561, 3.139540018265554, -0.0025891696978441177, 1.5377408578930387, -0.006184342852976504, 4.731935811655718, 1.5921701895781604, 4.711984036242542, 1.5714090195059072, 1.5709862725503028, 3.136318458053158, -0.0052735136284972565, 4.712988271657177, 3.1419262099190925, -0.004958138727498463, 4.7083139506939045]",0.0
195,1.5653761529073138,"[1.5751649992215502, 4.721581928318679, 1.547372310248607, 4.731454529291192, 3.139599095020018, 4.7510581929441535, 1.6116269455345265, 1.5689811405700271, 3.139257052845681, 4.735376310145892, 3.133260979293855, 1.5723623049779332, 4.714249650629518, 4.7147808604372585, -0.015500897987972523, 0.0014409945581273856, 0.0004088538679346626, -0.004488598157412725, 3.137883541848788, 1.5712789115995565, 3.1388138301046857, -0.000542314657048848, 3.1431972989194663, -0.0016797251006053923, -0.0008851166102856272, 3.1396149965475884, -0.0025256970641455738, 1.5383462935143815, -0.00595032874984884, 4.73039273754063, 1.5934222389080583, 4.71324770353988, 1.5707235737108294, 1.5713872335926833, 3.1383468163403836, -0.005972598985829987, 4.712510231468691, 3.1423453006831013, -0.0009619712571547987, 4.712537591538678]",0.0
196,1.5605732705830038,"[1.575089290173153, 4.720807886913487, 1.5521930072851806, 4.72899108759332, 3.1368758042203733, 4.750458407428577, 1.6130590114737067, 1.5676338809411612, 3.1386392948123425, 4.734481239595495, 3.132069591031132, 1.570290459525995, 4.711737168033428, 4.714743054314912, -0.015201465479127547, 0.001562686201871753, 0.0019102777992546331, -0.0015439076079688783, 3.140552188516153, 1.5711562676287192, 3.138771520103287, -0.00020249114902791957, 3.143743322161046, -0.0010984597978827035, 6.100815090316083e-06, 3.1404316355401805, -0.0028581011380572566, 1.5385745012716938, -0.005839216425688282, 4.731182016856543, 1.5931519894092276, 4.713116303678269, 1.5710230197737098, 1.5710524916635087, 3.1397122815618403, -0.0056749497044280145, 4.712547323393928, 3.1418039928073327, -6.924587785187529e-05, 4.712714191342723]",0.0
197,1.558641248803917,"[1.5750227701940338, 4.720474821753086, 1.5500820425592117, 4.7309187801594685, 3.1415408785217465, 4.750716999070313, 1.6112153297703702, 1.5703803373177656, 3.140088894539759, 4.735932974688972, 3.1332493720404515, 1.5718193164784116, 4.71276285206528, 4.715179168915012, -0.01577892798179189, 0.0018319273186835753, 0.0008104429237110794, -0.0031592122443864644, 3.1390414119254553, 1.571340639712499, 3.138255236561802, -0.0006907857631928066, 3.142995204867491, -0.0017334697252245185, -0.0009765753936849533, 3.139939061007695, -0.0020283994783134376, 1.5385396319810947, -0.006086579254968156, 4.7307470507416625, 1.5935763490084836, 4.713125197988679, 1.5705141245715126, 1.5714179883238912, 3.137344510048311, -0.008497159437571029, 4.712560041574461, 3.14254356790229, -0.0011472122155071157, 4.712505479419665]",0.0
198,1.5606431971128787,"[1.5744554808622608, 4.72094340022589, 1.5477617240035446, 4.730920181499918, 3.14217856827958, 4.749213109154179, 1.6133401677570156, 1.5686199933129925, 3.143487344809874, 4.73466059277416, 3.1320585549344075, 1.570989677598053, 4.713207556592956, 4.714062996331124, -0.015094460632994215, 0.003607503036115529, 0.004611039933840405, -0.0038923109266486506, 3.1388819639053254, 1.5710478766498934, 3.136971456530931, -0.000200562165047924, 3.143083484898291, -0.0022084738201082286, -0.00016943866912765492, 3.1409057312667827, -0.002091351566254926, 1.5380748913011855, -0.0058072019321926864, 4.730541562715541, 1.593132042863341, 4.713924482367461, 1.5717341715152744, 1.5709221615608673, 3.1361427936508735, -0.004497104989153886, 4.712738081090538, 3.141963503515092, -0.0002989600425993428, 4.71266543961473]",0.0
199,1.5606960055354984,"[1.573993087828443, 4.720545452760298, 1.548453769323976, 4.730576509497948, 3.140581847579377, 4.750215580734876, 1.611745652473198, 1.5683783030387293, 3.1382963238305988, 4.734715251917608, 3.132267456235721, 1.5711018203683766, 4.7124698727278425, 4.714078580920239, -0.015700134003302224, 0.0011949029956800365, 9.868320952125903e-05, -0.003351602138701209, 3.1383642450748925, 1.5710773481081415, 3.1368084981421918, -0.0004105171173976141, 3.142703678753618, -0.003116741009469618, -0.0008395059562763814, 3.1398023751015343, -0.0031449950083269054, 1.5381193261847164, -0.005910980911413577, 4.730327339660476, 1.5930935564460447, 4.712196092163287, 1.570763990254425, 1.5708894180745236, 3.136062149050404, -0.006776750951108163, 4.7127069602623415, 3.1430545458224506, -0.000824355530435948, 4.7124862368850415]",0.0
200,1.5626551109084441,"[1.5741842057218058, 4.721523732050398, 1.5488282051698554, 4.73092145681229, 3.144319940944289, 4.751451961815184, 1.6134532829501909, 1.568263536340242, 3.137938670345014, 4.732898559064388, 3.1329559918834082, 1.571170149427497, 4.71347880161368, 4.7161170551779135, -0.018516504899305435, 0.000298541327501241, 0.0010013773164998059, -0.004261282751351265, 3.1392035713984896, 1.5709548673287228, 3.136269715812785, -0.00012156949981506995, 3.1434867024794606, -0.0013045602935698923, -0.00032691582223721353, 3.1405712176045726, -0.0025918409652287686, 1.5413513137300643, -0.005227991236618455, 4.730434753582174, 1.5935244601385328, 4.712760345838453, 1.5714672449569234, 1.5712967287721997, 3.140260823607949, -0.006669217453876443, 4.712627934804013, 3.1417212150169593, -0.00046396670743841884, 4.712525974397674]",0.0
201,1.5629772643212467,"[1.575093782118607, 4.720861143693311, 1.5491498499046754, 4.731312363921173, 3.1414663332968398, 4.750521749905086, 1.6116934774083336, 1.5682113582357267, 3.1393651690380056, 4.734591269439769, 3.1330938138121787, 1.571757899146001, 4.712797601610408, 4.714625487659891, -0.015106837262271902, 0.001424750252240432, 0.00038850488924345206, -0.003401527663051817, 3.1387004594852446, 1.5711933576557455, 3.137585862618389, -0.0009029407074482012, 3.1432405122323304, -0.0019560500540511507, -0.0009772666701177292, 3.1379629733671175, -0.0012045711283899772, 1.5385910648150893, -0.006429098737703809, 4.732988578592259, 1.591644574775351, 4.713179427837986, 1.570559775611947, 1.5713184507875209, 3.1375618528951326, -0.006016809379906918, 4.7125966397793055, 3.1423912608217344, -0.000615522735696394, 4.712861341830987]",0.0
202,1.5633343073305732,"[1.5739406006114671, 4.721015490674285, 1.5491667896350878, 4.7304832231877105, 3.1420977002911212, 4.750452401785504, 1.6125928535602552, 1.5686701376054917, 3.1380570458228045, 4.7354556518353705, 3.132737781650066, 1.5708861857569258, 4.71333515628308, 4.7147280296181, -0.015466913812235744, 0.0010852609916550443, 0.001314121409440351, -0.0030716001582386174, 3.1402880551500503, 1.5716421526069577, 3.1392833900195303, -0.0018571906512783198, 3.1432395818587118, -0.0013515136692382854, 0.00010289268873477607, 3.1353800012084867, 0.0005618697355525854, 1.537689066364009, -0.005654835036382789, 4.727438578340302, 1.5958041881569136, 4.712614105756692, 1.570891336496951, 1.5713098774119045, 3.136377814237772, -0.005506631004361909, 4.712823631146462, 3.14218360299732, 0.00021833784003379717, 4.713525038661778]",0.0
203,1.5600298125370367,"[1.575177673851687, 4.721026495306278, 1.548989166127326, 4.731834190197538, 3.141234353199086, 4.747654280136137, 1.6139770715630402, 1.5689724799818354, 3.138923152678468, 4.735147280241433, 3.133388710765916, 1.5720676003801006, 4.7126511155632, 4.714789877695047, -0.015446183415681977, 0.0012282617288634737, -0.00024970811099448505, -0.0032633147113531654, 3.138805123768094, 1.5713801377486603, 3.138513053782328, -0.000723781822354597, 3.1431423277874546, -0.0015581978483100666, -0.0012006347752072486, 3.13981162150247, -0.0024125520200194294, 1.5385070118331143, -0.006183838940726862, 4.730909117047273, 1.593628011868297, 4.713081724546098, 1.5703567143175132, 1.5715034490117703, 3.13739018696574, -0.006334116372073957, 4.71273507803738, 3.142440327421036, -0.0010438374081605311, 4.712716576262821]",0.0
204,1.5618242052626148,"[1.5752727074949944, 4.717789311745467, 1.5467475695440984, 4.733386724441632, 3.1411692989355773, 4.750635955762508, 1.6100800576903465, 1.568737421019339, 3.1390657422900197, 4.735297040636121, 3.134003138538567, 1.5705748993827813, 4.712054483337877, 4.714975028332361, -0.015836485197108074, 0.0003891068279150542, 0.0004185315679768251, -0.0018455117335963466, 3.1411900400883033, 1.5715279097215555, 3.1388413941255715, -0.001014739930038923, 3.1411422517436196, -0.0013440369736925522, -0.00015409408619842006, 3.14187255783819, -0.0016136628103983486, 1.538741276368915, -0.006150757629170239, 4.7325139154107, 1.595286482329919, 4.711734348186433, 1.570734441972667, 1.5713505859293644, 3.1374191522618227, -0.004558920960584529, 4.713113013876634, 3.142114082693433, 0.00033234843124986774, 4.7136408187238406]",0.0
205,1.560724348797807,"[1.5746435178454024, 4.721078805789053, 1.5502804880795038, 4.732494616385061, 3.141371487286737, 4.750573517872969, 1.611738622977181, 1.5685687062903506, 3.13910501100533, 4.734843438543651, 3.1331107792913375, 1.5709195509962883, 4.711241297657748, 4.71479260808186, -0.015172432724751923, 0.0013975895519913939, 0.0005472734027541505, -0.0051933285249978565, 3.1375671989399434, 1.5717523011114078, 3.138920598872771, -0.0007115035222087651, 3.142995248779223, -0.0017061260719759353, 0.0005168338180890455, 3.139800775227529, -0.002400553170303305, 1.5383435900026396, -0.006149101843775145, 4.730766730902379, 1.5935983604115989, 4.712802897940146, 1.571374945552358, 1.5714491133806618, 3.1372888175075464, -0.005796190596877298, 4.713087540169256, 3.1425568062569824, -0.001055292088721403, 4.712648736538869]",0.0
206,1.5668136844695506,"[1.5740286968120787, 4.720580077698897, 1.5500169710105254, 4.731486782820506, 3.142168541586037, 4.7513816003826195, 1.6118607958410978, 1.5685062604077242, 3.1382290767504766, 4.735482309876966, 3.132454061146858, 1.5699045866153019, 4.71174097372538, 4.71485868472532, -0.015455987479560016, 0.0010827898755158536, 0.0016735354498409003, -0.004840473464376011, 3.1385514784576154, 1.5700138006789583, 3.1392485033868374, -0.000590343201031208, 3.1429607708602645, -0.0009381207889844398, -0.00598687861633093, 3.1404807497868132, -0.0026930661640322895, 1.5379843864761555, -0.005969905831852105, 4.730402993828338, 1.5934357262786325, 4.714451962070871, 1.5675709508760192, 1.571103094888761, 3.1368346837755423, -0.004628085051454747, 4.711277378128487, 3.142068118332998, -0.0003101398269241812, 4.712723528699745]",0.0
207,1.5668723233860133,"[1.5750016133068545, 4.72112741730578, 1.5487564418274167, 4.732508490839039, 3.1414463750622184, 4.751869741755992, 1.612970191846914, 1.5686919326195454, 3.139197113259352, 4.734615395988985, 3.1313843318747923, 1.573417013628613, 4.711625648180718, 4.714794536082659, -0.015227483442885131, 0.0013824000071126032, 0.0003585746417625307, -0.002746924941217113, 3.139400708665912, 1.5712717685777422, 3.138014609695703, -0.0005258821805186896, 3.1433322835681308, -0.0013336201175669186, -0.000822730935610062, 3.139721477698495, -0.0025589397218734045, 1.5372971876289891, -0.006196902840191636, 4.7305672373456735, 1.5933909755034634, 4.713016880223369, 1.5706244164957148, 1.5713422202186316, 3.1372165102555387, -0.0063595064081276706, 4.712655245965163, 3.1418167976947102, -0.0009729638442789117, 4.712571757858649]",0.0
208,1.5714083631406595,"[1.573563361880889, 4.720418603413269, 1.5500603309735868, 4.7292480522488685, 3.141585882961888, 4.749212257011953, 1.6101624411278472, 1.56804898228601, 3.1384597315323495, 4.735691887471044, 3.134915345381482, 1.5767485802231958, 4.711296312607215, 4.715604903731083, -0.014998913948231989, 0.0008632934928208204, 0.0018053841524972283, -0.004278111080504143, 3.1391347726365355, 1.5709709710088815, 3.138448061352629, -0.00027762013729678734, 3.1428315153560065, -0.0029727889801232157, -0.0006084244643696352, 3.139969193492096, -0.002717667249648307, 1.5396854476657629, -0.005420000362754213, 4.730412836999886, 1.5932767014624127, 4.712542334968522, 1.5705852407364065, 1.5708538563117178, 3.1366007682331047, -0.004546092486960056, 4.712355092368042, 3.140224683692257, -0.0003787736831933333, 4.7124503970036535]",0.0
209,1.5607903103217182,"[1.574823322425774, 4.721054512235832, 1.5491904490908772, 4.731336301843439, 3.1420246660810407, 4.750568696888354, 1.6117365408747826, 1.5682260453598404, 3.1381309130678123, 4.734931854421098, 3.1332119404135246, 1.5716709966808566, 4.712987291195591, 4.715298685711578, -0.014965050244651253, 0.003758248608460068, 0.0004137923962538174, -0.0015691413368734515, 3.137266272155729, 1.5712338478022145, 3.13853754087565, -0.000632461622009468, 3.1423046409937405, -0.0015988005216085101, -0.000766137553736713, 3.1398396039061267, -0.002465871011730632, 1.5385343906861417, -0.0059008370654075985, 4.730557120002247, 1.5934937722241755, 4.713078962697232, 1.5707377968935439, 1.5713262849448089, 3.1376009246806658, -0.005741395001258832, 4.712632054923622, 3.142174183689303, -0.0008463557373983204, 4.712574289491845]",0.0
210,1.562934038295199,"[1.5736395074047969, 4.720521084209409, 1.5500445568985344, 4.729408786315213, 3.1426528925475576, 4.751095022675926, 1.6116496151443127, 1.5691362706079057, 3.1420019118956835, 4.735466401075613, 3.133011141662226, 1.5710730618669493, 4.713495494688584, 4.713192339179821, -0.016161752052755152, 0.00015254280623194978, -0.003500416437350414, -0.0016391121126465376, 3.137465714619928, 1.571449425552959, 3.139152930358822, -0.00013564138466291446, 3.146134610523348, -0.001306487817494533, -0.0002474859532642722, 3.1406880099398657, -0.0025560403075589933, 1.5382818818957402, -0.006074094853603558, 4.730610419365376, 1.593639270939054, 4.71300572777352, 1.5706794091299567, 1.5712709168884658, 3.1368593164884127, -0.003900479235668679, 4.712669643005692, 3.141763678272416, -0.00033850081233661837, 4.7128169948778496]",0.0
211,1.5705020877690177,"[1.5780513408323527, 4.721633405102348, 1.5494248066804586, 4.730792747887419, 3.1420046202908107, 4.750499104105654, 1.6115711410932245, 1.5688336678763226, 3.1389501227801295, 4.735409235765329, 3.13298876082321, 1.5714219396521953, 4.712601322742807, 4.714551239768168, -0.015468456457070139, 0.0009978262089263995, 0.00038266921976417206, -0.003363704881123146, 3.1391424520956828, 1.5711942215891814, 3.137903895079752, -0.0004917888829705257, 3.142780884215228, -0.0022170996995834642, -0.0007256898586502525, 3.139830101261975, -0.0026745007352318843, 1.538243170865222, -0.005892525224285119, 4.729933702056133, 1.5928335843187886, 4.712830555462301, 1.570754722746218, 1.5712264137362153, 3.1370268090363163, -0.005221716685627071, 4.712666983674089, 3.1422848125994487, -0.0007763153054695748, 4.712590535277588]",0.0
212,1.567649877441364,"[1.5751651203532788, 4.7210943171916275, 1.5485217042222288, 4.73056850144776, 3.1419369569704263, 4.749875303503398, 1.6109936936969225, 1.5651687942749752, 3.1389953535686783, 4.732167811641652, 3.1340799475325904, 1.5707093623982566, 4.713901392883484, 4.714443398709641, -0.013059048604472632, 0.0013952457394331064, 0.0010692075862317415, -0.0035505404385652345, 3.1392019654518024, 1.572358319757796, 3.139255831634003, -0.001716571716572972, 3.145551237306344, -0.0006326472535686527, -0.00013844312550874308, 3.141544270096741, -0.0022608656553225266, 1.5386817560216255, -0.007309995561782758, 4.73092991293364, 1.5946376830688382, 4.713534252075168, 1.5695259606401322, 1.571766525854124, 3.1355492793497186, -0.009689292344846723, 4.712854201325217, 3.141660499842507, -0.0012794226536762235, 4.712742486863823]",0.0
213,1.5588326130757855,"[1.575012755147803, 4.72110202917969, 1.5488664106534262, 4.730932424059645, 3.1416964219729406, 4.750166402989668, 1.6113926838326935, 1.5667524481120365, 3.139128352724171, 4.733419481299354, 3.1336326786701334, 1.5712289395471641, 4.71339006973556, 4.714538281180371, -0.014072840314767113, 0.001392946763359011, 0.0007553472586359856, -0.003444902077068319, 3.139119078523251, 1.5718481464391458, 3.1387666555115, -0.0011686244780912626, 3.144329733062028, -0.0011703076456436544, -0.0005002385515042334, 3.1406619141541694, -0.002364704480616968, 1.5385226283936075, -0.006693891147556716, 4.730790272690164, 1.594064439871439, 4.713317126379213, 1.570074217333442, 1.5715789895421124, 3.1364150087399523, -0.007918332266781845, 4.712780574814149, 3.142052082239083, -0.001139649176082709, 4.712677945431061]",0.0
214,1.5693022378911181,"[1.574829378062969, 4.721210983201321, 1.5493041831502439, 4.731335095596077, 3.1415562130739803, 4.750407697035411, 1.6117721186517686, 1.5683566393199486, 3.139134284355974, 4.734711719817077, 3.1330387529479498, 1.5718290411229514, 4.71302018813282, 4.714531057733914, -0.015129005736834145, 0.00030819967488632813, 0.00128344248339922, -0.002625423748942768, 3.138290598798497, 1.5715671581141455, 3.1383993821371803, -0.0006784882154868392, 3.1430927236356188, -0.002003212510727285, -0.0009233348686196277, 3.1395572729306127, -0.0021310001406067143, 1.5382260718791023, -0.006286897028055632, 4.7305616088666556, 1.5938901003805146, 4.713245134334569, 1.5707570425590003, 1.5716180660797159, 3.137357393682442, -0.006127627033527501, 4.712706648553323, 3.1426510164109933, -0.001088576602049366, 4.712844364577481]",0.0
215,1.5613254534294652,"[1.5741900973035372, 4.720961283796754, 1.549075585522335, 4.730791458822849, 3.1416415119892975, 4.750496133029015, 1.612119303679253, 1.568398443501063, 3.1388476107697634, 4.734923541165635, 3.133177065289203, 1.5711140825031396, 4.713189379079555, 4.7147124285390225, -0.015188723183322332, 0.002080124569608346, 0.00021340758185130576, -0.0037955084790338043, 3.140363532956167, 1.5713254664496954, 3.138688518123639, -0.0012196669988222618, 3.143234113420096, -0.0012623246016471939, -0.0003536525582993994, 3.137717748547869, -0.0011812273594403776, 1.5381795596082053, -0.005715892480307494, 4.7291505258126305, 1.5943966100065188, 4.712778127072712, 1.570632128340939, 1.5711912931932144, 3.136780674011443, -0.005965957843038773, 4.712774888884493, 3.142240071919174, -0.0003482014339469924, 4.712891861791454]",0.0
216,1.567500269084848,"[1.5749362070749044, 4.720941251234151, 1.5490906306537617, 4.7318563076700935, 3.1413530172769404, 4.750493111508996, 1.6119036862975533, 1.5679663867391416, 3.139780326659454, 4.734804316341147, 3.1334263262640114, 1.5714160227962297, 4.712658680991009, 4.7150441252256545, -0.014560590558955885, 0.001091713364319792, 0.00035142412013946004, -0.0030339978585593175, 3.1388980789092593, 1.5709804840795076, 3.138278602317381, -0.00025744758901978873, 3.1432795378946214, -0.0021961928031874935, -0.0008002787799047739, 3.139450862733146, -0.002404300071019957, 1.538724228425353, -0.0055898617954983024, 4.730280460113713, 1.593457137106653, 4.712855118896818, 1.5703901892607512, 1.571038578072914, 3.137490918349393, -0.006387288455356384, 4.712193452915747, 3.1421488292321187, -0.00103909363508485, 4.7120750424343525]",0.0
217,1.5666772070466253,"[1.5742922505942978, 4.720267567173379, 1.5491528260378644, 4.7316452708294845, 3.141385230495938, 4.75032329336346, 1.6116326847591729, 1.5683246429863045, 3.1393606454338707, 4.734604536384559, 3.1334321169949977, 1.5716141741165996, 4.712917946231794, 4.714841113304603, -0.015033420888385636, 0.0014464774221895809, 0.0003281685376487577, -0.0031945172384883432, 3.1394811389540433, 1.5714547517684998, 3.1383426890551647, -0.0007769053237103116, 3.1429723737713084, -0.001510192594855686, -0.000751731257422173, 3.140212055710235, -0.002416661848406696, 1.5386556988043565, -0.007439572929331045, 4.728945620143799, 1.5913261381584984, 4.713247660880297, 1.5706183393246667, 1.5714787993480381, 3.137677199732894, -0.005966333628313487, 4.712829279422904, 3.1424812186778666, -0.002261896224946265, 4.714032148953925]",0.0
218,1.5717021581652366,"[1.5748741328617197, 4.7211790476850215, 1.549281861956841, 4.7313660782391205, 3.1414567060053673, 4.750116962883543, 1.6114121770635057, 1.5683935935822961, 3.139223558984132, 4.734544622978267, 3.1326848523271678, 1.5718179124996592, 4.712947284794015, 4.714600551487963, -0.015059468602728414, 0.0014407543752889239, 0.0003391594296643113, -0.003408523284464486, 3.139101801024175, 1.5714687708702473, 3.1382226448138377, -0.0007690160479620536, 3.1431038759124137, -0.0013648717642836684, -0.00085652545101004, 3.1398123435661875, -0.0024505411649035675, 1.5385299813127142, -0.006185636375117408, 4.730688310922014, 1.5936078916618601, 4.7129270316988645, 1.5711866885878765, 1.5715263447494812, 3.1372108701954042, -0.006062256475567499, 4.711092705275703, 3.142569757408915, -0.001103997322679598, 4.712704982491269]",0.0
219,1.5622125483689633,"[1.5746917639913391, 4.72105121992455, 1.5494487080776422, 4.731033992623932, 3.1415427269083573, 4.751693109234376, 1.6133589116439002, 1.5680011314540134, 3.13906780014183, 4.73508546963624, 3.1355822460805296, 1.5716703408458914, 4.712985808786869, 4.714447140322085, -0.015473904798436251, 0.0016533817108037908, 0.0004726527923785452, -0.0034924088325735125, 3.139337303669387, 1.5715889481519292, 3.1379951912228066, -0.0008826635655931629, 3.1429588467762084, -0.002395819398445197, -0.0007771699782323185, 3.140210056529222, -0.002640885342674469, 1.5369763826716627, -0.006491195818155969, 4.731087469268292, 1.5935237860740044, 4.7130675568848455, 1.5710818076542323, 1.5715804192466734, 3.1370664741576078, -0.006174458781817738, 4.711661746953929, 3.1426733133074385, -0.0010335566003176274, 4.712659426358155]",0.0
220,1.5659186045056666,"[1.574998558994008, 4.721064368458815, 1.5492795328243438, 4.731326756491543, 3.141181461185392, 4.750910439822139, 1.612229226632784, 1.5683516987707022, 3.1394311865266626, 4.734648703893206, 3.1331650421764414, 1.5718411634327378, 4.712912093574483, 4.714513633406639, -0.015168013488028584, 0.0015244247822870807, 0.0005327364923183201, -0.0032694551920233956, 3.139027157610375, 1.5711364263940695, 3.1385403186981966, -0.0006421925235711295, 3.143030553783048, -0.0018113569249358667, -0.0008509881285897606, 3.1395896535913947, -0.0026840701893275963, 1.5394183911641266, -0.006105423641076348, 4.730718359030722, 1.5935482886218582, 4.7127478066368935, 1.5703831753345026, 1.5724821896954733, 3.1366195397994496, -0.006024625125605598, 4.712694002147597, 3.1426294356055697, -0.0011255182235713722, 4.71275333703456]",0.0
221,1.5618505100654108,"[1.5744836704152125, 4.721032145200295, 1.5490917468700693, 4.73112031342546, 3.141941792137349, 4.749769975456213, 1.6111008987798452, 1.568374615586561, 3.1395355082087018, 4.734644365939072, 3.1332035712808413, 1.5714397202341193, 4.712855826173478, 4.714827240358769, -0.014921162003614081, 0.001600078815654751, 0.0006400102678701568, -0.0035321444694848374, 3.1392008469244126, 1.5716661190530676, 3.137782607758047, -0.0006479987973834957, 3.143304006289839, -0.001589845733017654, -0.0008392371596090524, 3.1394287438960395, -0.0035260459946692396, 1.5367909734098864, -0.005784806825801558, 4.730597869724748, 1.5931854588342245, 4.711913464844996, 1.5698737895807258, 1.5736277314331508, 3.1385045581918036, -0.0061596378115984195, 4.713090098833628, 3.1420253872692276, -0.0005260514288288329, 4.7121920955970475]",0.0
222,1.5664311714700254,"[1.5747038561289912, 4.721059737388864, 1.5488688134619184, 4.731212207583024, 3.1416201271491047, 4.7501676928146725, 1.612177745285631, 1.5684756576033982, 3.140338572896762, 4.734721892362862, 3.1329131416082205, 1.571562444677209, 4.712968876653373, 4.714489877919753, -0.01513008086567917, 0.0019316407638697952, 0.00145595209742345, -0.0034704393033404687, 3.1390209877208175, 1.5712452999933506, 3.137949454250517, -0.0004934441345406645, 3.143051466370623, -0.001842748450310038, -0.0007184323710641538, 3.140021817460989, -0.002377756789812654, 1.5382852339345057, -0.005982651488422017, 4.730602894276522, 1.5934010094919888, 4.7133011607536766, 1.5709167215520161, 1.571277075149594, 3.1370502545339694, -0.0056540793298770825, 4.712709064470392, 3.142354308700931, -0.0008246060635202087, 4.712628253619657]",0.0
223,1.5630125554711056,"[1.5751853933918725, 4.721313730084242, 1.5490129972030537, 4.730699335687064, 3.141591877424353, 4.7503415339031525, 1.6112699543587912, 1.5674092120627248, 3.1385531047392727, 4.733716942365332, 3.1335171513435056, 1.5716661884110834, 4.713103200207989, 4.714470077756172, -0.014618227243209974, 0.0019193685057193415, -0.0001921781085380944, -0.003978856536003173, 3.139365707763151, 1.5716581622294028, 3.1385996413044035, -0.0009454376697881064, 3.1439095518194606, -0.000993843084679045, -0.0007641463933982026, 3.1409140087114866, -0.0025810553924266524, 1.5381549429200596, -0.006364114694827089, 4.731428958851997, 1.5938478838505885, 4.7137626155563765, 1.5699393512783972, 1.5705441656737298, 3.1367865443343055, -0.007561714036571799, 4.714396711449036, 3.1420955400342163, -0.0008442044709645169, 4.712445983144591]",0.0
224,1.5594004571011328,"[1.5750228916671, 4.721211735625997, 1.5491120571438388, 4.730997841179298, 3.141523882199904, 4.750399518189545, 1.6115308141636278, 1.5678726570059114, 3.1389072283094683, 4.734194046661194, 3.133351280575591, 1.5717073525535776, 4.712990973397813, 4.714551620703635, -0.014852429634135784, 0.0016550081465021285, 0.00012465441125106768, -0.003659060125787288, 3.1392009496789255, 1.5714980676749495, 3.1384385603467, -0.0007830574546988298, 3.143508890318586, -0.0013509055611988505, -0.0008130901854489633, 3.140346783461542, -0.0025247993491690312, 1.5382592218428246, -0.006220950714078882, 4.731039795649342, 1.5936695402623142, 4.713431308119818, 1.5702809126525745, 1.5709678094519153, 3.1370336412322453, -0.006854543112644383, 4.713551829876058, 3.1422696023349377, -0.0009220400847268556, 4.712529693571446]",0.0
225,1.570519182165663,"[1.5748479270027949, 4.720995178428822, 1.5490985393410477, 4.731271643714314, 3.1413651644961584, 4.750456991306246, 1.611786870910671, 1.568316807661236, 3.1392924636859725, 4.734682475332189, 3.13345091631953, 1.571698542886705, 4.712771736947591, 4.714661606317761, -0.01508718145553492, 0.0012377070630425954, 0.0005605630519220305, -0.0032420308367516124, 3.138879147973338, 1.5712756858372738, 3.1380633911441493, -0.0006295372565110295, 3.1430948076865985, -0.0010436706400566704, -0.0007693909335436132, 3.139740875794395, -0.00253655192724052, 1.5383806416347876, -0.0061953446694595765, 4.73040077508984, 1.593175053591508, 4.713015771156947, 1.5705725289364665, 1.5713332174357837, 3.1371246479785557, -0.00618999472270541, 4.71270801229919, 3.142374754203835, -0.0011359236146362775, 4.712738197052416]",0.0
226,1.5671543193313087,"[1.5745746666795504, 4.72081417564217, 1.5493450219087044, 4.731507044186095, 3.1415535600241884, 4.750404271299183, 1.6116821034497626, 1.5683222696995183, 3.1391784484428054, 4.734608494657193, 3.1330181913563306, 1.5717438932331633, 4.713040776926266, 4.714723613882996, -0.015041351140949353, 0.0015978087767703584, 0.00013523966588347406, -0.0033990852281679577, 3.1395023300781912, 1.5715023383340627, 3.1386316683976525, -0.0006934523414356745, 3.1430784792662987, -0.0025349107376711755, -0.0009407037756002692, 3.140087241993134, -0.002339600355542298, 1.5384200998505206, -0.006657974661140726, 4.730080393698773, 1.5927503708582025, 4.71333953052788, 1.5706198140884116, 1.5714264749897437, 3.137769522735253, -0.006066236266213488, 4.712959133903886, 3.1425364376504366, -0.0014901662472747452, 4.713192626210263]",0.0
227,1.5613612077922125,"[1.5749416967733636, 4.72115210743665, 1.5494542839298353, 4.731258099191965, 3.1410846464842272, 4.750467453029768, 1.611825121097309, 1.568237217326256, 3.1393567387737176, 4.734599694287312, 3.133213306810679, 1.5717579050730968, 4.7127194950172555, 4.714585324625423, -0.01499007959863434, 0.0014628743303956434, 0.000399065882367469, -0.003269659061626418, 3.139008120302543, 1.5713350726461064, 3.1380123942362825, -0.0006183721910982519, 3.14314264622967, -0.0017223093037048046, -0.0008710422414860685, 3.139843603665909, -0.002478149912033663, 1.5384441071972172, -0.0060516664551768335, 4.730539085005764, 1.593615981115559, 4.713224256785972, 1.5705598173479496, 1.571416161083514, 3.137535231150965, -0.006214852477319332, 4.712665299681316, 3.1424616239969367, -0.0005098083170288174, 4.713091426710274]",0.0
228,1.5617910941361444,"[1.5747728024070986, 4.721052576529091, 1.5497926590257867, 4.730692778695842, 3.1405638474332105, 4.750481913551591, 1.6120685910035273, 1.5683182597990657, 3.1389608308073065, 4.734721023660784, 3.1328574747326243, 1.5713647252719884, 4.712799736731676, 4.714686737967211, -0.015258518265922194, 0.0013756030926492097, 0.0007839274024477659, -0.002968509981207811, 3.139549811916695, 1.5712706007398474, 3.138736115215339, -0.00046674854934102537, 3.1431759323920168, -0.001538412877838524, -0.0006726847966312713, 3.139866065628532, -0.002601994972359405, 1.5383035665333655, -0.005945154715501074, 4.731019886606239, 1.593369071216018, 4.713012751817295, 1.5708137298615121, 1.571212637534813, 3.1377481076518463, -0.005873219386185915, 4.712822394732093, 3.14232201367508, -0.0012632818566271392, 4.712021699255062]",0.0
229,1.5661759534571498,"[1.5748537199031187, 4.721038949968912, 1.5492905004043966, 4.731406660661923, 3.1413932356153245, 4.750517093884176, 1.6118507462105867, 1.5683543596900427, 3.1392808782840946, 4.734666402207514, 3.133186403985875, 1.5717628073523913, 4.712996753613786, 4.714691209345253, -0.01509551164861822, 0.0013931487213872374, 0.0004710966457541369, -0.003312157233223914, 3.139047488697121, 1.572174549679487, 3.1382420564744313, -0.000620619205108459, 3.143107406366031, -0.001677758859776212, -0.0010448266586248714, 3.1397669487480697, -0.0025226840183121854, 1.5384946974087492, -0.0058762578587339765, 4.730590830184929, 1.5933230706418053, 4.713022875689089, 1.5705900305845342, 1.5712822669272124, 3.137165969274431, -0.0060988608176038555, 4.712726642075253, 3.1424371163063753, -0.0008495195384018569, 4.712497499790392]",0.0
230,1.5544671994908383,"[1.5746902148727768, 4.721048920976959, 1.5499114502615432, 4.7320325822852425, 3.1415255452546456, 4.750393282981491, 1.6116868919812046, 1.5684330759738359, 3.139018896408623, 4.734752696165688, 3.1331495128115923, 1.572061800129093, 4.713833345389893, 4.714657129226554, -0.01516049786186647, 0.0012771808026798277, 0.00037503768104605836, -0.0034050247707551155, 3.1391493878316497, 1.5706308780627876, 3.1381473790857695, -0.0006605342670052354, 3.1430575430072, -0.0016333446766293577, -0.0006497654358271569, 3.139992123573408, -0.002471693674583151, 1.5381010525684595, -0.005657282034053592, 4.730701691803603, 1.593275547341316, 4.713142746473717, 1.5706444013306284, 1.5713506502055228, 3.1369909198706307, -0.005998540814885066, 4.712924745560423, 3.1429091107868334, -0.0005167752058044321, 4.712323059678806]",0.0
231,1.5618153491573061,"[1.5748599227436604, 4.721082970613344, 1.5490929798441249, 4.731209065205255, 3.141498490668954, 4.750464534401778, 1.6117947621717286, 1.5683405053522237, 3.1392868490271293, 4.73467559039795, 3.133209925279264, 1.5718310305242678, 4.712709348918823, 4.714772781550398, -0.015031627301659566, 0.0013985554454513252, 0.0004482503205199552, -0.0033153840584390164, 3.139054988292437, 1.5713411723556827, 3.1383351627075693, -0.0006057703116328051, 3.143184592240899, -0.0016663090179588613, -0.000858091254231158, 3.1397937864240224, -0.0024440986592695335, 1.5384673158020088, -0.0065710995714753145, 4.730516314260594, 1.5934441860554998, 4.713122870388894, 1.5706321616279595, 1.571396104964069, 3.137361636767152, -0.006102169362823552, 4.712709346833851, 3.142911160267161, -0.0005924173558042034, 4.7121786295784895]",0.0
232,1.5651797942785721,"[1.574828140211825, 4.7211621852504555, 1.548874156628261, 4.730963225502566, 3.1416912010129523, 4.750506295466039, 1.6117826239418023, 1.5683642619012117, 3.139246329419189, 4.734743717181292, 3.1332233398181915, 1.5719424777680961, 4.712444769442216, 4.714941077814404, -0.014926665470518411, 0.00143054242940324, 0.0003688977496051948, -0.0033571198839365862, 3.1391318718585737, 1.5712751107827148, 3.138460491192317, -0.000601522844318076, 3.1433496444603293, -0.0016460678444627887, -0.0008496717823347802, 3.1398557603155233, -0.002384821978039769, 1.5382153550100144, -0.0049843721978472064, 4.7308531810535435, 1.5934604824596748, 4.713181539319079, 1.5705794866988025, 1.5713856710834393, 3.137448033406262, -0.006036945895428129, 4.712782816514252, 3.1436386648590218, -0.001381983019907569, 4.713009988947497]",0.0
233,1.5532672487554435,"[1.5749001158498241, 4.721149779358962, 1.5492369826640475, 4.731555118282753, 3.141488224142424, 4.750419034553748, 1.6116704760160614, 1.5683852607058, 3.1391548255803228, 4.734765822761556, 3.1333062261952396, 1.5717992966922525, 4.712857828592533, 4.714290888306711, -0.015252720677313938, 0.0016070081627918985, 0.0006811496647102847, -0.0032673576773649205, 3.1391137523712125, 1.5713412417229773, 3.138244338635506, -0.0005371175016031494, 3.143582527748949, -0.001742130891906089, -0.0008766744744278262, 3.139631009055678, -0.002671266351714776, 1.538455442210307, -0.006209173699368955, 4.730694409993078, 1.593611936805217, 4.712823243374106, 1.5704732371391108, 1.5711314361873958, 3.137393435503008, -0.0060909610654179824, 4.712700078380125, 3.1425841277945565, -0.0011138998384694332, 4.712714350736531]",0.0
234,1.5588820611058913,"[1.5748550840337487, 4.721301581434041, 1.549497420127686, 4.7312969185420615, 3.14174205770314, 4.750538972260809, 1.6118675947812975, 1.5684040265930854, 3.1396180376780154, 4.734684311661269, 3.133078460145372, 1.5719597984836515, 4.713200629901197, 4.714513713571329, -0.015075043351836702, 0.0015054397842916521, 0.0004593788665772984, -0.0034944114230437426, 3.1390239287807726, 1.5712501554555507, 3.138321740227922, -0.0007251825525342862, 3.1427208588178654, -0.001739493672046648, -0.0008520443664264205, 3.1393484237917733, -0.0031790790710723416, 1.5383816115305864, -0.006566555576928457, 4.731023841417897, 1.5940635617494188, 4.712156328166245, 1.5700292863058594, 1.5704340553163794, 3.137633746298587, -0.005984078842266139, 4.712806783379594, 3.1427667437451987, -0.0013122368940824609, 4.712964985141478]",0.0
235,1.5641423128221328,"[1.574940492456104, 4.721113936859465, 1.5492421423313814, 4.731562494186723, 3.141277594790296, 4.750383712280165, 1.6115946223476056, 1.5689191594188077, 3.1391495872711697, 4.7344565996301045, 3.133456403455012, 1.5718171841423227, 4.712793886330548, 4.714087788532804, -0.014716947309129544, 0.0016657503178193775, 0.000669354051803794, -0.0031755067094782967, 3.1390891738472786, 1.5713308824318892, 3.138408951497537, -0.000537411307838945, 3.1435618132547654, -0.001828301222622212, -0.0009052003230644468, 3.139567653643596, -0.0026644517861086807, 1.5382460288026396, -0.006230083312177428, 4.7306980526827145, 1.5935739515297977, 4.7128129852791085, 1.5703987960011319, 1.571096846710787, 3.1371861206116627, -0.005972933420681232, 4.712668454091368, 3.1425901838451495, -0.0011155650698806423, 4.712698546717836]",0.0
236,1.5645814111020413,"[1.5747085361048236, 4.721246105782757, 1.5490932808417452, 4.731434320287772, 3.1421127786164305, 4.750684873807291, 1.6120227376521736, 1.5691211666466067, 3.1387039799411167, 4.7338195533004885, 3.133455466556731, 1.571628271477182, 4.712969046497053, 4.714410155419496, -0.01561940194916466, 0.0013753104124991943, 0.0007482797288388723, -0.0034744974911865545, 3.1391581241812285, 1.5711460947819542, 3.137879655826187, -0.000374925116324207, 3.1436754130639892, -0.001788423510377764, -0.0007903020469419637, 3.139790967252324, -0.0026821671428811753, 1.5390454771069817, -0.0059636950420282105, 4.730695278845426, 1.5936732571759227, 4.712750406247722, 1.5706272301946516, 1.5710571373524385, 3.138015743401408, -0.006095445285039746, 4.712696253851119, 3.1422922968726064, -0.0009538047865677086, 4.712632827957646]",0.0
237,1.5635755601313772,"[1.57477129902373, 4.7214515605577265, 1.5495539220993075, 4.7312238588557225, 3.141603657970225, 4.750457054621827, 1.6118460843787221, 1.5683999641146107, 3.139349474049579, 4.734758295679991, 3.1331946879831643, 1.5718990070580678, 4.7129593630235505, 4.714167727257842, -0.015247761416287264, 0.0016387947539128127, 0.0004220660144025424, -0.003305478241506755, 3.1387704761163793, 1.5713284367385028, 3.1382497525999726, -0.0004630747380023573, 3.1439889383257444, -0.001750961314583733, -0.0009013899050804827, 3.139477370437186, -0.002767222612303871, 1.5384033000619657, -0.0062001830263754, 4.730495933343394, 1.5934349064414857, 4.712954568317811, 1.5704673168560868, 1.5711252641901792, 3.1373490575003866, -0.006096929845025677, 4.712654508439972, 3.142558769502679, -0.0012042019846339326, 4.7126212576391255]",0.0
238,1.5541713366416188,"[1.574652394905404, 4.720632574725293, 1.548963069562214, 4.7315475111141465, 3.1416774379130166, 4.75055202633406, 1.6113267050227529, 1.5685797177128455, 3.1395705781245002, 4.735201377893268, 3.13335639277688, 1.5715664820520305, 4.712801795647777, 4.7139820722592045, -0.01574291028351409, 0.0013200248484882247, -0.0002499676582657309, -0.0028359336538124357, 3.1391066373476426, 1.5712768975808125, 3.138477348312458, -0.0004635591855176081, 3.143813062525265, -0.0017085286813983086, -0.0007600581774463985, 3.1400123218317515, -0.002518146202939367, 1.5384192204758165, -0.0062104779703154355, 4.731130129205947, 1.5940427572488363, 4.712729030533295, 1.5705412271381776, 1.5711182990626402, 3.1373400814125847, -0.005473011429356792, 4.712885822602522, 3.1422615315371365, -0.0008269281195250166, 4.712819420889272]",0.0
239,1.560146646861288,"[1.575000961151349, 4.7212441219108605, 1.5492017069280803, 4.731731999265564, 3.14150121651531, 4.7505096809279985, 1.6117917608835843, 1.5684012001867114, 3.1391842010286117, 4.734705838917262, 3.1331747521744746, 1.5713894192946276, 4.713026856337441, 4.714173916791983, -0.015240479467301086, 0.0016726449180376286, 0.0005353110397706139, -0.0032272258452999887, 3.1391407928324804, 1.5714330880216465, 3.1381919194428938, 9.003662478925195e-05, 3.1434670297206986, -0.0015699033964388382, -0.0009001284933239027, 3.139558779809315, -0.0025573051084834576, 1.5383146832030061, -0.006334503697279097, 4.730738020795892, 1.593684661928105, 4.712907927126622, 1.5704738219017937, 1.5712388085393119, 3.1374276272946195, -0.006228281203930463, 4.712719639803015, 3.142825561228939, -0.0012055652623370128, 4.712776643124272]",0.0
240,1.5597869460486498,"[1.5746412021030725, 4.721131191179585, 1.549387413851178, 4.731238214562457, 3.1415848543514007, 4.750144734327502, 1.6112891972698093, 1.5682114673785121, 3.138816545525135, 4.735081708895826, 3.1336219204461297, 1.5727609543904173, 4.712624720035273, 4.714384829218331, -0.015294522881811892, 0.0016313184742299668, 0.0008375918651299026, -0.0036506117170191487, 3.139294058891529, 1.5712852098862424, 3.1382350332557047, 0.0006180448575646314, 3.1432417286905023, -0.0019540059441484144, -0.0008601253252126294, 3.1395335523617054, -0.002504017185224757, 1.538553549926231, -0.00620525702765828, 4.730827070200055, 1.5938248936797677, 4.712852159777725, 1.5704646697925024, 1.5711559686845742, 3.1372173318550334, -0.005918869412995015, 4.712746858396954, 3.1421570081026484, -0.0010971983049087287, 4.7127200298055945]",0.0
241,1.5640121275083663,"[1.5747545091843282, 4.721729568485552, 1.5491273483693577, 4.731632579977835, 3.1414226754686854, 4.750346017662296, 1.6115745715016474, 1.568499734013851, 3.13919361842649, 4.73483713267005, 3.1333790952041936, 1.5718021848338253, 4.712830941292206, 4.714369938363072, -0.015314675501076595, 0.0015802095879156191, 0.000609920192668959, -0.0030373757217575315, 3.139285872219691, 1.5714918861523728, 3.138121737551898, -0.000591108389806571, 3.143495910484662, -0.0018368503870696815, -0.00031393518729081957, 3.1396661890095325, -0.002672313088062338, 1.5385270009710172, -0.006244864509723558, 4.730760872113911, 1.5935422069770728, 4.7129129274742745, 1.5703024392648308, 1.5711440985163454, 3.13731966909248, -0.0061049976493743234, 4.712677954116833, 3.1425808677969753, -0.0011452379953204594, 4.712702434755875]",0.0
242,1.563943342524492,"[1.5745404616314622, 4.721569196097347, 1.5492869599718015, 4.731739061944417, 3.1415918202087147, 4.750562637818863, 1.6115545696602558, 1.5684928139775238, 3.1388348816460097, 4.735136882070683, 3.133173676221667, 1.5712672941865125, 4.712515673952234, 4.714380415030611, -0.015505956325848003, 0.001564409763625272, 0.0009031007688177628, -0.003601686257956096, 3.1391547594159577, 1.5710323662870125, 3.1383892034326273, -0.0007334448754174631, 3.1434121647966107, -0.0017065914849127312, -0.0018271681298052686, 3.139784482855008, -0.0027147208923690887, 1.5383786614375445, -0.0061949924669239265, 4.730806134611894, 1.5936291981844277, 4.713339732052212, 1.56953991243225, 1.5710714280014624, 3.137231960076995, -0.005789038024570436, 4.712405596331545, 3.1424214155714356, -0.0009905950839562872, 4.712666512754697]",0.0
243,1.561153835126779,"[1.5749903792773752, 4.721116037663445, 1.549320241860601, 4.731678368466026, 3.1413530818300095, 4.750332197587764, 1.6115283000918008, 1.5683447851996892, 3.139329961153351, 4.7342991165579855, 3.1334076602618115, 1.5717882927475115, 4.712702269223918, 4.714557267223847, -0.015789390836694013, 0.0016655802220106983, 0.0006820695692575772, -0.003294755402167158, 3.1389917215474843, 1.5713330519607356, 3.1385331127983394, -0.0004658043152972638, 3.143569190452499, -0.0018193516710824863, -0.0008208611610812585, 3.1394686761080077, -0.00276417316511967, 1.5382592111759101, -0.0061983511828113, 4.730656776309898, 1.5935986471243575, 4.7128798865534085, 1.5704481142869358, 1.5710921510758464, 3.137225235324905, -0.006085083049415516, 4.712668554018801, 3.142625153066737, -0.0010727696675398436, 4.712763241429825]",0.0
244,1.5576284530978282,"[1.574767177443481, 4.721112508467418, 1.5497226433139077, 4.7320969363721845, 3.1415535602018845, 4.7505135608259765, 1.611698718848779, 1.5684422980261554, 3.13893718997137, 4.7350946438467885, 3.133209613119428, 1.571374111564865, 4.712137273533603, 4.714226106381741, -0.015035861733365158, 0.001620950470805842, 0.0007220220072773662, -0.00425867078564777, 3.1384737582171023, 1.5715141813134372, 3.138464377064851, -0.0006874751280360179, 3.1435505778599873, -0.0017397458448643486, -0.0001969257365963498, 3.139734117052077, -0.0025658409756962237, 1.5385000452893356, -0.006244079331929099, 4.730817088978425, 1.5937557524088253, 4.712637151473107, 1.5708919248839148, 1.5711852320991009, 3.1374813116845157, -0.005977626245001316, 4.712977931037185, 3.142574154766081, -0.0011689600376389058, 4.712696144181462]",0.0
245,1.5664461172805824,"[1.5748880311887878, 4.7211676691836955, 1.549260954847879, 4.731478122930547, 3.141557225057978, 4.750713596957634, 1.6120301957547363, 1.568278996386783, 3.139086467710317, 4.734844636866728, 3.133861818449818, 1.571769407545811, 4.712905166917665, 4.714247767870989, -0.015328987647582826, 0.0016419925875745653, 0.0006471163230283681, -0.0033280203359846226, 3.1391749149994634, 1.571366080301793, 3.138205608872196, -0.000625291295700978, 3.1435165455867105, -0.0019609450732904024, -0.0008571752790897841, 3.139736828943389, -0.0026845148629602513, 1.5380669797879742, -0.006300666769258784, 4.73084133510124, 1.5936748362109454, 4.712843635116082, 1.5706167115425174, 1.5711964550510462, 3.137324569680149, -0.006145025547524635, 4.712421567847882, 3.1425567995273735, -0.0011788796859635744, 4.7127009551613925]",0.0
246,1.5673469559849873,"[1.5751895922026493, 4.720491138617735, 1.5491869013197004, 4.731860289384455, 3.1413048539946162, 4.750101964375575, 1.6114089491094103, 1.5678903230579107, 3.138959500133897, 4.735225954835306, 3.132870141091103, 1.5720674431789905, 4.713048381857216, 4.714096906649007, -0.01531904468281634, 0.0019347048217559116, 0.0011017441490006484, -0.003090343443712236, 3.139410292795762, 1.5711663653948178, 3.13803743637983, -0.000925716154541752, 3.144043165334813, -0.001641751199142401, -0.0011324548801095115, 3.1396218995463205, -0.002750842594630922, 1.5389489356077652, -0.0061352067434982584, 4.730712616885566, 1.5938337660143498, 4.712449176397164, 1.5705583678840176, 1.5709671315498963, 3.137823388990723, -0.006310095959419173, 4.713192025423889, 3.1429605159042544, -0.0007260204213931649, 4.7126711007872055]",0.0
247,1.5679221658926812,"[1.5750448540262367, 4.7208204589883485, 1.549211941991874, 4.731707703833604, 3.14139653906852, 4.750260499464662, 1.611539712562736, 1.5681377918818553, 3.13905716285711, 4.734995888798431, 3.133088183643171, 1.5719333699356215, 4.712953105224875, 4.714193897477859, -0.01528588268006514, 0.0017708564922739051, 0.0008914469068554665, -0.0031788505605385782, 3.1392620225834875, 1.5712538035588974, 3.138140887507668, -0.0007314168280724507, 3.1438128465418806, -0.0016919410455242452, -0.001004564677268669, 3.1396264543009993, -0.002711054473172849, 1.5387021889090362, -0.006172190221433607, 4.730703513439322, 1.5937228514097834, 4.712636209885635, 1.5705158025115642, 1.571049283868646, 3.1376084122468657, -0.0062005285124185775, 4.712946051902008, 3.1427723218494052, -0.0009199601299312991, 4.712692725761868]",0.0
248,1.5654075731907677,"[1.5749059285042826, 4.721207215030052, 1.5492749318727792, 4.7315287701921935, 3.1414395674974167, 4.750424728272164, 1.6116929613648803, 1.5683504259858652, 3.139171916552069, 4.734711680104297, 3.1333013575095987, 1.5718250549031327, 4.712859072429222, 4.714278682793559, -0.015296122490158371, 0.0016327413521297334, 0.0007078632244067426, -0.003278850290461466, 3.139065065180023, 1.5713488418845434, 3.138249500996296, -0.0005251919051480712, 3.143618484232605, -0.001729934540470724, -0.0008947694464316121, 3.1398125667569765, -0.002373097702400891, 1.538423752917467, -0.006214590536818983, 4.730651302284574, 1.5935692749402888, 4.712568664453303, 1.570321638259969, 1.5711256534759557, 3.1373983030957335, -0.00607013540636076, 4.712662566300931, 3.142610078565521, -0.0011086440504888546, 4.712707843137773]",0.0
249,1.5629936440495877,"[1.5747229436003518, 4.721324422971606, 1.5492441516722926, 4.731663064248105, 3.1415533486685203, 4.7504672279996685, 1.6115832269966244, 1.5684482227353425, 3.1389835089909846, 4.734990869203161, 3.133195640024991, 1.5715334731903767, 4.712693005229723, 4.714328330727867, -0.015340497024237898, 0.0015796877374130165, 0.000792998754662437, -0.0034228116510730323, 3.1391565512614896, 1.5711808247515002, 3.1383024614018695, -0.0006443027771492853, 3.1434996746912205, -0.0017105991076967711, -0.0013493519452672056, 3.139644200942178, -0.002792674769821225, 1.5384691635416394, -0.006193660927327107, 4.730757772920861, 1.5936367690808018, 4.713155610511596, 1.570057065337145, 1.5710978021826572, 3.137331018579818, -0.0059496313082608035, 4.712595616421319, 3.142502498293712, -0.0010440676199415257, 4.712690958349013]",0.0
250,1.5636153501515475,"[1.5749757679961993, 4.721106874104834, 1.549471201784228, 4.731527523486599, 3.141718194637813, 4.750349312631669, 1.6116870985143745, 1.5683314320404482, 3.139150894834242, 4.7347141041642145, 3.1332944007602297, 1.5717192146122403, 4.712676387680326, 4.714269885856076, -0.015220160378603891, 0.0015860457049109522, 0.0006938556687930185, -0.00311813715344762, 3.139249082141604, 1.5713504081811056, 3.1381563662754317, -0.0005362322397899651, 3.143563962477183, -0.0017576917673333343, -0.0008721393619679844, 3.1396516332025612, -0.0026785259307900767, 1.5384642361311203, -0.006219912508963991, 4.730693595406347, 1.5935846763496184, 4.712789504000141, 1.5704662322338772, 1.5711229917887315, 3.137263133393451, -0.006070415783604635, 4.712712190465671, 3.1426083209825597, -0.0011026132097849578, 4.71272441005669]",0.0
251,1.558809319830785,"[1.57568214709389, 4.721312969764074, 1.5491080053312964, 4.731404538339451, 3.141543924974007, 4.750455540267324, 1.6115667053105232, 1.568505057290244, 3.139040197759768, 4.734962873388321, 3.1332234181412337, 1.571748711739327, 4.712945330484407, 4.7142810033913864, -0.015348826514744129, 0.001532022169604982, 0.0006093814652813101, -0.0034238251328079826, 3.139100021649446, 1.5712576142327437, 3.138253172110828, -0.0005430392983627499, 3.143502972667579, -0.001888593937769871, -0.0008284765261845793, 3.1396231522816627, -0.00270116971493082, 1.5383815542954442, -0.0061410635463352336, 4.7305451485673276, 1.5935324955068593, 4.7128102809548205, 1.5705233967542733, 1.5711064290461347, 3.1373888277368946, -0.00592115453684972, 4.712755689642849, 3.1424431802134674, -0.0010956273685573414, 4.712692561063248]",0.0
252,1.55366449817847,"[1.5749264760899744, 4.721130067576508, 1.5492136893954533, 4.731547960454942, 3.141505083686973, 4.750423748513869, 1.6116566605918956, 1.568344521057433, 3.139152294595101, 4.7347357551958025, 3.133288655378947, 1.571793159720125, 4.712858726922163, 4.714286084542531, -0.015244355561518057, 0.001609388510722601, 0.0006566533772652631, -0.003293372015128602, 3.139080845625392, 1.5713134252685321, 3.1381727025395003, -0.0005797666552592262, 3.1435951499696664, -0.001780540887327318, -0.0008860492119311099, 3.1394039465619037, -0.0025073994536702103, 1.5384674561901164, -0.006250384338110023, 4.730995034868598, 1.593397863760401, 4.712842076227645, 1.5704655769977507, 1.5711264958260336, 3.1374192505509293, -0.006068261342780661, 4.712701338132811, 3.142552167958439, -0.0010757247986932813, 4.712743787084871]",0.0
253,1.5581828305620344,"[1.5748496033005137, 4.721290019301814, 1.549022995197668, 4.731673957839914, 3.1414354299518648, 4.7503476148691695, 1.611817930208614, 1.5678801500366548, 3.138956878023444, 4.73446968881911, 3.1332895016469946, 1.5717991228662611, 4.712883720957241, 4.714151675152464, -0.015083487649308329, 0.00149968807583431, 0.0006148190137081822, -0.0032870620924954743, 3.1391085504854552, 1.5713545696428077, 3.1382427231557406, -0.0005092077366570558, 3.143623821879772, -0.0017158585165014532, -0.0008519255350520811, 3.13961439038974, -0.002827341556567803, 1.5384399095074957, -0.006202418690707122, 4.730617647177201, 1.593608453090717, 4.712805317911207, 1.570510837344938, 1.5711182800443393, 3.137395766336922, -0.005496415385284759, 4.71273265525567, 3.1425991111823866, -0.0010642278331897328, 4.712739795748544]",0.0
254,1.5607489557619172,"[1.5748592268296588, 4.721212622024475, 1.5491791693679533, 4.73153152458196, 3.1415648741135547, 4.750422718765841, 1.6117142140798233, 1.568365222592604, 3.1391309824969875, 4.734820379967838, 3.133292337171351, 1.5717650647542998, 4.712863953209305, 4.714232384135736, -0.015228006579901006, 0.0015587014416308036, 0.0007512667257233071, -0.0032395741163949313, 3.1391322703918236, 1.5713228155934578, 3.1384971615843296, -0.0004664531662108376, 3.143585572214151, -0.0017232646797877276, -0.0008534339045534304, 3.1396610139748296, -0.0027627847215904396, 1.538460502845349, -0.006180583563346032, 4.730710583860672, 1.5934472053450395, 4.71271506225109, 1.5705236067066644, 1.5710810337624268, 3.137371702263455, -0.006202499275017357, 4.7126545147313506, 3.142563249710001, -0.0008968611290862577, 4.712842270069259]",0.0
255,1.566945263751347,"[1.5748123203202917, 4.721600274452692, 1.5492264050094928, 4.731669294568075, 3.1414239809619917, 4.750390362056389, 1.6115498864030302, 1.5684082997797189, 3.1392656922841637, 4.7347602206356125, 3.133408080916419, 1.571774089956082, 4.712760914533537, 4.714368112971561, -0.015251321364455415, 0.0016281353802796404, 0.0005713060092304, -0.0032053074560521025, 3.1391881537575674, 1.5712201422757037, 3.138206924960709, -0.0006032536612527586, 3.1434995234359127, -0.001749235908328659, -0.0013217943775645047, 3.139599405406307, -0.002605481797150774, 1.5384720066395854, -0.006208350767427573, 4.730710097920289, 1.593649390286172, 4.7125951570337, 1.5709996967594333, 1.5711560051689675, 3.1373566629520644, -0.00613860156971569, 4.712971358956507, 3.1425211110756095, -0.0011841630865377412, 4.712690036182712]",0.0
256,1.572937400924671,"[1.5748749315639397, 4.721147575786491, 1.5491985061570814, 4.731551773348983, 3.1415590865707603, 4.750209963345192, 1.6116818957300787, 1.5684032210637835, 3.139161786936673, 4.734766357405891, 3.133294207264961, 1.5717737612551936, 4.712856667550831, 4.714319475596257, -0.01523831974817403, 0.0016116101500288315, 0.0006525194214822132, -0.0032971253525808136, 3.13911776833866, 1.57135961600885, 3.1382239754812153, -0.0005568090614936423, 3.1435927132757353, -0.001744969810063669, -0.0008856061694867088, 3.1395948443620623, -0.0027732967211195813, 1.5382715215272034, -0.006175011090870272, 4.730721790676556, 1.593616651162314, 4.712697473887023, 1.5703798783728247, 1.571413772031975, 3.1375199411972523, -0.0061311502138457, 4.712736372464571, 3.142493689905719, -0.0010921410967442671, 4.712661088907304]",0.0
257,1.5639473302359668,"[1.574793968185859, 4.721142960850679, 1.5492756769357658, 4.731432423742896, 3.1415666421607784, 4.751018366458611, 1.6110971407540076, 1.5682328899439895, 3.1392619258690586, 4.734655911495434, 3.1332427915766137, 1.5717126276625626, 4.712910598418685, 4.714265779754266, -0.015151171315206016, 0.001655418413101658, 0.0008751140385670686, -0.0032825743135857246, 3.139165251084337, 1.5713599748393432, 3.1381422456120296, -0.0005139707748114083, 3.1435964771268896, -0.0017679789604807532, -0.0007917701195438176, 3.139591140697909, -0.002786898762824299, 1.5383151523309169, -0.0061581963213155465, 4.730627025599094, 1.5935601131384711, 4.712727465899971, 1.570475674509266, 1.5712990377959248, 3.1374794418670824, -0.006051724121595864, 4.71270252514965, 3.1425642284442827, -0.0010657198414674015, 4.712650393214333]",0.0
258,1.5592602672835487,"[1.5749720291240383, 4.721193932946415, 1.5493006334096793, 4.731620851210344, 3.1416156585870936, 4.75044997554616, 1.6116693898666257, 1.5683715256100623, 3.139136621839097, 4.73478521919007, 3.133388127395641, 1.5718482757482017, 4.712903342559213, 4.714398923747374, -0.015188435820544206, 0.001837070666558815, 0.0007079719107911875, -0.0031074771272241114, 3.1390130550341544, 1.5713542085590388, 3.138395599159748, -0.0005566471129468996, 3.143545190275432, -0.001610275471410055, -0.0008699124143963897, 3.139634456336164, -0.002611983884905591, 1.538491665200469, -0.006207678133649274, 4.730714342151112, 1.5936471563904435, 4.712900093551692, 1.5704713407672635, 1.5711691666462972, 3.1375277048082344, -0.006000214975902369, 4.712693719726623, 3.1425062184327364, -0.0011156567717993332, 4.712721810168856]",0.0
259,1.5628216623280908,"[1.5750617358692673, 4.721228579961234, 1.5493910776295916, 4.7317108702450765, 3.1414968176325364, 4.750452896196741, 1.611697852756237, 1.5684062875961908, 3.1395439611092884, 4.7347360985229665, 3.133470576186655, 1.5719530430918853, 4.712897818274585, 4.714266889467218, -0.015173404319768782, 0.001224614922041229, 0.0007893421328145048, -0.003536635049026443, 3.1395262658707903, 1.5714293684624485, 3.138429474226407, -0.0005559939382569159, 3.143815906664178, -0.0014859115657665982, -0.0008990045710841409, 3.1396127694692146, -0.0025797114688571945, 1.5385215757909907, -0.006276055865302783, 4.730742010423376, 1.5936519944886183, 4.712979873462461, 1.5704315646665312, 1.5712077534072861, 3.137579451049199, -0.006018791856928358, 4.7126850338013515, 3.142589573855487, -0.0011443942213953636, 4.712751256097966]",0.0
260,1.568627509511492,"[1.5748189335422331, 4.721143923433295, 1.5492076551813936, 4.7314912857465945, 3.1415364509044257, 4.750432172109065, 1.611713482979357, 1.5683857790415483, 3.1390883700533077, 4.734782871154295, 3.133275084793815, 1.5717366614488828, 4.712897768841788, 4.714285074939727, -0.015266401906966931, 0.001656967485256029, 0.0006579989706648947, -0.003312499484162454, 3.1392591845265994, 1.5713316696697048, 3.138316840101452, -0.0006242541846176655, 3.143580903687395, -0.0017072305894446946, -0.0008129909544553824, 3.1393763760313025, -0.0024874466701252677, 1.53840124887021, -0.006167272288800717, 4.730523785725808, 1.5937562944680113, 4.7128071246096415, 1.5704789697413015, 1.571116213123156, 3.13732492438195, -0.006094784613463358, 4.71272722110593, 3.142527927216811, -0.0010572397615824212, 4.712746704850032]",0.0
261,1.5686915986110526,"[1.5749452421735632, 4.721151698684332, 1.5491012267097437, 4.731839650945752, 3.141504773195125, 4.7507679650942025, 1.6119435027749986, 1.568451411809722, 3.1391193289864483, 4.734728694769712, 3.132836169715155, 1.5722188617222015, 4.712570869709277, 4.714330978810666, -0.015276274622147371, 0.0016067787643834898, 0.0006231041899556033, -0.003154121454446986, 3.1391972820438183, 1.571295386284077, 3.138200090135421, -0.000522539147526648, 3.1436285084057167, -0.001678811193685541, -0.000864144770002781, 3.139667932407142, -0.0026971568005830253, 1.538184958701494, -0.0062426851601371635, 4.730734262429432, 1.5936167715052538, 4.712849659060456, 1.5704784870702893, 1.5711018637128356, 3.137356702227128, -0.006189277815661047, 4.712725322714926, 3.1423834956380614, -0.001153513213755379, 4.712693412315641]",0.0
262,1.5597014907798405,"[1.5748934673993555, 4.721136493539469, 1.549234433813756, 4.7315345054640945, 3.1414660289821787, 4.750428298551824, 1.6116961140153265, 1.568434908051255, 3.139120931046375, 4.734812220940859, 3.133275216831569, 1.5717288344790348, 4.712934538608546, 4.714615336806225, -0.015170990972562345, 0.0016045574879029066, 0.0007357650471738734, -0.0032793990170890816, 3.1391311782137796, 1.5713487947477671, 3.1381864906873935, -0.000482143492180381, 3.1437931514996795, -0.0017604669887989314, -0.0008715654035808871, 3.139658822764839, -0.002704523108112456, 1.538428950388618, -0.006299159440294383, 4.730740610753073, 1.5936500020157902, 4.712763030788321, 1.5704968913921913, 1.571124259959034, 3.1372832082951314, -0.006012948409966321, 4.712707291255373, 3.1425606931897923, -0.0010892548099228308, 4.712834664783997]",0.0
263,1.557694437714271,"[1.5748346245538645, 4.7211254794926685, 1.5490236493724387, 4.7314693172208795, 3.1416183885175912, 4.750257817050701, 1.6118160025063903, 1.5684009986530911, 3.1396592805189596, 4.734738599458662, 3.133144867642486, 1.5717096123294276, 4.71294672872244, 4.714155240833948, -0.015268215196415521, 0.0018864380834849425, 0.0011048968118716664, -0.003404626955244162, 3.139099133796642, 1.5712365479301829, 3.1381405648249654, -0.0005092362755273623, 3.143491368149136, -0.0018633410014375121, -0.0007961094764611985, 3.1398242176248012, -0.002608676325345835, 1.5384098275840898, -0.006146683587154801, 4.730764216832311, 1.5936284249903432, 4.713023002799994, 1.5706249797370797, 1.5710453764515229, 3.137254261298241, -0.005944529577704227, 4.71277513951965, 3.14245475347416, -0.0011150914030166866, 4.712680803943318]",0.0
264,1.561836532690312,"[1.5748415441995205, 4.72113780661296, 1.5492842181052053, 4.731475539549171, 3.141503562251363, 4.750409541447374, 1.6116474360502564, 1.568487198900618, 3.1390515222651016, 4.734756586546885, 3.1332460336060035, 1.571873591663056, 4.712908867338004, 4.71421640936745, -0.015375064766408195, 0.0016781043520652653, 0.0006939789456137485, -0.003313285412788503, 3.139183920589229, 1.5714384020359247, 3.1382596220940324, -0.000614471450713401, 3.1435312833809905, -0.0017056659409438795, -0.0008980240451788925, 3.139706477614006, -0.0026765773042290923, 1.538396238675361, -0.006384436922751115, 4.730667842030023, 1.5934998083845167, 4.712878237250689, 1.5705334927829215, 1.571224156304691, 3.1374147921955724, -0.0059912139544207755, 4.71280058876995, 3.1426816776695827, -0.0011594949300177684, 4.712912119710911]",0.0
265,1.5645769187564547,"[1.5748061973084924, 4.7209223337735855, 1.5491911794147453, 4.731749748477268, 3.141512930829556, 4.750393820400195, 1.611598964046351, 1.5682545162405501, 3.139223651969378, 4.734773411339851, 3.133284639373045, 1.5717114337013887, 4.712934860259209, 4.7144131204332735, -0.015102136269131549, 0.0015573033098848744, 0.0004655188949440907, -0.003270537478273942, 3.139195447765021, 1.5711935854534385, 3.1384054273717, -0.0004943418800364223, 3.143520860133115, -0.002223695544630068, -0.0008673834619487474, 3.139726431767594, -0.0026115328691529165, 1.538621409144407, -0.0063152071635268325, 4.7304554505629905, 1.5933444966944705, 4.712965558314621, 1.5704615161698114, 1.5710113387483384, 3.1375943185457285, -0.006190921908612232, 4.71268798253926, 3.142452769932234, -0.0014917043239417733, 4.712796484244424]",0.0
266,1.5634770942500205,"[1.5749387570550664, 4.721144364520659, 1.549299243458509, 4.73159724734539, 3.1414133665822743, 4.750494164000173, 1.6117414871703934, 1.5683631772500988, 3.139167868736405, 4.734725519879842, 3.1332869346713377, 1.571787032051356, 4.712948824282251, 4.714213983402132, -0.015283055263926646, 0.0016338783486834478, 0.0006929824275555559, -0.0032691225694928567, 3.1391054790590758, 1.5712974063323506, 3.1382910410348694, -0.0005555877360612404, 3.143542871953942, -0.0017770482295376077, -0.000871247205846542, 3.1396110588783697, -0.002721492357596524, 1.5386745175255225, -0.006378993039851337, 4.730712420700334, 1.5936534196232361, 4.7127616187133885, 1.5704263840629964, 1.5713400702030051, 3.1372217871986168, -0.0061177364935765905, 4.712714747042421, 3.1424247765367648, -0.001096018155266148, 4.712676816626085]",0.0
267,1.5636404838417741,"[1.5749360271844806, 4.721140632508611, 1.5490537566231561, 4.73138529616228, 3.1415404296956706, 4.750572207725478, 1.6117776458150512, 1.5683847140922853, 3.1391976657630747, 4.734783832973569, 3.1332995589206556, 1.5718965138591114, 4.71271399657741, 4.714383684328189, -0.015204322946841611, 0.0016548600125841045, 0.0006044742014411064, -0.003319280153105177, 3.13911811423225, 1.571199888579046, 3.1384163781913683, -0.0005461900244840078, 3.1435813670758357, -0.0018079395732205942, -0.0008673260842614292, 3.1396358910573285, -0.0026922540174590197, 1.5387079747292183, -0.0057449385432393205, 4.730872705504419, 1.5936709443440933, 4.7128273200935205, 1.5704084854430473, 1.571431920420407, 3.1372369146826578, -0.006059408136527272, 4.712763357295435, 3.143031069178966, -0.0013899246026293944, 4.712884611414463]",0.0
268,1.568880470526273,"[1.57492718282184, 4.7211961299604965, 1.5492311608644314, 4.731505829774521, 3.1415657894552442, 4.7503701223527885, 1.6115684689085785, 1.568278986616311, 3.1390429556874304, 4.734635136235231, 3.133270551910855, 1.5718077901686962, 4.712968469699326, 4.714275837651923, -0.015190786210487615, 0.0015951098858475558, 0.0006056480746990557, -0.0033438631141993564, 3.1391175690699304, 1.5713171595338578, 3.138317077193328, -0.0006055194396621027, 3.1436323413802265, -0.0016978755182404635, -0.0008531654071844492, 3.1397836360780516, -0.002635786649936256, 1.538387438725581, -0.006207269069454849, 4.730830433432336, 1.5937065510179944, 4.71293245109138, 1.5704566764224006, 1.5710805312938263, 3.137294076095825, -0.006268053866253336, 4.712808071434038, 3.142533631935032, -0.0011510292589237538, 4.712699575112466]",0.0
269,1.5619625245513065,"[1.5750095438510616, 4.72115290966266, 1.5489114143999676, 4.731195440007988, 3.1413882128392814, 4.75042560950626, 1.6116531033177042, 1.5682981289701032, 3.1392152230075223, 4.734716585755482, 3.13334418279856, 1.5716778341387592, 4.712401147883891, 4.714224497413332, -0.01522089786425034, 0.0016641928411056355, 0.000740356526596554, -0.00322282047434968, 3.1390313779301784, 1.5717268160725777, 3.1382767744136113, -0.0005146512934657469, 3.1437027681191974, -0.0017251073620528426, -0.0009784656793778584, 3.1395717789053363, -0.0027208387244678227, 1.5386450472495254, -0.00647771012529747, 4.730720657932157, 1.5937789363339165, 4.7128424376904965, 1.5704553200600448, 1.5710072463113862, 3.1375734898978274, -0.006212724590930649, 4.712616955370137, 3.1424587376214754, -0.0012688378601052642, 4.712807432182928]",0.0
270,1.56700188616569,"[1.5749092579810884, 4.721138195102865, 1.549231051907375, 4.731558668697, 3.1414617534765026, 4.750379121029842, 1.6116185173214916, 1.5683891026895436, 3.1391749042566297, 4.734739383985071, 3.1332656304753916, 1.5717936816755116, 4.712835845494968, 4.7143050484579545, -0.015240740885773398, 0.0018336377097240401, 0.0005008919322206802, -0.0034175207823987385, 3.1392736355855635, 1.5713222305464187, 3.1382074945753677, -0.0005461915941316958, 3.1435909430909432, -0.0016244279565538298, -0.0008642427588500111, 3.139679514129407, -0.0027399609053795288, 1.538511939253285, -0.006188060768982279, 4.730713307210192, 1.5935456979022082, 4.712765318915334, 1.5705270598890058, 1.5711013752598841, 3.1373703794469967, -0.006081428618355908, 4.712461349864088, 3.1425663960401535, -0.0011038193326425242, 4.712681944517678]",0.0
271,1.5617196102008941,"[1.574884876081764, 4.721144851831035, 1.5492769342287624, 4.731611217101534, 3.1415058139928123, 4.750278919261758, 1.6115063625307182, 1.5684402478747732, 3.1390995636033825, 4.73480403305305, 3.133062687784919, 1.5718763192308274, 4.712987907948071, 4.71423811035505, -0.01528890617992174, 0.0012536415630001383, 0.0008640145058285405, -0.0031067401562298214, 3.1388527702654736, 1.571342478138308, 3.13823755711307, -0.0005891469146853097, 3.143486085230474, -0.0017935108377530428, -0.0008818272267339004, 3.1395740928628078, -0.0025821078531043664, 1.5384972682098264, -0.006213169842785376, 4.73076412436216, 1.593828169734754, 4.712880569191258, 1.5707782964088406, 1.5711740697045091, 3.1374139400840186, -0.006029013191624524, 4.712113997803992, 3.1427049247229597, -0.0012335579540229023, 4.712755211279998]",0.0
272,1.5746293935992466,"[1.574924789447514, 4.721160389730923, 1.5491023376173296, 4.731714975616688, 3.141692492674916, 4.750417416879249, 1.6116041540110162, 1.5683958833210312, 3.1392244426157276, 4.73474878758185, 3.1334017556817253, 1.5718989791143354, 4.712864848771767, 4.714268727289151, -0.015217164797972627, 0.0016225534837007091, 0.0006161516403992418, -0.0033464225973153243, 3.1389924464910437, 1.5714060288266127, 3.1381151153134295, -0.0005670663349705038, 3.14360139699094, -0.0017693614097242579, -0.0009321508449038817, 3.139604482835489, -0.002654710409400088, 1.5384981109814686, -0.0062658571322815, 4.730586740565499, 1.5936351935448112, 4.712827368968146, 1.570414454381899, 1.5711520196209023, 3.137297663631981, -0.0061516360991880365, 4.7126713636249065, 3.142646978978769, -0.0010043579328407972, 4.712851099071766]",0.0
273,1.5564134534796092,"[1.574803990114554, 4.72109502616073, 1.549218290647139, 4.731481475981206, 3.1416025300718937, 4.750564053260157, 1.6118532460576076, 1.5687604117557052, 3.138923466609052, 4.734409832800011, 3.1334208817800357, 1.5717186915954329, 4.712914401310262, 4.714322101803348, -0.015456716370551361, 0.0014479789559553042, 0.0007660538141159156, -0.003304150367736033, 3.1390914354586745, 1.5712221146896914, 3.1380323889838864, -0.000408653639319591, 3.1436015962864836, -0.0017474695823629623, -0.0008201656223995193, 3.139695811890736, -0.0027392323867388123, 1.5387830399742168, -0.006033673044756886, 4.730735765385016, 1.593622415141894, 4.712847265862873, 1.5705655578272306, 1.5709543215336692, 3.137756576917942, -0.006039086174159869, 4.712789618207237, 3.1425061179983778, -0.0010162946877316356, 4.712570262134755]",0.0
274,1.5617783659032292,"[1.5748815718638394, 4.721185477853064, 1.5492963114599965, 4.731482135449004, 3.1415580302976984, 4.75045281496812, 1.6117190184162304, 1.5683941086347395, 3.139272637753133, 4.734743715247266, 3.1332498558818247, 1.5718349410808587, 4.712936977479568, 4.714356945255125, -0.015207058943699362, 0.0015655193906724434, 0.0006182543504695805, -0.0033297753644655234, 3.1390847868534704, 1.5713224165788027, 3.1382650657993705, -0.000578990143137875, 3.143350720068729, -0.0017303833579468465, -0.0008726535734924162, 3.139567004778237, -0.0027912466366751577, 1.5384385727606562, -0.006293992983282178, 4.730773242224956, 1.5937170812688861, 4.712663827476942, 1.5703640593476251, 1.5709633059421304, 3.137445883431035, -0.006056524293186559, 4.712722525097383, 3.1426133057820267, -0.0011683368707271892, 4.712777914453252]",0.0
275,1.5806567644467655,"[1.5749700319018767, 4.7209111790162, 1.549364763350212, 4.731613243253211, 3.140980100185867, 4.750398345269312, 1.6116706939571448, 1.568256271151027, 3.139165452332165, 4.735127046249931, 3.1334033059522644, 1.571854856534131, 4.712900497151133, 4.7141876513563306, -0.015312385250265991, 0.001621337208015426, 0.000837071884753031, -0.0030656701971407577, 3.139028227153537, 1.5713259802198356, 3.1381383491861716, -0.0004983695573285487, 3.1436331331728558, -0.0017086100758708833, -0.0008395081916524972, 3.1395571842065837, -0.0028248556407137883, 1.5384913762119472, -0.006120939323484611, 4.730747424799106, 1.593552191345039, 4.71295258800142, 1.5705119192253414, 1.5708382522664908, 3.13747355826646, -0.00607298351339443, 4.712933493404941, 3.142863996429353, -0.0010253302407463763, 4.712488234242259]",0.0
276,1.5646750875565318,"[1.574870927292312, 4.721099626521131, 1.5491902410017833, 4.731546884438262, 3.1415073229367985, 4.7502055373489895, 1.6116867492058502, 1.5684085636236742, 3.1391663819697806, 4.7347859756186645, 3.133286370925962, 1.5717688348805643, 4.712850702845207, 4.714313101256383, -0.015250348055155953, 0.0015773815110716963, 0.0006961899925034742, -0.0032643928574385196, 3.139102782236306, 1.5713492644352793, 3.138214339783789, -0.0005394666126814788, 3.1436019752100486, -0.0017777860763036795, -0.0008766557268457097, 3.1395922957331437, -0.0027923803750254167, 1.538303086802446, -0.006145642201707191, 4.73073096529625, 1.593611688533575, 4.7127278958534955, 1.5704084065579609, 1.5713933235194337, 3.1375887284194106, -0.006125759279049687, 4.7127375928151904, 3.14251410811484, -0.0011236906417008534, 4.712628364778406]",0.0
277,1.5648601190338935,"[1.5749290103803302, 4.721201644140036, 1.5492538171068169, 4.731558301657454, 3.1414685531007165, 4.750401579747317, 1.6117080944345785, 1.5683525507245109, 3.1391020219025982, 4.734720767765002, 3.1333141309038144, 1.571820102543188, 4.712860239892777, 4.714333098869041, -0.01520512792178805, 0.0016284248280675792, 0.0008027389847934086, -0.003316330569803604, 3.1391106870308163, 1.5713257809269854, 3.138205068158101, -0.0005481894288242541, 3.143544566012622, -0.0017056908751359034, -0.0008796906075531315, 3.1395862940522883, -0.0026904543821407766, 1.5384587061536519, -0.006212288214839385, 4.730635871724631, 1.5935473696332965, 4.712827893262616, 1.5704656211149703, 1.5711332057788878, 3.1373914930742974, -0.006170141602559945, 4.7126794460013075, 3.142610271713671, -0.0011727268065335357, 4.712713070142286]",0.0
278,1.5662938266037085,"[1.5748522235466258, 4.721054199509263, 1.5491460165535624, 4.731510744239036, 3.1414909801316893, 4.750424999021649, 1.6116365112382012, 1.568406411359098, 3.1391961414134526, 4.734820309928282, 3.1334053220004248, 1.5717417384112187, 4.712818139104383, 4.714294274593992, -0.015290965372946719, 0.0014707858046119943, 0.0006305340147492589, -0.0032147876411294895, 3.139025327792945, 1.5712175085674245, 3.138206723543955, -0.0005245550935107402, 3.1435296947865914, -0.0014696694278129993, -0.0008128706706526422, 3.139656905246563, -0.0026636084892851263, 1.5384198766470603, -0.006206293426128174, 4.730656843325493, 1.5935087883604195, 4.712820463245688, 1.5704821723084084, 1.5711376024047754, 3.1372940766435735, -0.006045928305892788, 4.7127197104536656, 3.142452974706027, -0.0012509829472130362, 4.71276022843534]",0.0
279,1.5561966237921447,"[1.5749038340656718, 4.721149811532761, 1.5492757187503725, 4.73163523644846, 3.1414878532766766, 4.75044655989971, 1.6116975926910468, 1.5684020224311774, 3.1391556947554924, 4.734777825549753, 3.133275693876665, 1.5716893456105907, 4.7127977144639015, 4.714279744391302, -0.015232230958927173, 0.00160690745840451, 0.0006757391543835008, -0.0033426436157088612, 3.1390366232430567, 1.5713624892097642, 3.138267943735236, -0.0006336970241568702, 3.143602195910057, -0.0017283725203707675, -0.0008031391565706319, 3.1396484000425517, -0.002672604014692158, 1.5384538894041304, -0.006213388485516814, 4.730698974216988, 1.5936127010152452, 4.712801717196136, 1.5705160981853392, 1.5711347515013787, 3.137414554272046, -0.006091171879872716, 4.712725556892338, 3.14261244383651, -0.0011210344445150944, 4.712712869324793]",0.0
280,1.5615668023868159,"[1.5748225387214454, 4.72115028145956, 1.549345292031872, 4.731553361382951, 3.141502269136628, 4.750378470027627, 1.6116000681499272, 1.5683800807423185, 3.139064399214802, 4.73487023155018, 3.133352211863475, 1.571930383584698, 4.712709681786515, 4.714296320237274, -0.015217002837319773, 0.0016060907281346432, 0.0007034567375182458, -0.003478200746594826, 3.1390478954587757, 1.5713686023313098, 3.1382807645726096, -0.00029542175901290984, 3.1435064195817843, -0.001797449961871999, -0.0007874547929934242, 3.1396213004396296, -0.002621774970648465, 1.5384742608524469, -0.006205166992569092, 4.73073669158022, 1.5936676815392095, 4.712827508179279, 1.570526015274146, 1.5711451242033794, 3.1373663229905517, -0.0060270588890760654, 4.7127457703828055, 3.1424967386021305, -0.0011147133132984688, 4.712697904791383]",0.0
281,1.5598295193098455,"[1.574905833496863, 4.721152139880282, 1.5492848076552972, 4.731597178302126, 3.141454628808644, 4.750422487564583, 1.6116716099383628, 1.5683836929807613, 3.139150925531408, 4.734765580132473, 3.1333089039544766, 1.571786427341559, 4.712897214476421, 4.714247008729914, -0.015269032772820976, 0.0016207106979119496, 0.0006932426443452474, -0.003262098267872515, 3.139113564521592, 1.5714310399677618, 3.1382126078866954, -0.0005357873071992595, 3.143592827485944, -0.0017502735291589078, -0.0008985180919270937, 3.13962219046467, -0.0026934459501233247, 1.5384565654891105, -0.006087875995814273, 4.7307129884303585, 1.5936166251040937, 4.712802047422647, 1.570456568113784, 1.5711063144746666, 3.137383035775186, -0.006095918333972438, 4.712699155982502, 3.142492193900041, -0.0011646878256111471, 4.71282470073038]",0.0
282,1.565998112557932,"[1.574868255457189, 4.721097785181701, 1.5491906812646496, 4.731537530859299, 3.141537363540382, 4.750449615352265, 1.6117104094810901, 1.568407470828907, 3.1391670107477583, 4.7347687174167845, 3.1332698871333458, 1.571790464291567, 4.712925903531775, 4.714410532756636, -0.015243184558399767, 0.0015338968759546782, 0.000650196130041229, -0.0032796322045879956, 3.1391081693018954, 1.5716486875973137, 3.138306334213691, -0.0005530616543084146, 3.143474860637475, -0.0017287136377387173, -0.0009499020777866875, 3.1396500346132057, -0.002645125802776893, 1.538478519371442, -0.006145718139620815, 4.730681821783133, 1.5934921571010146, 4.71284378387803, 1.5705070627848268, 1.5711401295399225, 3.137286783236488, -0.006054544056474929, 4.712717233032081, 3.1425873459442975, -0.0011085258386930065, 4.712492568745494]",0.0
283,1.5682042934518408,"[1.5749093399218062, 4.721153359857076, 1.5492777375454367, 4.7315041714813235, 3.1414124970898385, 4.750445268315689, 1.6116958393891707, 1.5683583254747218, 3.1391876977549, 4.734738517852349, 3.1332905865295753, 1.5717917197041296, 4.712832344178024, 4.714340131125826, -0.015208920387489474, 0.0015807790885124212, 0.0006345796430770388, -0.0032671227829312284, 3.1390949191534063, 1.5713373764788716, 3.1382062108279967, -0.0005500832336475615, 3.143503800559824, -0.0017381602835986746, -0.0008788837615451784, 3.1396715515873095, -0.0026295733408305886, 1.5384678892772286, -0.0061842847186146105, 4.730665008154659, 1.5936117642313612, 4.712905701618255, 1.5704926814212306, 1.5711575893142942, 3.137406371354842, -0.006106586142102734, 4.7126902696465365, 3.142568898915906, -0.001010005697599982, 4.712784027706641]",0.0
284,1.568171827712067,"[1.574870528758661, 4.7210951013252735, 1.5491796719424333, 4.731538648579413, 3.1415153624986925, 4.75021207446313, 1.6116750273005664, 1.5684144626105332, 3.1391820077799233, 4.734790131768398, 3.1332805221517477, 1.5717725584704374, 4.712852901264308, 4.714298133704794, -0.01526385879050752, 0.0015844102485398149, 0.0006636445449325228, -0.0032387756123273895, 3.139119229545058, 1.571322854203557, 3.138227467381315, -0.0005391823646015799, 3.143625617607004, -0.0018043949158064846, -0.000880535089580697, 3.139603252512444, -0.0027852833521330787, 1.5383055021659566, -0.0061711203431843034, 4.73074622643229, 1.5936430742582266, 4.7127308958504, 1.5704061776947618, 1.5713881028354584, 3.1375998344103686, -0.00610865166647337, 4.712736740740935, 3.142533682504304, -0.001090227376510358, 4.712624968546424]",0.0
285,1.5609465500169812,"[1.5748728454596952, 4.721144192865218, 1.5492437424719536, 4.731524841431056, 3.1415060857811716, 4.750569396272225, 1.6115259727999833, 1.5683504349166038, 3.139182573304194, 4.7347427608602555, 3.1332909560527837, 1.5717764359349826, 4.712869676062998, 4.714278191774925, -0.015233903882849193, 0.0016156661084676053, 0.0007331854796999433, -0.0032616615015080884, 3.13912777174109, 1.5713404994204598, 3.138222927562189, -0.0005265307817373241, 3.1435941272802332, -0.0017574407660255306, -0.0008556753307499584, 3.1396221027737954, -0.002701084733265624, 1.5384245378068993, -0.006197716863353703, 4.730682240218022, 1.593600532701248, 4.712799180694865, 1.5704766311827267, 1.5711650352140356, 3.1374215911721546, -0.006075324602259097, 4.7127001872147956, 3.142586046250766, -0.0011068674971634698, 4.712689916122163]",0.0
286,1.5636462668768303,"[1.574898308995227, 4.721165899489777, 1.5492686662249375, 4.731513524945118, 3.1414979408074335, 4.750418667335231, 1.6116929178766242, 1.5683812070027112, 3.139185455153186, 4.734753435138203, 3.133298374294366, 1.5718277571903236, 4.712879279497023, 4.714276186067625, -0.015245634239169943, 0.0016109422789848367, 0.000647458587381873, -0.00326191010509358, 3.139075798758726, 1.571349399042321, 3.1382402601422634, -0.0005238559747989287, 3.1436303712780505, -0.001743705475928983, -0.0008502327949676707, 3.1396111667259383, -0.002678726479979084, 1.5384532596286322, -0.006208168676732267, 4.730669530725257, 1.5935928048544306, 4.71281887564913, 1.5705031655635189, 1.5711327159199795, 3.1373948033425925, -0.00610106956672574, 4.712704615281178, 3.142585755879607, -0.001127324657797471, 4.712706271474931]",0.0
287,1.5569792449322946,"[1.5748485306870157, 4.721228435560308, 1.549267619946467, 4.731545068641604, 3.1415038445149244, 4.7504331303693315, 1.6116776759658862, 1.5684122770446889, 3.1391388887067366, 4.734816560107419, 3.133279407275647, 1.5717473593797922, 4.712830951087678, 4.714274287040709, -0.015286920901676066, 0.0016013710966914592, 0.00067905879065493, -0.003292486398820433, 3.1390833297100365, 1.5712966757356854, 3.1382672917599037, -0.0005423456118768394, 3.143621273573455, -0.0017545103655449356, -0.0009830782415556562, 3.1396270162793067, -0.0026948575324716095, 1.538448836611758, -0.006209978548863737, 4.730694132278637, 1.5935998072252333, 4.71290604762929, 1.5703715563924203, 1.5711089820352684, 3.1373804742251625, -0.006046200105595023, 4.712663619612769, 3.1425762649384796, -0.0011196837851148752, 4.712684173339243]",0.0
288,1.5673757717044992,"[1.5749045618062176, 4.72114012823884, 1.5492350171344664, 4.731554641541355, 3.141470012141361, 4.750433863874747, 1.611687346978155, 1.5683736251997138, 3.13916535589505, 4.734777881892033, 3.1333405185186467, 1.5717957655876484, 4.7128455943507825, 4.714292686095181, -0.015249660971384808, 0.0016473348813594343, 0.0006648179505211325, -0.003280067089833393, 3.139134898531753, 1.571342160114199, 3.1382362810782114, -0.0005304444998139666, 3.143593529311556, -0.0017351924959643449, -0.0008765679033820796, 3.139632313415833, -0.0026905349539086743, 1.5384520546917575, -0.006206549327994318, 4.730686508677439, 1.593585730639334, 4.712821011197691, 1.5704359633345186, 1.5711137814903289, 3.1373936373507405, -0.006098347375613788, 4.712777435527355, 3.14258432804589, -0.0010936027638522663, 4.712703075866424]",0.0
289,1.5807067485434683,"[1.5749197577867322, 4.721099367871315, 1.5492199503419268, 4.731611075328283, 3.1414366179587887, 4.7503827257013445, 1.6116352848406859, 1.5683928211000133, 3.1391193214336504, 4.7348259876430685, 3.1332869529462197, 1.571812654059874, 4.712880292370101, 4.7142574990323505, -0.015292712660765857, 0.0015642601149204861, 0.0007376326984704929, -0.0031949619091066117, 3.139115806278762, 1.5713189341756288, 3.1382618628482173, -0.0005471872376613379, 3.143573559649874, -0.001760087799675992, -0.0008787186917732061, 3.1396309638290134, -0.002655358223437014, 1.538484153704347, -0.006229976980786251, 4.730751180373583, 1.5936797376683083, 4.7128303175119495, 1.570525134120061, 1.5710700381707885, 3.137394821372296, -0.006060632050931221, 4.712631293668291, 3.142658896828744, -0.0011215888348741904, 4.712689691758728]",0.0
290,1.564194672956021,"[1.5749049638158095, 4.721150717876345, 1.5492606516361458, 4.731563608007488, 3.141478546960586, 4.750443035633331, 1.6116578085597286, 1.5683962589001441, 3.1390859900457193, 4.734755174711465, 3.133329636430317, 1.5718085534347699, 4.712850531670549, 4.714307127527796, -0.015257920394004969, 0.0015698672824561869, 0.0006312650618512386, -0.0032549315185571646, 3.139114321462251, 1.571350182508702, 3.1382482971267933, -0.0005372153338161124, 3.1435942804286974, -0.0017269274438127661, -0.0008848085292716703, 3.1396116020985123, -0.0026820049978181115, 1.538474022915844, -0.006212157159268419, 4.730687883829402, 1.5936107076153638, 4.712800900202157, 1.570457923477469, 1.5711366756245804, 3.1374205117753706, -0.006108321076413128, 4.712693721770745, 3.1425970152000393, -0.0011096968774082967, 4.712714798816416]",0.0
291,1.5625812045916079,"[1.5748736372848622, 4.721147407144034, 1.5491967608290362, 4.731538843353646, 3.1415592117454367, 4.750438777100236, 1.6117228801274004, 1.5684808354464332, 3.1391373611662456, 4.734661532872441, 3.1333175393428987, 1.5717691359854287, 4.712871443942981, 4.7142899216168646, -0.015300912994574041, 0.0015998215710230483, 0.000726780595000723, -0.0032941794568828358, 3.1391266841843, 1.5713038943228146, 3.138201421581944, -0.0005088737220491398, 3.143582342007911, -0.0017594366654775145, -0.0008602454236769794, 3.1396709817968604, -0.00266176140775616, 1.5385272955110711, -0.0061758501295366315, 4.730709514735469, 1.5936246092897641, 4.712835534250648, 1.5705056214214226, 1.5710979738331605, 3.1374519689866256, -0.0060663993870112565, 4.712712815119373, 3.142542040510707, -0.001095265497969183, 4.7126950302753405]",0.0
292,1.557861202875104,"[1.5748914314003648, 4.721154170275197, 1.5492186785731172, 4.7315317410466085, 3.141506946966714, 4.750437933248722, 1.611693491551569, 1.5683903823818164, 3.1391371822689322, 4.734818423249465, 3.1332946815439273, 1.571805693833304, 4.712867164568827, 4.714266243225231, -0.01519017261737227, 0.0016041628015164696, 0.0006772184307109802, -0.0032663134976309185, 3.139129004691677, 1.5713347352071763, 3.138222532921051, -0.0005458669417590065, 3.1435840283756407, -0.00173640940289376, -0.0008819709928351467, 3.139649118255907, -0.002660238274185039, 1.5384906683060342, -0.0061859135078437336, 4.730708297100921, 1.5936170459814474, 4.712815599289289, 1.5704723093456743, 1.5711534802434646, 3.1374017506469336, -0.006089830698042608, 4.71270718507076, 3.1426037886832336, -0.0011328436290660153, 4.712719398175472]",0.0
293,1.564377122310301,"[1.574917951141815, 4.721147094179313, 1.5492004417025222, 4.731532138793124, 3.1414896916943604, 4.750440061906974, 1.6116785956228676, 1.568381246017685, 3.139186464142138, 4.734717994054602, 3.1333110805365094, 1.571814293818294, 4.712802803443229, 4.7143420743106645, -0.015303964635622384, 0.001622997609796053, 0.0006694608382093559, -0.0032779569871518263, 3.1391083164007774, 1.5713086750831815, 3.138325784877012, -0.0005311205098016209, 3.1435790508316948, -0.0017718675957144223, -0.0008703569217442431, 3.1396142187711664, -0.0026787886657392806, 1.5384832703519031, -0.006112344658672641, 4.730729644271516, 1.5936259786044351, 4.712826885367034, 1.570456183088871, 1.5712023023893726, 3.137337704232258, -0.00607664272941672, 4.712705276156686, 3.142680097754649, -0.0011765725005321904, 4.712760705800067]",0.0
294,1.5531232194202973,"[1.574892213032134, 4.721167941895283, 1.5492145263749606, 4.731567451053308, 3.141496123738808, 4.750413555214591, 1.6116917591179578, 1.5682973707156438, 3.139133749250251, 4.7347522587304125, 3.13329587670774, 1.5717976742852637, 4.712863939931836, 4.714288034333597, -0.015267383790166286, 0.0015918934604831738, 0.0006746546240498922, -0.0032743338451534697, 3.13911529383548, 1.571343667102967, 3.1382335178461993, -0.0005337626501484101, 3.1435881350578145, -0.0017342500613614419, -0.0008717175974099355, 3.139634137082217, -0.002687109123342267, 1.5384659571904018, -0.006207497385866096, 4.7306860297346205, 1.5936136111544783, 4.712820750469823, 1.5704811061913506, 1.571132242141337, 3.13740573120971, -0.006033755076393731, 4.7127050286810315, 3.1425857610340975, -0.0011085196091169902, 4.71271810968179]",0.0
295,1.562041859694829,"[1.574896103844817, 4.721177123806474, 1.549184711873136, 4.731585295223332, 3.1414458884108813, 4.750392376954332, 1.6116903951246768, 1.5683503774135337, 3.139111080684396, 4.734650719711704, 3.13332330557339, 1.5717974613410197, 4.71284972716883, 4.714226311775076, -0.015130690107646746, 0.0015876293084490323, 0.0006667423970081016, -0.0032552355205331205, 3.1391112058224113, 1.5713427865805987, 3.1382721602201875, -0.0005293210765385187, 3.143587127965477, -0.0017562153519896152, -0.0008770261828130976, 3.1396207467291277, -0.0027027016044316845, 1.538414406509198, -0.006215481085475203, 4.730677284819924, 1.5936049848192715, 4.712816804327047, 1.5704694703538127, 1.5711248092911756, 3.1373647620822935, -0.005931265523840724, 4.712697382240542, 3.142583148049776, -0.0011084380895441525, 4.712715948526449]",0.0
296,1.5500794008735532,"[1.5749143100696015, 4.721108308277879, 1.5492065142290774, 4.731535138449828, 3.1414986439507233, 4.7504225661510935, 1.6117020683021759, 1.5682786226224645, 3.139131924602442, 4.734740044643054, 3.133290239200662, 1.571789160911155, 4.7128379068721795, 4.714275297586527, -0.015258755056976925, 0.001599749824724036, 0.0006860332133069069, -0.0032954883216099293, 3.1390937966383534, 1.5713530676714775, 3.1382505062102912, -0.0005274634955354513, 3.1436057674187343, -0.0017216512771732811, -0.0009377114342067551, 3.139627421158522, -0.0026872217515121503, 1.5384694697393484, -0.0062230709624480915, 4.730681221283795, 1.5936331343085146, 4.712810981195539, 1.5704980200090153, 1.5711239013010208, 3.1374223122106404, -0.006041410446253794, 4.7127030219154635, 3.142576642654225, -0.0011143433061064022, 4.712727034071693]",0.0
297,1.5692339505539143,"[1.5749186401493958, 4.721187333747165, 1.5491213641546817, 4.731470648873384, 3.1414790471175076, 4.750409904320581, 1.6116836930145697, 1.5682718397570885, 3.139149549591303, 4.734741247252244, 3.1332995836056186, 1.5717577778719236, 4.712738129652076, 4.714272871464435, -0.015263879349323673, 0.001606170858508146, 0.0006938101301060864, -0.003254530407454311, 3.139107894996117, 1.5714524241011107, 3.1382524519827184, -0.0005316602773260333, 3.1436190391675756, -0.001735412901572621, -0.0008889689328743287, 3.1396247533341177, -0.00268677155767218, 1.538509719697178, -0.006295479155326394, 4.730696885784984, 1.5936634685422786, 4.712824903288007, 1.5704734036624064, 1.5711059621605636, 3.1374487340028505, -0.006069656823673438, 4.712679629372571, 3.142536112204867, -0.0011565780345190607, 4.712746829519603]",0.0
298,1.5675456523695754,"[1.5749310882457386, 4.7210946413428605, 1.5492027135852762, 4.731548844707304, 3.141503335927835, 4.750434310672599, 1.61172191294936, 1.5682794536713904, 3.139129156826175, 4.73473384324505, 3.1332696903016126, 1.5717444558491966, 4.7128624327904385, 4.714258061893108, -0.015257517248365845, 0.0016059409988347661, 0.0006753927727298294, -0.0032946335252955514, 3.139092676710732, 1.5713698550220483, 3.13824652818969, -0.0004533731965101421, 3.1435971759410193, -0.0017019599963343476, -0.0009162554944922109, 3.139620668115694, -0.002678302847159329, 1.5384528379897775, -0.0062371223177842645, 4.730685115672952, 1.5936394396321902, 4.712833297995424, 1.5704697978813373, 1.5711346694606352, 3.1374283307185973, -0.006054060325033931, 4.712690794333612, 3.1426070469424254, -0.0011210322177467019, 4.712735224363426]",0.0
299,1.5699617373656722,"[1.5749024284265118, 4.721215310429903, 1.5492000194858135, 4.7315840076420645, 3.1414895892905625, 4.750419810511728, 1.6116836175567635, 1.568284347049201, 3.1391637842553717, 4.734737221356554, 3.1332958838875737, 1.571740040491092, 4.712833130444449, 4.71428217739674, -0.01525967054591922, 0.0016060806398812118, 0.0006505901959812904, -0.003277198247823427, 3.1391152459236844, 1.5713290846418746, 3.1382409903307122, -0.00047966063845682796, 3.143573054780646, -0.0017130236987177284, -0.0010466556952390602, 3.1396165003566816, -0.0026585111905179596, 1.5384534890292527, -0.00623670370647707, 4.730689008337928, 1.5936471016534695, 4.71276719358768, 1.570619614166317, 1.571143127981155, 3.1374213829258113, -0.006063171179566317, 4.71276181954166, 3.1425810173345803, -0.0011436390748506974, 4.7127247042162095]",0.0
300,1.5775421456120555,"[1.5748275313605302, 4.72109134792748, 1.549220127183577, 4.731547483438075, 3.1414954260300325, 4.750436286775412, 1.61173422868067, 1.568259933032161, 3.13914033766148, 4.734723907128165, 3.1333320120839616, 1.5717932774219425, 4.7128323412004836, 4.714274088627087, -0.015252596736875849, 0.001609938847307668, 0.0006915839376891292, -0.003282862658261099, 3.139098354632431, 1.5713635460245572, 3.1382478251395183, -0.0005320907669934828, 3.1436104339498656, -0.0017184670994928, -0.0009417238058244509, 3.139632899879116, -0.0026870597016481357, 1.538454948939554, -0.006235770284741597, 4.730706512147526, 1.593646037085518, 4.712815856307927, 1.5705022113445226, 1.5711305541829041, 3.13741962291482, -0.0060634555679161175, 4.712680816750602, 3.142590078930157, -0.0011202726480687344, 4.712728614115595]",0.0
301,1.564102508234927,"[1.5750144048201449, 4.721126719040511, 1.5491953925485282, 4.731501024518957, 3.1415249874868096, 4.750483659535213, 1.611760312872001, 1.5682707320364435, 3.139104942517882, 4.734787201877495, 3.133393392384291, 1.5717783287090048, 4.712857820095966, 4.71426685285146, -0.015290251085463948, 0.0015919075261675566, 0.000674879998544039, -0.00332936614106608, 3.1391061813351504, 1.5713415610444226, 3.138246927589005, -0.0005534233954260597, 3.14358072027235, -0.001795684740309641, -0.0009302940784486189, 3.1396535350777377, -0.0026918350042449252, 1.538373785048977, -0.00623322457632848, 4.7306912635671, 1.5936335084089168, 4.712812298391314, 1.57053389665994, 1.571135786358089, 3.137410216460362, -0.006025312957091782, 4.712646143337391, 3.1425449429446752, -0.0011288340332834034, 4.712717509744371]",0.0
302,1.56366394913382,"[1.574890435019712, 4.721086946193389, 1.549187708955823, 4.731528233313005, 3.1415008498728487, 4.750418125484345, 1.6116963300059934, 1.568269407131415, 3.139091390678388, 4.734743737989698, 3.1332691555180245, 1.5717674437241607, 4.712837722436244, 4.71428582710397, -0.01525937078281178, 0.0016403993462729965, 0.0006622974578148788, -0.0032656079518299823, 3.13905538119244, 1.571335460452102, 3.1382405053340667, -0.0005238693158751957, 3.1435773241475284, -0.001776123724043703, -0.0009341067845434864, 3.1396337442421625, -0.002690916699837953, 1.538469937503498, -0.006222765818283491, 4.730660690931225, 1.5936139109634897, 4.712800284378828, 1.570501881140702, 1.5711088726295497, 3.137411787984177, -0.006054257517583302, 4.712704694124144, 3.142568015234629, -0.0011313197257818923, 4.712730033755854]",0.0
303,1.5642667230378404,"[1.5749211529083507, 4.721065313763379, 1.5492194188330937, 4.731594056754362, 3.141519295728217, 4.750410377060361, 1.6116823205489588, 1.5682573116248721, 3.139191907372264, 4.7347451659189765, 3.133283828655644, 1.571793974192756, 4.712855427256124, 4.714304350045943, -0.015222396300783078, 0.001539517738652915, 0.0006658946686710138, -0.003326895348018942, 3.1391702137425486, 1.5713260279157706, 3.1383202605873213, -0.0005313705938885543, 3.1436242172143163, -0.0017922229397900117, -0.0009403389046182439, 3.1396465383727614, -0.0026488900369811075, 1.5385071021128627, -0.00625366877244156, 4.730626129402494, 1.5935773595645504, 4.712849642634941, 1.570486211207539, 1.5711097859846683, 3.137487245958079, -0.006040068092113025, 4.712698959558101, 3.14253633044599, -0.0011917208532970908, 4.712753072861656]",0.0
304,1.565641636560808,"[1.5749159595207, 4.721103243120504, 1.5491929884908988, 4.731571885447212, 3.1414923299209554, 4.750466675401605, 1.61174466443467, 1.5682982274769328, 3.139141052924025, 4.734751453022796, 3.133242774873627, 1.571833820771279, 4.7127928922686415, 4.714281427712459, -0.01526868988846069, 0.0016016957810530666, 0.0006889009929377161, -0.003273363466690543, 3.139103267850187, 1.5713508970690933, 3.1382378440370404, -0.0005179224994029995, 3.143604876077824, -0.0017195598281813651, -0.0009388457866292061, 3.1396128559990344, -0.0026925195638276968, 1.5384476219100252, -0.0062267834331853145, 4.730668536039239, 1.5936224552478695, 4.7127996613248975, 1.5705001473250328, 1.5711265734209685, 3.137429650477695, -0.006031022897608349, 4.712692811005172, 3.1425603583233306, -0.0011134772635548102, 4.712726947419606]",0.0
305,1.563070602945938,"[1.574945859876756, 4.721126968576129, 1.5491872774123117, 4.731537215622593, 3.141538341065175, 4.750415660714039, 1.6116637340822157, 1.5682460524479056, 3.1390821021435746, 4.734688960928774, 3.133208438867156, 1.5718421083671734, 4.7128570248618535, 4.714271834935105, -0.01524363236910584, 0.0015815229136309158, 0.0006659534405157214, -0.003323960404017696, 3.1390992345031847, 1.5713301096494157, 3.1382815271105486, -0.0005696718486439359, 3.1436343604105037, -0.0016881005864255534, -0.0009323302323474268, 3.139698602604709, -0.002678656767452585, 1.5384092916597245, -0.006215737538675704, 4.730749288161919, 1.5936815267596793, 4.712859944337026, 1.5704889903573998, 1.5711042313343853, 3.137376560612871, -0.006113012652843942, 4.712752538479267, 3.142523374176797, -0.0011238071565344353, 4.712705442959286]",0.0
306,1.5615731954288852,"[1.5748945223040567, 4.721110842577008, 1.5491518833645535, 4.731539136334217, 3.141458480699584, 4.75044132541886, 1.6117046404630013, 1.5682926710556682, 3.1391340941326775, 4.734750473951074, 3.133287565470665, 1.571804684395369, 4.712885659487952, 4.714296409451693, -0.015263731258500644, 0.0015955251409367648, 0.0006796807732226226, -0.003329353142019633, 3.139065169841047, 1.5713942027757173, 3.1382770100750195, -0.0005307710244803565, 3.1435945052517793, -0.001715996780906863, -0.0009488423227874851, 3.1396251073637043, -0.0026817285538902843, 1.5384712796551927, -0.00621242239988079, 4.7306785243525535, 1.5936219405673944, 4.712819498830345, 1.570503535050392, 1.5711269191470794, 3.1374338129935646, -0.006041416810298086, 4.712702130600929, 3.142571939732095, -0.001115749487723011, 4.71269613767324]",0.0
307,1.5676448889874433,"[1.5749386509051138, 4.7210746841967435, 1.5492589203293563, 4.73151196575411, 3.1415888584221388, 4.750386507317806, 1.6116983389297903, 1.5682788197043225, 3.139140726821461, 4.734737182476453, 3.133265911052517, 1.571759497203349, 4.71281655830769, 4.714314406912547, -0.015254283747621979, 0.0015565051442338656, 0.0007005050514139155, -0.003267159298211617, 3.139125087172556, 1.5714699830209655, 3.1382494975161035, -0.0005480192657227259, 3.143558008626802, -0.001714757777523099, -0.0009719720853684324, 3.139636080602883, -0.002684609878431054, 1.538487217272551, -0.006192558928852551, 4.73067452766516, 1.593582124782893, 4.7128021385417425, 1.570505720031206, 1.5711323209262165, 3.1373450514228884, -0.006001996749257103, 4.712708122008333, 3.142580099110644, -0.0010970037381573677, 4.712637132578896]",0.0
308,1.5654162032532761,"[1.5749285985745838, 4.721118649447994, 1.5492185926622646, 4.731550675765964, 3.1415257384261883, 4.750426647907882, 1.6116975010696197, 1.5682676503958257, 3.13913436984039, 4.734735687059452, 3.1333105058031223, 1.5718101272972282, 4.712833162249601, 4.714239777609152, -0.015260921093982121, 0.0016422545295207186, 0.0006816339387618844, -0.003264188366780437, 3.1390724060485775, 1.5713541528135608, 3.138288034360526, -0.0005404033841592573, 3.143563048177777, -0.0016944055953975407, -0.0009373449476009834, 3.139623312535971, -0.0026707100303730896, 1.5384806103133883, -0.006207464429530206, 4.730676995344232, 1.5936330912575725, 4.712835299798701, 1.570493642572557, 1.5711320264068023, 3.137465657082247, -0.006038102364641075, 4.712700629654199, 3.1425663831792514, -0.001118864055161528, 4.712707898016218]",0.0
309,1.5609672773282344,"[1.574942054522129, 4.721117567506261, 1.549227600383374, 4.7315447693323875, 3.1415312373855597, 4.7504232971880995, 1.611699024088044, 1.5682957626408232, 3.1391157048210996, 4.7347697001891245, 3.1333035167408245, 1.571777648098181, 4.71288149123775, 4.714428746346931, -0.015211783544502533, 0.0016700364531325406, 0.000725298628697974, -0.003250416325683591, 3.139064313626328, 1.5713495620048503, 3.1382776707739883, -0.0005179704353530252, 3.1436753625290406, -0.001683700982858624, -0.0009348356397722516, 3.1396373461121465, -0.0026838243537961196, 1.5384729247176094, -0.006253445296333382, 4.7307063090409605, 1.593663881482071, 4.712811905685628, 1.5705048334423453, 1.5711365837067393, 3.1374298167602306, -0.005973727984811231, 4.712702024632988, 3.142540246222542, -0.0011008251047940649, 4.712774509109359]",0.0
310,1.5613304334210623,"[1.574907771058941, 4.721113703181203, 1.549212644703768, 4.731536711527711, 3.1414940335027195, 4.750421434843273, 1.611705704150786, 1.5682885172779655, 3.1391326967459796, 4.734747114843476, 3.1332945897486484, 1.5717909049324954, 4.712837692579508, 4.714276398092952, -0.015261200070267081, 0.00159936545049135, 0.0006923724192207946, -0.0032890821796019375, 3.1391016208579727, 1.5713600802040897, 3.1382684478618654, -0.00051670940695691, 3.143602907531549, -0.0017119541975613435, -0.0009355169479108708, 3.139685640831855, -0.002725728736792723, 1.5384662087595207, -0.0062128181018790765, 4.730605752818938, 1.5936862751386316, 4.712804194064683, 1.5704986945482915, 1.5711250884512693, 3.1374159016983088, -0.006046912070805181, 4.712702400447187, 3.142584840512653, -0.001123838989623144, 4.712719625715024]",0.0
311,1.5678228084626338,"[1.5749252302611345, 4.721134657224938, 1.5492245713774384, 4.731514495540575, 3.1414706942983734, 4.750407428780753, 1.6116963035388658, 1.568264717874383, 3.139143912040772, 4.7347199688497446, 3.133282482982809, 1.5717986371911488, 4.71283765839703, 4.714263072345164, -0.015287585408757211, 0.001601220111044074, 0.0007115611638453828, -0.003309812065897849, 3.139067125773084, 1.5713413636638967, 3.1382457892555284, -0.0005285580572772705, 3.14362974118393, -0.0017180091104960172, -0.000948812031619823, 3.1397078818615345, -0.0025407219610560578, 1.5384551913906068, -0.006223652219209739, 4.730670914447848, 1.5936110965035892, 4.712681058301855, 1.5704209186596487, 1.5711239734607447, 3.1374282425225637, -0.006020513702203789, 4.712682492209799, 3.142587479498545, -0.0011038056469789635, 4.712725023572265]",0.0
312,1.5652585398341397,"[1.5749095122840435, 4.72110733552529, 1.5492038082233957, 4.7315329128423596, 3.141506896702118, 4.750412836718771, 1.611716354334772, 1.5682793625193627, 3.139129948896627, 4.734746403832919, 3.1332969983328787, 1.5717883079636963, 4.712842956792845, 4.714273883566336, -0.01525995547924287, 0.0015468073377192754, 0.000725666692754936, -0.003262967189412359, 3.139056679493586, 1.5713569372189398, 3.13825493799395, -0.0005280484200938315, 3.1436026707156453, -0.0017520059110030422, -0.0009405022347241584, 3.139611465001857, -0.002681542710116856, 1.538443757443056, -0.006224058443834292, 4.730677077868816, 1.593650143807332, 4.712816132584549, 1.570479103548877, 1.57115693018918, 3.1374447685703353, -0.006048584139640669, 4.7127599989030395, 3.1425738889595505, -0.0011111251831931476, 4.712733687514127]",0.0
313,1.5500780229562698,"[1.574924157829943, 4.721085286245827, 1.5491875332518859, 4.7315145308199, 3.141493084358245, 4.750301296064822, 1.6116581730981732, 1.5682966912055418, 3.1391538208794785, 4.7347546464498755, 3.1332597023116966, 1.5717712439707614, 4.712830629483645, 4.714271599335138, -0.01526570641848789, 0.0016216644355063685, 0.0006659265893926521, -0.003356572256392868, 3.1391275038927393, 1.5713111244619011, 3.1382125936869882, -0.0005547332591050573, 3.1436156975436025, -0.0017109658275763528, -0.000938324808836709, 3.139598898652797, -0.002764378388642271, 1.538440495266466, -0.006197132554469306, 4.730702542767974, 1.5936326887537358, 4.712770427724958, 1.5704897087709346, 1.5712199145949746, 3.137486764571811, -0.006034463498361398, 4.712652189097669, 3.142542731798371, -0.0010748277733788458, 4.712718559021901]",0.0
314,1.5668360595621427,"[1.5749442369381017, 4.721088023419503, 1.549173834850502, 4.731550818136012, 3.1415131080692587, 4.750298393362261, 1.611639764161732, 1.5682981363450714, 3.139177470210699, 4.734748699788194, 3.1332799655985317, 1.571798505858964, 4.712823547159171, 4.714269544952559, -0.015257740150972686, 0.0016137927084377594, 0.0006611392909311074, -0.003358948925306779, 3.1390802803323905, 1.5713225229038457, 3.1381790177595565, -0.0005414175897188255, 3.14361878111647, -0.001722023984453556, -0.0009593476882332926, 3.139646711555221, -0.0027992730356003084, 1.5384577226255294, -0.006213910360358783, 4.730721461236223, 1.5936067819107347, 4.712774301566705, 1.5704799659669648, 1.5712260086195313, 3.137486692963306, -0.006042542808694921, 4.712642488919944, 3.1425633121604437, -0.001070340980661635, 4.712731950061061]",0.0
315,1.557048187299772,"[1.57492248728494, 4.721086531414268, 1.549130056128, 4.731545429908583, 3.1415776016629664, 4.750296386227308, 1.6116166337315758, 1.5683065787550672, 3.139161533753008, 4.734765833795033, 3.1332801789002604, 1.5717854334498498, 4.712844078286607, 4.7142506178191566, -0.015268277189509084, 0.0016301692649021648, 0.0006514795969126527, -0.003413687466424304, 3.139129735405874, 1.5713091484046653, 3.1381809238780187, -0.0006009863900366487, 3.14363177784203, -0.0017074720934028252, -0.0009414048633418236, 3.1394998567536496, -0.002706264830836431, 1.5384572412875748, -0.006204504813508713, 4.730618848231693, 1.593689493558267, 4.712776519636021, 1.5704795394346545, 1.571198831354076, 3.1374146014053146, -0.006037792080734073, 4.712641266159024, 3.142552565486038, -0.0010103087925330085, 4.712781872068975]",0.0
316,1.5645890258550685,"[1.5749095807460194, 4.721073515489039, 1.549162244997745, 4.731499293285453, 3.141508725292403, 4.750286798713661, 1.6116395583455334, 1.5683039953157956, 3.1391564267470784, 4.734770081022271, 3.133277604776564, 1.5717659220214253, 4.712806878080953, 4.714288028990747, -0.015264583749171974, 0.0015969515473048482, 0.0006578248734031189, -0.0033494873629448816, 3.139116603336014, 1.5713022151410236, 3.1381978594029265, -0.0005494674185535959, 3.143615033379894, -0.0016642639550657067, -0.000930312354298559, 3.1396061742809, -0.002753832158082606, 1.538390961560813, -0.006162948770758457, 4.730692939017269, 1.5936083649568213, 4.712782096760316, 1.570500361541135, 1.5711783454406087, 3.13750735146121, -0.006023499052782242, 4.712651968640168, 3.1425567505808107, -0.001098611401380819, 4.712733567128493]",0.0
317,1.5664392196169254,"[1.5749260298474403, 4.721048634093824, 1.5491780891836544, 4.731498960595356, 3.1414613472169965, 4.750321065687671, 1.6116518908735762, 1.5683007451448323, 3.1391707964719293, 4.7347698822388296, 3.133284365655755, 1.5717412625374187, 4.712843461434899, 4.714243998819176, -0.015296768223042281, 0.0015705761170512274, 0.00066700221245859, -0.0033457803023830552, 3.139097515208913, 1.571233936192494, 3.1382134072285965, -0.0005610034004437651, 3.1435859653320537, -0.001613946563761206, -0.0009119028856539378, 3.1395944136487226, -0.0027815667580733455, 1.5385036357499862, -0.006247396526732081, 4.730700574448992, 1.5936054087029066, 4.712755205216022, 1.5704865068604699, 1.5712698509954335, 3.137389460089309, -0.006013257877028008, 4.712659511355609, 3.142445752031747, -0.0011218705194700651, 4.712724179167868]",0.0
318,1.5542103867322958,"[1.5749171283366898, 4.721076844847406, 1.5491853312888715, 4.731513456667987, 3.1414834044756446, 4.750293631738128, 1.6116455037248782, 1.5683130806059769, 3.139114724306487, 4.734756940651549, 3.1332590967976803, 1.5717780102693812, 4.712825581921031, 4.714246761079474, -0.015295359597304305, 0.0016415488937274651, 0.0006793429954145048, -0.0033535920097360694, 3.1391450035211244, 1.571331580710724, 3.1382116096937835, -0.0005609337161275198, 3.1436477871426645, -0.0017066254137361387, -0.00094279925904196, 3.139623547155276, -0.002744032214694315, 1.5384330574264182, -0.006212964271733237, 4.7306838791145625, 1.5935942843983464, 4.7128083930189115, 1.5705196899313585, 1.5712660719898621, 3.137481223967134, -0.0060229989987100755, 4.712665914835017, 3.1425547419939175, -0.001073204513627436, 4.712742125922904]",0.0
319,1.5552470760708055,"[1.5749036895512678, 4.721095689499573, 1.5492310960743294, 4.731455265452072, 3.1415162748717154, 4.750306591058138, 1.6116572908840263, 1.5683371142019935, 3.139157627572125, 4.734747464457021, 3.1332115492233705, 1.5718078156810302, 4.712877197492338, 4.714264350874721, -0.015297069852985111, 0.0016304613625772331, 0.000657574903370875, -0.003400348211696577, 3.1391482067733802, 1.5713311282895723, 3.1382267759818805, -0.0006000618318577015, 3.143520968058505, -0.0017002874837964462, -0.0009458007992559295, 3.1395974943400575, -0.002810694051655018, 1.5384217048495548, -0.006287464296740825, 4.730727763342003, 1.5936352807503937, 4.712737146900869, 1.5704771569916423, 1.5711830458630982, 3.1375105313980574, -0.0059788585820721805, 4.712691946484993, 3.1425906524527822, -0.0011053894590498483, 4.712807175724021]",0.0
320,1.5649585861172544,"[1.5749199407077965, 4.721073808636183, 1.549216066236844, 4.731518988944849, 3.14148044880177, 4.7502940470528525, 1.611639018943932, 1.5682994425486947, 3.1391435315715794, 4.734760395632696, 3.1332696720123216, 1.5717985670092862, 4.712805796779937, 4.714284035788602, -0.015264275531325871, 0.001630971341286609, 0.000657154610853425, -0.0033960292079380046, 3.1391132822628336, 1.5713189083619694, 3.1381696392296763, -0.0005301938264771918, 3.1436027143878276, -0.001722999886581753, -0.000928455387940956, 3.139591233658042, -0.0027391630843333365, 1.5384425427649278, -0.006202011706932518, 4.730705630367517, 1.5936725069900235, 4.7127918224299705, 1.5704884758095325, 1.5712317694789446, 3.137486651296531, -0.0060036772155063044, 4.7126680465733815, 3.142533154167182, -0.001117098018720482, 4.712691424759092]",0.0
321,1.5570828235454206,"[1.574889405071563, 4.721109220645767, 1.5492143499141129, 4.731501988980421, 3.1415163583939774, 4.750284147500096, 1.611638137513529, 1.5682883171779451, 3.1391103781459475, 4.7348140855002425, 3.133265847123533, 1.5718056658630792, 4.712777821931986, 4.71425128155635, -0.015246854305823137, 0.0016040475977025283, 0.0007088436851598757, -0.0034316590202314, 3.1391144066476286, 1.5713072492494775, 3.1383099940095773, -0.00044555712572576554, 3.1435935872748644, -0.0017305456194076597, -0.0008985758609313299, 3.139598948562929, -0.0027783913497751484, 1.5384571646938414, -0.006183904475722142, 4.730728643210057, 1.5936026490908008, 4.7127398277671615, 1.5705303480297268, 1.571198605152255, 3.1374672607666723, -0.006042053422161935, 4.712649745448857, 3.1425068037763912, -0.000999998068622745, 4.712750121141463]",0.0
322,1.5562489144765783,"[1.5749557581876046, 4.72106767563444, 1.549206494070606, 4.731500211559767, 3.1414526933448816, 4.750297704550979, 1.611639137295657, 1.5682918060893083, 3.139153291281998, 4.734761556416688, 3.133262143067835, 1.5717732915493834, 4.7128279394302375, 4.714249623269442, -0.015272483649508797, 0.0016100152688987399, 0.0006905933257658866, -0.0033556473091191563, 3.1391332262429867, 1.5712887294022677, 3.138198443332622, -0.0005674433737873437, 3.1436432925376785, -0.0017129797158306373, -0.0009462175224333947, 3.13958254006512, -0.0027725159309567563, 1.5384775785383333, -0.006191538094321479, 4.730726516872772, 1.5936373493656641, 4.712784192989639, 1.570517118390105, 1.571166011062387, 3.1374789929489415, -0.00602060458106951, 4.712650880489088, 3.1425796254542484, -0.001063208395985075, 4.712719379635852]",0.0
323,1.5607526274749222,"[1.574937566367388, 4.721116062498105, 1.5491549008790475, 4.731561908024024, 3.1414695764620846, 4.750250233018314, 1.6116677911356625, 1.568301107687378, 3.1391547280801473, 4.734805628292408, 3.1331748922380087, 1.5717439631836492, 4.712915553764472, 4.714283398549507, -0.015301797900729143, 0.0016423893843351186, 0.0007024077228368202, -0.0032855964685901042, 3.1391787306087062, 1.5713068182147274, 3.138280276517287, -0.0005909617244800234, 3.143583839444135, -0.001765632110771646, -0.0008950767922352296, 3.1395993429784097, -0.0027620474315702397, 1.538410099995273, -0.006194541515886872, 4.730692606008666, 1.5936827829923788, 4.712751076308265, 1.5704915886651756, 1.5712365653877212, 3.1375053849907526, -0.00604211117435092, 4.712604186483088, 3.14252749729858, -0.0010388715930541386, 4.712663211884229]",0.0
324,1.5696567171774938,"[1.574934819054678, 4.721056876356678, 1.5491722670036272, 4.731527148240677, 3.141474809595096, 4.750286577499111, 1.611658618191717, 1.568303932573848, 3.1391800546784414, 4.7347706171364194, 3.133293474216235, 1.5717714885715275, 4.712820320641645, 4.714275975158174, -0.015274798130536608, 0.0016647778748755553, 0.0006657429117205856, -0.003357964152572294, 3.139158224453842, 1.5713107299004108, 3.138217336046874, -0.0005461901268907334, 3.143609353093109, -0.0017102706421783845, -0.0009387078727689455, 3.139604565580584, -0.0027696841919060762, 1.5384193628052278, -0.0062180235463855345, 4.730706245367019, 1.593620582703526, 4.712767022963505, 1.5704604908189757, 1.5711955707951433, 3.1374728157418628, -0.006047409708720718, 4.7127140529573355, 3.142535109137017, -0.0010501159756831503, 4.712700327635041]",0.0
325,1.5578346129648197,"[1.574928371787012, 4.721171293755111, 1.5492036007872116, 4.7314696961976725, 3.1415076556907637, 4.750362692824129, 1.6117137747810755, 1.5682451962031396, 3.139107398492628, 4.734737648501994, 3.133221797199843, 1.5717293008493725, 4.712854806792365, 4.714275778991555, -0.015240580500831406, 0.001626928966170704, 0.0006198483994680963, -0.0033967467278837424, 3.1391551206378665, 1.571303433260602, 3.1382069857563755, -0.0005923602807580575, 3.143671884323252, -0.0017169853956472063, -0.0009206516305012407, 3.1395794652761198, -0.002814517940693607, 1.538499860104499, -0.006111448751364664, 4.730667833173921, 1.5936015564427555, 4.712748684959207, 1.570457182667064, 1.5712563493958676, 3.1375318374810965, -0.006012161813729821, 4.712698757848169, 3.142536945256275, -0.0010589436945560773, 4.712721756642225]",0.0
326,1.5702037063184928,"[1.5748438505127456, 4.7210702340978665, 1.5492093238284557, 4.731516900942886, 3.141496857807641, 4.750306142410443, 1.6116865572564005, 1.5682687166857843, 3.1391579713040176, 4.734737290259278, 3.1332869865135176, 1.5717690937330675, 4.712836333776367, 4.714269354538796, -0.015258254818004463, 0.0016238321726173895, 0.0006733506059294166, -0.0033570600957359017, 3.139148872686059, 1.5713125964813748, 3.13821389283415, -0.0005809772596100695, 3.14363341094122, -0.00171000904398948, -0.0009425085195035787, 3.139596571834262, -0.0027680396824832447, 1.5384358730873238, -0.006203259479970591, 4.730735152750468, 1.5936482382838772, 4.712767689277801, 1.5704987090754379, 1.5712285605166512, 3.137479213314597, -0.006051898603718179, 4.712614958489943, 3.1425521990473793, -0.0010701070990282967, 4.712721968513509]",0.0
327,1.567671283358888,"[1.574918774376246, 4.721075432475434, 1.5491895659529946, 4.731506866453704, 3.141488266956503, 4.750309648883106, 1.6116542647865957, 1.568299417733961, 3.139168148254871, 4.734760587367466, 3.1332557756074486, 1.57176582916718, 4.712827084271668, 4.714268315289739, -0.015269892057370962, 0.0016129905540026085, 0.0006326204891414416, -0.003346311916784772, 3.139125059398443, 1.5713142809333813, 3.1382157381106834, -0.0005541288512929594, 3.1436151445000338, -0.0017180346399396592, -0.0009375228907085301, 3.13961340346545, -0.002755549537640933, 1.5384426820922381, -0.006191893865418107, 4.730711144472025, 1.5936463268496204, 4.712779327468189, 1.5704941448800915, 1.5712234456603817, 3.137489713750731, -0.006018776147547557, 4.712655616221166, 3.142535719021964, -0.0010497834122377217, 4.712728187971777]",0.0
328,1.5560743532545431,"[1.5749398426037808, 4.72110112331294, 1.549203741653144, 4.731497268424517, 3.141456013283629, 4.750296829569612, 1.6116687650772805, 1.5682850086390796, 3.13916087565741, 4.734733089290138, 3.1332501120768783, 1.5717691720584062, 4.712822748515897, 4.7143070669271285, -0.015240381973560816, 0.0016221120841999916, 0.000692919696846463, -0.0033686881648029993, 3.1391278930606137, 1.571300362258554, 3.138193632310958, -0.0005652834875870872, 3.143564953721845, -0.0017046179697794348, -0.000944185523052442, 3.1396033168256445, -0.0027497270555791233, 1.5384365499939483, -0.006196857660918937, 4.730675655463191, 1.5936176185488526, 4.712808628882588, 1.5704911190074984, 1.5712288457326966, 3.137485159359737, -0.006065357268647404, 4.712636014109435, 3.142536463045, -0.0010421667043938505, 4.712739795215]",0.0
329,1.5640325263055732,"[1.5749316054894897, 4.721085940688574, 1.549189529266357, 4.731514134736381, 3.1414798878046035, 4.750301219061882, 1.6116498289891288, 1.5682761845197222, 3.139161406723612, 4.734768808288561, 3.133257653018566, 1.5717790749024494, 4.7128197683092035, 4.714278830504011, -0.015263039389017944, 0.0016252339686320726, 0.0006550397128563996, -0.0033532540636460394, 3.139124123634612, 1.5713135264926517, 3.138232804178091, -0.0005597355878585548, 3.14361559058019, -0.0017118746218648983, -0.0009406746525804342, 3.1395888922579136, -0.0027675622068867632, 1.5384313961943774, -0.006188322054533917, 4.730705049014472, 1.5936323857977084, 4.712768472091415, 1.5704807341969071, 1.5712376088203583, 3.1374672360570828, -0.006036117602230187, 4.712650666639964, 3.14256584551923, -0.0010883962804812504, 4.712729575553386]",0.0
330,1.5691506243575546,"[1.5749304520769776, 4.721079375718737, 1.5491569853861111, 4.731504157791019, 3.1415127870528616, 4.75030131995273, 1.6116719949496765, 1.568335293784565, 3.1391661866712477, 4.7347004364516145, 3.1332654156123194, 1.5717691667755491, 4.712815720635765, 4.7142975615473794, -0.015304899755512016, 0.001630900848828712, 0.0006875567670960686, -0.0033669892400935418, 3.1391374766820053, 1.5712845632779047, 3.138236094969705, -0.0005440230531339688, 3.1436046522734094, -0.0017302538049839239, -0.0009301392124340652, 3.1396029328628634, -0.0027603057737376657, 1.538465352193908, -0.006159173952472808, 4.7307205737654625, 1.5936430108432893, 4.712774861150413, 1.5704936023338243, 1.571233721782144, 3.1374776393764634, -0.006031582432563362, 4.712653948176088, 3.142561557816062, -0.001089429410854336, 4.71272561150093]",0.0
331,1.5594536756025834,"[1.5749285014706031, 4.721090262161166, 1.549184812530091, 4.731511766243236, 3.141490764915323, 4.7502681022833055, 1.611692226419539, 1.5682980030215707, 3.1391419685482345, 4.734760449415079, 3.1332649665638796, 1.5717879631871714, 4.712835385931098, 4.714272774809428, -0.015268701882640994, 0.0016162497021235582, 0.0006481395221632667, -0.003350861128984624, 3.139128968863542, 1.5713110902746283, 3.138212933196138, -0.0005484293385609743, 3.1436168279155368, -0.0017070185436923566, -0.0009493266980192846, 3.139597951015499, -0.002759767317502342, 1.5384518646585483, -0.0061961954549609, 4.730703224801587, 1.59363409719407, 4.712775661260413, 1.5704856134505127, 1.5712136173477096, 3.1374818657696393, -0.006035372707415818, 4.712650341678661, 3.1425411947043194, -0.0010781513027194611, 4.712725286191967]",0.0
332,1.559565845282036,"[1.574916431817617, 4.721090570191863, 1.549173501554696, 4.731470772083571, 3.141499480186926, 4.750319136299077, 1.6116208404089414, 1.5682785860047572, 3.13915215362637, 4.734746573736248, 3.13326738709784, 1.5718167242783259, 4.712864871083336, 4.714270901104886, -0.0152686682025202, 0.0016205021936654168, 0.0006758953402777274, -0.0033216729990888957, 3.1391648966892363, 1.571302963711461, 3.1381952275235925, -0.0005098600917973576, 3.1436145373256994, -0.0017191070976199474, -0.0009683706457921704, 3.13958686531632, -0.0027725514762446213, 1.5384385846850384, -0.0061903697238217155, 4.730695571529664, 1.5936286849268564, 4.712772809779191, 1.5704703563876765, 1.571225333936134, 3.137486307042483, -0.006029319213273783, 4.712638940908056, 3.142528102885722, -0.001072908162287411, 4.7127141095952]",0.0
333,1.5731146423277065,"[1.5749227690930534, 4.721085918236847, 1.549176299886303, 4.731501828019542, 3.1415026358364653, 4.750302656513841, 1.6116612313466492, 1.5682916560450093, 3.1391498582377566, 4.734754948326385, 3.1332591265528507, 1.5717778964802087, 4.712823431951261, 4.714280826941806, -0.015257956619030434, 0.0016150804965322577, 0.0006570177696951343, -0.0033566559594880117, 3.1391268706535276, 1.5712910281084111, 3.138217731741247, -0.0005545113885737538, 3.143616733592178, -0.0017069988525457616, -0.0009301861474371025, 3.139599995202629, -0.0027601058426753888, 1.5384444209201946, -0.006224888188217338, 4.730696468820765, 1.5936309513614402, 4.712771743951502, 1.570496739742249, 1.5712282775693927, 3.1374927053370087, -0.006031957155019784, 4.712653680678052, 3.142567391907283, -0.0010639128709134767, 4.712692550715533]",0.0
334,1.5602288606628139,"[1.5749480141619865, 4.72105230477733, 1.5491740517355521, 4.7315214269102475, 3.1414867063005105, 4.750299513135847, 1.6116590808170568, 1.5682740352283655, 3.139146415178582, 4.734733942012448, 3.133271562340932, 1.5717966292076293, 4.712848391738855, 4.714274778680053, -0.015244027466596914, 0.0016178433873938907, 0.000660406664030331, -0.0033438409667983222, 3.1391442772856153, 1.5713388415923375, 3.1381955859982793, -0.0005536710824466227, 3.143601405568817, -0.0017017188444975002, -0.0008888400169551902, 3.139599755979224, -0.002757055644590128, 1.5384522225035857, -0.006186795681833439, 4.730702674635314, 1.5936390039589332, 4.7127240915882105, 1.5705370743128608, 1.5712328072502477, 3.1374994725046754, -0.006051078546680425, 4.712669783602888, 3.1425444880966733, -0.001076770771324008, 4.712739955168018]",0.0
335,1.560227531893483,"[1.574926586758315, 4.721067279475837, 1.5491824725334968, 4.731509352114229, 3.1414871250672842, 4.750298938024979, 1.611662352987474, 1.5683045944985017, 3.1391437276460823, 4.734740575469356, 3.1332618269628068, 1.5717816106747682, 4.71282986605725, 4.714261673804765, -0.015244895819897027, 0.001620504001355983, 0.0006716387741541076, -0.003354892027173808, 3.1391210428778464, 1.57131652841062, 3.1382216247031978, -0.0005630091419220661, 3.1436197967736774, -0.0017171916954860937, -0.0009170798571330435, 3.1396002020609863, -0.002772204743438385, 1.5384341982825256, -0.006195152399080542, 4.730697396345851, 1.5936289108628081, 4.71277811941386, 1.570463513948816, 1.5712164982886963, 3.1374821373530173, -0.00601420514098361, 4.712640145374759, 3.1425402849691064, -0.0010698668924069453, 4.712717450830218]",0.0
336,1.5727510087913257,"[1.5749249484528551, 4.721129693030186, 1.549182475126446, 4.731540452950932, 3.1414743636910774, 4.75029046546738, 1.6116469679454157, 1.5683204657294703, 3.1391519149348683, 4.734715802499381, 3.1332650119784597, 1.5717444567034808, 4.71283142464342, 4.714245343502196, -0.015215664407682142, 0.0016224215741936047, 0.0006623635833652111, -0.003351610908741961, 3.139138227060888, 1.5713067233065632, 3.13821980931503, -0.0005448771270762769, 3.143611306694828, -0.0017156327074564352, -0.0009771657187735115, 3.13958451419276, -0.0027651311922969194, 1.5384169440739068, -0.006201424713934892, 4.7307030241111105, 1.5936321625351253, 4.7127496867402074, 1.5705249640727437, 1.5712175742237724, 3.137472136717339, -0.006007723055247155, 4.712662048768599, 3.142531947064948, -0.0010869364162923285, 4.712718842881386]",0.0
337,1.5656334862789938,"[1.5749232568444476, 4.721093552232857, 1.5491709090933934, 4.7315079740662815, 3.141496095997995, 4.750301232983575, 1.6116557175432351, 1.5682982978201538, 3.1391543596675855, 4.7347586572197935, 3.133262627059302, 1.571764586540422, 4.71281520042002, 4.714274591252512, -0.015260877861235601, 0.0016210298951851217, 0.0006625984071423033, -0.0033473028917355894, 3.1391353326656333, 1.5713293958362078, 3.138213990381125, -0.0005561655437005144, 3.1436137427823216, -0.0017146332583464338, -0.0009279394128682551, 3.1395839341428267, -0.0027916177356731723, 1.538448958492194, -0.006208581848901188, 4.730707549727615, 1.5936414942574695, 4.712797262888728, 1.570499956366221, 1.571217493362477, 3.137489384153199, -0.006043028244233474, 4.7126530011308665, 3.1425334153585402, -0.001083640178537981, 4.712721769218425]",0.0
338,1.554058521848629,"[1.574930651652714, 4.721123281823885, 1.5491733905683986, 4.731482233979897, 3.1414779590881654, 4.75029131957356, 1.611644762513782, 1.5682882972118155, 3.139163483005568, 4.734749582402684, 3.133258527960181, 1.5717571892954738, 4.712797335298768, 4.714262317461022, -0.015282120926245623, 0.0016254246420071678, 0.0006844110096136457, -0.0033572098827010155, 3.139129010492694, 1.571341998839464, 3.1382052355777224, -0.0005644702224896239, 3.1436371764756035, -0.0017108058510038775, -0.0009289817780464275, 3.1396188536658673, -0.0027171637719161034, 1.5384571090296866, -0.006221237247168929, 4.730708803420284, 1.5936341790948971, 4.712726209774497, 1.5704582573567405, 1.5712056532921739, 3.1374977461480467, -0.006043893075678662, 4.712631023351216, 3.14252706243058, -0.001085948825023232, 4.712728652579111]",0.0
339,1.5647748684304414,"[1.574924237970497, 4.721092924701398, 1.5491873621863923, 4.731500843512059, 3.141495918180298, 4.750302028888244, 1.6116638331664002, 1.5683024577497227, 3.13914089671953, 4.734754420802395, 3.1332578179175767, 1.5717691557046543, 4.712825236238556, 4.714269207677842, -0.015274185113041338, 0.0016319320289308137, 0.0006722993591471377, -0.003345627744381392, 3.1391116661616616, 1.571328580618393, 3.138197365717893, -0.000555424641353964, 3.1436057156482033, -0.001694223676832446, -0.0009401025975464629, 3.139595652925451, -0.0027734887471622424, 1.5384321746280176, -0.006186632960222313, 4.7307130069090055, 1.5936412685101093, 4.712761116297681, 1.5704926624810478, 1.5712252590339508, 3.137466389908676, -0.006030552512442772, 4.712653877056706, 3.1425514448557417, -0.001055581214328528, 4.712703477480769]",0.0
340,1.5677268033705476,"[1.5749378026657253, 4.721057721082018, 1.5492223551362139, 4.731513690620403, 3.141536966031927, 4.750284782404782, 1.6116501180931528, 1.5682920830600902, 3.139168093548576, 4.734753973250344, 3.133243076255592, 1.5717520128506917, 4.7128276574407835, 4.71429203942712, -0.015260314764404724, 0.001590964945131079, 0.0006713380390136671, -0.0033613096982509204, 3.1391607303479145, 1.5713563578975631, 3.1382181164075016, -0.0005669321189670961, 3.1436065983426182, -0.001720337778088617, -0.0009593862749006269, 3.139600029175334, -0.0027536433352446034, 1.538460452011027, -0.006189361158097159, 4.730694090126261, 1.593592736147836, 4.712767043271146, 1.5704930831499087, 1.5712125038568525, 3.1374615271004163, -0.006022422493788644, 4.712647019399429, 3.1425348940636773, -0.0010819996946198542, 4.712687391062171]",0.0
341,1.5605919304651823,"[1.5749374246645498, 4.72108642544573, 1.549188802617747, 4.731507493398613, 3.1414914877041342, 4.750312572383214, 1.6116743695806106, 1.5683000903224, 3.1391576194078157, 4.734771709573258, 3.133293552995685, 1.5717604328765031, 4.712832203052799, 4.714270513681501, -0.015273798927897323, 0.0016224994999090487, 0.0006679797883696144, -0.0033589228503374206, 3.139129141284313, 1.571313137335884, 3.1382075790365085, -0.0005534656924326533, 3.1436065539996956, -0.001729264040967632, -0.000937959259805501, 3.139592546265608, -0.0027666761092292706, 1.538433300788107, -0.006199766356677682, 4.730693466062046, 1.5936256314269948, 4.712763053421591, 1.5704977500988768, 1.5712258367992322, 3.137492429656604, -0.006019230238814254, 4.712634124343239, 3.1425457942674053, -0.0010755742685382324, 4.712720058860071]",0.0
342,1.5643219706830505,"[1.5749718013969232, 4.721093812069864, 1.5491856124096253, 4.731499885257948, 3.141516474847958, 4.750319589912387, 1.6116601482719675, 1.568280470429792, 3.1391273121718544, 4.734747738470719, 3.1332627170181344, 1.5717824945228356, 4.712841511231857, 4.7142639137240625, -0.015270794304303286, 0.0016106515387017913, 0.0006545415156880656, -0.003387308283719656, 3.1391406621238414, 1.57129473536084, 3.1382166421348265, -0.0005798561623687401, 3.1436278694497295, -0.0017214570613374475, -0.0009384108790909821, 3.139628724646966, -0.002759851168247416, 1.5383913173638077, -0.006201074242649328, 4.730738199791991, 1.5936463934843268, 4.712784726364841, 1.5705006762696923, 1.5712084881922643, 3.137461182294432, -0.0060602532594401315, 4.712646895433786, 3.142513481427127, -0.0010832127900070661, 4.712713374151198]",0.0
343,1.5761902179242875,"[1.5749328351179872, 4.721085749889759, 1.5491956765529522, 4.731515138434389, 3.1415007292344206, 4.750302243744742, 1.611655072612133, 1.5683009955788196, 3.1391484179233284, 4.7347597069620075, 3.1332654197619974, 1.5717679140721563, 4.7128389806758255, 4.714309806389213, -0.015254056961869654, 0.0016378498524392791, 0.0006739929345243091, -0.003347912462059783, 3.1391225308865343, 1.5713098390548572, 3.1382188981906416, -0.0005539137839656158, 3.143635640520466, -0.0017001309027977836, -0.0009405843980901918, 3.1395994191187246, -0.0027622684761330362, 1.5384434871608808, -0.00620635379296694, 4.7307122008153035, 1.5936390294165164, 4.712769397969594, 1.5704923516860014, 1.5712201800455154, 3.1374871690843693, -0.006018966147080233, 4.712650275882131, 3.142534133359568, -0.0010708016745226098, 4.7127315327216355]",0.0
344,1.5568313430452723,"[1.5749263891069503, 4.721077554687734, 1.549211876344191, 4.7315461087829735, 3.1414715563141824, 4.750317083188825, 1.611627666825721, 1.5683286144839506, 3.139098029463225, 4.734741271958006, 3.1332760572380756, 1.5717677683529312, 4.712822585221955, 4.71428174954546, -0.015295287301201254, 0.0015916180530164124, 0.0006421119825789823, -0.0033537595163501744, 3.1391347525413344, 1.5713127205889326, 3.138222257305563, -0.0005600939100008289, 3.1436059980875077, -0.0017042505851229586, -0.0009502462970245938, 3.139580293510756, -0.002772047890903304, 1.5384448805090634, -0.00619808405238677, 4.730694008406903, 1.5936328128259816, 4.712752115976715, 1.570461575092119, 1.5712165047093005, 3.1375126925779675, -0.006073734460613849, 4.712641327514392, 3.142543567152728, -0.0010668516959345213, 4.7127176454096995]",0.0
345,1.5554417365962117,"[1.5749255950777257, 4.721090524428644, 1.5491957761451702, 4.731519189364646, 3.1414890065184577, 4.750292298284187, 1.6116576796437072, 1.5682741666954458, 3.139161910238427, 4.734727895244597, 3.133260647765478, 1.5717734959220624, 4.712832130169326, 4.7142783065928215, -0.015293184590062639, 0.0016201594012898867, 0.0006598908844187789, -0.0033575612730812614, 3.139114667911843, 1.5713158167617867, 3.1382183081640007, -0.0005479818580608855, 3.1436251221195923, -0.0017118208990134754, -0.0009302030813189961, 3.139588577380285, -0.0027737920062999672, 1.5384280934660481, -0.0062060528200733765, 4.7306904393762785, 1.5936274706252866, 4.712772183174674, 1.5704973422829018, 1.5712113453916972, 3.1374863815764527, -0.006023961320717262, 4.712651234341156, 3.1425353832103196, -0.0010683648036682624, 4.712715861427221]",0.0
346,1.5667894187483227,"[1.574919887393205, 4.721088283454157, 1.5492262914574377, 4.731489121236479, 3.141493109461127, 4.750301891008115, 1.6116596878001286, 1.5683474247697022, 3.139193235192427, 4.734760619905092, 3.1332444759289673, 1.5717886080662509, 4.712855285643105, 4.714248542370613, -0.015261202755122218, 0.0016365152874190099, 0.0006592420961538217, -0.0033578475854632445, 3.1390997698985776, 1.5713080941738857, 3.1382121063053723, -0.0005513685330044305, 3.1436434498685606, -0.0017197994727495254, -0.0009195463050293982, 3.139582119060959, -0.0027609998998329305, 1.5384328076814895, -0.006187238189151446, 4.730681498943539, 1.5936163307432345, 4.712765776847758, 1.570501256233681, 1.5712186938266455, 3.1374900777106753, -0.006088302018637864, 4.712651335859874, 3.142535613378297, -0.0010915920922731639, 4.712711438526652]",0.0
347,1.5659164342097784,"[1.5749270395039376, 4.721084452380582, 1.5491908869604727, 4.731504169190046, 3.141496783834691, 4.750285982627005, 1.611646179660619, 1.56828945218883, 3.1391486960092014, 4.734748999698377, 3.1332733977356866, 1.5717407086640856, 4.7128574133810615, 4.714264345599262, -0.015261725912268362, 0.0016230938841617219, 0.0006616536523457283, -0.0033639080756484446, 3.139121516089215, 1.5713170961045726, 3.1382176685831475, -0.0005379343919133042, 3.1436115417657753, -0.0017072871449404577, -0.0009306484070153656, 3.139603772238257, -0.002760340220578268, 1.5384441869125842, -0.006198447453565279, 4.730706877852001, 1.5936392554991408, 4.712781794471323, 1.570480196453859, 1.571223118172045, 3.13748668467266, -0.006042561620756897, 4.712653801242832, 3.142557654621546, -0.0010773616106379, 4.712719740199241]",0.0
348,1.5633250095244309,"[1.5749405198621473, 4.721067415509983, 1.5491851262424339, 4.73154721678604, 3.141494454829257, 4.750335163376169, 1.6116952697973599, 1.5682928593970082, 3.1391607555959973, 4.734755365006601, 3.133207626923381, 1.5717543492082127, 4.712821312415956, 4.714250194247971, -0.015272695603732156, 0.001622603586074072, 0.0006727416301583644, -0.0033671929982495782, 3.1391519143094837, 1.5713121355786452, 3.1381889498033004, -0.0005007539465015578, 3.1436240879897905, -0.0016877449811900683, -0.0009340900230195655, 3.139581108289585, -0.0027562966632520276, 1.538426185243841, -0.006210371066937041, 4.7307120612175995, 1.5936281766864122, 4.712773471681838, 1.5704724718314778, 1.5712164993641438, 3.1374923257966394, -0.006037597718482173, 4.712629990264848, 3.142553855063553, -0.0010785809945920036, 4.712737022968683]",0.0
349,1.5574783031624775,"[1.574930705509366, 4.721089328431623, 1.5491925725007447, 4.731520803478933, 3.1414994755885957, 4.750306149687966, 1.6116514176831591, 1.568292682001737, 3.1391553128345167, 4.734750930167948, 3.1332643025031133, 1.5717788613007326, 4.7128273236672396, 4.714259815028336, -0.015266072295959695, 0.0016555304484372653, 0.0006501062758496245, -0.0033572850981531035, 3.139133270574864, 1.5713101417532866, 3.1382241156170068, -0.0005590408928122909, 3.1436017779184886, -0.0016906986635042704, -0.0009370663627616229, 3.139603319106527, -0.002760776241047337, 1.5384535661985301, -0.006191240252050221, 4.730702354695473, 1.5936265884723415, 4.712777044209779, 1.5704949392666006, 1.5712109626894755, 3.137493825819692, -0.006030760698564648, 4.712630922443672, 3.142540129625742, -0.0010775859293992375, 4.7127093984166954]",0.0
350,1.5607736725961794,"[1.5749382377074181, 4.72108518433316, 1.5492058885248519, 4.731526284819109, 3.1415236425370594, 4.7503015352068765, 1.6116676916435226, 1.5682731394753164, 3.1391607677017244, 4.734753718156506, 3.133269654378079, 1.5717833407436104, 4.712819374451972, 4.714230727601049, -0.015269896085538855, 0.0016057398414052594, 0.0007089615243909992, -0.0033297279250537348, 3.1391047956209635, 1.5713034607674472, 3.138229880135605, -0.0005737446321990169, 3.1436003329561517, -0.0017041717333446955, -0.0009559834528317099, 3.1395741349126656, -0.0027403637480719507, 1.5384389436544124, -0.00618954484683954, 4.73071449660044, 1.5936413667717135, 4.712784539294805, 1.5704764723558917, 1.5712373041632475, 3.1375341292405388, -0.006035067809033322, 4.712687709317914, 3.1425284664743427, -0.001073739995770274, 4.712723993107788]",0.0
351,1.5699770847295649,"[1.5749239543690048, 4.721081242312867, 1.549204678058828, 4.7315124390492915, 3.1415094529001566, 4.75029039173067, 1.6116545973592082, 1.5682901252385941, 3.139141793141686, 4.734752691232812, 3.1332548939354274, 1.5717590933518992, 4.712812574543712, 4.714266766349012, -0.015264541579888638, 0.0016348226390192433, 0.000661203177502184, -0.003333744984201724, 3.1391300335312495, 1.5712888721844946, 3.1381986480350488, -0.000552478124879091, 3.1436111817347974, -0.0017287913451055142, -0.0009292905575520937, 3.1396047087255736, -0.00277067210808662, 1.5384391740544465, -0.006199655521444078, 4.7306942848869005, 1.5936335192921267, 4.712763568124739, 1.5704876435243476, 1.5712161315547923, 3.1374787533659063, -0.006037935131450114, 4.712652445980559, 3.142542637328606, -0.0010788039309182814, 4.712730902868809]",0.0
352,1.5688458399396765,"[1.5749031515278, 4.721052297266064, 1.5491457907522443, 4.731508571520073, 3.1414785415040942, 4.7503200006913096, 1.6116614228455783, 1.5682767760815692, 3.1391247847564463, 4.734758274386796, 3.1332337068546887, 1.5717609598666207, 4.712846409767927, 4.7142763196742985, -0.015268738708242994, 0.001645055678970662, 0.0006622436208674346, -0.0033655410963479124, 3.139080765676285, 1.5713153559500062, 3.1382146556262396, -0.000562381091525863, 3.1435991835744117, -0.001746952357594729, -0.0009690189444209176, 3.1395808506631124, -0.0027442520138044467, 1.5384506567024703, -0.006197685496664989, 4.7307107327861075, 1.5936012910879818, 4.712764410250793, 1.5705007411089116, 1.5711961644077386, 3.1374920475631276, -0.006044706175128672, 4.7126574060723785, 3.1425254185214997, -0.0010895891970352256, 4.71271661022171]",0.0
353,1.5630811908490763,"[1.5749318457412311, 4.721064336621513, 1.5491818889591378, 4.731501419349102, 3.141492306762428, 4.750279010305405, 1.6116523819318034, 1.5682958831288965, 3.139157832462738, 4.734754744111911, 3.1332522315853235, 1.5717653447464994, 4.712821854794794, 4.71426736937171, -0.015264896855486801, 0.001628297723120444, 0.0006654875329603929, -0.0033744502350702087, 3.139128958590508, 1.5713057326229414, 3.1382109704405106, -0.0005577179678583888, 3.1436224328018194, -0.0017045336186077725, -0.0009567263511722706, 3.1395956111886836, -0.0027830488609765247, 1.5384353244105813, -0.006195422298009881, 4.730699837378018, 1.5936420727962104, 4.712758918346879, 1.5704927924092242, 1.5712372437713042, 3.137504050710511, -0.0060356029398628145, 4.712641220082065, 3.1425338915691685, -0.0010691189785643337, 4.7127187652659055]",0.0
354,1.5619629806299389,"[1.5749182612869717, 4.721076109222515, 1.5491885848664757, 4.731516372114156, 3.141486940761035, 4.750330878366434, 1.611674450516103, 1.568287962214586, 3.139150466213653, 4.734758088399086, 3.133259154860616, 1.571775053286969, 4.71282997052894, 4.714263566952012, -0.015268239192887204, 0.0016148618856081701, 0.000690486851961083, -0.0033580022400175554, 3.139122690087243, 1.5713267961625568, 3.1382381996273834, -0.000547077452280498, 3.1436183533834274, -0.0017008621417167582, -0.0009640876121775463, 3.139649123239406, -0.002778510683351597, 1.5384494011857537, -0.006193389726509267, 4.730635168730273, 1.593680911780305, 4.712766586803995, 1.5704978001847711, 1.5711946525352936, 3.1374789058376598, -0.006042956645798424, 4.712662486135707, 3.1425476334222684, -0.0010933724427866615, 4.712717902333525]",0.0
355,1.5719398569130894,"[1.5749165056492482, 4.721100577786473, 1.5491781984641895, 4.731537495161213, 3.141484125349451, 4.750288261532206, 1.6116503208470394, 1.5682967732310837, 3.139156911948046, 4.73477370761689, 3.1332432928346323, 1.5717752943541943, 4.712850670493132, 4.7142705987402325, -0.0152792593038503, 0.0016155164776178372, 0.0006808246751877566, -0.003358803347693788, 3.139136777218143, 1.571305150817796, 3.1382083311893894, -0.000566746549415805, 3.1436078672337247, -0.0017171942661894646, -0.0009236514338385409, 3.139607258862685, -0.002767560532191054, 1.5384386500713398, -0.006186721808335721, 4.730700741386425, 1.593634692176002, 4.712768867988802, 1.5704885283585879, 1.571220483934174, 3.1374922884782026, -0.006029518217317821, 4.712645773424392, 3.142538187726727, -0.0010740612333453373, 4.712709795455978]",0.0
356,1.57375478207126,"[1.574926948627879, 4.72108538458499, 1.549182595421706, 4.731520987066274, 3.1414901984658794, 4.750301711849153, 1.6116591523958386, 1.5682907238239367, 3.1391525674598686, 4.734755480186588, 3.1332653613567176, 1.5717661541782175, 4.712825022205672, 4.714272634078236, -0.015261430841660656, 0.0016211294045592214, 0.0006659519836615501, -0.0033524944484874873, 3.139125665320683, 1.5713084536997275, 3.138210305959849, -0.0005496497495983136, 3.143628449354141, -0.0017123861800128145, -0.0009369622136586375, 3.139598691569165, -0.002759726684435459, 1.5384440061165991, -0.006184447746792993, 4.730698847748569, 1.593631759010157, 4.712774251177034, 1.570490324949032, 1.571224834141037, 3.1374845922188794, -0.006040601245199475, 4.712649157576755, 3.1425366956964997, -0.0010707755197638768, 4.712707452895662]",0.0
357,1.563175369537364,"[1.5749183683015386, 4.721102586224318, 1.5491942116542772, 4.731503856374024, 3.1414956074380185, 4.750316544964258, 1.6116664545208965, 1.5682888401458481, 3.1391486234502115, 4.734750631863033, 3.1332583541084738, 1.571770576450619, 4.712833145537648, 4.71426989968835, -0.015263207694259493, 0.0016224053204589202, 0.0006564158824589163, -0.0033799296149492858, 3.1391350160829057, 1.5713095795529513, 3.1382016383797993, -0.0005647997477890056, 3.143621817664616, -0.0017056621617433892, -0.0009367988320911473, 3.1395981263978143, -0.002779939131456265, 1.5384530255295876, -0.0061841819886863415, 4.7306984661546405, 1.593617957014858, 4.712764830986474, 1.5704778566059545, 1.5712199938010314, 3.1374959496329233, -0.006025418714542399, 4.712676033352632, 3.1425445208825855, -0.0010759500547081271, 4.7127289139240816]",0.0
358,1.5656563083951407,"[1.5749241561507554, 4.721083038987916, 1.549193477582747, 4.731509739405588, 3.141481728570955, 4.750302905250411, 1.6116625938037756, 1.568295826272866, 3.1391536409605845, 4.734754373692589, 3.133258626922558, 1.5717676700460719, 4.712829809690341, 4.714272515824658, -0.015267220113121729, 0.0016178706545431814, 0.0006676186939886814, -0.0033495344083534543, 3.139126083073803, 1.571306912691205, 3.1382164920420776, -0.0005500374007413977, 3.1436122200672685, -0.0017056638549445902, -0.0009362476775418218, 3.1396092119098222, -0.0027713814704532483, 1.5384416967242547, -0.006198743664857096, 4.730711531302165, 1.5936250177234397, 4.712768914068318, 1.5704908259384616, 1.571224775737093, 3.13748954659288, -0.0060327799219043144, 4.712653923025693, 3.1425361050248326, -0.0010847938377594338, 4.712711708952184]",0.0
359,1.5650895332003518,"[1.5749210023398295, 4.721077448981153, 1.5491791162079256, 4.731516387609046, 3.141496708515146, 4.750305531467421, 1.6116513074319936, 1.5682998224138214, 3.139160602136355, 4.734757520157736, 3.133268589203011, 1.5717688330422919, 4.712834874787619, 4.714261997587645, -0.015272868615847465, 0.0016094541813250548, 0.0006663694835227652, -0.0033626984948587455, 3.139120676580315, 1.571294908032171, 3.1382078088974055, -0.0005620737387031091, 3.1436093543026336, -0.0016887738786660728, -0.000934887504316365, 3.1395875724234656, -0.0027610892883765384, 1.5384554118947138, -0.006210409733632875, 4.730693814157869, 1.593631910673883, 4.712767143870303, 1.5704878932486968, 1.5712267686581654, 3.1374569950601483, -0.0060320547278906065, 4.712651098150832, 3.142523766330045, -0.0010781523567301794, 4.712730119326341]",0.0
360,1.5686637126254055,"[1.574919423001282, 4.721087534853313, 1.5491914294713516, 4.731512405866704, 3.141496243733558, 4.750299812539183, 1.6116558444195013, 1.568295750858883, 3.139148568461277, 4.734760848127456, 3.133261606122497, 1.5717758552681502, 4.712822823719232, 4.714269029043317, -0.015262711839814746, 0.0016193586329527004, 0.000670943876493888, -0.003366256628895669, 3.1391253261180347, 1.571311112200765, 3.1382242159587057, -0.000540534150607128, 3.1436132617878303, -0.001713012059073279, -0.0009343516437023144, 3.1395988831725052, -0.002765631887123535, 1.5384423930547666, -0.006195799664144197, 4.730706105678582, 1.5936286083422198, 4.712766883505168, 1.5704948765498212, 1.571217100087462, 3.137484245901269, -0.006035917317668274, 4.712651986873305, 3.142538567629005, -0.0010660225706704636, 4.712723003197532]",0.0
361,1.5606563112601284,"[1.5749173851826777, 4.721099087394149, 1.5491790593097603, 4.731534474231248, 3.1414895453060425, 4.750287688948542, 1.611649518578438, 1.568300975924798, 3.139158465131795, 4.7347700400407104, 3.1332406897919984, 1.5717782998434329, 4.712853884906711, 4.714271342618132, -0.015280241019387708, 0.0016193965658191794, 0.0006781079067544276, -0.0033592161272054414, 3.139138249207232, 1.5713103192419824, 3.1382067312384185, -0.0005727058030456288, 3.1436032657652544, -0.0017195302935613269, -0.0009279195841509964, 3.1396038559564534, -0.0027664341721183694, 1.5384337983182315, -0.00619435065724768, 4.730699826064826, 1.5936398651524737, 4.712768863426562, 1.5704874183724746, 1.5712158771341949, 3.137494739493748, -0.006027401342478587, 4.712646201938625, 3.1425471699249314, -0.0010746504379354168, 4.712716813313773]",0.0
362,1.564477808097933,"[1.5749047620506784, 4.721080369125598, 1.5491926954307562, 4.731516581758407, 3.1414930974795316, 4.750302478685507, 1.6116635000456465, 1.5682924228237256, 3.139157536482044, 4.7347483754187065, 3.133267705093535, 1.5717733452123814, 4.712831053685854, 4.714270754712644, -0.015264528504566563, 0.0016225867177456122, 0.0006685890347181601, -0.0033582366968121307, 3.139133243408143, 1.5713132842878645, 3.1382092163433772, -0.0005619088151632291, 3.1436185208069314, -0.0017106963077089092, -0.0009421781680231951, 3.139598898952828, -0.002763271686431778, 1.538437005365312, -0.006200144319407001, 4.730710452567531, 1.5936357941491244, 4.7127706948628685, 1.5704906606906472, 1.5712188880347198, 3.137485905470599, -0.006039670375163345, 4.712645589138907, 3.1425473382038174, -0.0010754607170266688, 4.71272065206092]",0.0
363,1.5626621035898163,"[1.5749213380437592, 4.721085391491064, 1.5491812386810124, 4.731514070038945, 3.1414880960434117, 4.75030413255727, 1.6116591100928384, 1.568295255462653, 3.139149995478603, 4.734755081566342, 3.133259588426049, 1.5717717881657178, 4.7128324170273865, 4.71427041011418, -0.015266388554993807, 0.0016269732626762175, 0.0006651805639354036, -0.0033566714214373515, 3.139120653621959, 1.5713068959116685, 3.1382122038451143, -0.000554091555843871, 3.1436153930955455, -0.0017129493166890251, -0.0009385225595168439, 3.139597619926946, -0.0027639260387595545, 1.5384394305259717, -0.006198040465077499, 4.7307039726907245, 1.5936341644153618, 4.712770274028922, 1.570490321282771, 1.5712186881004622, 3.1374894763772074, -0.006036080832117306, 4.712652874749087, 3.142542049384986, -0.0010753324257014316, 4.712721671779884]",0.0
364,1.5563400795940578,"[1.574925778716926, 4.721075244906042, 1.5491863096824454, 4.731512611142998, 3.1414995485550357, 4.750302272941449, 1.6116569848195896, 1.5682951282603954, 3.1391523267265162, 4.734753928395701, 3.133250588743636, 1.5717675491286782, 4.712833380628195, 4.714275889263653, -0.015265780233471886, 0.0016199297032189878, 0.0006646614200200624, -0.00335783868786552, 3.1391257756571194, 1.5713219556899278, 3.1382133968507966, -0.0005597292031365622, 3.143609603097055, -0.0017189470932620604, -0.0009481969714991147, 3.139594887865021, -0.002758219801760552, 1.5384445750577356, -0.006197814285461522, 4.730700921416256, 1.5936216174869744, 4.712769413918699, 1.5704911821347414, 1.5712133381485125, 3.1374837016441175, -0.006033335728355092, 4.7126537325073805, 3.142541437039631, -0.0010792396763322331, 4.712713734000283]",0.0
365,1.5677007346744236,"[1.5749252927874353, 4.7210855852929665, 1.5491874084762056, 4.731514987904598, 3.141493796510074, 4.750301853503996, 1.6116597341212588, 1.568294873623639, 3.139159279810667, 4.734754778128858, 3.133260648167935, 1.571770422729819, 4.712830980712328, 4.714274750147849, -0.015262314369663608, 0.0016203454019552632, 0.0006642809484106732, -0.003356972687623831, 3.139126156623193, 1.5713086123660125, 3.1382128364554838, -0.0005537543743629411, 3.1436116090333623, -0.0017114787380748085, -0.0009377874477595747, 3.1395960302946646, -0.002767003802116531, 1.5384408594347716, -0.006195735535935673, 4.730704921014412, 1.5936370733060043, 4.712765696471315, 1.570485287670444, 1.5712136408758757, 3.1374870821384264, -0.0060361998666098185, 4.712652107338451, 3.142541066112315, -0.0010743883887524993, 4.712715206030896]",0.0
366,1.5614384660352636,"[1.5749276711425506, 4.721079337567489, 1.5491846450904918, 4.731517658358482, 3.141488091704977, 4.750297616033855, 1.6116570795437377, 1.5683016034899937, 3.1391584785728956, 4.734756936984757, 3.1332665646090154, 1.5717724689900572, 4.712828124061279, 4.714270253199412, -0.015270304645667556, 0.0016322720447066214, 0.0006675995507381682, -0.003356810466508996, 3.139137684154356, 1.5713134683000858, 3.1382132786874477, -0.0005538847501486567, 3.1436156603968306, -0.0017101885161553009, -0.0009395903354923231, 3.1396016786859775, -0.0027630592750492585, 1.5384343130407536, -0.006203520406838213, 4.730700715796826, 1.593627358926616, 4.712772189541249, 1.5704843000604718, 1.5712173022745761, 3.1374836394576113, -0.006037225863005233, 4.712668246754144, 3.1425424769434023, -0.0010692415337047176, 4.712716807709065]",0.0
367,1.553126122456759,"[1.574921398509187, 4.721090679424818, 1.5491888351218877, 4.731514484411295, 3.1414931342390577, 4.750301065101279, 1.611657662209773, 1.5683002349100343, 3.1391546643012647, 4.734755645164622, 3.1332585339063113, 1.5717674599071565, 4.712828417222575, 4.714270364237823, -0.01526638819057458, 0.0016220561846330727, 0.00066626184404534, -0.003357858529525848, 3.1391258235342985, 1.571307570932501, 3.1382149352508573, -0.0005544632175182839, 3.1436172095654604, -0.001712273741320047, -0.0009455144965689555, 3.1395983575462862, -0.0027652474541647837, 1.5384382691293772, -0.00619852634035382, 4.730702561282705, 1.5936319460168613, 4.712775333182317, 1.5704852620280794, 1.5712183768680776, 3.1374846775907175, -0.006031343122301443, 4.712650402788327, 3.1425423418459633, -0.0010749483300649372, 4.712716006449459]",0.0
368,1.5588709705065207,"[1.5749283518158346, 4.721093819252805, 1.5491863368440202, 4.731519720937553, 3.141489271988407, 4.7502990710523365, 1.6116548461150444, 1.5683033101256465, 3.1391531465393205, 4.734742607951743, 3.1332593303174696, 1.5717707027491121, 4.712831576191102, 4.7142643558167965, -0.015254105737405613, 0.001617928004943447, 0.0006631942929557074, -0.0033539655253180525, 3.1391325029344963, 1.5713141438172398, 3.13821275030893, -0.0005540096882966004, 3.143614398196126, -0.0017106206577552914, -0.0009434421435070828, 3.1395966761752536, -0.0027610267719351193, 1.5384358022957998, -0.006198622873640551, 4.730700189231996, 1.5936333010151262, 4.712763878270693, 1.5705012469062867, 1.571222906311773, 3.1374856733845453, -0.006028164810126236, 4.712655127483158, 3.142544906406541, -0.001078644661190567, 4.712722228277227]",0.0
369,1.558637435203189,"[1.5749253292827583, 4.721084315762571, 1.5491902207185408, 4.731520828744623, 3.141491512149765, 4.750300148864579, 1.6116610392381407, 1.5683004244098708, 3.1391509949612253, 4.734754998120658, 3.1332598545655297, 1.5717658633435632, 4.712826284060424, 4.714272625906727, -0.015266590391045892, 0.0016204675903866489, 0.0006636559233144698, -0.0033602355357104504, 3.139123493853769, 1.5713121382330595, 3.138215112879367, -0.0005601735023086512, 3.1436154733879698, -0.001709583828100317, -0.0009352980544501408, 3.1395992268650486, -0.002764085747297091, 1.5384408715441924, -0.006198316669734486, 4.730703015881751, 1.5936332697059556, 4.712769406509352, 1.5704906714243485, 1.5712192332608763, 3.1374880313807583, -0.006036718685906898, 4.712653059961747, 3.142544548509214, -0.0010744254837618766, 4.712718814428332]",0.0
370,1.5568701889330276,"[1.5749259177349386, 4.721084407326576, 1.549192153712382, 4.7315147177322165, 3.1414908268597337, 4.750307465871188, 1.61164761386041, 1.5683034986950966, 3.1391414625101013, 4.734751507761575, 3.1332631456238444, 1.5717776574487603, 4.712832250050143, 4.714274952679074, -0.01527426042270394, 0.0016137885197240612, 0.0006614775331862352, -0.0033513064830546233, 3.1391332787656014, 1.5713126832810056, 3.1382123932985, -0.0005523529354203821, 3.1436145618391937, -0.0017094680794306305, -0.0009435857226051288, 3.1395940407142833, -0.002766101153841559, 1.5384412255742457, -0.006197574548235916, 4.7306992312993525, 1.5936331321240482, 4.712769112456345, 1.5704814071656255, 1.5712215642361036, 3.1374927779777306, -0.006041096994609253, 4.712647463872764, 3.1425438485418136, -0.0010729239251980863, 4.712719567385721]",0.0
371,1.55698418361649,"[1.5749283323429655, 4.721086935763463, 1.5491845549720134, 4.731512922754557, 3.1414962878879655, 4.750303463610397, 1.6116602080151998, 1.5682951176898425, 3.139152615100853, 4.734753797245748, 3.1332591070702915, 1.5717696134241013, 4.712833857854008, 4.714269695373744, -0.01526619826753561, 0.0016198296853000263, 0.0006655408633075033, -0.003355082700190339, 3.1391298132954515, 1.5713091274167241, 3.13821708539209, -0.0005590556948173809, 3.1436180119404398, -0.0017106320360052618, -0.0009392213356336427, 3.1396019251795795, -0.0027666897682094, 1.5384363054043861, -0.006197064882483771, 4.730705167138294, 1.5936300298681934, 4.7127695750206575, 1.570490781546842, 1.5712179127225157, 3.1374846672532297, -0.006039242304272593, 4.712650291800954, 3.14254151592182, -0.001071405997696105, 4.7127205738428035]",0.0
372,1.562060471294688,"[1.5749329252526776, 4.721085433723669, 1.5491923903588403, 4.731511412013714, 3.1414965084062247, 4.750303881289115, 1.611655883521238, 1.5682947562712135, 3.1391483992042324, 4.734754326467592, 3.1332601437594056, 1.5717791506535321, 4.7128291548447905, 4.714271301975936, -0.01526756833320991, 0.0016205868395298112, 0.0006635787087921323, -0.0033687732682605924, 3.139128336935357, 1.5713106848237002, 3.138205483449222, -0.0005561517903817569, 3.1436160196506657, -0.0017146345167574635, -0.0009364366028012661, 3.139603577908652, -0.0027584269405361824, 1.5384317296072159, -0.006198738140127032, 4.730708320620674, 1.5936416260806785, 4.712778017685325, 1.5704917087148296, 1.5712207759369536, 3.1374823389644044, -0.0060338613123916045, 4.712653588452557, 3.1425369145337365, -0.001083888665727205, 4.712714145798645]",0.0
373,1.5672405289620341,"[1.5749265963028012, 4.721082534852592, 1.5491886171288332, 4.731514109888497, 3.1414910573441253, 4.750301139031166, 1.6116556054691669, 1.568296851624726, 3.1391530832273187, 4.734756657146614, 3.1332605155857376, 1.5717715942195767, 4.712830954827177, 4.714267013023393, -0.015268005504410095, 0.0016205682961748147, 0.0006672837121534574, -0.0033558377872403744, 3.1391282760784573, 1.5713093570215058, 3.138212363912017, -0.0005554859100659518, 3.143621852949447, -0.001711580989804732, -0.0009387715632345338, 3.1395965518213065, -0.0027662050447520414, 1.5384447624783848, -0.006196645998535129, 4.7307066784531715, 1.593634109988171, 4.712769353231957, 1.570492506958978, 1.5712136174064464, 3.1374859504092667, -0.0060312154234112274, 4.712653056333781, 3.1425470709989103, -0.0010758863509600428, 4.712717124741649]",0.0
374,1.5670430212705886,"[1.5749312085177203, 4.721086442191593, 1.5491933982600279, 4.731508573420967, 3.1414806828791275, 4.750300146716916, 1.6116578701507875, 1.5682942149202777, 3.1391569386861997, 4.734750899349988, 3.1332570748037325, 1.5717714991283018, 4.7128284821879385, 4.714276248575646, -0.01526178045908245, 0.0016196134514002984, 0.0006743355032139277, -0.0033585924063170925, 3.1391280635777328, 1.5713069733246465, 3.1382060622662307, -0.0005586150076471639, 3.143608053004994, -0.0017096677979856875, -0.0009405651298878076, 3.1395990655052812, -0.002761364513483218, 1.538444380865834, -0.006195976778905416, 4.730699102218069, 1.593629845377568, 4.712781268571655, 1.5704933888503887, 1.5712157273742036, 3.137486188962448, -0.006038757276138313, 4.712648466538376, 3.1425463986163966, -0.0010658453417393408, 4.712724595511906]",0.0
375,1.5648390277190263,"[1.5749253879274925, 4.721085669061382, 1.5491850479356435, 4.731518237407348, 3.1414934210598218, 4.750301076705182, 1.6116555534412573, 1.5682983103833523, 3.1391561820636795, 4.734753823939138, 3.133261019961262, 1.5717737001620369, 4.712830450289072, 4.714273217397669, -0.015264831801513884, 0.0016215123707206303, 0.0006634545979471259, -0.0033586687930289567, 3.13912382780868, 1.5713127208261992, 3.1382076593234247, -0.0005523052555530183, 3.14361685549551, -0.0017128505280150318, -0.0009398650574955359, 3.1396056617330528, -0.0027693705216610878, 1.5384425491279041, -0.006199163399972422, 4.730703814927118, 1.5936291441968076, 4.712769651028135, 1.5704892706338247, 1.5712194528882852, 3.1374841967423115, -0.006035781432758585, 4.7126492565952764, 3.1425454642090447, -0.001074717910754015, 4.712719772032343]",0.0
376,1.5607617621083698,"[1.5749286331397085, 4.721086416680261, 1.5491900738630278, 4.731518700251322, 3.1415050140878975, 4.750300979568605, 1.6116596333375999, 1.5682928029664198, 3.139159210619014, 4.734754222171002, 3.133262376263767, 1.5717771983615476, 4.712828658528342, 4.714263403233035, -0.01526694241252053, 0.0016182030147760278, 0.0006747196984455353, -0.0033494661272849236, 3.139118128803524, 1.5713137339314192, 3.138213754827768, -0.0005573388607780536, 3.1436128309324625, -0.0017090248742407815, -0.0009427601427632712, 3.1395983359660797, -0.0027612975711929152, 1.5384416666469085, -0.006197972135710077, 4.730704504375435, 1.5936322917285153, 4.712775569073912, 1.570485186471344, 1.5712278092831058, 3.1374980350226647, -0.006033323514341857, 4.712658435644586, 3.14254339768272, -0.0010747517002211687, 4.712722419045781]",0.0
377,1.5624450641243006,"[1.5749260603602053, 4.72108942879123, 1.549188271497009, 4.731512802602002, 3.1414903584739275, 4.750301682904568, 1.6116589051008208, 1.5682952162771937, 3.1391544518937677, 4.73475292763793, 3.1332579788732957, 1.571770764699344, 4.712829608790971, 4.714269496394902, -0.015266973733631733, 0.001624034138521921, 0.000667512563223123, -0.003356996658031656, 3.139128615632605, 1.5713144641076695, 3.1382137340837133, -0.000556081623734604, 3.1436175632723953, -0.0017153309164958718, -0.0009379738172591996, 3.1395998531320055, -0.002761548180583685, 1.5384465592362868, -0.006202595161512952, 4.73070402169303, 1.5936352534224287, 4.712766129834477, 1.5704860885378404, 1.5712227831050944, 3.137485699277461, -0.006036002569374642, 4.7126504055964915, 3.1425405492312124, -0.0010733508087490849, 4.7127179311152965]",0.0
378,1.566695835626076,"[1.574921576278892, 4.721090083650236, 1.5491798909660814, 4.731504605052676, 3.141493984838681, 4.750297062903711, 1.6116535535376857, 1.5682974693265495, 3.139156806866537, 4.734756535376508, 3.1332607027220334, 1.5717684489429098, 4.712820677224676, 4.7142732253066475, -0.015269081718848582, 0.0016178193262384216, 0.0006668164660778485, -0.0033550773018125434, 3.139127406405397, 1.5713161186961793, 3.138209611634261, -0.0005556693679537822, 3.1436193967578396, -0.0017026476589614614, -0.0009339025175362218, 3.139603417907954, -0.0027533978031273306, 1.5384347147030728, -0.006195620665420342, 4.73070002984132, 1.5936290283843755, 4.712765633110375, 1.5704858545239835, 1.5712118870771694, 3.1374922817432673, -0.006033450189462146, 4.7126482061539905, 3.1425434099859966, -0.0010815853344336704, 4.712723307216088]",0.0
379,1.5593388870653127,"[1.5749260232147004, 4.721084843376152, 1.549187060121958, 4.731517003838543, 3.141493582413628, 4.750301618773659, 1.6116598948965197, 1.5682973451831195, 3.1391548395950104, 4.7347544435077795, 3.1332556015843376, 1.5717696319417156, 4.712830229476902, 4.714270830319509, -0.0152660422957677, 0.0016220726429540607, 0.0006642507279967293, -0.003357371659869266, 3.139129808129182, 1.5713100871188257, 3.1382084856471613, -0.000550920704415279, 3.1436162750460457, -0.001709898709147111, -0.0009354756094240704, 3.1395926899177127, -0.0027622375295483096, 1.5384384987708013, -0.006198633963331903, 4.73070969774688, 1.5936278690105616, 4.712771248508952, 1.570487539659955, 1.5712219847330247, 3.137487832698007, -0.00603385962363052, 4.712649546107798, 3.14254336884541, -0.001073351036624041, 4.712720033512695]",0.0
380,1.5658754726231527,"[1.5749243534691904, 4.721080032772137, 1.5491881589538732, 4.7315177639318335, 3.141495257689483, 4.750311287952075, 1.6116686367482234, 1.5682961307059544, 3.1391542328746795, 4.734756181149956, 3.1332491581677524, 1.5717687483727778, 4.7128318707144805, 4.71426938528524, -0.015267624345156505, 0.001622331170844176, 0.0006693183591075518, -0.0033571411560096736, 3.1391324612481544, 1.5713155032308814, 3.1382142104890467, -0.0005442085280564326, 3.143617191256466, -0.0017043978688949506, -0.0009399199139686623, 3.139603014942536, -0.0027661791519088146, 1.53843844756272, -0.00619879069477883, 4.730689370833303, 1.5936410564583117, 4.712772940519723, 1.5704893210709323, 1.5712193148003286, 3.1374856172575045, -0.006033402280641789, 4.712650024771763, 3.142547348249692, -0.0010783561084517094, 4.7127221292032235]",0.0
381,1.5571990762904346,"[1.574923468064164, 4.721086235670289, 1.5491928563096342, 4.73151381958398, 3.1414912123090186, 4.750301180239651, 1.6116571232287804, 1.5682954429397817, 3.139154300202625, 4.734760956407034, 3.133258592542069, 1.571772507090306, 4.7128335648620645, 4.714268157161677, -0.015260919798996386, 0.0016217250905590545, 0.0006632614438540243, -0.0033551925147829835, 3.1391246396831587, 1.5713139347142093, 3.1382100309673318, -0.0005556939730177735, 3.1436187066768415, -0.0017091217203372303, -0.0009378961577585866, 3.1395972684987528, -0.0027649681867481855, 1.538437403007444, -0.006201348490023409, 4.730699432816804, 1.5936307549679458, 4.712769868359016, 1.5704900997623787, 1.5712183821126209, 3.13748789792592, -0.006037373006754157, 4.712651749672039, 3.1425404071472864, -0.001073882656812094, 4.7127170972984995]",0.0
382,1.5657820088885712,"[1.5749219426000394, 4.721085582525152, 1.5491922007036154, 4.731505694416769, 3.1414970914941267, 4.750300450275154, 1.6116601868651452, 1.5683130829255996, 3.139163489722012, 4.734750606323136, 3.1332571235354556, 1.571776155168254, 4.71283593237878, 4.714273311406878, -0.015269615236736452, 0.0016263260928451515, 0.0006649163953133747, -0.00335640644262057, 3.139123890489437, 1.5713087604756428, 3.1382168261793346, -0.0005552928898571565, 3.14361950132722, -0.0017152925052251976, -0.0009320892179808931, 3.13959461385485, -0.0027635529921072417, 1.5384410263206834, -0.0061900383470018805, 4.730698427001142, 1.5936305753219069, 4.712771910859224, 1.570494094973094, 1.5712251466897043, 3.1374854859590964, -0.0060418719027240395, 4.712653008914935, 3.142544202102049, -0.0010791417436211148, 4.712717867642812]",0.0
383,1.5591343931964692,"[1.574922452325681, 4.721083290801696, 1.5491853405877223, 4.731515252622268, 3.141494362552575, 4.7503016328135175, 1.6116561563555463, 1.5682970251535515, 3.1391547748621287, 4.734755487307181, 3.1332618529099885, 1.5717705167351277, 4.712832333781851, 4.714269881214279, -0.015267593870681467, 0.0016185549736386863, 0.0006660929523855441, -0.003357576506632015, 3.139126854650251, 1.5713074155019808, 3.138211510630591, -0.0005571994187992114, 3.143613430160805, -0.0017055310886881956, -0.0009374752217219512, 3.1395962640996617, -0.00276348699113148, 1.5384438938446217, -0.006199745802109357, 4.730699645579946, 1.5936322453623761, 4.712770139267275, 1.570489643373319, 1.5712228806816655, 3.1374794721846513, -0.006032874531884299, 4.712652133295529, 3.1425376999042776, -0.0010757733017850474, 4.712720892928309]",0.0
384,1.5605997176013446,"[1.5749233703614647, 4.721085273855774, 1.5491860717201222, 4.731513470681448, 3.141492524656522, 4.750300744812483, 1.6116588037697939, 1.5682972300293552, 3.1391536814041214, 4.734755281312045, 3.1332593401118967, 1.5717700266428847, 4.712830174098409, 4.714273090183683, -0.015265405826614903, 0.0016178076496476596, 0.0006675336242690507, -0.003355994029607294, 3.139127273367528, 1.5713122165566593, 3.13821136812242, -0.0005543239375326676, 3.1436171637859287, -0.0017134504748488985, -0.0009379091654583425, 3.1395975960918716, -0.0027662477374454466, 1.5384394743257048, -0.006198412487653491, 4.730702832869836, 1.5936338501920495, 4.712771121915432, 1.5704896686593819, 1.5712207950440773, 3.1374861081867254, -0.006035341386277179, 4.71265463323061, 3.1425425252342243, -0.0010749896639503567, 4.712719765435092]",0.0
385,1.5629765636104465,"[1.574923885622308, 4.721087826585789, 1.5491845585319193, 4.731514173283504, 3.1414948856674623, 4.750301543952614, 1.611656618103285, 1.5682963918112955, 3.1391536252642016, 4.734755030917991, 3.1332605361035544, 1.5717709521853265, 4.712827558401879, 4.714271156430098, -0.01526486498817772, 0.0016255694809101237, 0.0006634843630096259, -0.0033547444821313945, 3.139130938850614, 1.5713155274876989, 3.1382142599841285, -0.000556254121692834, 3.1436129099970715, -0.0017096199520906482, -0.0009361038139155056, 3.1395962638747084, -0.0027697865444810863, 1.5384435334751747, -0.0061982953347191165, 4.7307030367985705, 1.593633585179399, 4.712777306883178, 1.5704927516295255, 1.57121883680202, 3.137488659730732, -0.006035221029666486, 4.712650257019505, 3.1425404387287252, -0.001077248080734093, 4.7127180227514485]",0.0
386,1.5650339643685631,"[1.5749229324164573, 4.721085844219128, 1.5491862899176982, 4.731515239779724, 3.141491910029344, 4.750300198897413, 1.611658148610939, 1.5682960765233476, 3.1391543863876104, 4.734755149130046, 3.1332583451374045, 1.5717717106464695, 4.71283048843146, 4.714267429668327, -0.015267561738853191, 0.0016197195511526532, 0.0006655138704933549, -0.003357447439008795, 3.139128342114333, 1.571310915314289, 3.138211905459152, -0.0005551466214621209, 3.143613070944591, -0.0017126592217749305, -0.0009372207638695326, 3.1395993513341764, -0.0027648558076677566, 1.5384399028901434, -0.006195721346076251, 4.730701462910907, 1.5936322593659287, 4.712770446136899, 1.5704894063680048, 1.5712200684483162, 3.137486974459023, -0.006035748185284766, 4.712651897697265, 3.1425437953337574, -0.001074867242329994, 4.712716646956391]",0.0
387,1.5758408537315498,"[1.574922749947533, 4.721087358528872, 1.5491889410376842, 4.731517983512434, 3.1414944475193036, 4.750298058478591, 1.6116561070136397, 1.5682964133239796, 3.139151557506478, 4.734757917274173, 3.1332577144519114, 1.5717720885773336, 4.71283655019232, 4.714278410059892, -0.015266003109909302, 0.0016245695967959295, 0.0006688173819740952, -0.003355678403143242, 3.1391299748250137, 1.5713105365810887, 3.138213764249673, -0.0005573221285609225, 3.1436157744544073, -0.0017106890538883073, -0.0009373877838978468, 3.1396013909424756, -0.002763082090848312, 1.5384391691198358, -0.006195265710170351, 4.730702315064626, 1.5936331303540145, 4.712769520808984, 1.5704902255896986, 1.5712217623470786, 3.1374888024444347, -0.006028559344364603, 4.712651227574253, 3.142542148103649, -0.0010731874575249634, 4.712718686951768]",0.0
388,1.568553343583707,"[1.5749239124791146, 4.72108538368526, 1.549187884059666, 4.731515312122523, 3.141492916468187, 4.750301980817977, 1.6116580871578896, 1.5682953885323672, 3.1391548598957235, 4.734754469434331, 3.1332599855884022, 1.5717712554222003, 4.712831197847972, 4.714271760159013, -0.015264534490565109, 0.0016206014680958739, 0.0006644486705463715, -0.003359007597327182, 3.1391295862438837, 1.5713089771036555, 3.1382136006986685, -0.0005551269257478566, 3.1436173502358598, -0.0017125681930327777, -0.0009379474373338358, 3.139599230741341, -0.002764280226143764, 1.538442176304775, -0.006197369394412713, 4.730701054168556, 1.593630925467311, 4.712771185131786, 1.5704886549674388, 1.5712195412243763, 3.137489462928074, -0.006034358922200036, 4.712653308134813, 3.142541947243508, -0.0010768097583869452, 4.712720620090774]",0.0
389,1.5606542883678955,"[1.57492305215157, 4.721088773462107, 1.5491893402331576, 4.7315098591809415, 3.1414946940940105, 4.750304722892872, 1.6116608803491144, 1.56829534623693, 3.1391503603852153, 4.734752654834129, 3.1332602066993904, 1.571770506586474, 4.712829784384353, 4.714271234484225, -0.015265650158841942, 0.0016238107757669447, 0.0006639425236839955, -0.0033592573270736226, 3.1391268637594454, 1.5713134284451247, 3.1382083995436574, -0.0005565827396575762, 3.1436159639183687, -0.001707291097662035, -0.0009393130248162308, 3.139598138939312, -0.002767698616922106, 1.5384417062386655, -0.006192450089968278, 4.730702400376929, 1.593630558909218, 4.712768213795224, 1.5704878658243735, 1.5712215835348653, 3.13748551684007, -0.0060318612888367994, 4.712657378488649, 3.1425445040453273, -0.0010721777162730531, 4.712718103880543]",0.0
390,1.5677502074108112,"[1.574924271505284, 4.7210850267678754, 1.54918647002314, 4.731513853768981, 3.141493382830616, 4.750300211933922, 1.6116603403760377, 1.5682992165295293, 3.1391522074970837, 4.73475790914015, 3.1332599264901044, 1.5717720374208601, 4.712830761899514, 4.714270944564518, -0.015262910983827522, 0.001621491630702972, 0.0006654773915839275, -0.0033561104507559615, 3.1391289875228567, 1.5713106132277384, 3.1382119947430067, -0.0005550744892707554, 3.143614745145784, -0.001710628039217517, -0.0009398889150508933, 3.1395999596843236, -0.00276307080022291, 1.5384425465698057, -0.006196106543160806, 4.730703898314512, 1.5936333423418767, 4.712770562112595, 1.5704886263364457, 1.571220453469962, 3.1374865020509595, -0.0060356594151075174, 4.71265217801632, 3.142543433706749, -0.0010757352984634282, 4.712719269274586]",0.0
391,1.5691266081202322,"[1.5749252082389038, 4.721086656378779, 1.5491882071053626, 4.731514503650117, 3.141492287700547, 4.750293165488092, 1.611665323216134, 1.5682942102561857, 3.1391522351550645, 4.734751991729071, 3.1332610910634924, 1.5717752206441797, 4.712831810000394, 4.714272836750268, -0.015269887989313677, 0.0016205216685525948, 0.0006614449536467024, -0.0033552209116817144, 3.1391261258230383, 1.5713120789825346, 3.13821351286544, -0.0005524820621276626, 3.143616945484281, -0.0017100133764419668, -0.0009400935137017806, 3.1395972589427372, -0.0027641837829446747, 1.5384410357343223, -0.006198170573703074, 4.730701069254266, 1.5936323159301653, 4.712771763686354, 1.570490053166509, 1.5712175093137468, 3.137485494064176, -0.006033274647710642, 4.712651625302541, 3.1425414491398045, -0.0010747701864242045, 4.712719577846006]",0.0
392,1.5705684032995388,"[1.574923439884503, 4.721084539605121, 1.5491873916945313, 4.731514852416515, 3.141492337779938, 4.750303417260082, 1.6116589604223064, 1.5682975917398136, 3.139155495230711, 4.734755667893792, 3.13325810160202, 1.5717736278413448, 4.712827844760212, 4.714271998550585, -0.015266426267829312, 0.0016208062113265403, 0.0006635380345221987, -0.0033550326490252376, 3.139127855717779, 1.5713108336834563, 3.1382123852087056, -0.0005562433252484048, 3.1436160373623623, -0.0017118987678286612, -0.0009389708793223101, 3.1395996589870903, -0.0027640151454602184, 1.538440335204719, -0.006196572269632915, 4.73070285943053, 1.5936332193067606, 4.7127701160720985, 1.5704909634733184, 1.571219912298517, 3.1374870186450448, -0.0060323991922593, 4.712652325952215, 3.1425407589638112, -0.001072497828497192, 4.712719254594749]",0.0
393,1.559600404565503,"[1.5749235631126388, 4.721082617258554, 1.5491889817888076, 4.731511342126501, 3.1414934215553076, 4.750300692550649, 1.6116546759206274, 1.568296015792463, 3.1391553680647806, 4.734753460464329, 3.133261726118165, 1.5717648076057218, 4.712834723885255, 4.714270006827881, -0.01526580118981546, 0.0016209604051869208, 0.0006599177407784478, -0.0033556849679530353, 3.1391258383088285, 1.5713135265575586, 3.138214305257921, -0.0005515917352732223, 3.1436144416355503, -0.0017111092099891, -0.0009375800674721611, 3.1396019883791104, -0.0027613622862251333, 1.5384406730598552, -0.0061967246200622965, 4.730704593616279, 1.5936361509956087, 4.7127739069775725, 1.5704893578630437, 1.5712212441322662, 3.1374869567630173, -0.006033110869268263, 4.712652991097942, 3.142544194288179, -0.0010710587385607579, 4.7127201470135995]",0.0
394,1.572585949586903,"[1.5749232244958185, 4.721083567940446, 1.5491869679244212, 4.731514676044537, 3.1414926870361177, 4.750300105032758, 1.6116571428927056, 1.5682971068749458, 3.1391525833903073, 4.734751899648888, 3.1332569546029583, 1.5717731148577818, 4.712830424215176, 4.7142708009537655, -0.015263132296758308, 0.0016214875770231478, 0.0006662620530402388, -0.003356217078732549, 3.1391267806817176, 1.5713114357057887, 3.1382138412266967, -0.0005555875800420576, 3.1436168600070697, -0.0017099371591515198, -0.0009364459202396892, 3.139599567361956, -0.0027648827577147978, 1.5384405535559695, -0.006196725816478129, 4.730702867938758, 1.5936329616860854, 4.712771759670741, 1.5704866548727243, 1.5712190932131767, 3.1374858566110246, -0.006033964094239474, 4.712652674280417, 3.142542245875764, -0.0010743168182091682, 4.712718329148663]",0.0
395,1.5748483839811627,"[1.5749270111921871, 4.721082172274755, 1.549187233366259, 4.731512395845491, 3.1414921812351673, 4.750303289266367, 1.6116614891589893, 1.5682986510917378, 3.139152700502605, 4.7347547464491235, 3.1332666614716023, 1.5717708167760795, 4.712830899364944, 4.714269941311784, -0.015263813079821643, 0.0016220540943261473, 0.0006678963911439543, -0.003356626489721002, 3.1391266544534164, 1.5713128475348177, 3.1382132699570873, -0.0005557660015552333, 3.1436143890535333, -0.0017150793469867106, -0.0009352182836486443, 3.1395976077648946, -0.0027657101677198907, 1.538437591122794, -0.0061975228749626176, 4.730699793829141, 1.593630582216504, 4.712770194416349, 1.570487199104856, 1.5712205312830536, 3.137486859232507, -0.006028439043926142, 4.712646747638012, 3.142543048231671, -0.001074503137363663, 4.712718388200046]",0.0
396,1.5561441377581082,"[1.5749233810106125, 4.72108492903658, 1.5491885594496289, 4.73151442123077, 3.1414956096991857, 4.750300521345696, 1.6116587704312613, 1.5682983186876713, 3.139152181294117, 4.73475305675737, 3.1332595669475247, 1.5717695704832384, 4.7128304452545, 4.714270512412913, -0.015265895770697042, 0.0016222434773885165, 0.0006667017893000193, -0.003355273546217151, 3.139128031390219, 1.5713092815931267, 3.1382095244073964, -0.0005540594548572647, 3.143615384392722, -0.0017121521492052174, -0.0009374359336752788, 3.1396003397255554, -0.002764504244433984, 1.5384413316713863, -0.006198215321245167, 4.73070169360585, 1.5936327793666327, 4.712770135559817, 1.5704904790352563, 1.5712178322046904, 3.137488188220578, -0.006034543369909403, 4.712652363347189, 3.142540359487065, -0.0010737244967674111, 4.712718317468375]",0.0
397,1.5550579611878568,"[1.5749251268210285, 4.721084429621566, 1.5491918181444604, 4.731514220600254, 3.1414951419665718, 4.750299627711172, 1.6116555399610288, 1.5682922518556177, 3.1391525163210647, 4.734755458019088, 3.1332589004022378, 1.5717695344768319, 4.712825641752476, 4.714272210625599, -0.01526562013157482, 0.0016254991206329544, 0.0006642927182565474, -0.003351427963906616, 3.139127521700822, 1.571307658854444, 3.138212755595624, -0.000554671910476414, 3.1436142396508306, -0.0017139939849258568, -0.0009381016463411101, 3.1395980464826194, -0.0027652998016310503, 1.538438212914161, -0.006196753509254923, 4.730701050601104, 1.5936326246047576, 4.712768395810239, 1.5704890931012667, 1.5712219501620333, 3.1374821212624386, -0.006036096467380958, 4.712652141947485, 3.1425463814749803, -0.0010782739959525544, 4.712722219480567]",0.0
398,1.5631735768787478,"[1.5749250800338952, 4.7210829669249925, 1.5491876090648125, 4.731513884075523, 3.141492412827874, 4.750298786538263, 1.611657354783862, 1.5682969126239508, 3.139154501045681, 4.734754638532345, 3.133258924456785, 1.5717701930466268, 4.712830116555516, 4.714270571894541, -0.015266094474370578, 0.001622791053440108, 0.0006664261923377318, -0.0033585132353486195, 3.1391277011540417, 1.57131177233658, 3.1382121012826656, -0.0005550717947201473, 3.143616367056313, -0.0017105093924632887, -0.0009408279987315203, 3.139598473416382, -0.0027666733021145394, 1.5384396911793945, -0.006195240955733121, 4.730702621480376, 1.593633817014351, 4.712769093987455, 1.5704896124293244, 1.571221287119009, 3.1374882812420632, -0.006034741533882929, 4.712650903407261, 3.1425402542631673, -0.0010748769971152346, 4.712720179536702]",0.0
399,1.5690843578363987,"[1.5749246101009111, 4.721083014450108, 1.5491848581245569, 4.731510492359378, 3.1414956898526283, 4.750299803507046, 1.6116575239404631, 1.5682954449560393, 3.139153496319477, 4.734753825728314, 3.1332592845189184, 1.5717717314905906, 4.712828494071549, 4.714273749363901, -0.015264487439720652, 0.0016215210017931018, 0.0006649179155315571, -0.0033586887226100524, 3.1391275082088548, 1.5713069964910418, 3.138213664315334, -0.0005546742584300296, 3.1436161480741096, -0.0017085083224066858, -0.0009399394211692211, 3.1395981534860455, -0.0027645861311439276, 1.5384400936381564, -0.0062034513293205105, 4.730700775022343, 1.5936331353539448, 4.7127691331777015, 1.5704927793209174, 1.5712238940828178, 3.1374898722694677, -0.006034728409939226, 4.712651440370461, 3.1425474661680775, -0.0010724458142372028, 4.712712292889872]",0.0
400,1.5683744798497563,"[1.5749237398426894, 4.7210869430790945, 1.549185939076646, 4.731512440177826, 3.1414933903521303, 4.750300891305014, 1.6116567897346565, 1.5682968329648248, 3.139154742977933, 4.7347549546349335, 3.1332603082071064, 1.5717702450925037, 4.7128285634225024, 4.714272343366287, -0.015267043620544561, 0.001621165635980113, 0.0006667798512589884, -0.0033561808911363265, 3.1391271012425617, 1.5713125787606737, 3.138211978876835, -0.0005545712484474192, 3.143616512460019, -0.001708480023241998, -0.0009374040953092987, 3.1395998846783804, -0.0027614649037000557, 1.538439103133255, -0.0061968304364758715, 4.730702061417085, 1.5936318743957851, 4.712769091456066, 1.5704892545195872, 1.571217706463688, 3.137487698322427, -0.006034640440597502, 4.712651221317098, 3.142543084618715, -0.0010767371171801188, 4.7127195072322685]",0.0
401,1.5613595393815478,"[1.5749243528119246, 4.721085122639009, 1.5491876497966552, 4.7315152405089735, 3.141492537963554, 4.75030201571279, 1.6116570328741189, 1.5682962388647563, 3.139151854367176, 4.734754530348475, 3.1332603429678687, 1.5717715115418982, 4.71283034064758, 4.714271894735237, -0.015266213594895795, 0.0016205453616133531, 0.0006655451859924582, -0.0033560539785614917, 3.139128287026101, 1.5713114055996371, 3.138212408973205, -0.0005543867071400764, 3.1436151633203693, -0.0017105152313975683, -0.0009393613335347736, 3.1395986495439043, -0.002764539301260646, 1.5384404148907844, -0.006197559227736777, 4.730702465200761, 1.5936329256317079, 4.712770162853016, 1.5704885632535928, 1.5712197010981455, 3.1374875237701794, -0.006034695360218306, 4.712651776982732, 3.1425426140428865, -0.0010743822916689403, 4.712718618303626]",0.0
402,1.5648967221120786,"[1.5749242362453, 4.721085651471508, 1.5491896720318028, 4.731513779058635, 3.1414935833668545, 4.750302779973622, 1.6116574398142351, 1.568300552526744, 3.1391546848814933, 4.734753215158825, 3.1332600471890464, 1.5717725554693953, 4.712832631454842, 4.714272593030063, -0.015267644122325738, 0.001622538097952884, 0.0006660008875719336, -0.003356062181893018, 3.1391267094704527, 1.5713108589620748, 3.1382136679628063, -0.0005539352930547063, 3.143616026885263, -0.001711475948191061, -0.0009380501077419675, 3.139596971680221, -0.002764392621350206, 1.5384407457832563, -0.006195920206366191, 4.730701933832763, 1.5936323996816728, 4.712770510261467, 1.5704905139547352, 1.571221040205988, 3.1374864620432485, -0.006037440624561857, 4.712652131594675, 3.1425431598254048, -0.0010755351899379532, 4.712717913851226]",0.0
403,1.5576024377249977,"[1.574924655629749, 4.72108525428838, 1.5491878433163453, 4.731513898564516, 3.1414926437594524, 4.750301589019459, 1.6116579145207877, 1.5682967517302615, 3.139152865453926, 4.734754632009828, 3.133259538547245, 1.5717715828726642, 4.712830620321515, 4.714272183819154, -0.015265789769640957, 0.0016218243685952416, 0.000665057661934977, -0.003358286840608367, 3.139128281770479, 1.5713109113110137, 3.1382118800266903, -0.000554701159712257, 3.1436158432563106, -0.0017114453867132383, -0.0009377907886413845, 3.139599358853251, -0.002763909494810283, 1.5384394233207421, -0.006197219060630052, 4.730702922416119, 1.593633650434094, 4.712770826918363, 1.5704901847200738, 1.5712195528215587, 3.1374855680419595, -0.006034508096626451, 4.712651925979129, 3.14254198298306, -0.0010757571173465902, 4.712717827956575]",0.0
404,1.5626997069987008,"[1.5749263536983498, 4.721085738450924, 1.549188671867687, 4.731515999866589, 3.1414958210656017, 4.7503020409318095, 1.6116585786150175, 1.5682947878011733, 3.1391546794434926, 4.734754526271511, 3.1332606883413674, 1.571772662344123, 4.712830407880774, 4.714270013259351, -0.015265855249860136, 0.0016215540505985463, 0.0006682302849197188, -0.0033569288571786, 3.1391250596259153, 1.571311482593955, 3.138212114582354, -0.0005550695853144837, 3.143614857676377, -0.0017107650703011388, -0.0009393411569393053, 3.139599471589893, -0.0027631783804581006, 1.5384396449640863, -0.006197607920488556, 4.730704269821384, 1.593633780303339, 4.7127723976603875, 1.570490072842899, 1.571221059207002, 3.1374876475050493, -0.0060342105851092466, 4.712654036612419, 3.142542222815855, -0.001075891777416129, 4.7127183607007455]",0.0
405,1.5601102563854576,"[1.5749245829568628, 4.7210858800989595, 1.5491883655034469, 4.731513691141137, 3.1414924670889035, 4.75030148145081, 1.6116582054714188, 1.5682961061100682, 3.1391536786825753, 4.73475420351833, 3.1332588392900016, 1.5717711708272146, 4.712830667767941, 4.71427211462841, -0.015265125605168956, 0.0016205670849922563, 0.0006665567476952682, -0.003356745285134109, 3.1391267279090043, 1.5713105592634962, 3.138211929470839, -0.0005552656841340201, 3.143615089336089, -0.0017108658517562718, -0.0009383647027657226, 3.1395987114026482, -0.0027642579332496304, 1.5384414042457593, -0.006196526654682856, 4.730702350018186, 1.593632898996942, 4.712771351918013, 1.5704904577389447, 1.5712197738188631, 3.1374869770883875, -0.006034569064965716, 4.712650477366494, 3.14254318392632, -0.0010744713915120197, 4.712719304149585]",0.0
406,1.574423357493046,"[1.5749255113303242, 4.721084566675861, 1.5491877537020138, 4.73151471527036, 3.141489980579581, 4.750300713845003, 1.6116582482105561, 1.5682966785974732, 3.139155456254426, 4.734754465191997, 3.13326067183914, 1.571770716135542, 4.712830265073168, 4.714272341630152, -0.015265582978743466, 0.0016239206887319355, 0.0006679763195504171, -0.0033568035718756534, 3.139129336253104, 1.5713108720537938, 3.1382120364415624, -0.0005547122213601671, 3.143614202089736, -0.0017103234243947372, -0.0009390247034225357, 3.1395991843757987, -0.002763806169108131, 1.5384400757259207, -0.0061980624005452635, 4.730701692404932, 1.5936312398477286, 4.712772062150559, 1.5704900209581072, 1.5712185198700832, 3.137485529508027, -0.006035537702585345, 4.712654721835388, 3.142543279777575, -0.001072286953793332, 4.712718904145166]",0.0
407,1.5668305351252672,"[1.574924359509931, 4.721085324885537, 1.5491868642614617, 4.73151529606309, 3.1414943551245114, 4.750301729173188, 1.6116583076682391, 1.5682967540478834, 3.1391538978480154, 4.734754897704308, 3.1332592288337047, 1.5717714671397327, 4.712830727019055, 4.714271332407275, -0.015265727724936753, 0.0016221495619870882, 0.0006659129079269248, -0.003357415780188303, 3.139127822834162, 1.5713116608445081, 3.138212258767788, -0.0005545184908655995, 3.1436163059301117, -0.0017111581709068114, -0.0009384823808859446, 3.139598056876929, -0.00276387781764365, 1.5384403584472381, -0.006197073850427603, 4.730700940879361, 1.5936341060520514, 4.712770676488658, 1.5704894234104143, 1.5712192670899274, 3.1374863980067222, -0.006034650182622901, 4.712651820430286, 3.1425437322058696, -0.001073831158972838, 4.712719498825636]",0.0
408,1.5671723404900628,"[1.5749235651253266, 4.721084260134906, 1.5491881717685492, 4.7315153576861535, 3.141492271164385, 4.750303738397635, 1.6116609961445878, 1.568295975292481, 3.139154009887366, 4.734754858881086, 3.1332575539719025, 1.571769355635109, 4.712831338322508, 4.714271336820141, -0.015266088267780293, 0.0016218002222144064, 0.0006668632916088585, -0.003355646767170803, 3.1391279041950506, 1.5713117050376815, 3.1382137990854106, -0.0005517565050519337, 3.1436157282984354, -0.001709008092695241, -0.0009384973538188569, 3.139600802422028, -0.002765938031200883, 1.5384406649799673, -0.006197842268003574, 4.730701877174007, 1.593633068748035, 4.712769776297155, 1.5704905448669122, 1.5712203448636415, 3.1374862076551877, -0.00603372891842396, 4.712651759655729, 3.142542840790435, -0.0010771088339839503, 4.712717878808801]",0.0
409,1.563599711281505,"[1.5749262326659932, 4.7210865074805115, 1.549186863245255, 4.731514764952013, 3.1414926730246737, 4.750301070698205, 1.6116574822793075, 1.5682975818470875, 3.139153532240138, 4.734754252203269, 3.1332589862506315, 1.5717709989304325, 4.712830713837403, 4.714271131313121, -0.015264813377127016, 0.0016213539636341196, 0.000665401167080197, -0.0033562132713024356, 3.139127230720168, 1.5713109608725475, 3.138212905523765, -0.0005539930902071164, 3.1436152266379396, -0.001710972171622411, -0.0009383714714473868, 3.139598634130531, -0.0027643163484221793, 1.5384403825880468, -0.006196992216080115, 4.730701730744535, 1.5936326634265452, 4.712769765843479, 1.570490404194865, 1.5712200735036619, 3.1374868282136603, -0.006033527900669916, 4.712653032388418, 3.142542455096199, -0.0010750811337514286, 4.712718658525719]",0.0
410,1.5569734385821967,"[1.5749208773721206, 4.721086202535929, 1.5491877812445003, 4.73151613411443, 3.1414927030384385, 4.750300994609037, 1.611658287537135, 1.568296448714214, 3.139154242605984, 4.734751646212176, 3.1332615134217927, 1.5717709431714717, 4.712830991515598, 4.71427060234321, -0.015262965461545513, 0.0016215180020122608, 0.0006659255391545677, -0.003356385718706555, 3.139128635756335, 1.5713119589487314, 3.138212550501315, -0.0005554897083376198, 3.1436158340639033, -0.001711272686957871, -0.0009399765631847406, 3.139597912481773, -0.0027634189620671366, 1.5384393667637137, -0.006197300446763083, 4.730703969635284, 1.593632826951721, 4.712768771219865, 1.570492421747912, 1.5712201544364748, 3.137486002473765, -0.0060343028055021624, 4.71265160104421, 3.1425432388708345, -0.0010754295748157975, 4.712718774616287]",0.0
411,1.5700052474949884,"[1.5749242934721401, 4.721086324778359, 1.5491875512604512, 4.731515134073236, 3.141492366779458, 4.750301139115915, 1.6116583507988715, 1.5682965853956126, 3.139154102328914, 4.734754677766453, 3.133260962565545, 1.5717712781746125, 4.712830063378384, 4.714271273469562, -0.015265475554422092, 0.001621669695622936, 0.0006660251295528386, -0.003356089014320577, 3.139127840827581, 1.5713099696755848, 3.1382122512869164, -0.0005541183106002837, 3.1436170911658023, -0.0017101071314109349, -0.0009372452240932313, 3.1395993552044628, -0.0027647727614290053, 1.5384402697585022, -0.0061963427009083345, 4.730702417907957, 1.593633811710547, 4.71277079615232, 1.5704895025662051, 1.5712209602843277, 3.1374869091796533, -0.00603485156053092, 4.712651836913027, 3.1425426083507313, -0.0010742270956654988, 4.712718295498795]",0.0
412,1.5699326938549982,"[1.5749244021414917, 4.721083938266207, 1.5491860889702382, 4.731515538402606, 3.141493659694727, 4.750301440264548, 1.611658004885386, 1.5682948420812772, 3.139153066916745, 4.734755136153679, 3.1332597985514847, 1.571769429757777, 4.712830179190391, 4.714272745464014, -0.015265117481679592, 0.0016218265119889465, 0.000665856069048866, -0.0033558863429710407, 3.1391263076496663, 1.5713120730813446, 3.1382125314118783, -0.0005544136527637227, 3.143617324655866, -0.0017125126958854823, -0.0009392657760795057, 3.1395980981483436, -0.0027625478149518826, 1.5384420107570969, -0.006194511635689918, 4.730701874756795, 1.593630462001654, 4.712770973778193, 1.570490332698069, 1.5712201954598881, 3.1374857210310445, -0.006035469461110921, 4.7126518856423125, 3.142541022961079, -0.0010745781902035507, 4.712715382585646]",0.0
413,1.553337821327661,"[1.5749235393651349, 4.7210856277196145, 1.549187795137334, 4.73151436618709, 3.1414935025107433, 4.750300923011506, 1.6116579146677599, 1.5682961062626168, 3.139153102218787, 4.734755616004855, 3.1332599265082957, 1.571771580970905, 4.712829598364707, 4.714271282855451, -0.015265196355492507, 0.001621405205403969, 0.0006665692581356891, -0.0033578018228118166, 3.139127310364381, 1.5713111553593508, 3.1382138964229385, -0.0005531393523342328, 3.1436153083060985, -0.0017110894290308764, -0.0009377956527728507, 3.139599069439352, -0.0027645547479440537, 1.5384407157306, -0.006197106973188917, 4.730703031366851, 1.593632221341156, 4.712769999477801, 1.570490352055778, 1.571219531259055, 3.1374863880750357, -0.006034223581031262, 4.712652182745024, 3.142542196876622, -0.0010736742531552836, 4.712719149260313]",0.0
414,1.5696972688830724,"[1.5749231099044292, 4.7210851379502285, 1.5491899066546921, 4.731513187473735, 3.1414941568508756, 4.750302287751553, 1.611657260714623, 1.5683003434702454, 3.1391543846611163, 4.734753834516136, 3.1332601813231724, 1.5717729547286035, 4.712832317152153, 4.714272439318477, -0.015267959033176206, 0.0016222823279761882, 0.0006660572020977231, -0.003356344728745184, 3.139126458147738, 1.5713111892360225, 3.1382145287252246, -0.0005540163643711659, 3.1436152973459413, -0.0017117406496642777, -0.0009380300190557199, 3.13959723211024, -0.0027648050493761485, 1.5384408772951295, -0.006196604760993939, 4.730703103837505, 1.5936314244246699, 4.712769880026818, 1.5704901753812188, 1.571220749130152, 3.137486851446004, -0.006037053328527966, 4.712652422429552, 3.1425428479866993, -0.0010755619511394626, 4.712718248857478]",0.0
415,1.566360803626337,"[1.5749236908203044, 4.721084907408863, 1.549186968015256, 4.731514747817504, 3.141493454075273, 4.750301305022363, 1.611657629826399, 1.5682966195670063, 3.1391541260084272, 4.734755031071323, 3.1332602287307876, 1.5717709059703142, 4.712831257700606, 4.714271259628751, -0.01526627891350245, 0.0016211091630804612, 0.0006658969054753698, -0.0033568089363749717, 3.1391271631748454, 1.5713102365727236, 3.13821228816293, -0.0005555637527124401, 3.1436151015747993, -0.001709681693042538, -0.0009380434343267589, 3.139598238654086, -0.0027643635625633142, 1.5384414199329124, -0.006198019036794664, 4.730702217869666, 1.5936325030110585, 4.712770154936661, 1.570489645881854, 1.5712204911230683, 3.137484955695209, -0.006033935692382555, 4.712652159028176, 3.14254160220327, -0.0010750783649064411, 4.712719071466038]",0.0
416,1.5605903950803723,"[1.5749240384461556, 4.721085558713069, 1.5491874253089783, 4.731514608377228, 3.1414933279848385, 4.750301358742187, 1.6116585391679699, 1.568296518326261, 3.139154363016872, 4.7347544778761215, 3.1332597119724968, 1.5717711409844946, 4.712830630980296, 4.714272284825427, -0.015265204710475717, 0.001621647559964374, 0.000665661540646707, -0.003356672950164871, 3.1391273172464107, 1.5713110636527194, 3.138212635435477, -0.0005545804894456971, 3.14361478976326, -0.0017109554714857217, -0.0009382379380509997, 3.13959885865791, -0.002764443777642833, 1.5384401448977503, -0.006197054289630857, 4.730702379827922, 1.5936329438650592, 4.712770111326686, 1.5704890726234069, 1.5712199313679849, 3.1374868651753824, -0.0060349057940995415, 4.712652104306446, 3.1425421979567543, -0.0010746946585573275, 4.712718395042674]",0.0
417,1.5640305350438906,"[1.5749245891826684, 4.721084985647024, 1.5491878295788064, 4.7315144128694415, 3.141493054532592, 4.750301147022678, 1.6116579129980955, 1.5682962084940126, 3.139154528687405, 4.734755200455896, 3.1332599773019796, 1.571771036739211, 4.712830987043689, 4.714271556976879, -0.015265747430717734, 0.0016216053159646662, 0.000665953272710104, -0.003356360134946356, 3.139127447643433, 1.5713106595401922, 3.1382126642239103, -0.0005549560634494725, 3.1436160153759753, -0.0017112534710274992, -0.0009382526463863183, 3.139598135855107, -0.0027652903971425074, 1.5384412164983003, -0.006196882824498294, 4.7307039806285385, 1.5936335085372706, 4.712769450803428, 1.5704896076538846, 1.5712177833933072, 3.1374868938948652, -0.006033818671430631, 4.712652453481313, 3.142543522064522, -0.0010750387839449582, 4.712717628238164]",0.0
418,1.566894499262033,"[1.574923917249476, 4.721085853200134, 1.5491872391444206, 4.731514672243224, 3.141493323415514, 4.75030115314707, 1.6116577672836392, 1.5682965049287207, 3.1391538318181658, 4.73475472069964, 3.1332592777519332, 1.5717711715048264, 4.712830387176581, 4.7142717510062235, -0.015265791439874173, 0.0016220626225432414, 0.0006655594786795081, -0.0033563961854521287, 3.139127873710978, 1.571311497788934, 3.138212667536818, -0.0005548323827953921, 3.143615532641823, -0.0017105778476727356, -0.0009382985763679137, 3.139598736894127, -0.002764879822374327, 1.5384409758897903, -0.006197263032602464, 4.730702830020047, 1.5936329243784821, 4.712771118834534, 1.5704902006523558, 1.5712198117847167, 3.13748695555984, -0.006034943405993125, 4.712652381896143, 3.142542492555121, -0.0010750412384900696, 4.712718538979622]",0.0
419,1.5674646484121502,"[1.5749245551060564, 4.72108483136284, 1.549187193419959, 4.731513875220309, 3.1414931550417076, 4.7503016312085204, 1.611658779581927, 1.5682970286771827, 3.1391534591389885, 4.734754776006076, 3.1332611971884545, 1.5717711242657608, 4.712830342057898, 4.714271175851148, -0.015265348304656633, 0.0016223243377559665, 0.0006661403090801641, -0.0033562643847197854, 3.1391276223022366, 1.5713121833963222, 3.1382129721212833, -0.0005553215446039759, 3.1436151993230514, -0.001711906035216089, -0.0009374235851279241, 3.1395985608339583, -0.0027652223722300093, 1.5384400603342787, -0.0061975869345903154, 4.730702221156506, 1.5936319909427428, 4.7127711915908765, 1.5704895841889441, 1.5712201138438286, 3.1374871239843736, -0.006033108822726314, 4.712650940224747, 3.1425428263600277, -0.001075182868819817, 4.712718530218774]",0.0
420,1.5676953210997175,"[1.5749245545469865, 4.721085233861746, 1.5491879519813494, 4.731514813933466, 3.1414935040830616, 4.750301118399279, 1.6116582770209422, 1.5682968634192787, 3.1391542068625853, 4.734754593780788, 3.1332592979032077, 1.5717710413583665, 4.7128304567739665, 4.7142716100224025, -0.015265689694139856, 0.0016213122032754342, 0.0006658131425489988, -0.0033566453903097096, 3.1391282434088956, 1.5713113333177344, 3.138212208987803, -0.0005543969686007106, 3.143615778240882, -0.0017107114380119888, -0.0009380233105832551, 3.139598368320384, -0.0027641963692148458, 1.5384403731528173, -0.006197216444058199, 4.7307031571626315, 1.5936320941883875, 4.712770521745772, 1.5704894450119953, 1.5712202138794333, 3.1374866711901803, -0.0060342828747950985, 4.712651872211452, 3.1425428464936953, -0.0010746417114164562, 4.712718476845142]",0.0
421,1.5701303110765301,"[1.5749236916964158, 4.721085240387021, 1.5491863253338014, 4.731514710377538, 3.1414921599643018, 4.750301806938325, 1.6116585979853595, 1.5682963991520482, 3.1391530610424674, 4.734754766088416, 3.1332590731327197, 1.571771110111513, 4.712831173050173, 4.7142713728276835, -0.01526605850306101, 0.0016229012503707649, 0.0006656761129906791, -0.00335668453957311, 3.139126297968123, 1.571310112476089, 3.13821195680616, -0.0005541741604640698, 3.143615768540981, -0.0017112950428075748, -0.0009380529023708941, 3.139598025172974, -0.0027638283540868916, 1.5384398373159582, -0.0061975095469166425, 4.7307038521260525, 1.5936321972386542, 4.712770337293348, 1.5704895696523276, 1.5712200956248386, 3.1374875192115943, -0.006034513751406672, 4.712652120698791, 3.142542895132064, -0.0010747074566902267, 4.712719407581695]",0.0
422,1.5675039511141324,"[1.5749238763835716, 4.721085123230618, 1.5491875664945558, 4.731514390448413, 3.1414934520963396, 4.75030150399789, 1.6116582988466723, 1.5682967321609356, 3.1391535379597992, 4.734754682586289, 3.133259905808725, 1.57177122972603, 4.71283065957154, 4.71427173633709, -0.01526556798305271, 0.0016215028830331537, 0.0006655906287810349, -0.0033567705276589706, 3.1391273593988354, 1.5713109325486052, 3.138212169917051, -0.0005547368732494499, 3.14361554495918, -0.0017103234445635294, -0.0009384170235777658, 3.1395987606102516, -0.0027649372464165455, 1.5384399789648813, -0.006196263439155017, 4.730702356790758, 1.5936322416586304, 4.712770720018035, 1.5704899230417424, 1.5712197342134349, 3.1374868071215656, -0.006034170892451506, 4.712652761940188, 3.1425430832593815, -0.0010748165394175212, 4.712718610959357]",0.0
423,1.5708327146509842,"[1.574924047409041, 4.721086590987009, 1.549188173003946, 4.731513334200786, 3.141492945627712, 4.750301795599498, 1.6116587332142034, 1.5682960744915422, 3.139153247457459, 4.734754100200251, 3.1332595423428535, 1.5717710142423709, 4.712830562871244, 4.714271253733267, -0.015266076246176616, 0.0016222951005850136, 0.0006659568292677777, -0.0033571978275726377, 3.139127467445923, 1.571312086050502, 3.1382121212091847, -0.0005555132607471376, 3.143616144060778, -0.0017112625087312042, -0.0009385721300686563, 3.139599406712112, -0.002764452286622913, 1.5384415662206323, -0.006197163608454035, 4.730702549580005, 1.5936325726961835, 4.712769151109854, 1.5704888346431805, 1.5712207952792512, 3.137486444490473, -0.00603412522122597, 4.712653122888092, 3.142542962784814, -0.0010741950576443975, 4.712718374733422]",0.0
424,1.561416870158005,"[1.574924036654056, 4.721085162873617, 1.5491872741450865, 4.731514285179105, 3.1414929231905835, 4.750301416165599, 1.611658125483449, 1.5682970218059038, 3.139154095360142, 4.734754518728033, 3.133259988523501, 1.5717708286174217, 4.712831432534047, 4.714271424508681, -0.015265759601039895, 0.001621258756791849, 0.0006655541909419939, -0.003356971554205926, 3.1391273687536367, 1.5713116449439926, 3.1382127187683713, -0.0005544609324722438, 3.1436157061795855, -0.001710714836272413, -0.0009383127762393404, 3.1395992230889544, -0.002764030132980171, 1.5384407122757058, -0.006197133774433899, 4.73070285091596, 1.593632985285256, 4.712770889164188, 1.570489776567429, 1.5712198645101323, 3.137487207873953, -0.006034207899189724, 4.712652253794018, 3.1425425435780117, -0.001074207370331162, 4.712718368049321]",0.0
425,1.5737712008083071,"[1.57492404057362, 4.7210844359956585, 1.5491885542772643, 4.731514017484008, 3.141493392161979, 4.750300601008306, 1.6116571966603146, 1.5682959006562318, 3.1391539370565087, 4.734754791234111, 3.1332597968916023, 1.5717701539034996, 4.712830479075666, 4.71427139997454, -0.015265748012278311, 0.0016219074386047516, 0.0006647009485243128, -0.0033553759963357212, 3.139127192932821, 1.5713107853144672, 3.138213163742569, -0.0005544115173923646, 3.1436153551562755, -0.0017119230016077193, -0.0009383294527148404, 3.139599822912188, -0.0027637674463094307, 1.538440092032567, -0.00619717332015745, 4.73070248863892, 1.5936332432402995, 4.712770591090027, 1.5704895970649297, 1.571220457452025, 3.1374860764012142, -0.006034533154306562, 4.712652391718632, 3.1425436639034867, -0.001074952864447203, 4.712719534398765]",0.0
426,1.5600572668771735,"[1.5749240333538743, 4.721085287079828, 1.5491871006123, 4.73151361454435, 3.1414933500377833, 4.750301389136232, 1.6116578289414585, 1.5682962177163164, 3.1391541611161924, 4.73475455640331, 3.1332596549902805, 1.5717719230326552, 4.712831022383967, 4.714271496358404, -0.01526552934939872, 0.0016217719998702917, 0.000666125026247098, -0.0033562184046442003, 3.1391279839806665, 1.571310848916435, 3.1382123223947977, -0.0005540803199055014, 3.143615754050424, -0.001711055217597247, -0.0009387550328447217, 3.1395988339106595, -0.0027644348180017085, 1.5384404589463019, -0.006197212361981098, 4.730702425648452, 1.5936326340052418, 4.71277051643832, 1.5704896773040609, 1.5712201213286259, 3.137486723957937, -0.006034234495526165, 4.712652069595164, 3.1425426589094814, -0.0010747984564996103, 4.712718327496322]",0.0
427,1.5657445249512758,"[1.5749242328203026, 4.721084473373033, 1.5491871193348605, 4.731514253837833, 3.141493408014034, 4.750300633664389, 1.6116583679732819, 1.5682968858031214, 3.1391535648190514, 4.734754561264135, 3.1332595018972067, 1.571771344103924, 4.7128297906616865, 4.714272142106779, -0.015265558761890941, 0.0016213633150673817, 0.000665968576764241, -0.003357324808301594, 3.13912712274783, 1.5713102015044045, 3.1382132434231806, -0.0005554110379926675, 3.1436159701433284, -0.0017105154337841203, -0.0009386501943556537, 3.1395991268033336, -0.0027642508897779135, 1.5384403860875862, -0.006198792751327904, 4.730702036100137, 1.5936327626972075, 4.7127698703514795, 1.570490537863869, 1.5712206336400838, 3.13748769373917, -0.00603474454245836, 4.712652090241837, 3.1425438253780453, -0.0010745078690216276, 4.712717113172583]",0.0
428,1.559167810257538,"[1.5749235997542683, 4.7210851407446555, 1.5491879046435986, 4.731514810555599, 3.1414927050601116, 4.750300944604679, 1.6116578757383775, 1.5682968793183907, 3.139153930872772, 4.734754837506559, 3.1332597162565827, 1.5717714632426423, 4.7128303613587486, 4.714271946574425, -0.015265662169049298, 0.0016219028099706948, 0.0006660345774637686, -0.003356743946027273, 3.1391272688277456, 1.5713113670658378, 3.1382120398621773, -0.0005542579661266144, 3.14361540750641, -0.0017110398323738004, -0.0009381876253666317, 3.139598593669428, -0.0027641008265924727, 1.5384409644984842, -0.006197106085094633, 4.730702207661231, 1.5936330150871976, 4.712770517312121, 1.5704895825680465, 1.571220203382604, 3.137487056012981, -0.006033776842043537, 4.7126524056866, 3.1425428811017118, -0.0010752100507095009, 4.712718304640674]",0.0
429,1.5618370517651141,"[1.5749238770550416, 4.72108596827717, 1.5491875909107113, 4.731515538241299, 3.141493271683606, 4.750300452013121, 1.6116578587251507, 1.5682966500395086, 3.139153381051793, 4.7347555668599535, 3.1332591620463823, 1.571771565990262, 4.712832316855036, 4.714272763333107, -0.015266157930435894, 0.0016217246934724509, 0.000667135182512212, -0.0033562482630739663, 3.1391279861378893, 1.571311108180031, 3.1382130417482155, -0.0005556982709910423, 3.1436158453179113, -0.0017114314710144892, -0.0009382042791247509, 3.1396000042880243, -0.0027643163183173206, 1.538439682843422, -0.0061967802393358105, 4.730702484165556, 1.5936324638765136, 4.712770032684147, 1.5704899482476058, 1.5712200369839393, 3.137486954753435, -0.006033690576408873, 4.712651890368319, 3.142542563888821, -0.0010745726019873772, 4.712718615746156]",0.0
430,1.5660030302257821,"[1.5749243022966581, 4.721085200147949, 1.5491867989771682, 4.731514812209447, 3.141493313407806, 4.750301297190767, 1.6116581490149073, 1.5682969196823908, 3.1391538951585343, 4.73475389137833, 3.1332598988192255, 1.5717712351672175, 4.7128302892752, 4.714272074749722, -0.015266197810868985, 0.0016216493476367457, 0.0006660923800956378, -0.0033568414620824467, 3.1391276266969093, 1.5713108947765828, 3.1382126142073394, -0.0005544932261470174, 3.143615421656027, -0.001711275807816428, -0.0009384567235283924, 3.1395994495049253, -0.002764583124789126, 1.5384409549559324, -0.006196768210076076, 4.730702961992676, 1.5936327139509616, 4.712770448515712, 1.5704896409551108, 1.5712200620508676, 3.137486497508007, -0.0060342075160544914, 4.712652079296786, 3.142543141921731, -0.0010749282111550144, 4.712718789470432]",0.0
431,1.5636822483457948,"[1.5749243817892304, 4.721085438191898, 1.5491876443099413, 4.7315152915503695, 3.1414928892023117, 4.7503012774286875, 1.6116575392659134, 1.5682969436869343, 3.1391544344868096, 4.734755143594202, 3.1332599519107758, 1.571771994330435, 4.712830899013628, 4.714271502067783, -0.015265046875852286, 0.0016216328528987235, 0.0006652483183789338, -0.0033568366984021688, 3.1391262718140513, 1.571311843770279, 3.13821130194142, -0.0005543280110945761, 3.1436163397846184, -0.0017111971575279733, -0.0009386816964146553, 3.1396002551888484, -0.002765456832458379, 1.5384405795456801, -0.006198098849903313, 4.730702457026904, 1.5936316471329515, 4.712770130136115, 1.5704897006225222, 1.5712195180361994, 3.1374862773811794, -0.006035179547970124, 4.712651488958122, 3.1425430293508922, -0.0010748393191459982, 4.712718676427463]",0.0
432,1.5665368740553909,"[1.5749245153230276, 4.721084641569314, 1.5491873804980687, 4.731514536228812, 3.1414930636000284, 4.750301187190416, 1.6116583583300643, 1.568296211963868, 3.139153689816727, 4.734754482573449, 3.133259869294027, 1.5717717794811104, 4.712830923512342, 4.714271769621863, -0.015265689010191881, 0.0016215912867434453, 0.0006658087721743149, -0.003356393042017844, 3.1391276934756194, 1.5713115780328035, 3.138212318147375, -0.0005547300272563132, 3.1436155305232982, -0.0017107924739703975, -0.0009374639717864955, 3.139598939365232, -0.002764267629925997, 1.5384407828396212, -0.006196975995120176, 4.730702514871981, 1.5936327735918387, 4.7127698439901735, 1.5704902625762707, 1.5712200657182815, 3.1374870042993646, -0.006034832935881033, 4.712652403413559, 3.1425427593740833, -0.0010748151877793541, 4.712718894225989]",0.0
433,1.5621945194203066,"[1.5749242895985134, 4.7210858028883065, 1.5491878357151563, 4.731514513322286, 3.1414927884952624, 4.750299365103654, 1.6116600153534322, 1.568296291506342, 3.13915350284647, 4.734754097104929, 3.13326006704819, 1.571772108483628, 4.712830803997284, 4.71427167762291, -0.01526679275955286, 0.0016213220511290634, 0.0006650840396979856, -0.0033562578211371688, 3.1391270615536175, 1.5713112232026036, 3.1382130628090805, -0.0005542517427134423, 3.143616116558162, -0.0017108644277640072, -0.0009391348568549532, 3.139598483744735, -0.0027642006313642804, 1.538440509861526, -0.006197474821250707, 4.73070212979245, 1.593632528699459, 4.712770906418133, 1.5704896244950963, 1.5712191175270613, 3.137486369580163, -0.0060342082300227215, 4.712652036217547, 3.142542321783602, -0.0010750554919861154, 4.712718724084627]",0.0
434,1.5617419995326989,"[1.5749239180034933, 4.721084844142363, 1.5491875166649873, 4.731514556220629, 3.14149291468705, 4.750301157287674, 1.6116579306653127, 1.5682968780563495, 3.139153570971848, 4.734753997737963, 3.1332590928457282, 1.5717716846538832, 4.712830529065195, 4.7142712697220395, -0.015265119693392015, 0.0016216377497699896, 0.0006662951863797323, -0.003356431404324509, 3.1391272289819225, 1.5713112169829226, 3.138213059106503, -0.0005550219609183375, 3.143616038910227, -0.0017107382765491122, -0.0009379713258811679, 3.139599064964441, -0.0027643502656020855, 1.538440425848253, -0.006197080774151914, 4.730702598430481, 1.593632731029684, 4.712770705164472, 1.5704889820170673, 1.5712195737170047, 3.1374865055513053, -0.0060344457255162584, 4.712652320908346, 3.1425425348712426, -0.001074880406293831, 4.7127184686914845]",0.0
435,1.557762539979705,"[1.5749242166490165, 4.721085182592204, 1.5491873800896225, 4.731514539169505, 3.1414931294852417, 4.750301234435471, 1.6116581602343403, 1.5682966957643174, 3.139153636272759, 4.7347547096928935, 3.133259671685788, 1.571771113536857, 4.712830542633869, 4.7142716712645285, -0.015265762672921986, 0.0016217673275260676, 0.0006660298792414462, -0.0033562878236722505, 3.1391272270181885, 1.571311378182149, 3.1382124826448625, -0.0005546674633105591, 3.1436156768013626, -0.0017109491650576468, -0.000938420750479635, 3.139598787273161, -0.0027642728638315774, 1.5384404639291622, -0.00619688771569829, 4.73070260909157, 1.5936327189819013, 4.712770399297304, 1.5704898488826244, 1.5712199872443908, 3.137486419367255, -0.006034552794745486, 4.712652037698297, 3.142542675674737, -0.001074578135994777, 4.712718119661434]",0.0
436,1.569907998852066,"[1.5749242069682556, 4.721085117978479, 1.5491874870992666, 4.731514831791803, 3.1414930465889634, 4.750301633256754, 1.6116581522361952, 1.568296291166334, 3.1391539069339425, 4.7347548233430325, 3.133259893877942, 1.5717708876121284, 4.71283060216909, 4.714271685568175, -0.015265505953068921, 0.0016215098409530124, 0.0006659146054260489, -0.003356821854636585, 3.1391275944230776, 1.5713108745030666, 3.1382128847436324, -0.0005548071411286008, 3.143616316614301, -0.001711598391534919, -0.0009385694288653395, 3.1395987638869998, -0.0027639170129458226, 1.5384409690401042, -0.0061967497370016686, 4.73070208345736, 1.593632045606207, 4.712770560146312, 1.5704897257051404, 1.5712197924299371, 3.137487016046675, -0.00603475653392284, 4.712652283930708, 3.1425422309623596, -0.001075255439937594, 4.712718343276541]",0.0
437,1.5739947838676975,"[1.5749240134572406, 4.721085315513765, 1.5491876553655963, 4.731514609846175, 3.14149314288939, 4.7503013772134, 1.6116581825155367, 1.5682967448976117, 3.1391537812871597, 4.73475435258149, 3.133259951582161, 1.5717711817547713, 4.712830665348947, 4.7142718893668105, -0.015265289385364266, 0.001621808655373906, 0.0006659469716563883, -0.0033564866094036505, 3.1391275478950464, 1.5713112118062869, 3.1382126323382824, -0.0005547550772320153, 3.14361593818862, -0.001710851480222257, -0.0009385852736165329, 3.139598762443694, -0.0027642563662977075, 1.53844045606477, -0.006197265433635376, 4.730702732874902, 1.5936327717966503, 4.712770285713806, 1.5704899730636834, 1.5712199138450522, 3.137486675804249, -0.006034331025889986, 4.712652154126796, 3.1425426763451507, -0.001074849478444829, 4.712718772562301]",0.0
438,1.5572963233357844,"[1.5749234899153364, 4.721085580641111, 1.5491874493276054, 4.7315148553936215, 3.1414927209216374, 4.750301171941599, 1.6116582142867275, 1.5682966829246745, 3.1391540357292818, 4.734754377401376, 3.1332597375395137, 1.5717713124722452, 4.712830617280893, 4.7142705215867, -0.015265762833383887, 0.0016212555740717344, 0.0006660426784843844, -0.003356700976832862, 3.139127824586349, 1.5713112017480453, 3.1382125089933566, -0.0005549621920515013, 3.1436151376867985, -0.001711323708918036, -0.000938460744386643, 3.1395988500766197, -0.0027642748872833624, 1.5384400963631217, -0.006196998096049063, 4.730702508193185, 1.5936327302901452, 4.7127701162775555, 1.570490102223296, 1.571219869730729, 3.1374866925235056, -0.00603473665135404, 4.712652040312422, 3.1425430227185323, -0.0010750192413302617, 4.712718317490079]",0.0
439,1.5742042350226273,"[1.574924065982841, 4.721085301507878, 1.5491874442664602, 4.7315144602511925, 3.141493005157202, 4.750301306184433, 1.611658102244721, 1.568296587591263, 3.1391539090699028, 4.734754505998316, 3.1332596490741804, 1.5717710624852157, 4.71283057210549, 4.714271801330007, -0.015265852892760029, 0.0016212612483932607, 0.0006661279174974453, -0.003356539683066039, 3.139127384259718, 1.5713112744499793, 3.138212500356023, -0.0005546674753896944, 3.1436159159279717, -0.0017112542912081318, -0.0009381801470352857, 3.1395986909018156, -0.0027646627819217077, 1.5384402544380702, -0.00619733563568851, 4.730702487243359, 1.5936327717029086, 4.712770493690701, 1.5704897736810557, 1.5712199747000952, 3.137486710860267, -0.006034481312635344, 4.712652452317976, 3.1425426647275407, -0.0010747871278215507, 4.712718643178073]",0.0
440,1.5685487264731102,"[1.5749242283250378, 4.721085235283803, 1.5491872590785993, 4.73151416546356, 3.1414930643305605, 4.750301100560246, 1.6116587440935202, 1.5682974011960644, 3.1391535181065455, 4.734755616367809, 3.133259712307973, 1.5717713317216815, 4.712830582532444, 4.714271493337612, -0.015265296622082073, 0.0016212763393262627, 0.0006661739183891461, -0.003356400195601988, 3.1391277241984175, 1.5713110778733546, 3.138212424065089, -0.0005547863340040616, 3.143615547791634, -0.0017110911804529352, -0.0009386104365814703, 3.1395990877129263, -0.0027642533614522713, 1.5384407924126493, -0.006197117896171428, 4.730702832434397, 1.5936329612159588, 4.712770529352543, 1.5704893817294678, 1.571220031097307, 3.1374866857165595, -0.006034879847546341, 4.7126524561851895, 3.142542872844066, -0.0010751544096035477, 4.712718844753982]",0.0
441,1.5608079076248642,"[1.5749242252881406, 4.721085540603287, 1.5491876123282269, 4.7315147051174655, 3.1414933351721324, 4.750301622975307, 1.6116582698898865, 1.5682965360102141, 3.1391537861208025, 4.734754640579605, 3.1332598471174316, 1.571771468599466, 4.712830640387653, 4.7142715978714875, -0.015265692571340748, 0.0016215258310468357, 0.0006660149102392089, -0.003356402062155678, 3.13912733086847, 1.5713110833331063, 3.1382125908816225, -0.0005547271513353007, 3.1436155668618264, -0.0017110018506340545, -0.0009381620147824515, 3.139598990918203, -0.002764059598506046, 1.5384405022341419, -0.006197358914055999, 4.730702661575738, 1.5936326713430529, 4.712770697638586, 1.570489742032114, 1.571219849281666, 3.1374866822923972, -0.006034408313745763, 4.71265244106416, 3.142542914022532, -0.0010748852621793822, 4.712718382994152]",0.0
442,1.5563489448136418,"[1.5749248221953969, 4.7210849898344724, 1.54918791503813, 4.731514636647348, 3.1414934060170525, 4.750301210990769, 1.611658059531544, 1.5682964495872191, 3.139154092237983, 4.734754737943912, 3.133259748263501, 1.5717714309890074, 4.712830440387578, 4.7142710442539855, -0.015266089192703402, 0.0016219520900012446, 0.0006664513789823972, -0.0033569458688068802, 3.139127082756784, 1.5713112086551715, 3.1382125232531726, -0.0005548796771004005, 3.143615529333638, -0.0017107417035399327, -0.0009389012714689659, 3.139599063339005, -0.0027644493796789593, 1.5384401583139693, -0.0061969704971457954, 4.730702793910443, 1.5936330521625504, 4.71277052095978, 1.570489687313322, 1.571220177369337, 3.1374872333096744, -0.006034454642812831, 4.712652217814574, 3.142542196156112, -0.0010750682501675065, 4.712718732916697]",0.0
443,1.567035760398108,"[1.5749243157812918, 4.721085317364317, 1.5491875064485694, 4.7315144594632965, 3.141492883244259, 4.750301017481769, 1.611657927450761, 1.5682967533670051, 3.139153938908677, 4.734754607983987, 3.133259984254808, 1.5717713634470105, 4.712830540850387, 4.714271684651593, -0.015265659376651596, 0.0016218312874681378, 0.0006660116231005404, -0.0033566576491826238, 3.139127608423555, 1.571311041616148, 3.138212452467923, -0.00055500042630561, 3.1436155626535798, -0.001711086717493452, -0.0009383617254109097, 3.1395987662402245, -0.0027642068093027415, 1.5384404502476214, -0.0061971462899086185, 4.730702566040402, 1.5936325067107913, 4.712770613265982, 1.5704896641382948, 1.5712197807081791, 3.1374867195759024, -0.00603461377551511, 4.7126524457832675, 3.142542749615108, -0.001074439516452409, 4.7127186265953585]",0.0
444,1.5585674933667093,"[1.5749243239682449, 4.721084995054589, 1.549187855339083, 4.731514572586484, 3.141492328749521, 4.750301817818307, 1.611658591583065, 1.5682967286311327, 3.139154047957897, 4.734754794537655, 3.1332593733259197, 1.5717709264241615, 4.71283069051463, 4.714271592253253, -0.015266064477736397, 0.0016221718101834814, 0.0006663186898681694, -0.0033564824719228216, 3.1391278986750044, 1.5713110289755186, 3.1382128530001663, -0.0005542820539662489, 3.143615363304113, -0.0017104637576351768, -0.0009383952935903596, 3.1395993192860385, -0.002764542787368642, 1.538440505516828, -0.006197402141621374, 4.730702074240276, 1.5936325323507943, 4.71277045967427, 1.5704898020396911, 1.5712195419924473, 3.1374865147338435, -0.006034515691174972, 4.712652193823809, 3.142542871435444, -0.0010747768824344154, 4.712718484621219]",0.0
445,1.555024237444072,"[1.5749241969452228, 4.721085141810014, 1.5491878244745414, 4.731514713585972, 3.141493093072845, 4.750301393588763, 1.6116582555096886, 1.5682968548791953, 3.139153711608052, 4.7347545642722295, 3.133259674306495, 1.5717714395047315, 4.712830946389543, 4.714271554439213, -0.015265652980848452, 0.0016217363863863384, 0.0006658428845228321, -0.00335662664440913, 3.139127506216283, 1.5713109512885932, 3.1382127499018018, -0.0005546776954354865, 3.1436156042405194, -0.0017112586142120985, -0.000938397842818845, 3.139598687860545, -0.0027647213778177757, 1.5384406614336115, -0.006197121112446781, 4.730702586635336, 1.5936327661370995, 4.712770560019551, 1.5704897758481937, 1.5712202099828203, 3.1374866599879714, -0.006034589999309625, 4.712652282138789, 3.1425427195808626, -0.0010746384255033855, 4.712718450689589]",0.0
446,1.5611197492501112,"[1.5749240143368617, 4.721085600523467, 1.5491878922516846, 4.731514015761426, 3.141493337056833, 4.750301557827403, 1.6116577370923593, 1.5682975767876648, 3.1391539144676965, 4.734754663258365, 3.133259795644647, 1.5717716057663045, 4.712830685046876, 4.714271658561171, -0.015266457598735876, 0.0016217496636122164, 0.0006658225486844069, -0.0033564951190589633, 3.1391272219125286, 1.5713110625933089, 3.138213021442515, -0.000554613080220209, 3.143615774981353, -0.0017108368531233429, -0.0009380013930749165, 3.1395986873622737, -0.0027641746620976305, 1.5384404672556737, -0.006196886316962981, 4.730702386422391, 1.593632531598393, 4.712770019958624, 1.5704896566760893, 1.5712197774689138, 3.1374869778086376, -0.006034899960706826, 4.712651782642325, 3.1425427748319037, -0.0010751061861453619, 4.7127185927753565]",0.0
447,1.5615296862961197,"[1.5749242254626123, 4.721085302566701, 1.5491874052310184, 4.7315145553664175, 3.1414927551849186, 4.750301464188605, 1.6116581294401517, 1.568296528093118, 3.139154076808693, 4.734754873231556, 3.1332596617372728, 1.5717715291396954, 4.712830552753043, 4.714271743776943, -0.015265709265952018, 0.0016215645799063556, 0.0006657489211115392, -0.0033566732863071743, 3.139127453152006, 1.571311335026428, 3.138212954166845, -0.0005548676024014421, 3.1436157471351915, -0.0017108567416040212, -0.0009384542724334028, 3.139598752908214, -0.002764350414667371, 1.538440389337166, -0.006196982895411513, 4.73070265578308, 1.593632696718978, 4.712770451684703, 1.570489660969986, 1.5712201641044168, 3.137486602951683, -0.006034380676180983, 4.712652173068575, 3.1425429461354173, -0.001074877335042035, 4.712718612655406]",0.0
448,1.5678338303521187,"[1.5749239305826732, 4.7210850672161895, 1.5491875695171942, 4.731514590158746, 3.1414931014169136, 4.750301711417184, 1.6116584185160474, 1.5682969831764006, 3.139154066997909, 4.734754836312735, 3.133259284036464, 1.5717716579688121, 4.71282997809081, 4.714271522994418, -0.015265912767625412, 0.0016215472226874556, 0.000665371158192795, -0.0033561232576261113, 3.1391276083059747, 1.5713108632096326, 3.138212360167902, -0.000555110052891935, 3.143615743666888, -0.0017112848784644444, -0.0009383770175661666, 3.1395992264784547, -0.002764335141625329, 1.5384405535952383, -0.006197095640628811, 4.730702532792284, 1.5936328119707788, 4.7127702806653, 1.570489999004271, 1.5712197269415702, 3.137486955799398, -0.0060339085322755935, 4.71265214934362, 3.142542095387562, -0.001074226970118483, 4.712718663042239]",0.0
449,1.5629489679289457,"[1.5749251963387734, 4.721085881429508, 1.5491871956341843, 4.731514633042493, 3.1414929004276937, 4.750301124151512, 1.6116578405012008, 1.568297076356184, 3.139153621356908, 4.734754517756315, 3.1332593265627247, 1.5717710616312928, 4.712830726703592, 4.714271249206839, -0.015265281966221558, 0.0016215730279288464, 0.000665633295436523, -0.003356421819714892, 3.13912734319217, 1.5713109739903173, 3.138212798576208, -0.0005544332402343796, 3.143615445483589, -0.00171097406496597, -0.0009382967038344778, 3.139598812283582, -0.0027643926890987603, 1.5384404845757444, -0.006197089670687671, 4.730702106867236, 1.5936326595740424, 4.712770037667301, 1.5704899643775077, 1.5712199494545418, 3.137486827684268, -0.006033931009778626, 4.712652502779906, 3.142542618325618, -0.0010750161820066615, 4.712718548187028]",0.0
450,1.564288529844505,"[1.574924029644553, 4.721085293985163, 1.5491872609187058, 4.731514589774873, 3.141492906005972, 4.750301363815012, 1.6116582864142797, 1.5682965613796147, 3.139153600898965, 4.7347547186281265, 3.13325949307428, 1.571771166154773, 4.712830776479099, 4.714271479453081, -0.015265808012049256, 0.001622004843037331, 0.0006658245982108725, -0.0033566368015103005, 3.139127243200512, 1.571310842188849, 3.1382124582983644, -0.0005546277253579777, 3.1436157049873805, -0.0017110163101080858, -0.0009382168477381413, 3.1395987301131743, -0.0027642669507543702, 1.538440365276862, -0.006197235235499256, 4.730702837472655, 1.5936325649036889, 4.712770397905135, 1.5704895896207205, 1.5712199562887632, 3.137486981849936, -0.006034485153826212, 4.712652069413903, 3.1425427817660223, -0.0010748231760875867, 4.712718720016738]",0.0
451,1.5612972839500803,"[1.5749241001236505, 4.721085257235977, 1.5491875731803226, 4.731514507237467, 3.1414931140155478, 4.750301259197361, 1.611658134769123, 1.568296701204009, 3.139153758404469, 4.734754595076785, 3.133259658190885, 1.5717711907646281, 4.7128305870404725, 4.7142715880004245, -0.015265710919478523, 0.0016216857269953939, 0.000665836687692792, -0.003356515460668103, 3.139127497250062, 1.5713111660033838, 3.1382126220087145, -0.0005546838894285845, 3.1436156491742446, -0.0017109885360193024, -0.0009383419314541987, 3.1395990401631177, -0.0027642441794677756, 1.5384403942311353, -0.006197152928590974, 4.730702411642301, 1.5936326116885189, 4.71277055279076, 1.5704897301604444, 1.571220170095836, 3.1374867203987225, -0.006034533912253357, 4.712652199252243, 3.1425427190044735, -0.001074818584264439, 4.712718712712743]",0.0
452,1.5526639018398218,"[1.5749241860609713, 4.721085110310883, 1.5491878083172947, 4.731514428959851, 3.1414932253293126, 4.7503010850266545, 1.6116579717408328, 1.568296416661829, 3.1391539145536336, 4.73475480779167, 3.13325975496054, 1.5717709649023426, 4.7128306797964825, 4.714271485979176, -0.015265715527531856, 0.0016216866503343562, 0.0006656592502679703, -0.003356401105987889, 3.139127498538263, 1.5713109662992464, 3.138212738823413, -0.0005547667582170613, 3.1436156545948957, -0.0017111009746156093, -0.0009382643662609107, 3.1395990379719345, -0.0027644661074966684, 1.5384405711583677, -0.006197073378178765, 4.730702637409322, 1.5936329406776804, 4.712770314724935, 1.5704895585513572, 1.5712196751204732, 3.1374866816447984, -0.006034372207332163, 4.712652128083289, 3.1425430162664827, -0.001074893428364538, 4.71271850832028]",0.0
453,1.5567855611493477,"[1.5749241518958206, 4.72108529976879, 1.5491874994593113, 4.731514424353158, 3.1414931552480128, 4.750301229141113, 1.6116583296381504, 1.5682967527551, 3.139154033200922, 4.734754665998065, 3.13325969370904, 1.5717712074480286, 4.712830643515637, 4.71427155344947, -0.015265626623259851, 0.00162182753303445, 0.0006659735222514713, -0.003356620572444091, 3.139127425080482, 1.5713111411586818, 3.138212629447738, -0.0005547968435148368, 3.1436157321540104, -0.0017110528975939991, -0.0009381587657884482, 3.1395989084374136, -0.002764405207795462, 1.538440487103124, -0.006197101314740596, 4.730702533917932, 1.5936326458749774, 4.7127705043708135, 1.5704898362468094, 1.5712199479103037, 3.13748669521958, -0.006034387277699199, 4.712652174178407, 3.1425427440299107, -0.0010748909786219645, 4.712718552212921]",0.0
454,1.5705703542791116,"[1.574924245899623, 4.721085246279437, 1.5491874517190933, 4.731514491872943, 3.1414930864784982, 4.750301415235345, 1.6116582015105017, 1.5682966774207092, 3.139153515015077, 4.734754699936949, 3.1332600712438254, 1.5717712525049712, 4.712830541616917, 4.714271505630362, -0.015265683468224132, 0.0016217070692086276, 0.000665939676052563, -0.003356523103653749, 3.1391276557483647, 1.5713113668682699, 3.138212675501914, -0.0005548907415034599, 3.1436155204172556, -0.0017110447600135136, -0.0009382048079541324, 3.139598828899591, -0.002764650518418767, 1.538440469912625, -0.00619727964201888, 4.730702387103165, 1.5936326104891625, 4.712770564398509, 1.570489506592067, 1.5712199002330867, 3.137486942017261, -0.006034225374214813, 4.712651780793067, 3.142542687308724, -0.0010748807896114555, 4.712718478936043]",0.0
455,1.5720089649497413,"[1.5749242355284383, 4.721085235203252, 1.549187494777879, 4.731514546876596, 3.141493039450787, 4.750301333996988, 1.6116582078597892, 1.5682967659140177, 3.139153908444585, 4.734754524215972, 3.1332596706458316, 1.5717712032440458, 4.7128307465814006, 4.714271647308653, -0.015265766134450827, 0.0016216920437952833, 0.000665844725154699, -0.0033564307351032453, 3.1391275258710167, 1.5713111093759602, 3.1382124379339733, -0.0005549374180968265, 3.143615749172166, -0.0017109413377020212, -0.0009383941575432352, 3.139598879088211, -0.0027643563440877183, 1.538440465205964, -0.006197155133665274, 4.7307024763439065, 1.5936327485064854, 4.712770477248876, 1.570489640152001, 1.5712199720994473, 3.137486825423615, -0.006034497604354143, 4.712652188459166, 3.142542813291287, -0.0010749645198329582, 4.712718465527334]",0.0
456,1.555575285948531,"[1.5749241126055462, 4.7210851671379155, 1.5491874662506342, 4.731514467257245, 3.1414932423310025, 4.750301090795319, 1.6116582076325678, 1.5682966735311246, 3.1391537325676664, 4.734754701892331, 3.1332595955225524, 1.5717712945787106, 4.712830421284024, 4.714271678746893, -0.015265649443508784, 0.001621543469754633, 0.0006659623257420023, -0.0033568974275406368, 3.1391274606187807, 1.5713108815346883, 3.1382127941099287, -0.0005547887971647966, 3.143615755213289, -0.0017107584094705201, -0.0009383815792701343, 3.1395989899947514, -0.002764385951105311, 1.538440531262563, -0.006197461172528585, 4.730702436926466, 1.5936326758042227, 4.7127702589305756, 1.5704898944329568, 1.571220024618236, 3.1374869761019144, -0.006034536004003504, 4.712652154512977, 3.142542933786915, -0.0010746720792279086, 4.7127181812899055]",0.0
457,1.5700041536217766,"[1.5749241115193962, 4.721085297344796, 1.5491875006864075, 4.731514640490434, 3.1414931283608865, 4.7503012617552445, 1.6116581724003043, 1.5682966975017099, 3.1391539637337544, 4.7347546684623945, 3.133259732686392, 1.5717712412648452, 4.712830639945418, 4.714271530018534, -0.01526566300436473, 0.001621644040066649, 0.0006659906368987723, -0.0033563886556665294, 3.1391273581695174, 1.5713111846812609, 3.1382126107914474, -0.0005547099088582239, 3.143615709928672, -0.0017109198852247381, -0.000938403287437588, 3.139598909251459, -0.002764486154082242, 1.5384406223448455, -0.006197164222864024, 4.730702497227728, 1.5936325295357843, 4.712770373898442, 1.5704896540402051, 1.5712199366205708, 3.1374868832067686, -0.006034493413706167, 4.712652185196706, 3.142542835588899, -0.0010747201706124486, 4.712718647784098]",0.0
458,1.567954377491323,"[1.5749242380080617, 4.721085339992523, 1.5491876077522375, 4.731514642434135, 3.14149300860469, 4.750301308727033, 1.6116579991694697, 1.5682967339504883, 3.139153840629416, 4.734754774756737, 3.1332597127825683, 1.571771458862946, 4.712830692856238, 4.714271608527768, -0.015265579582224418, 0.0016216594424351685, 0.0006656979570431996, -0.0033568729519618864, 3.1391273389877967, 1.571311247829578, 3.1382122430996455, -0.0005545953695348419, 3.1436158496027873, -0.0017110431974871154, -0.000938341924513221, 3.1395992725527866, -0.002764572357625155, 1.5384404386427413, -0.006197301851885065, 4.730702572983783, 1.5936325586453868, 4.712770386789921, 1.5704897313760269, 1.5712197409637543, 3.1374865095430016, -0.006034625079743749, 4.712651999785604, 3.1425426804062835, -0.0010749343081425454, 4.712718496080893]",0.0
459,1.558017426330384,"[1.5749240924498795, 4.721085253755444, 1.5491874383076154, 4.7315146732497, 3.1414931723478414, 4.750301236743877, 1.6116581545367614, 1.568296756720407, 3.1391538245357515, 4.734754737886348, 3.133259776048667, 1.571771266654473, 4.712830699924537, 4.714271595932364, -0.015265789309302337, 0.0016217946957027217, 0.0006658995086085098, -0.003356540620938295, 3.139127624110178, 1.5713111944750648, 3.138212681271906, -0.0005547033965517183, 3.1436157729195315, -0.001710988125767863, -0.0009383123462049184, 3.1395989637208173, -0.002764393935872577, 1.538440352047061, -0.006197179071858154, 4.730702564246003, 1.5936326568435393, 4.712770313491431, 1.5704896311942398, 1.5712199391788468, 3.1374867549136813, -0.0060344155255090005, 4.712652377188816, 3.1425426736936584, -0.0010748518185756414, 4.71271847131731]",0.0
460,1.568703178920377,"[1.574924089930436, 4.721085547517242, 1.5491876602378816, 4.7315146519570215, 3.141493104820096, 4.750301113721199, 1.6116581114247206, 1.568296582093337, 3.139153682354174, 4.734754831321577, 3.13325944825193, 1.571771303166872, 4.712831017204743, 4.714271871489256, -0.015265767274154999, 0.00162155358024456, 0.000666264240010788, -0.003356608357234869, 3.1391276204539382, 1.571311045104904, 3.138212639999603, -0.0005549421384699149, 3.143615648013884, -0.0017109843272182675, -0.0009382730119433681, 3.1395991000894385, -0.00276433750982466, 1.5384404483574787, -0.006196894246758892, 4.730702520191495, 1.5936326935145124, 4.71277043228563, 1.5704897952937917, 1.5712198902681442, 3.137486809480094, -0.006034277405804617, 4.7126519775881395, 3.1425426676157837, -0.001074728095397936, 4.712718612708165]",0.0
461,1.5553757423783325,"[1.5749241356596058, 4.721085331935958, 1.549187554101739, 4.731514456097514, 3.1414931100040757, 4.750301530986245, 1.6116580230536302, 1.5682966918112513, 3.1391538135298194, 4.734754674131146, 3.133259648511974, 1.571771131196053, 4.71283060056194, 4.714271563944373, -0.015265615374775424, 0.0016217436886219482, 0.0006660126070445194, -0.0033566465180137686, 3.1391275473180342, 1.571311174895485, 3.138212514790395, -0.0005548439998260138, 3.1436156880620096, -0.0017109896315021138, -0.0009382603247450086, 3.139598967350701, -0.0027644072224729086, 1.5384405566594286, -0.006197100681882121, 4.73070258342204, 1.5936326934600966, 4.7127702957566, 1.5704896536902369, 1.5712200537210828, 3.1374867788219194, -0.006034472547659762, 4.712652267612205, 3.142542786556558, -0.0010747607311510524, 4.712718528687105]",0.0
462,1.5661846150870369,"[1.5749241361597006, 4.721085619449025, 1.549187725632302, 4.7315142739261535, 3.1414930575483755, 4.750301139094755, 1.6116585586312902, 1.5682964759014006, 3.139153638232129, 4.734754458515171, 3.1332596833734097, 1.5717713028877207, 4.71283056791697, 4.7142714686902245, -0.015265933031047728, 0.0016217154501191931, 0.000665790867779953, -0.003356750687972384, 3.139127515936073, 1.5713112823672695, 3.138212588792566, -0.0005547334860517023, 3.143615806839472, -0.001710921005369412, -0.0009384404333239196, 3.1395988784424604, -0.0027643612211990924, 1.5384407608340014, -0.0061970765071977865, 4.730702507525758, 1.5936326821114901, 4.712770253165208, 1.570489493018558, 1.5712199068589807, 3.137486617384863, -0.006034393651245519, 4.712652371277647, 3.1425426535438077, -0.0010747568336020405, 4.712718527205528]",0.0
463,1.561078833797899,"[1.5749241048319391, 4.721085169151243, 1.5491874766425229, 4.73151450647, 3.141493180983242, 4.750301311242218, 1.6116581094257567, 1.5682966932467433, 3.1391538271160035, 4.734754680615986, 3.133259649021661, 1.571771211022083, 4.712830732798336, 4.714271592581457, -0.015265777692103187, 0.0016216148658824126, 0.0006659159806904193, -0.0033566361363358364, 3.1391274471366724, 1.5713111362804137, 3.138212591100103, -0.0005548577482278259, 3.1436155347830668, -0.0017109160603415064, -0.0009383850281818286, 3.1395987977851676, -0.002764343563276936, 1.538440597952267, -0.006197276761995653, 4.730702515550154, 1.5936325889146343, 4.712770374439479, 1.570489718031578, 1.5712198821603547, 3.1374865843752806, -0.00603438482209019, 4.712652212585201, 3.1425426416446354, -0.0010748940946888202, 4.712718631400774]",0.0
464,1.5557348070778874,"[1.5749241078229208, 4.7210853889865065, 1.5491874556400047, 4.731514679893443, 3.1414929960510705, 4.7503012854963025, 1.6116581094943774, 1.5682966557655849, 3.139153900928526, 4.734754731672134, 3.1332600139324382, 1.5717711920109128, 4.7128305822914465, 4.714271419618628, -0.015265745762981535, 0.001621561959098015, 0.0006659640870894211, -0.0033565601686653722, 3.139127537692446, 1.5713107091890095, 3.1382125296132983, -0.0005547002984770905, 3.143615864960684, -0.0017105906613549295, -0.0009380527762455234, 3.1395988643824695, -0.0027644192790958273, 1.5384406100285606, -0.006197075910976996, 4.730702463680879, 1.5936329167439325, 4.712770454314839, 1.5704896535579838, 1.571220142983867, 3.1374864979569117, -0.0060344798093980275, 4.712652099668412, 3.142542494566679, -0.0010747799065249984, 4.712718581742907]",0.0
465,1.563319745955172,"[1.5749241963462275, 4.721085279485335, 1.5491874347692831, 4.731514619737956, 3.1414932332030236, 4.750301342058185, 1.6116581850498604, 1.5682966891727161, 3.139153834362901, 4.734754703157081, 3.1332596118588754, 1.571771279062905, 4.712830636106612, 4.714271534597005, -0.015265746533266853, 0.001621704733412892, 0.0006659247451835723, -0.0033566867113634167, 3.139127537942215, 1.5713111803489253, 3.1382125544830997, -0.0005547057863479444, 3.143615753973543, -0.0017110051311939795, -0.0009383124872342963, 3.1395988104043773, -0.00276432575208037, 1.5384404897420296, -0.006197101881148468, 4.730702322667333, 1.593632844093297, 4.712770480402213, 1.5704896375679809, 1.571219831497512, 3.1374867306469127, -0.006034504351216291, 4.712652151659986, 3.1425428517200023, -0.0010747088673367375, 4.712718644981471]",0.0
466,1.5587918746092722,"[1.5749240449877606, 4.721085289173249, 1.5491877254436834, 4.731514550324228, 3.1414931100052934, 4.750301406471921, 1.6116581987973793, 1.5682967706131405, 3.1391537100065325, 4.73475445104236, 3.1332599172833997, 1.5717711732189907, 4.712830558817201, 4.7142717305431825, -0.015265339151181348, 0.0016218094670278024, 0.000665990138595996, -0.0033565834479488328, 3.139127616241612, 1.5713111153171402, 3.1382127290583326, -0.0005545981319261415, 3.1436158416136744, -0.0017108668186452119, -0.0009385737572179527, 3.1395987434638006, -0.002764212694379688, 1.5384403969028855, -0.006197196360129521, 4.7307027649105535, 1.5936329461458165, 4.712770233411652, 1.570490019519487, 1.5712197452544814, 3.137486713413022, -0.006034386252578533, 4.712652083189348, 3.1425427008411697, -0.0010748778674468595, 4.71271877502759]",0.0
467,1.569168954191287,"[1.574924127180049, 4.721085273289876, 1.5491874352817299, 4.731514294236276, 3.1414931370056705, 4.750301321953327, 1.6116580844715984, 1.5682965716320862, 3.1391538957952734, 4.7347546276286465, 3.1332596834114845, 1.5717714115430228, 4.7128307116005645, 4.714271555082634, -0.015265659281260597, 0.0016216839989262285, 0.0006659838883908316, -0.0033564925183473707, 3.1391276295374637, 1.571311039637935, 3.1382125475976377, -0.0005545538513005675, 3.1436157046064825, -0.0017109924595041439, -0.0009384256404204943, 3.1395988860423736, -0.0027643851125053083, 1.5384404877739215, -0.00619713376125924, 4.730702525155189, 1.5936326765184252, 4.712770449269057, 1.5704897001714817, 1.571219944928434, 3.1374867632498447, -0.006034416218780911, 4.712652157508408, 3.142542699755601, -0.0010748373839261952, 4.71271848833274]",0.0
468,1.5609621256384465,"[1.5749240807695104, 4.721085325843957, 1.5491875247100497, 4.731514552567436, 3.141493047505557, 4.750301264255006, 1.6116581783095338, 1.5682967109846093, 3.1391538404511072, 4.734754605139124, 3.1332596951764327, 1.5717712701275217, 4.712830629060518, 4.714271477181268, -0.015265722096424272, 0.0016216265301700968, 0.0006659391766187402, -0.0033565738142037464, 3.139127535199039, 1.5713111483073259, 3.138212568075732, -0.0005547536265320936, 3.1436156022351796, -0.0017109707907126328, -0.0009383253162548471, 3.139598899682483, -0.002764391050235819, 1.5384404278176744, -0.006197134363774566, 4.730702564228918, 1.5936327259081915, 4.71277038795792, 1.5704897514599008, 1.5712199161272047, 3.1374867434167126, -0.0060344788645486265, 4.712652168656319, 3.14254278952296, -0.0010748263690223395, 4.712718542048197]",0.0
469,1.5670141822360355,"[1.5749241330576305, 4.721085227053666, 1.5491875383149174, 4.73151463454952, 3.1414930352725454, 4.750301352696862, 1.6116581773516272, 1.5682966207273605, 3.139153822216468, 4.734754665415854, 3.13325972721082, 1.5717711403298886, 4.7128305646758015, 4.714271538784726, -0.015265675151760728, 0.001621580871335044, 0.0006659225537575585, -0.003356667791554035, 3.139127553095766, 1.5713110777190111, 3.1382126800310433, -0.0005547146484784402, 3.1436157345689257, -0.0017110971672889715, -0.0009383340101580089, 3.139598868549916, -0.002764266701725959, 1.5384405858204506, -0.006196958727284761, 4.730702506522884, 1.5936325633628523, 4.712770442415444, 1.5704897569651237, 1.5712198387209295, 3.137486837056863, -0.006034573856825692, 4.71265220555246, 3.1425426196979305, -0.0010749572727117797, 4.712718459551994]",0.0
470,1.5661384458769898,"[1.5749241039309834, 4.721085332918775, 1.5491875016536774, 4.731514531699854, 3.141493087179494, 4.75030130684363, 1.6116582190935875, 1.5682966892683528, 3.139153861254567, 4.734754623708824, 3.133259699382182, 1.5717712239761785, 4.7128306425475595, 4.71427170079001, -0.015265624665089315, 0.0016216530443349823, 0.0006658642636174284, -0.0033565615808383454, 3.139127510641794, 1.5713111068227807, 3.1382126090187357, -0.0005547120769816458, 3.1436156110181637, -0.0017109766148169833, -0.0009382841177986114, 3.139598888036869, -0.002764377872012106, 1.538440479353573, -0.006197133650413613, 4.730702506192805, 1.5936326929396094, 4.712770383357087, 1.570489636408147, 1.5712198972192701, 3.1374867475568053, -0.006034511669524204, 4.712652171147688, 3.1425427054655057, -0.0010747999806086197, 4.712718531466447]",0.0
471,1.5619522195534072,"[1.5749243165805775, 4.721085232415765, 1.5491876229588846, 4.7315145437073065, 3.1414931783368045, 4.75030128567551, 1.6116581887681323, 1.568296634987464, 3.1391539078045936, 4.734754659477341, 3.133259700673546, 1.5717712619078537, 4.712830558631848, 4.714271581016217, -0.015265754107560732, 0.0016217070870876153, 0.0006660261800442966, -0.003356661530797024, 3.139127371663035, 1.5713111379339582, 3.138212594661817, -0.0005547177254665076, 3.1436155624856212, -0.0017108983233599948, -0.0009384006088659251, 3.1395989316985484, -0.002764418457455204, 1.5384403811388183, -0.006197091718104107, 4.73070262145487, 1.5936328209561268, 4.712770433574993, 1.5704896353457465, 1.5712199543384544, 3.1374868792741646, -0.006034503565849575, 4.712652211722742, 3.1425425543887924, -0.0010748658324041462, 4.7127185838223875]",0.0
472,1.56182512528973,"[1.5749241512956627, 4.721085354293117, 1.549187505007335, 4.731514536649792, 3.1414931037760585, 4.750301250169382, 1.6116581164714827, 1.568296657317008, 3.1391537991591094, 4.734754637872394, 3.1332596896334413, 1.5717712052620754, 4.712830659305617, 4.714271614934341, -0.015265695957934665, 0.0016217150403361523, 0.0006659401828573113, -0.0033565897420820387, 3.139127531041538, 1.5713111789354604, 3.138212624774966, -0.0005547113975990574, 3.143615678966337, -0.001710898002858143, -0.000938316683144657, 3.1395988622659003, -0.002764428554573168, 1.538440537941434, -0.006197147639650016, 4.730702568318572, 1.5936327015061384, 4.712770503471476, 1.570489725815744, 1.5712199147265484, 3.1374867670254187, -0.006034556137326981, 4.712652207367323, 3.142542758904292, -0.001074900948783195, 4.712718549123548]",0.0
473,1.5711015006203055,"[1.57492410628866, 4.72108530537126, 1.549187523928009, 4.731514541111252, 3.141493096922626, 4.75030134978264, 1.6116581492723367, 1.5682967365685354, 3.139153818419938, 4.734754715129943, 3.1332595549073092, 1.5717713085674219, 4.712830442159692, 4.714271611530124, -0.015265774959342653, 0.0016217003211514717, 0.0006657655462838734, -0.0033564585597464025, 3.1391275692833362, 1.5713111096324979, 3.1382125860614276, -0.0005548088128152361, 3.143615712713961, -0.0017109616285740838, -0.0009383008894855495, 3.1395989425394317, -0.002764447192222239, 1.5384405877238052, -0.006197150793390579, 4.730702619987887, 1.5936327572702955, 4.712770512636504, 1.5704898478081193, 1.5712198375464634, 3.1374868258632573, -0.0060343995077780785, 4.712652217647939, 3.142542589553741, -0.0010747361524086343, 4.712718585974566]",0.0
474,1.5601639067970694,"[1.5749240730979441, 4.721085273085195, 1.5491875505084198, 4.731514545667672, 3.1414930181671075, 4.750301267205725, 1.611658134109493, 1.568296702231624, 3.1391538109753547, 4.734754670692217, 3.1332597270395905, 1.5717712799414527, 4.712830609597824, 4.714271637295782, -0.015265702461586981, 0.0016217111037304106, 0.000665945087529854, -0.0033565871368935836, 3.139127435394828, 1.5713111394409882, 3.1382125542143573, -0.0005546997356462995, 3.1436156606995334, -0.0017109886288547006, -0.0009383268502504833, 3.1395988951698195, -0.002764357988083509, 1.5384405543902442, -0.006197124805947608, 4.730702470328278, 1.5936327590823252, 4.712770432287939, 1.570489709869087, 1.571219929521442, 3.1374868022988496, -0.006034397573430313, 4.712652231319971, 3.142542741809976, -0.0010748809029887548, 4.712718535473872]",0.0
475,1.5670489850042892,"[1.5749242125749907, 4.721085228414303, 1.5491876940451426, 4.731514599151588, 3.141493113152621, 4.75030121760152, 1.6116581674264836, 1.5682967742791618, 3.1391538754030357, 4.734754664544046, 3.133259612959812, 1.5717712179524133, 4.71283055800273, 4.714271629115067, -0.015265701974789728, 0.0016216083098909465, 0.0006659323658768835, -0.0033566102311941085, 3.139127630947291, 1.571311173747417, 3.138212479130656, -0.0005545937909038613, 3.143615711393454, -0.0017109063736456649, -0.0009382201584000028, 3.1395987614560705, -0.0027642994867105915, 1.53844051511887, -0.006197149909465283, 4.7307026607877605, 1.5936325900372295, 4.712770449336876, 1.5704896194590001, 1.5712199884297289, 3.137486764366618, -0.006034333347405202, 4.712652136142852, 3.142542792531691, -0.0010748296428815867, 4.712718521419665]",0.0
476,1.5586083038090555,"[1.5749241732581423, 4.721085251646776, 1.5491874776297003, 4.731514545253598, 3.14149305991462, 4.7503012576824455, 1.611658263101687, 1.5682966708030934, 3.139153786589689, 4.734754727988142, 3.1332596880445265, 1.5717712131401564, 4.712830620460955, 4.71427158314941, -0.015265606324946432, 0.0016216246744671444, 0.0006659543162170926, -0.0033565650085840334, 3.1391275486724854, 1.5713111279633702, 3.1382125436931028, -0.00055474391314129, 3.1436156816539276, -0.0017109828782920717, -0.0009383792159078563, 3.139598936441348, -0.0027643903244549063, 1.538440522887755, -0.0061971514172328105, 4.730702578233551, 1.5936327281055884, 4.712770465472229, 1.570489686090271, 1.5712199375948281, 3.137486741290268, -0.006034456387519465, 4.7126522388636705, 3.142542737520855, -0.0010748375696626549, 4.712718580938511]",0.0
477,1.5680197192090006,"[1.5749241976330752, 4.721085288009744, 1.549187555464475, 4.731514339009194, 3.1414930902570677, 4.75030132054945, 1.611658194562423, 1.5682969591402678, 3.139153721895058, 4.734754797099591, 3.1332597561578095, 1.5717712920802274, 4.712830636232956, 4.714271607770631, -0.015265803030907625, 0.001621580509234982, 0.0006659837753433249, -0.0033565338892562148, 3.1391274520628367, 1.5713110800081045, 3.1382126700105997, -0.0005547065197848683, 3.143615729259416, -0.0017109791266285176, -0.0009382778307770001, 3.1395989089365, -0.0027643415333899637, 1.5384405073456602, -0.00619708988575944, 4.7307025884467055, 1.5936327063114137, 4.7127703712321, 1.5704896685216898, 1.5712198754380433, 3.137486759002804, -0.0060345942451701, 4.712652195298715, 3.142542793973889, -0.0010748918745678165, 4.712718628103283]",0.0
478,1.5615313332786922,"[1.5749241397347438, 4.721085334546316, 1.549187480566909, 4.7315145556278875, 3.141493106738796, 4.750301305629274, 1.6116581548344386, 1.5682967533857823, 3.139153838944109, 4.734754592863424, 3.133259705450584, 1.5717711966336365, 4.712830573364809, 4.714271627241926, -0.015265752074964209, 0.0016216694381660777, 0.0006659517235140806, -0.003356612017222989, 3.1391274984461894, 1.5713110644043897, 3.1382126194801536, -0.0005547119770837515, 3.143615687277051, -0.0017110087419004326, -0.0009384114826552739, 3.1395989445989105, -0.002764406407836819, 1.5384405115661424, -0.006197113432297025, 4.730702582852981, 1.5936326836432009, 4.712770480330574, 1.5704896545423563, 1.5712199147058539, 3.1374867197436203, -0.006034408391335807, 4.71265216060568, 3.142542766244204, -0.0010748378899606036, 4.712718550588073]",0.0
479,1.5769566413713167,"[1.5749242708803626, 4.7210851255179165, 1.5491874043261757, 4.731514574730113, 3.1414930931270297, 4.750301281196227, 1.611658199349107, 1.5682966174576198, 3.1391537749745693, 4.7347544690893875, 3.1332597613945095, 1.571771330121004, 4.712830629427221, 4.714271692229599, -0.015265779777599764, 0.0016216632561665957, 0.0006659409329995283, -0.0033565901859116463, 3.1391275448171316, 1.5713111465483252, 3.1382125831797403, -0.00055469411945688, 3.143615649812026, -0.0017109715885600028, -0.0009381728762011892, 3.1395990177095787, -0.00276439404194209, 1.538440610299778, -0.006197050922518054, 4.730702611054044, 1.5936327040860307, 4.712770317966294, 1.5704897954514367, 1.571219937623695, 3.1374867532737607, -0.006034463370381354, 4.712652200794137, 3.1425428097559727, -0.0010748294206905443, 4.712718658613501]",0.0
480,1.5602595798484473,"[1.574924118663316, 4.721085253150465, 1.5491875133434454, 4.731514530245735, 3.141493115896369, 4.7503012516694545, 1.611658125819592, 1.5682967127920986, 3.1391537776087, 4.734754570398957, 3.1332596551730756, 1.5717713101734558, 4.712830620579402, 4.714271558873809, -0.01526561835634279, 0.001621634374809746, 0.0006659324723169956, -0.003356567746055872, 3.1391274530513384, 1.5713111379742506, 3.1382126304777445, -0.0005547892212650541, 3.1436157528728406, -0.0017109606105145312, -0.0009382861184198656, 3.1395988968152637, -0.002764367166297636, 1.5384404907952076, -0.0061971013020297, 4.730702576990652, 1.5936327024841621, 4.712770452488249, 1.570489624468113, 1.571219900647509, 3.1374867584245716, -0.006034453514968807, 4.712652196055693, 3.1425427030490893, -0.001074841714328968, 4.7127185552495074]",0.0
481,1.5780615412109114,"[1.5749241852480866, 4.721085167969482, 1.5491876240761044, 4.731514523846207, 3.1414928826984863, 4.750301397873454, 1.6116582203371643, 1.5682966881887699, 3.139153814332544, 4.734754600994026, 3.1332595902791223, 1.5717711959802603, 4.712830640810567, 4.714271558788508, -0.015265717946681034, 0.0016217528966293727, 0.0006660577740081098, -0.0033565429834247983, 3.1391275230580797, 1.5713111039307577, 3.1382127064458802, -0.0005546762375530114, 3.143615696864509, -0.0017108331642090816, -0.0009382867093851518, 3.1395989911515594, -0.0027644140964975354, 1.5384404397868918, -0.006197198039773472, 4.730702450057816, 1.5936326471251216, 4.712770489709518, 1.5704896655826046, 1.5712197667437964, 3.137486672967014, -0.006034448544825384, 4.712652238355512, 3.1425427439588027, -0.0010747752652080955, 4.712718520855485]",0.0
482,1.5583986746204461,"[1.5749242352704205, 4.72108533672507, 1.5491875395201713, 4.7315145635064075, 3.1414930889576396, 4.750301273150168, 1.6116581562613632, 1.5682966778395329, 3.1391537801421125, 4.7347546518997685, 3.1332596500113956, 1.5717712787200262, 4.7128305478230885, 4.7142715997021885, -0.01526567530634509, 0.0016216995511673803, 0.0006659501797207165, -0.003356519507437238, 3.1391275064675748, 1.5713110604879665, 3.1382125919372514, -0.0005547454633041851, 3.1436156813984235, -0.0017109957132893626, -0.0009383238268879695, 3.139598854747045, -0.0027644180888858057, 1.5384404679797858, -0.006197129826608749, 4.730702483189365, 1.5936326540712844, 4.712770357150084, 1.5704897181756485, 1.571219923022642, 3.1374867179235344, -0.006034458856315007, 4.712652206504307, 3.1425427465552374, -0.0010749032301154374, 4.712718578379728]",0.0
483,1.5582692920138068,"[1.5749243768556094, 4.721085402689657, 1.5491874475172713, 4.731514512339741, 3.141493023085371, 4.750301273393023, 1.611658088511119, 1.5682967839703323, 3.1391537964171357, 4.7347546179232145, 3.133259687017282, 1.5717711390137339, 4.712830756723252, 4.714271502903353, -0.0152656281479615, 0.0016215863869770263, 0.0006658036168672558, -0.0033565999229126977, 3.139127434726434, 1.5713111468936731, 3.1382126584308745, -0.000554645649477458, 3.1436156703615814, -0.0017109499095821774, -0.0009383188100228081, 3.1395989032381926, -0.0027643347665261622, 1.538440497805206, -0.00619713260866043, 4.730702500857937, 1.5936327181782546, 4.712770401175881, 1.5704897899745267, 1.5712199162826759, 3.137486836583356, -0.0060343046110194806, 4.712652261415644, 3.14254268830085, -0.0010747689640119892, 4.712718530442168]",0.0
484,1.5637852137531087,"[1.5749241272742214, 4.72108527255138, 1.5491875423506096, 4.731514500127613, 3.1414931336979044, 4.750301311837417, 1.6116581882116454, 1.5682966970598633, 3.139153777224466, 4.734754652029132, 3.1332597283210806, 1.5717712484009783, 4.712830638388816, 4.714271626363573, -0.015265690916385553, 0.0016216578551744513, 0.0006658818312809795, -0.0033565890550061794, 3.139127478290662, 1.5713110997640303, 3.1382125375817798, -0.0005547348178787668, 3.1436156785631244, -0.0017108731128856317, -0.0009383323326144149, 3.1395988859140167, -0.00276445918667333, 1.5384404227433517, -0.006197049149196785, 4.730702530230055, 1.593632652155441, 4.712770459509629, 1.5704897283651615, 1.5712198977526801, 3.1374867629436864, -0.006034411997715411, 4.712652251021916, 3.142542788054838, -0.0010748114115000072, 4.712718576567473]",0.0
485,1.5623230031755142,"[1.5749241246465355, 4.7210852251631605, 1.549187571444183, 4.7315146096153855, 3.1414930738383235, 4.750301372398309, 1.6116581813583672, 1.5682965938153806, 3.1391538303821265, 4.734754691836754, 3.133259773681591, 1.5717711487282522, 4.712830605495091, 4.714271498348772, -0.015265712588844526, 0.0016215709027812201, 0.000665904822386421, -0.003356670526916174, 3.139127540449757, 1.5713110822687113, 3.138212637892882, -0.000554753196444152, 3.1436157772546873, -0.0017110858083331868, -0.0009383684486441695, 3.1395988478047343, -0.0027642693865794895, 1.5384405268957373, -0.006196957536136957, 4.73070249798686, 1.5936325364930588, 4.7127704343011025, 1.5704898020835338, 1.5712198602460687, 3.137486852777381, -0.006034557198033351, 4.71265219363492, 3.1425426339677345, -0.0010749191963200328, 4.712718470963833]",0.0
486,1.5626453642672127,"[1.5749241659290323, 4.721085247106752, 1.5491876060103307, 4.731514500770782, 3.1414931094529086, 4.750301242532563, 1.6116581169654391, 1.5682966042362625, 3.139153834141216, 4.734754688852741, 3.133259726674674, 1.5717711721973116, 4.712830639997068, 4.714271579755919, -0.015265718715046837, 0.0016216687465193409, 0.0006658589917226742, -0.003356529461898934, 3.139127486171516, 1.5713110870008753, 3.1382126320352115, -0.0005547468370351681, 3.1436157006301464, -0.0017110187874526074, -0.0009383079403265878, 3.139598922912184, -0.0027643858355973668, 1.5384404909536429, -0.00619714027226234, 4.730702573544222, 1.593632746801522, 4.712770413366316, 1.5704896795406755, 1.5712198802656765, 3.137486737280543, -0.006034445844104187, 4.712652175587368, 3.142542802745077, -0.001074822116142577, 4.712718557487025]",0.0
487,1.560226044517794,"[1.5749241662784288, 4.721085272886675, 1.5491875093764895, 4.731514543858031, 3.1414930467098885, 4.750301322731663, 1.6116581516526443, 1.5682966803597627, 3.1391538540975343, 4.734754682732994, 3.133259697947284, 1.5717712749735324, 4.712830621784081, 4.714271621182496, -0.015265696445027538, 0.0016216510217788099, 0.0006659115785542283, -0.0033565804109045505, 3.1391274982013537, 1.571311138944551, 3.138212637537656, -0.0005547465113261652, 3.1436156971131153, -0.0017109541710118947, -0.0009383334472607214, 3.1395988814154423, -0.002764375378841576, 1.5384404711667365, -0.006197118047833683, 4.730702559595578, 1.5936326911476066, 4.712770437340682, 1.5704897135487321, 1.571219941504166, 3.137486753601675, -0.006034455821642455, 4.71265217567408, 3.1425427589053103, -0.0010748369280519142, 4.7127185662249556]",0.0
488,1.5701086448963864,"[1.5749241635807636, 4.72108537499125, 1.5491875786497997, 4.731514478093821, 3.1414930558005536, 4.750301278384994, 1.6116582659891012, 1.5682966315208573, 3.139153796573018, 4.734754619745813, 3.133259716340683, 1.5717712786313702, 4.7128306232938435, 4.714271583021112, -0.015265763798362584, 0.0016216781584767544, 0.0006658935100527797, -0.0033566154082462865, 3.139127495078398, 1.5713111824439732, 3.1382126076887147, -0.0005547605185811478, 3.143615761446616, -0.0017109502307202909, -0.0009383710035902204, 3.1395988820516614, -0.0027643624355045303, 1.5384405397399226, -0.0061971361479206295, 4.73070254421317, 1.5936326791243305, 4.712770382853639, 1.5704896705917826, 1.5712199515675418, 3.137486732061954, -0.0060344425554965005, 4.712652211793569, 3.1425427152945, -0.0010748004175575535, 4.712718561513118]",0.0
489,1.5723219773389825,"[1.5749241504059903, 4.721085288763627, 1.5491874952250115, 4.731514532318361, 3.1414930585896443, 4.750301296952478, 1.61165818412405, 1.5682966692598643, 3.139153796296108, 4.73475466363519, 3.1332596718099435, 1.571771240374499, 4.71283064338765, 4.714271582210878, -0.015265736213889021, 0.0016216903422597525, 0.0006659148678379447, -0.003356582725098792, 3.1391274696877165, 1.571311090701462, 3.1382125743530285, -0.0005547242416414983, 3.1436156901193533, -0.0017109793994385708, -0.0009382966917416869, 3.139598884141163, -0.0027643752510604293, 1.5384404834221388, -0.006197141197137816, 4.730702570536004, 1.5936326637301172, 4.712770436220295, 1.5704896831241688, 1.5712199248535947, 3.137486791027313, -0.006034469835363782, 4.712652183358687, 3.142542735760417, -0.0010748214801825104, 4.712718561630924]",0.0
490,1.5666764831593705,"[1.574924133477552, 4.721085280770136, 1.549187562549118, 4.731514557667608, 3.141493110302592, 4.750301329578285, 1.6116581722172756, 1.5682967203954719, 3.1391537907371787, 4.734754609569969, 3.1332597589841535, 1.571771213838905, 4.7128306472233294, 4.714271625826379, -0.015265633923299694, 0.0016217175992029392, 0.0006659619189051484, -0.00335656445814733, 3.1391275073458895, 1.5713111120778778, 3.138212586340506, -0.0005547239007145857, 3.143615755865633, -0.0017109591353015876, -0.0009383763445952826, 3.1395988572485485, -0.002764329657718618, 1.538440454929297, -0.006197194567638314, 4.730702582551177, 1.5936327297523625, 4.712770389116962, 1.570489791516105, 1.5712198916841824, 3.1374867764948737, -0.006034455014617059, 4.712652139152996, 3.142542713610105, -0.0010748177357235808, 4.71271862194755]",0.0
491,1.558406800796961,"[1.5749241507343703, 4.721085304315586, 1.549187495356828, 4.73151450666803, 3.1414930813028037, 4.750301284376763, 1.6116581612278802, 1.5682966685620015, 3.1391538364740885, 4.734754652986799, 3.1332597044045127, 1.5717712154708987, 4.712830589237083, 4.714271609903785, -0.015265716639271768, 0.0016216455030423833, 0.0006659418935765783, -0.003356564778671629, 3.1391275006048733, 1.5713111494329, 3.1382125722149645, -0.0005547384115731385, 3.1436157144513084, -0.0017109372167171347, -0.000938312233921562, 3.1395989192494507, -0.00276434352814249, 1.5384404688728825, -0.006197139053855805, 4.730702536002355, 1.593632681360311, 4.712770413181121, 1.5704897021866606, 1.571219879932737, 3.1374867760300176, -0.006034448455150313, 4.7126521843125415, 3.1425427316106553, -0.0010748499392195985, 4.712718574400236]",0.0
492,1.5657011953066018,"[1.5749241485857066, 4.721085279380816, 1.5491875418502932, 4.731514520851557, 3.1414930769140783, 4.750301300382545, 1.6116581567084165, 1.5682966818883533, 3.1391538330166853, 4.734754615043375, 3.1332597007593397, 1.5717712154222845, 4.712830630206209, 4.714271645189361, -0.015265740739475923, 0.001621556676706023, 0.0006659792175675257, -0.0033565726391997213, 3.1391274875016926, 1.5713111521658838, 3.13821258234354, -0.0005547197426047111, 3.1436157483250766, -0.0017110496164460143, -0.0009382902061750923, 3.139598850417871, -0.002764472500114065, 1.5384404524206867, -0.006197186364561794, 4.730702518147159, 1.5936327128221381, 4.7127704525462795, 1.5704897380100387, 1.5712199466527137, 3.137486751871478, -0.006034474127671696, 4.712652242926249, 3.1425427002657536, -0.0010748036076294592, 4.712718558200013]",0.0
493,1.564490977316838,"[1.5749241654577122, 4.721085281650606, 1.5491875203187988, 4.731514535616924, 3.1414930809508945, 4.75030130059709, 1.6116581693209866, 1.5682966912804037, 3.139153803326545, 4.734754652724466, 3.1332597041226733, 1.5717712270914097, 4.712830630051408, 4.714271602402615, -0.015265715434224605, 0.0016216808675608803, 0.000665937447955067, -0.003356525250495431, 3.1391274753807625, 1.5713111659500876, 3.138212572664714, -0.0005547188637964484, 3.143615692344096, -0.0017109746116513828, -0.0009383322997723939, 3.1395988806459476, -0.002764368363058251, 1.5384404912667, -0.006197086252759352, 4.730702557950137, 1.5936326934087712, 4.7127704304565405, 1.5704897147389545, 1.5712199140912761, 3.137486714374637, -0.006034468637332968, 4.712652173294454, 3.142542712890768, -0.0010748071953724338, 4.712718531271939]",0.0
494,1.5672800827494695,"[1.5749241675980825, 4.721085245733498, 1.5491875114974347, 4.731514515280159, 3.1414931307555936, 4.750301242017148, 1.6116581794432119, 1.568296699040667, 3.139153786736906, 4.734754661852917, 3.133259687173789, 1.5717712448953196, 4.712830578861707, 4.714271624183368, -0.015265701001836164, 0.0016216498167684163, 0.0006659433986217923, -0.003356607866348386, 3.1391274752575336, 1.5713110968253787, 3.138212619596199, -0.0005547587432194693, 3.143615706764083, -0.0017109180879720347, -0.0009383465546618568, 3.1395989199833063, -0.0027643627334427443, 1.5384405006701154, -0.00619718476780998, 4.73070251021591, 1.5936326859253733, 4.712770401901027, 1.5704897676282086, 1.5712199571406904, 3.1374867800780266, -0.006034491518691118, 4.712652157166345, 3.1425427675343696, -0.0010747706762430339, 4.712718418232277]",0.0
495,1.5540994430145574,"[1.574924168816105, 4.721085279423573, 1.5491875473753254, 4.731514521135029, 3.1414930873507756, 4.7503012976936425, 1.6116581699569184, 1.5682966968828507, 3.139153812728036, 4.734754644984101, 3.1332596696151533, 1.5717712637062073, 4.7128306363735835, 4.714271619038193, -0.015265693543371588, 0.0016216738825324732, 0.0006659076782984138, -0.0033565938630432408, 3.1391274898386277, 1.5713111750900546, 3.1382125787447532, -0.000554724849005864, 3.143615690654066, -0.0017110105178259221, -0.0009383544156234562, 3.139598925558539, -0.002764386405867648, 1.538440479306494, -0.006197147591807001, 4.730702554245288, 1.5936326584897715, 4.712770422706132, 1.5704897172554806, 1.57121987788671, 3.1374867772551527, -0.006034472977564052, 4.712652185526188, 3.142542753598256, -0.0010748393547454034, 4.712718552376671]",0.0
496,1.5659026277426522,"[1.574924179049068, 4.721085311306326, 1.5491875568869895, 4.731514577688782, 3.141493068188187, 4.750301297439324, 1.6116581263369383, 1.5682967091653528, 3.139153853221962, 4.734754684048773, 3.1332597573416883, 1.5717712873732137, 4.712830650040166, 4.714271571483463, -0.015265686433048634, 0.001621646753194028, 0.0006658875710427435, -0.003356619538833538, 3.139127487785244, 1.5713110962313281, 3.1382125096010975, -0.0005547175870500871, 3.143615749547693, -0.0017109325397769173, -0.0009382952771178545, 3.13959898842734, -0.0027644227779319254, 1.538440510906924, -0.006197161285477825, 4.730702522222723, 1.5936326811068209, 4.712770431416192, 1.5704897056473568, 1.5712199141354188, 3.1374866900214404, -0.0060344996512829005, 4.712652135396145, 3.1425426827914364, -0.0010748471393859196, 4.712718555784956]",0.0
497,1.566922299482827,"[1.5749241612612854, 4.721085261457767, 1.5491875231075538, 4.7315145076394876, 3.141493044422779, 4.75030124291343, 1.6116581464556785, 1.568296711753598, 3.139153832439772, 4.734754644499012, 3.1332597058600085, 1.5717712282285332, 4.7128306224078695, 4.714271605192038, -0.015265704737035915, 0.0016216902282558984, 0.0006659229434066895, -0.0033565959415040466, 3.139127529155916, 1.5713111232691999, 3.1382125845446653, -0.0005547517609201811, 3.1436157023319526, -0.0017109701023565592, -0.0009383444722586259, 3.139598880056693, -0.0027644005947837047, 1.538440491521543, -0.006197109562011019, 4.7307025317737, 1.5936326784256363, 4.712770411614827, 1.5704897022744264, 1.5712199125454684, 3.1374867702556424, -0.0060344793716147135, 4.712652179638393, 3.142542713740745, -0.0010747957508846914, 4.7127185821322195]",0.0
498,1.562055862301816,"[1.57492420605207, 4.721085328626265, 1.5491875522847205, 4.731514537524576, 3.1414930858724226, 4.750301288441767, 1.6116581383717947, 1.5682966860554026, 3.1391538377415413, 4.734754639758893, 3.1332597879063986, 1.5717713034167502, 4.712830615221095, 4.714271613469153, -0.01526569637563934, 0.001621674290927212, 0.0006659619636230719, -0.0033565644713844864, 3.139127516802865, 1.5713111034700917, 3.138212573340785, -0.0005547911377918249, 3.143615646196355, -0.0017109982600542076, -0.0009383078513567472, 3.139598888518944, -0.0027642985819592196, 1.5384404933321614, -0.006197164178943406, 4.73070255883767, 1.5936326490122763, 4.712770507030781, 1.5704897057238467, 1.5712198748923194, 3.1374867555853876, -0.006034479771483202, 4.712652271433114, 3.142542752260401, -0.0010747588015495952, 4.712718549888252]",0.0
499,1.573743044168346,"[1.5749241707601647, 4.721085263381848, 1.549187517642946, 4.731514514446614, 3.141493083178341, 4.750301320936947, 1.6116581805040708, 1.5682966967724137, 3.1391537986721167, 4.734754638497671, 3.1332597563656797, 1.5717712402853423, 4.712830588979319, 4.714271569704151, -0.015265698425684761, 0.0016216769787342185, 0.0006659024443037522, -0.003356569806297114, 3.139127510450675, 1.5713111532528312, 3.1382126003089987, -0.0005547298268977275, 3.1436156824287633, -0.00171097364774924, -0.0009383141816289465, 3.1395988777270447, -0.002764405470531528, 1.5384404949155586, -0.006197163635900187, 4.730702529919712, 1.5936326815548127, 4.712770442695155, 1.5704896859122792, 1.5712199159112537, 3.137486774924647, -0.006034453972343889, 4.712652164499224, 3.142542729741487, -0.0010748398681784633, 4.712718549207605]",0.0
500,1.5585949628834115,"[1.574924159677931, 4.7210853316248365, 1.549187568539748, 4.73151455140241, 3.141493109806663, 4.750301281781968, 1.611658175592776, 1.568296678927795, 3.1391537672643848, 4.734754687672071, 3.133259698127624, 1.5717712566929851, 4.712830706889119, 4.714271634024203, -0.015265719597502073, 0.0016216426906232415, 0.000665998207682806, -0.003356554595481112, 3.1391275601801465, 1.5713111432793174, 3.1382126256760428, -0.0005547992902952094, 3.1436156649745093, -0.0017109805000907223, -0.0009383002617703445, 3.139598946738468, -0.002764399056392933, 1.538440491594901, -0.006197100589793643, 4.7307025038778985, 1.59363267637882, 4.712770451837956, 1.5704897054342863, 1.5712199200662313, 3.137486814930751, -0.006034390946139197, 4.712652095346431, 3.142542707596175, -0.0010748283089016832, 4.712718565751658]",0.0
501,1.551710772673494,"[1.5749241528401983, 4.721085297741205, 1.5491875418501715, 4.731514511947405, 3.1414930928450815, 4.750301355940691, 1.6116581364795823, 1.5682966921087855, 3.1391538207182763, 4.734754653203178, 3.1332596875094776, 1.571771216370636, 4.712830622953158, 4.714271589938201, -0.01526568421544456, 0.0016216823594260783, 0.0006659485101893149, -0.0033565906793869295, 3.139127516389863, 1.5713111357086025, 3.1382125754344785, -0.0005547594517729071, 3.1436156957619024, -0.0017109713135786684, -0.0009383092548950837, 3.1395989170015657, -0.002764383834646522, 1.5384405124937972, -0.006197123347598158, 4.730702553360781, 1.593632691159293, 4.712770393897681, 1.5704896967947886, 1.5712199486522807, 3.1374867692422597, -0.006034466108659801, 4.712652210723959, 3.1425427441434586, -0.001074812210057132, 4.712718551831697]",0.0
502,1.5645968070043557,"[1.5749241666009675, 4.721085288378274, 1.5491875500211327, 4.73151451696122, 3.141493074928708, 4.750301299746251, 1.6116581750648913, 1.5682966868344792, 3.1391538230412053, 4.734754635909334, 3.1332596900403535, 1.5717712400093737, 4.712830618979494, 4.71427160106074, -0.015265696020100002, 0.0016216470985321728, 0.0006659296729244991, -0.0033565770870698174, 3.139127494309379, 1.5713111185203685, 3.138212578688692, -0.0005547316962184358, 3.1436156882575963, -0.0017109608217997718, -0.0009383221775276156, 3.1395988853868895, -0.0027643735847323225, 1.5384405132890921, -0.006197127981842949, 4.730702543719757, 1.5936326888988694, 4.712770442147658, 1.5704897142403729, 1.5712199147104688, 3.137486765552201, -0.006034464804107541, 4.7126521647953314, 3.1425427418532457, -0.0010748253535536351, 4.712718567909243]",0.0
503,1.5607096856907299,"[1.574924158469111, 4.721085273266591, 1.5491875679480678, 4.731514563200937, 3.1414931094313046, 4.750301275389811, 1.6116581742026428, 1.5682967208254757, 3.139153843221647, 4.734754657802417, 3.1332596854459016, 1.5717712426658959, 4.712830629101127, 4.714271603782146, -0.015265715678788941, 0.00162166020896476, 0.0006659244172863261, -0.0033565736540192136, 3.139127550747829, 1.571311139095375, 3.138212585468087, -0.0005546946762556058, 3.14361570704974, -0.0017109532531958279, -0.000938303630941584, 3.1395988808989634, -0.0027643558012693846, 1.538440492869329, -0.00619713751584312, 4.7307025662689695, 1.593632670735936, 4.712770415929251, 1.5704896877525798, 1.5712199303177974, 3.137486767582284, -0.006034435504547686, 4.7126522087390645, 3.142542736133728, -0.0010748385888780224, 4.712718542506813]",0.0
504,1.5658489394489636,"[1.5749241570553003, 4.72108528350691, 1.549187537117844, 4.731514546068889, 3.14149307538866, 4.750301305397497, 1.6116581540015118, 1.5682966820160262, 3.139153794837908, 4.734754643980842, 3.1332597042318784, 1.5717712464979399, 4.712830627349726, 4.7142716033054795, -0.015265715541320881, 0.001621642705391945, 0.0006659202569810847, -0.003356567838363332, 3.1391275141083455, 1.5713111215740427, 3.138212589834942, -0.00055472598265046, 3.1436156937798594, -0.0017109569336279226, -0.0009383462490717768, 3.1395988965713104, -0.002764373688630808, 1.5384404969822987, -0.00619713276519836, 4.7307025421483315, 1.5936326911159953, 4.712770418782463, 1.5704896941287982, 1.571219909406639, 3.1374867742209065, -0.0060344746909368405, 4.712652191534826, 3.142542729577371, -0.0010748222161146407, 4.712718558290106]",0.0
505,1.560172686486514,"[1.5749241412007065, 4.7210852787256785, 1.5491875334375242, 4.731514541543692, 3.1414931018983534, 4.750301310088248, 1.6116581950016156, 1.5682966816101185, 3.1391538471469174, 4.734754649439153, 3.1332597114230647, 1.5717712275485902, 4.712830637136861, 4.714271572677361, -0.015265699411292358, 0.0016216600856140033, 0.0006659267178151502, -0.003356588100735301, 3.1391275072336087, 1.5713111081486224, 3.138212622518116, -0.0005547435505369347, 3.1436157125927955, -0.0017109945571990909, -0.0009383293630874602, 3.13959890919868, -0.002764362299448929, 1.5384405051481929, -0.006197086088703524, 4.730702521774444, 1.5936326674806074, 4.712770429901244, 1.5704897454524078, 1.5712198977823586, 3.1374867754639566, -0.006034482313220355, 4.712652215269127, 3.142542710230683, -0.001074863380916658, 4.712718544325109]",0.0
506,1.565512679074954,"[1.5749241566453562, 4.721085280294661, 1.5491875261737, 4.731514534683732, 3.141493088768284, 4.750301290289458, 1.6116581718187903, 1.5682966778734353, 3.139153809052382, 4.734754644111552, 3.133259710063723, 1.5717712527614953, 4.712830618660074, 4.714271601949263, -0.015265704584431052, 0.0016216617326169243, 0.0006659355660221224, -0.0033565880839777, 3.1391275048572864, 1.5713111282412306, 3.138212607908611, -0.0005547103183894752, 3.143615687888132, -0.0017109690035415558, -0.0009383070789376611, 3.1395989092166734, -0.002764381785612043, 1.5384405074850473, -0.006197124780663778, 4.730702553039187, 1.593632683518933, 4.712770415045287, 1.5704897211593567, 1.5712199111263783, 3.1374867565446447, -0.006034459962027821, 4.712652189987584, 3.142542731609574, -0.0010748146582534562, 4.712718575361767]",0.0
507,1.5746481154688015,"[1.5749241898298203, 4.721085259207349, 1.5491875073365908, 4.731514534246677, 3.1414930879129077, 4.750301298560194, 1.6116581910775327, 1.5682966993756815, 3.1391538383815907, 4.734754596132895, 3.1332597042679833, 1.5717712574160292, 4.712830659996621, 4.714271624581704, -0.015265730610914626, 0.001621677739428858, 0.00066591836592912, -0.003356544940363589, 3.139127514016843, 1.5713111240356818, 3.1382125759807304, -0.0005547618941818989, 3.143615700343485, -0.0017109606298531285, -0.0009383118089071945, 3.139598929027166, -0.002764379928817525, 1.5384405094215863, -0.006197132013856303, 4.730702543035116, 1.5936327174317058, 4.712770413612312, 1.5704897178693535, 1.5712199283236274, 3.137486768970914, -0.006034465558772246, 4.712652202086427, 3.142542755741697, -0.0010748510662092132, 4.71271856446627]",0.0
508,1.5520541683476594,"[1.574924158191612, 4.721085275410125, 1.5491875398962816, 4.73151454748917, 3.1414930662419085, 4.750301302910956, 1.6116581749979055, 1.5682966680912798, 3.139153827712568, 4.734754627682456, 3.1332596890710698, 1.5717712349399067, 4.712830629947831, 4.714271595226268, -0.015265699553293315, 0.0016216788497368313, 0.0006659333930941739, -0.0033565744591134545, 3.1391275096710434, 1.5713111256465793, 3.1382125973532675, -0.0005547318317318952, 3.143615697983737, -0.0017109541269779455, -0.0009383254126745731, 3.139598905936566, -0.002764383912248928, 1.5384404888584529, -0.006197141014170413, 4.730702532120162, 1.5936326823128215, 4.712770437930172, 1.5704897081236013, 1.571219905227487, 3.1374867564923314, -0.006034449150598501, 4.712652192164036, 3.1425427279466542, -0.0010748180301191528, 4.712718549027864]",0.0
509,1.5619242213812174,"[1.5749241547905473, 4.721085286700287, 1.5491875568207152, 4.7315144933606215, 3.1414930624213415, 4.750301312066218, 1.6116581887023793, 1.5682967423521053, 3.1391538164629607, 4.734754673671455, 3.133259685539597, 1.5717712451400558, 4.712830641722051, 4.714271589577824, -0.015265715044946206, 0.001621672947719375, 0.000665958048760114, -0.0033565547498515913, 3.139127495371386, 1.5713111147699321, 3.1382126340833865, -0.0005547204404511784, 3.143615700739418, -0.0017109442116402277, -0.0009383197292155897, 3.139598919701165, -0.0027643808611817347, 1.538440484327022, -0.0061971503368116855, 4.7307025287650415, 1.593632699618314, 4.712770431533959, 1.5704896945870186, 1.5712198841218803, 3.137486744953581, -0.00603448061606168, 4.712652208301665, 3.1425427375139, -0.0010748282473973154, 4.712718564095516]",0.0
510,1.558959500921768,"[1.5749241664457398, 4.721085288466245, 1.5491875214860278, 4.731514540253965, 3.141493093557138, 4.750301303297381, 1.6116581777194026, 1.5682966900877167, 3.1391538279273026, 4.734754655931578, 3.1332596992105395, 1.5717712518806874, 4.712830634066657, 4.714271595185004, -0.015265709230681608, 0.0016216656611715795, 0.0006659350143840867, -0.0033565869215409043, 3.1391275072776113, 1.5713111250159768, 3.1382125878180642, -0.0005547357476144145, 3.143615706716432, -0.0017109668377622105, -0.0009383221801943302, 3.139598878025945, -0.0027643869350260347, 1.5384405044559035, -0.0061971281328250805, 4.730702537488417, 1.5936327086556668, 4.712770420053874, 1.5704897009774723, 1.5712198835129558, 3.1374867660433545, -0.006034460084017954, 4.712652185104082, 3.1425427427087533, -0.0010748190416017297, 4.712718551310184]",0.0
511,1.5639832276884411,"[1.5749241550271467, 4.721085286217019, 1.5491875251722191, 4.73151454164253, 3.1414931232937318, 4.750301297854439, 1.6116581694265404, 1.5682966912790792, 3.1391538186251684, 4.734754651190398, 3.1332596767814542, 1.5717712435933204, 4.712830625382813, 4.714271583896442, -0.015265713782789436, 0.0016216784918836283, 0.0006659096343640163, -0.0033565829261977833, 3.139127508885074, 1.5713111408639042, 3.1382125922920285, -0.0005547217464479742, 3.1436157028341687, -0.001710977482044034, -0.0009383293376080122, 3.139598906553497, -0.002764347064210482, 1.5384404747604148, -0.006197133745941512, 4.730702481555628, 1.5936327098979997, 4.712770458677525, 1.5704897022265427, 1.5712199430407154, 3.1374867527311228, -0.006034478817543841, 4.712652186122667, 3.1425427451122503, -0.0010748028181322518, 4.712718599444382]",0.0
512,1.5670934060464454,"[1.5749241769108402, 4.721085279007277, 1.5491875429422806, 4.731514531253917, 3.1414930933263703, 4.7503012919024545, 1.6116581769391618, 1.5682966825876448, 3.139153831161346, 4.734754643159668, 3.133259711753275, 1.57177124234472, 4.7128306343244315, 4.714271596342113, -0.015265706491003625, 0.0016216657283591087, 0.000665947193263987, -0.003356588236246923, 3.1391274856183986, 1.5713111262170036, 3.1382125938825776, -0.0005547266391868461, 3.1436156815108682, -0.0017109597517679456, -0.0009383345462504985, 3.1395988994514132, -0.00276437783639978, 1.5384404768684745, -0.006197127200232939, 4.730702545399036, 1.5936326976945125, 4.712770421433555, 1.570489691491938, 1.5712199237108317, 3.1374867723827236, -0.006034471121492946, 4.712652189162889, 3.1425427223466613, -0.0010748366103881522, 4.712718559838792]",0.0
513,1.56004052566762,"[1.5749241533356044, 4.721085301111802, 1.549187543383713, 4.731514532087451, 3.1414931058332445, 4.750301301169017, 1.6116581709420132, 1.5682966921697694, 3.139153844117675, 4.734754662362791, 3.133259671129084, 1.5717712597981366, 4.7128305915799595, 4.7142715985373576, -0.015265717510309277, 0.0016216786874883864, 0.0006658997928386731, -0.0033565513485893017, 3.1391275023253717, 1.5713111231885868, 3.1382125960980205, -0.0005547495993570395, 3.143615679620642, -0.0017109560891897138, -0.0009383342134422158, 3.1395989108429827, -0.0027644018861523955, 1.5384404988069273, -0.006197141625502458, 4.7307025701053655, 1.593632719409851, 4.712770441303765, 1.570489732577937, 1.5712199064591956, 3.1374867900598167, -0.006034453521949668, 4.712652200277314, 3.1425426750364664, -0.0010748121837615295, 4.712718563179705]",0.0
514,1.5599596644760736,"[1.5749241371412883, 4.721085264919421, 1.5491875350703124, 4.731514529015894, 3.141493098609572, 4.750301300160625, 1.6116581733577164, 1.5682966840778263, 3.1391538232277307, 4.734754652488899, 3.133259698595608, 1.5717712487453837, 4.712830630493408, 4.71427160584337, -0.015265720644168005, 0.0016216654540497806, 0.0006659346475522584, -0.003356576757524016, 3.1391275039520052, 1.5713111238869018, 3.138212588396964, -0.0005547522258384886, 3.1436156847817927, -0.001710962032716624, -0.0009383309191239894, 3.1395988884176576, -0.002764377550406042, 1.5384405047977003, -0.006197146789602622, 4.7307025434318275, 1.593632676401992, 4.712770424453801, 1.5704897045272004, 1.571219911232505, 3.137486741660212, -0.006034467500433746, 4.712652185729031, 3.1425427256081746, -0.0010748381779154784, 4.712718568429315]",0.0
515,1.5672085267629718,"[1.5749241873562008, 4.721085299556061, 1.5491875079077486, 4.731514522799942, 3.1414930879805856, 4.750301290456762, 1.6116581467731101, 1.5682967102854533, 3.1391538189835457, 4.7347546454667295, 3.1332596920565603, 1.5717712183372825, 4.712830673782403, 4.714271579291738, -0.015265695938826927, 0.0016216426973654982, 0.0006659000508425703, -0.0033565843986432136, 3.139127482663319, 1.5713111292435316, 3.1382126076448476, -0.0005547355401717652, 3.143615671000325, -0.001710957553288158, -0.000938335199989755, 3.1395988846828273, -0.0027643652052343672, 1.538440511306479, -0.0061971574781714365, 4.730702530302414, 1.5936326795011828, 4.712770413901004, 1.5704897269221951, 1.5712199123067054, 3.137486749461987, -0.006034417106038298, 4.712652208772501, 3.1425427106827164, -0.0010748280327514874, 4.712718561513324]",0.0
516,1.5580555393474875,"[1.5749241590406156, 4.72108528416417, 1.549187527359846, 4.7315145006705945, 3.141493085283852, 4.750301301250056, 1.6116581653363866, 1.5682966801215557, 3.139153815412677, 4.73475464292795, 3.133259698075816, 1.5717712589868278, 4.712830635845497, 4.714271601290517, -0.015265705929367709, 0.0016216678862096873, 0.0006659262307704925, -0.0033565807425889223, 3.1391275273004156, 1.5713111118853933, 3.138212588173761, -0.0005547194015519567, 3.143615697119759, -0.0017109720619124912, -0.0009383270716314826, 3.1395988966439297, -0.002764369870897509, 1.5384404838613819, -0.006197129983540113, 4.730702545063971, 1.5936327011352072, 4.712770434176893, 1.5704897126393211, 1.571219915409563, 3.137486754425099, -0.006034456796999972, 4.7126521866399065, 3.142542720195754, -0.001074837718788546, 4.7127185452795395]",0.0
517,1.559136501307197,"[1.5749241388455228, 4.721085294027749, 1.549187516852005, 4.7315145106040735, 3.141493102543213, 4.750301292258306, 1.6116581609586558, 1.568296672246039, 3.1391538619674995, 4.7347546488515, 3.1332597083097977, 1.5717712713621046, 4.712830649137285, 4.714271579920137, -0.015265687611037257, 0.0016216665064712453, 0.0006659470611506879, -0.0033565214230310354, 3.139127500471089, 1.5713111199225553, 3.13821259083401, -0.0005547019059310722, 3.1436157123475588, -0.001710965054752161, -0.0009383573182428217, 3.1395989002411295, -0.0027643985919955454, 1.5384405154711045, -0.006197142032956654, 4.730702532674191, 1.5936326565265237, 4.712770420845448, 1.570489701221725, 1.571219926884442, 3.1374867856255224, -0.006034458301299759, 4.712652184393088, 3.142542746686197, -0.0010748094868330603, 4.712718560606721]",0.0
518,1.5720831931173507,"[1.5749241461066399, 4.7210853426121595, 1.5491875597166396, 4.731514513919013, 3.141493069658134, 4.750301283258206, 1.6116582184451982, 1.5682966677781827, 3.139153812350365, 4.734754638278359, 3.1332597130220106, 1.5717712579844108, 4.712830628635652, 4.714271599406416, -0.015265719913284887, 0.001621673531901495, 0.0006659062526640184, -0.00335658935576362, 3.139127500568416, 1.5713111488251612, 3.138212606650677, -0.0005547556910578688, 3.1436157378457654, -0.0017109615017187449, -0.0009383460725541842, 3.139598892277876, -0.0027643742142432, 1.5384405066807105, -0.006197135236811189, 4.730702547170886, 1.5936326870178998, 4.712770409671375, 1.5704896956170764, 1.5712199374590152, 3.1374867443937258, -0.006034449138874479, 4.7126522038378855, 3.1425427332970295, -0.0010748209302841938, 4.712718555497762]",0.0
519,1.5753441632737324,"[1.5749241548024562, 4.721085303944676, 1.549187528019737, 4.73151453383914, 3.1414930900400386, 4.75030128435585, 1.6116581585205156, 1.5682966844126491, 3.139153816123625, 4.734754645359826, 3.1332597001661746, 1.571771232685126, 4.7128306381286995, 4.714271603887492, -0.01526570232404934, 0.0016216776251672155, 0.0006659301270181634, -0.0033565750686538106, 3.139127511338108, 1.5713111367416752, 3.1382126017830054, -0.0005547290058140886, 3.1436156956280557, -0.0017109503273403217, -0.0009383216145185241, 3.13959889062011, -0.0027643905907261137, 1.5384405044538887, -0.006197137547754523, 4.730702549622259, 1.5936326919847486, 4.712770447201627, 1.570489715379732, 1.5712199146697965, 3.1374867656941263, -0.006034486366261579, 4.712652193697192, 3.142542738976634, -0.0010748464467008076, 4.712718555764107]",0.0
520,1.5629303392655716,"[1.5749241624511714, 4.7210852919999855, 1.5491875360251508, 4.731514531542942, 3.1414930811417796, 4.75030130033964, 1.6116581786545394, 1.5682966881976497, 3.1391538230043237, 4.734754657419879, 3.1332597076118334, 1.5717712369620624, 4.712830633459686, 4.7142716054898814, -0.015265717340733988, 0.0016216672408603085, 0.0006659289715171361, -0.0033565720447565127, 3.139127512132807, 1.5713111242599636, 3.1382125906038523, -0.0005547299812909877, 3.1436156889469804, -0.0017109672302658288, -0.0009383279491317778, 3.139598900730129, -0.0027643811151279478, 1.5384404952540902, -0.006197134263803445, 4.730702536890919, 1.5936326859948418, 4.712770426245111, 1.5704897175761614, 1.5712199165769145, 3.1374867676754974, -0.0060344611841045516, 4.712652183512551, 3.14254273396161, -0.0010748260773497235, 4.71271855945034]",0.0
521,1.5535070623911575,"[1.5749241508894751, 4.721085290181919, 1.5491875374573634, 4.731514536639256, 3.1414930911425833, 4.750301287835147, 1.6116581685686742, 1.5682966959380162, 3.1391538051816754, 4.7347546492373205, 3.133259698481313, 1.5717712524746887, 4.712830642836526, 4.714271601826443, -0.01526569639372079, 0.0016216576174604763, 0.0006659405165771525, -0.0033565648506233446, 3.139127508683665, 1.5713111277302279, 3.1382126029639554, -0.0005547569171777876, 3.1436157006828953, -0.0017109735577823895, -0.0009383122400975278, 3.139598909739548, -0.0027643811671006035, 1.5384404882063862, -0.006197122619155572, 4.730702538740598, 1.5936326850286453, 4.712770435683919, 1.5704896989357864, 1.5712199146186006, 3.137486775219073, -0.0060344440310523455, 4.712652168688355, 3.142542723381109, -0.0010748278007973783, 4.71271855721276]",0.0
522,1.5614245729498546,"[1.5749241557390903, 4.721085290219316, 1.5491875254342065, 4.7315145356663235, 3.141493081821556, 4.750301304066673, 1.6116581793424802, 1.5682967017446738, 3.1391538176915152, 4.734754640677743, 3.1332597016106725, 1.5717712507967343, 4.712830629478972, 4.714271602619237, -0.01526570213927325, 0.0016216670509332223, 0.0006659355121202386, -0.0033565770030997235, 3.139127505197781, 1.5713111274789364, 3.1382125890924484, -0.0005547312235976558, 3.143615700047208, -0.0017109597412959434, -0.0009383286380214786, 3.1395988933526873, -0.002764374962537026, 1.5384404932735307, -0.006197134852272805, 4.730702542153766, 1.593632683667007, 4.712770427748704, 1.570489715636383, 1.571219917852589, 3.137486768784373, -0.006034465179264308, 4.712652187825789, 3.142542723246328, -0.0010748278337351501, 4.712718562456024]",0.0
523,1.5645160175362343,"[1.5749241467936161, 4.721085279553956, 1.5491875451446695, 4.731514536757567, 3.1414930895857407, 4.75030129697198, 1.6116581676464048, 1.568296691416507, 3.139153819285638, 4.734754646063252, 3.1332597142810132, 1.5717712297241144, 4.712830632380039, 4.7142716017623, -0.015265688324540474, 0.00162167551393804, 0.000665920615574885, -0.003356563751680529, 3.1391274965038583, 1.5713111081604574, 3.138212594703077, -0.0005547345166389097, 3.1436157135860907, -0.001710976190201692, -0.0009383290582610875, 3.139598894137198, -0.0027643683971054728, 1.5384404793856503, -0.0061971464446281335, 4.730702557971404, 1.5936327025188264, 4.712770418089647, 1.5704897207009907, 1.5712199078696196, 3.137486762951463, -0.006034457645262785, 4.71265218229741, 3.1425427403084334, -0.0010748249472009859, 4.712718568744005]",0.0
524,1.5621114790795532,"[1.574924164097252, 4.721085286556341, 1.5491875321885267, 4.7315145270512415, 3.1414930946776796, 4.750301300138875, 1.6116581781432595, 1.568296690529121, 3.139153818642569, 4.734754644422443, 3.133259701748893, 1.5717712406773763, 4.712830632145499, 4.714271597515534, -0.015265705668440576, 0.001621659249387641, 0.0006659214111780817, -0.0033565720026834766, 3.1391275088925528, 1.5713111211241029, 3.138212593504742, -0.0005547367497782645, 3.143615699847001, -0.0017109566633716402, -0.0009383251606841333, 3.1395988980597482, -0.0027643864283228244, 1.5384404839410963, -0.006197127155732173, 4.730702549132477, 1.5936326789616482, 4.712770429620237, 1.5704897101119601, 1.5712199118444348, 3.137486760652777, -0.006034466320492395, 4.712652189434164, 3.142542734958006, -0.0010748212120760717, 4.712718562692574]",0.0
525,1.5604878860795146,"[1.5749241382275838, 4.721085280483306, 1.549187539161607, 4.731514527374748, 3.14149308397348, 4.750301293869824, 1.6116581697944983, 1.5682966960767664, 3.1391538133275216, 4.734754651548741, 3.1332597105340834, 1.5717712510358985, 4.7128306272497795, 4.714271609214531, -0.015265702726334337, 0.001621668316207733, 0.0006659193994277799, -0.0033565765789842993, 3.1391274877568125, 1.5713111210370612, 3.1382125768023656, -0.0005547295660491117, 3.1436156908850683, -0.0017109531551989386, -0.000938324318944919, 3.1395988979788974, -0.0027643906209282427, 1.5384404905949214, -0.0061971145914290916, 4.730702528251192, 1.5936326917973804, 4.712770435099606, 1.5704897122214525, 1.5712199139985603, 3.1374867694363826, -0.00603444324024626, 4.712652210754593, 3.1425427441495284, -0.0010748327942940014, 4.712718556093243]",0.0
526,1.5625316667282019,"[1.574924158913786, 4.721085281010689, 1.54918752643056, 4.731514530608772, 3.1414930824573677, 4.7503012914420975, 1.6116581855652816, 1.5682966882879688, 3.139153815646796, 4.734754654373403, 3.1332596988054178, 1.571771238700759, 4.712830627763605, 4.714271598444477, -0.015265695225279567, 0.0016216602488360802, 0.0006659315098694438, -0.0033565696499280703, 3.1391275102642076, 1.5713111259764057, 3.1382125912584433, -0.0005547352363640449, 3.1436156939112707, -0.0017109690203832189, -0.0009383324933138543, 3.1395988997183397, -0.002764378185306306, 1.538440498296383, -0.006197133829703046, 4.730702547451654, 1.5936326939280894, 4.712770432088554, 1.5704897064668084, 1.5712199173043286, 3.137486764920378, -0.006034461175381333, 4.712652197379403, 3.1425427342514594, -0.0010748282094040806, 4.712718561930873]",0.0
527,1.5653697580537098,"[1.5749241624207657, 4.721085289292362, 1.5491875332204288, 4.731514543792146, 3.1414930763009012, 4.750301292538512, 1.611658167484562, 1.5682966957725222, 3.1391538298598234, 4.734754662016286, 3.133259710669003, 1.5717712524713765, 4.712830631151085, 4.714271590248234, -0.015265696469107352, 0.0016216562170344468, 0.0006659176817648998, -0.003356579904361275, 3.139127499782388, 1.5713111174018215, 3.1382125712458158, -0.0005547313393628582, 3.1436157108790903, -0.0017109644443525252, -0.0009383175534013166, 3.1395989244536744, -0.0027643865855099432, 1.5384405003135777, -0.006197139871325901, 4.730702540772379, 1.593632688118899, 4.712770430907305, 1.570489704030285, 1.5712199170151337, 3.1374867443249275, -0.0060344721488982496, 4.712652182030618, 3.1425427207436343, -0.001074833088857489, 4.712718554200919]",0.0
528,1.5680607114134084,"[1.5749241658359001, 4.721085281694139, 1.5491875338519918, 4.731514527906285, 3.141493087644958, 4.750301299959711, 1.6116581716514073, 1.5682966881797846, 3.1391538193632806, 4.734754649670693, 3.133259702627681, 1.5717712394464107, 4.71283062938288, 4.714271615655989, -0.015265706688091437, 0.001621663070989793, 0.000665927793295472, -0.0033565722074630705, 3.139127499108866, 1.5713111228989172, 3.1382125959296268, -0.0005547301875443429, 3.143615710706654, -0.0017109698384465848, -0.0009383226279262376, 3.139598895797345, -0.0027643818931751226, 1.5384405001283423, -0.006197135251031879, 4.730702539331964, 1.5936326855602685, 4.712770433496656, 1.570489705069132, 1.5712199162165938, 3.137486766395361, -0.0060344623301747105, 4.712652194057409, 3.1425427238428103, -0.001074826741569878, 4.7127185609571915]",0.0
529,1.5684525475981002,"[1.5749241442728628, 4.72108528980665, 1.5491875334414955, 4.731514531370513, 3.141493076703158, 4.750301292551776, 1.6116581691333776, 1.5682966932675082, 3.1391538296483086, 4.734754633773833, 3.133259697818876, 1.5717712419112013, 4.712830627401809, 4.714271592607877, -0.01526571840508553, 0.0016216369353058834, 0.0006659374990462525, -0.0033565704748906816, 3.13912750220638, 1.571311131482383, 3.1382125914505, -0.0005547343682856851, 3.1436156976073972, -0.00171098776246273, -0.0009383135322788562, 3.1395988890576167, -0.0027643960777603447, 1.5384404773178477, -0.0061971434650403365, 4.730702540032966, 1.5936326966783634, 4.712770427027071, 1.5704897180579425, 1.571219921936557, 3.13748676109265, -0.006034467394910119, 4.712652199985932, 3.14254273344212, -0.0010748229560673208, 4.712718553041586]",0.0
530,1.5605019422283302,"[1.5749241539930203, 4.721085279226305, 1.5491875299126927, 4.731514529171973, 3.1414930883249954, 4.750301292957755, 1.6116581771436929, 1.568296692159691, 3.1391538164969317, 4.734754648281931, 3.1332596930973904, 1.5717712385426827, 4.712830626889458, 4.714271599841365, -0.015265706947117097, 0.001621662045113359, 0.0006659246671820812, -0.003356575589963612, 3.139127500281368, 1.5713111241671407, 3.1382125978114073, -0.000554729675294294, 3.1436157031456085, -0.0017109588066346432, -0.0009383279284715287, 3.1395989014591037, -0.0027643845081947397, 1.5384404960078508, -0.006197133927785285, 4.730702538680987, 1.593632692495021, 4.712770418319887, 1.5704897138390168, 1.5712199218224836, 3.1374867666055613, -0.006034464014010661, 4.7126521789037925, 3.1425427328088054, -0.0010748300441248031, 4.712718548523844]",0.0
531,1.5749723771183954,"[1.574924165366801, 4.721085285999298, 1.5491875317888897, 4.731514529331569, 3.1414930906157084, 4.75030128383668, 1.6116581673165309, 1.5682966943929908, 3.139153821115521, 4.734754647678065, 3.1332597104341726, 1.5717712550401512, 4.712830616135067, 4.714271602456867, -0.015265705893962086, 0.0016216673346065146, 0.0006659321730033409, -0.0033565740134515742, 3.1391274993618623, 1.5713111152990893, 3.1382125977814455, -0.000554749075196238, 3.143615689848641, -0.0017109645555606727, -0.0009383234452854957, 3.1395989020975574, -0.002764356057850698, 1.538440496242503, -0.006197142732051432, 4.7307025405460505, 1.5936326795224431, 4.712770433876039, 1.5704897159876994, 1.5712199146698118, 3.1374867665886637, -0.006034470946273247, 4.712652196897439, 3.1425427430135335, -0.0010748067694720303, 4.7127185286619415]",0.0
532,1.5674633896178818,"[1.5749241557596756, 4.7210852847176, 1.5491875363204164, 4.73151452835901, 3.141493082285294, 4.7503012958737285, 1.6116581782951378, 1.5682966847367465, 3.1391538219713286, 4.734754650252981, 3.1332597017796293, 1.5717712473371928, 4.712830636143109, 4.714271603858349, -0.0152656958384891, 0.001621663099634067, 0.0006659195079997363, -0.0033565674350544694, 3.139127504936874, 1.5713111292938633, 3.138212592174709, -0.000554733887671263, 3.143615692308652, -0.00171096224301619, -0.000938313034628478, 3.139598893206298, -0.0027643754995809403, 1.5384404924527002, -0.006197134580109257, 4.730702536033915, 1.5936326895776445, 4.712770419151078, 1.5704897090379706, 1.5712199133226057, 3.1374867678991536, -0.006034472602846766, 4.712652190694588, 3.1425427263815817, -0.001074824726666761, 4.712718557880323]",0.0
533,1.5584039063491675,"[1.5749241428341676, 4.721085302902877, 1.549187521330442, 4.731514535192342, 3.141493087839453, 4.750301300061364, 1.6116581789882682, 1.5682967025531949, 3.1391538343029213, 4.734754632385549, 3.133259701007245, 1.5717712335657985, 4.712830623766627, 4.714271619961227, -0.015265698347333056, 0.0016216644414214936, 0.000665916279698678, -0.003356574112665531, 3.139127505312257, 1.571311112062597, 3.138212602599045, -0.0005547262577834383, 3.1436156794787413, -0.0017109757606453017, -0.0009383289268845424, 3.1395989050765407, -0.0027643800073512714, 1.5384404960356266, -0.006197127073944282, 4.730702541895042, 1.5936326888277563, 4.712770425860355, 1.5704896848715257, 1.57121991008842, 3.137486755047352, -0.006034463333808175, 4.712652182074255, 3.142542732042723, -0.001074826239799814, 4.712718552878759]",0.0
534,1.5520661093900787,"[1.5749241667809535, 4.721085292352478, 1.5491875328405853, 4.731514535826393, 3.1414930856070042, 4.750301293042449, 1.611658170828381, 1.5682966898638604, 3.1391538156839376, 4.734754647884463, 3.133259696697091, 1.5717712485169457, 4.712830620118337, 4.714271599245016, -0.015265703282700167, 0.0016216700396015158, 0.0006659293147127014, -0.003356565408956159, 3.139127504908493, 1.5713111169855634, 3.1382125945151467, -0.0005547349132034476, 3.1436156962046016, -0.0017109698894511517, -0.0009383248547588982, 3.139598894186466, -0.002764383650411902, 1.5384404906268185, -0.006197132530882706, 4.730702535342771, 1.5936326844537583, 4.712770417923627, 1.570489709528257, 1.5712199156722595, 3.1374867587365656, -0.006034462834420817, 4.712652193007549, 3.142542732923188, -0.0010748372616819332, 4.712718560774902]",0.0
535,1.5737246141919614,"[1.5749241653116142, 4.721085289108331, 1.549187555778244, 4.7315145205215146, 3.141493074383952, 4.750301298807639, 1.6116581724493841, 1.5682966937123624, 3.1391538282590106, 4.734754632671363, 3.1332596862663213, 1.5717712437954547, 4.712830616976792, 4.714271588618812, -0.015265701951375969, 0.001621653340799837, 0.0006659268161703974, -0.0033565699444368393, 3.139127497040376, 1.571311117170398, 3.138212585123343, -0.0005547332077986181, 3.1436156922343774, -0.0017109656142267494, -0.0009383218470187454, 3.139598889638271, -0.002764368292136722, 1.538440515696547, -0.00619712040779785, 4.7307025438697865, 1.5936326877370848, 4.712770438524601, 1.570489712026257, 1.5712199118607422, 3.1374867657806584, -0.006034459025247113, 4.712652168957081, 3.1425427431678075, -0.001074835527261557, 4.712718570326407]",0.0
536,1.566225450572036,"[1.5749241559295555, 4.721085284571026, 1.5491875371321242, 4.731514523604663, 3.141493077328848, 4.750301299971342, 1.6116581742158234, 1.5682967036475133, 3.1391538189154677, 4.7347546514302055, 3.133259699517282, 1.5717712457418551, 4.712830631766075, 4.714271593353894, -0.015265712148354158, 0.00162166889856905, 0.000665931923941914, -0.0033565666194663737, 3.1391275027467933, 1.5713111239357451, 3.1382126054874195, -0.0005547297465407347, 3.1436156988364066, -0.0017109620669370094, -0.000938323618874083, 3.1395989061315777, -0.0027643778805415847, 1.5384404931972957, -0.006197134457036875, 4.730702541301334, 1.5936326912086587, 4.712770426623722, 1.5704897033001906, 1.5712199063388492, 3.137486760783746, -0.006034465961123808, 4.712652194489182, 3.1425427330829585, -0.0010748283820930624, 4.712718561641176]",0.0
537,1.5558055900499295,"[1.5749241582348392, 4.721085285026416, 1.5491875317123986, 4.731514533297739, 3.141493083033642, 4.750301288699434, 1.6116581779083259, 1.568296690681363, 3.139153820493618, 4.734754645872789, 3.133259703426437, 1.5717712473804502, 4.712830630750015, 4.7142716002220695, -0.015265709701128534, 0.0016216625677144445, 0.0006659237662362975, -0.0033565701992651882, 3.1391275017503095, 1.5713111222132214, 3.1382125956171443, -0.0005547298442873074, 3.1436156976706604, -0.0017109653558596172, -0.0009383261953863726, 3.1395988962797805, -0.002764377574598347, 1.538440493032507, -0.006197133894079976, 4.730702541960701, 1.5936326880863838, 4.712770432036226, 1.570489709882815, 1.5712199105962599, 3.137486764508287, -0.006034463293922912, 4.712652186502393, 3.1425427303833176, -0.00107482961847821, 4.712718559965051]",0.0
538,1.5698960729862126,"[1.5749241543377115, 4.72108528717849, 1.549187524727537, 4.731514532944588, 3.141493080164343, 4.750301298457529, 1.6116581728453685, 1.5682966861471928, 3.139153817491036, 4.734754649328867, 3.1332596949243934, 1.5717712422340264, 4.71283063286604, 4.714271591812545, -0.015265714069351654, 0.0016216731075478891, 0.000665922448947451, -0.0033565749983184025, 3.139127497887166, 1.5713111178839285, 3.1382125885665464, -0.0005547335778342072, 3.1436156973410534, -0.0017109715123554158, -0.0009383175474939708, 3.1395988971794355, -0.0027643760483198484, 1.5384404939871383, -0.0061971315482398015, 4.730702551054105, 1.59363268245177, 4.712770427299663, 1.5704897019545678, 1.5712199194232828, 3.137486772531298, -0.006034462792883467, 4.712652189975737, 3.142542732872127, -0.0010748277130045569, 4.71271855884738]",0.0
539,1.5586680116229432,"[1.5749241562119078, 4.721085286783179, 1.5491875313645456, 4.731514532236809, 3.141493084091515, 4.750301296218861, 1.611658173662785, 1.5682966902521873, 3.139153822149371, 4.73475464670263, 3.1332597067176353, 1.571771241172092, 4.712830628568031, 4.714271596386117, -0.015265707926687879, 0.0016216630924224455, 0.0006659287980103603, -0.003356569827100483, 3.139127505769592, 1.5713111180977506, 3.138212596057156, -0.0005547344750584398, 3.1436156986217823, -0.0017109608232503647, -0.0009383214705650252, 3.1395988953931213, -0.002764377128210553, 1.538440497360437, -0.0061971297361900985, 4.730702540908073, 1.5936326920456245, 4.712770428325984, 1.5704897082516456, 1.5712199187283145, 3.137486763253112, -0.006034462796582163, 4.712652189910271, 3.142542728623944, -0.0010748269582986534, 4.7127185595456025]",0.0
540,1.5619863071784377,"[1.5749241545002644, 4.721085282383108, 1.5491875339130758, 4.7315145350122405, 3.141493087916057, 4.750301299430951, 1.6116581734482918, 1.5682966896246984, 3.1391538262964134, 4.734754645204738, 3.1332597059727836, 1.5717712416300544, 4.712830629097438, 4.714271592745235, -0.015265705265164714, 0.0016216636291510112, 0.000665922529917126, -0.0033565751207404963, 3.1391275071811116, 1.571311127845032, 3.138212599478061, -0.0005547361223288657, 3.1436157013435886, -0.001710975262834369, -0.0009383308835932663, 3.1395989023140563, -0.0027643743457115367, 1.5384404968210539, -0.006197120395785889, 4.730702538748293, 1.5936326827784855, 4.712770426182805, 1.5704897156637168, 1.5712199086991074, 3.137486768338623, -0.006034466779693166, 4.712652194261167, 3.1425427272642974, -0.0010748371582453304, 4.712718554971195]",0.0
541,1.5602490946143392,"[1.5749241564743586, 4.721085289051206, 1.5491875314836854, 4.731514527452301, 3.141493087048609, 4.75030129282074, 1.6116581736518938, 1.568296689877727, 3.13915381975203, 4.734754644204172, 3.1332597028600198, 1.571771238758409, 4.712830626205456, 4.714271598623782, -0.015265708196976138, 0.0016216636699139314, 0.0006659292585334428, -0.003356570887196477, 3.1391275040263915, 1.5713111257261927, 3.138212588134828, -0.0005547327060281099, 3.1436156992114297, -0.0017109639874727826, -0.0009383229087542264, 3.1395989020098845, -0.0027643752589676654, 1.538440494627373, -0.006197134332871754, 4.730702540779789, 1.5936326878495153, 4.712770425557128, 1.570489707755847, 1.5712199091118186, 3.1374867665489026, -0.006034462653607138, 4.71265218969983, 3.1425427296305966, -0.0010748291891446583, 4.712718559936599]",0.0
542,1.5664187582228115,"[1.5749241583891946, 4.721085286666799, 1.5491875237577277, 4.731514530416301, 3.141493077348747, 4.7503012987909585, 1.611658166144168, 1.568296686433852, 3.139153830730838, 4.734754653616264, 3.1332597016747963, 1.5717712466863671, 4.71283062198947, 4.714271605205281, -0.015265706232429954, 0.0016216595110288793, 0.0006659252562397957, -0.0033565721013726446, 3.1391275031196946, 1.5713111324103608, 3.1382125986555787, -0.0005547369785088064, 3.1436157004087417, -0.0017109593427567964, -0.0009383247810788264, 3.1395988991113017, -0.0027643722743648925, 1.5384404867245418, -0.006197131036291186, 4.730702545876346, 1.5936326888231807, 4.712770426942766, 1.570489708299047, 1.5712199152565631, 3.1374867640169204, -0.0060344580075156725, 4.712652185745039, 3.1425427377629838, -0.0010748330304038863, 4.712718562962429]",0.0
543,1.5697080779055523,"[1.5749241584910065, 4.721085285303368, 1.5491875331668088, 4.73151453035307, 3.1414930845750675, 4.75030129578614, 1.611658174043287, 1.568296691189243, 3.139153823001378, 4.734754643217792, 3.1332597026599895, 1.5717712466098084, 4.712830630488318, 4.714271600118287, -0.015265706525363769, 0.0016216630209793307, 0.0006659249057920952, -0.0033565765217727305, 3.139127507571423, 1.5713111197645837, 3.13821259543315, -0.0005547361135384608, 3.143615697984576, -0.001710964631507356, -0.0009383235469290666, 3.1395989021917794, -0.002764379896959905, 1.5384404965642784, -0.006197137725373645, 4.730702540951062, 1.5936326895753994, 4.712770426559913, 1.5704897084971492, 1.571219915083834, 3.1374867705478717, -0.006034463289467632, 4.712652191294595, 3.142542734944975, -0.0010748308466566622, 4.712718562759198]",0.0
544,1.5634952745407404,"[1.5749241648205967, 4.721085280307222, 1.5491875291208936, 4.7315145340881415, 3.141493085687226, 4.750301295930363, 1.6116581727886092, 1.5682966938693736, 3.139153820597401, 4.734754634845381, 3.1332597044210577, 1.5717712473487626, 4.712830635212228, 4.714271603557656, -0.015265712307734913, 0.0016216704932335772, 0.0006659242890421004, -0.0033565603589078164, 3.139127503883772, 1.5713111325392781, 3.1382125877051767, -0.000554736534573588, 3.1436156967008446, -0.0017109675524682435, -0.0009383250036025771, 3.139598903205548, -0.002764378918036133, 1.5384404993988963, -0.006197126654461497, 4.730702546574666, 1.5936326965270713, 4.712770424040413, 1.5704897102924107, 1.5712199185413958, 3.1374867581813004, -0.006034462001106897, 4.712652188751664, 3.142542734475262, -0.0010748272985501787, 4.71271855743985]",0.0
545,1.5543012710170272,"[1.574924156198828, 4.721085288217098, 1.5491875288133647, 4.731514526505319, 3.1414930839400728, 4.750301297870866, 1.6116581719160672, 1.5682966863296677, 3.1391538220946718, 4.734754645633793, 3.1332597039633776, 1.5717712466406046, 4.712830631634516, 4.714271597561419, -0.015265704207807833, 0.0016216645326242662, 0.0006659289979458808, -0.0033565682061635935, 3.1391274990295988, 1.5713111224488907, 3.1382125942471992, -0.0005547339167303618, 3.1436156976776863, -0.0017109667355310397, -0.0009383296061765464, 3.139598900654632, -0.0027643817175787956, 1.538440497184342, -0.006197132709287032, 4.730702539941814, 1.5936326880193343, 4.712770427959616, 1.5704897101467241, 1.5712199139934442, 3.1374867657716154, -0.00603446571670012, 4.712652187160814, 3.1425427326331445, -0.0010748253202565179, 4.712718560736846]",0.0
546,1.5500712737596845,"[1.5749241540932895, 4.721085285505236, 1.5491875375590154, 4.731514532331828, 3.141493092051272, 4.75030129127873, 1.6116581690794287, 1.5682966931692897, 3.1391538310451725, 4.734754648975247, 3.133259702041658, 1.571771249229802, 4.712830631779329, 4.714271594730912, -0.015265703750161922, 0.0016216654007466076, 0.0006659292770407427, -0.0033565644488101863, 3.1391275110998382, 1.5713111280076515, 3.138212592069274, -0.0005547209555610018, 3.1436157008582595, -0.001710964830092331, -0.000938328757034102, 3.1395988944945614, -0.0027643795273968015, 1.5384404983824276, -0.006197135230785276, 4.730702545109054, 1.593632680206551, 4.712770424690679, 1.5704897025618296, 1.5712199194967467, 3.137486767798967, -0.006034456666193652, 4.712652189914299, 3.1425427340773746, -0.001074824681499285, 4.712718556530309]",0.0
547,1.563053105512245,"[1.574924156003813, 4.7210852797804845, 1.5491875342579156, 4.731514531821551, 3.1414930928998848, 4.7503012947391206, 1.611658167019388, 1.5682966958064264, 3.13915382969792, 4.734754648821078, 3.133259706529506, 1.5717712477273726, 4.7128306276605985, 4.714271591694203, -0.015265701850299006, 0.0016216662285012762, 0.0006659278309876158, -0.003356562343712829, 3.1391275118608526, 1.571311129250195, 3.1382125918355515, -0.0005547194018992913, 3.143615696952705, -0.0017109660450082998, -0.0009383259346117759, 3.1395988930525545, -0.002764382550429248, 1.5384404975721808, -0.006197138302643127, 4.730702543513195, 1.5936326795201208, 4.712770427906526, 1.5704897015388284, 1.5712199182723583, 3.1374867704121265, -0.006034456564289043, 4.712652186470663, 3.1425427339495147, -0.001074826483174558, 4.712718555598345]",0.0
548,1.560209870740738,"[1.5749241523844895, 4.721085295235992, 1.5491875442053689, 4.731514528000305, 3.1414930898953073, 4.750301291300255, 1.611658176126388, 1.5682966891833765, 3.1391538246955406, 4.734754646922583, 3.1332597109752163, 1.5717712525443728, 4.712830626354191, 4.714271589543122, -0.015265704704531445, 0.00162166956864713, 0.0006659222752951194, -0.0033565698563433285, 3.1391275100524023, 1.5713111382092588, 3.1382125959140494, -0.0005547249946503595, 3.1436157055312375, -0.0017109666432948791, -0.0009383338400167713, 3.1395988896623526, -0.0027643821920017124, 1.5384405001479173, -0.006197138799812382, 4.730702545657706, 1.5936326806225696, 4.71277042312221, 1.5704896962723116, 1.57121992384385, 3.1374867622922, -0.006034451045234942, 4.712652188299734, 3.142542732647619, -0.001074822817828878, 4.712718554467999]",0.0
549,1.56042600695697,"[1.5749241561378406, 4.7210852887368855, 1.5491875365484293, 4.731514534052153, 3.1414930961822067, 4.750301295972193, 1.6116581695216583, 1.5682966924801431, 3.139153829629983, 4.734754649037692, 3.133259701064065, 1.5717712487809627, 4.712830636000122, 4.714271592638082, -0.015265703149874976, 0.0016216610720220111, 0.000665927812129518, -0.003356563367524359, 3.139127506976493, 1.5713111285002268, 3.138212594056207, -0.000554719209099516, 3.1436156981830847, -0.0017109637032600071, -0.0009383277429029959, 3.1395988951100247, -0.002764376345625077, 1.5384405000295343, -0.0061971393448697985, 4.730702545220228, 1.5936326804310368, 4.712770424928261, 1.5704897044095554, 1.5712199194100929, 3.1374867659913517, -0.006034451595669565, 4.712652192336235, 3.142542734226469, -0.001074827799316797, 4.712718554545779]",0.0
550,1.5663553987157137,"[1.574924159157243, 4.721085284631186, 1.5491875332801057, 4.731514528373198, 3.1414930867256516, 4.750301281004971, 1.6116581578977973, 1.5682967006485546, 3.13915383225058, 4.734754649092249, 3.133259699689826, 1.5717712421906243, 4.712830639231587, 4.714271591724057, -0.015265700930709504, 0.0016216658901603424, 0.0006659244166758102, -0.0033565710546961916, 3.139127510381207, 1.5713111289086628, 3.138212593061293, -0.0005547245085237537, 3.1436156961364317, -0.0017109650267438461, -0.0009383346950073622, 3.1395988889982154, -0.0027643804676501338, 1.5384405003486676, -0.006197134972259586, 4.730702541988395, 1.5936326776594638, 4.712770419896827, 1.5704897051136224, 1.5712199183616937, 3.137486764640057, -0.0060344503024148555, 4.712652191314708, 3.142542726890639, -0.0010748183539467486, 4.712718560731151]",0.0
551,1.568950198377667,"[1.5749241539424264, 4.721085284393163, 1.549187535889327, 4.73151453306259, 3.1414930936302636, 4.750301291024854, 1.6116581689639695, 1.5682966933400262, 3.1391538289054397, 4.73475464811572, 3.133259702211004, 1.571771247814451, 4.712830634585037, 4.7142715934325485, -0.015265703438001908, 0.001621665554816005, 0.0006659296851612597, -0.003356566852641127, 3.1391275118645616, 1.5713111295597564, 3.1382125917025863, -0.0005547187754522814, 3.143615703103256, -0.0017109668148534774, -0.0009383282252693441, 3.1395988941797954, -0.0027643747186293375, 1.5384404964043477, -0.006197134691256407, 4.730702537239945, 1.59363267936645, 4.71277042653793, 1.5704897002407676, 1.5712199227489807, 3.13748676447237, -0.006034458759485805, 4.71265218869736, 3.1425427401684733, -0.0010748237485619168, 4.712718559757288]",0.0
552,1.562131647567729,"[1.5749241521300565, 4.721085288541822, 1.54918754026515, 4.731514536352887, 3.1414931026393385, 4.750301292376256, 1.6116581663985472, 1.568296692685196, 3.1391538339848526, 4.7347546531072, 3.1332596918130773, 1.5717712531658867, 4.712830623475597, 4.714271592247015, -0.015265706762720276, 0.0016216701712465915, 0.0006659230680954657, -0.003356563198840618, 3.139127511153725, 1.5713111305098906, 3.138212592294917, -0.000554721156684415, 3.1436156977500977, -0.0017109655262073995, -0.0009383319434777417, 3.139598898392723, -0.002764379142480406, 1.5384404954339337, -0.006197135380915874, 4.730702541966116, 1.593632690653627, 4.71277043183295, 1.5704897055169451, 1.5712199214801554, 3.1374867702318006, -0.006034457728958112, 4.712652190763491, 3.1425427254768534, -0.0010748162636962334, 4.712718563739225]",0.0
553,1.5598956384273466,"[1.5749241516027344, 4.72108528891911, 1.5491875374109836, 4.73151453356997, 3.1414930920621047, 4.750301290720093, 1.6116581665107288, 1.5682966914507006, 3.139153830035571, 4.7347546484408065, 3.1332597007860743, 1.5717712458016992, 4.712830635820719, 4.714271594623829, -0.01526570270125384, 0.0016216674764663293, 0.0006659291018530974, -0.003356564536973035, 3.139127512959865, 1.5713111315077806, 3.1382125928778257, -0.0005547181028451339, 3.1436157016475, -0.0017109626101631161, -0.0009383279678403224, 3.1395988927834853, -0.0027643850731793995, 1.5384404994829224, -0.006197134463742907, 4.73070254689673, 1.59363268273773, 4.712770427151353, 1.5704897024395459, 1.571219919116168, 3.137486767605545, -0.006034459238709175, 4.712652189013949, 3.1425427337329306, -0.0010748316152569843, 4.712718560855292]",0.0
554,1.5580240495514062,"[1.574924154261591, 4.721085291236652, 1.5491875408648754, 4.731514533607596, 3.141493094266399, 4.750301283463448, 1.6116581619773545, 1.5682966936041007, 3.1391538296314225, 4.734754650540135, 3.133259703116939, 1.5717712510301076, 4.712830628379139, 4.714271599245846, -0.015265701470412165, 0.0016216704718400637, 0.0006659357053126636, -0.0033565657232394936, 3.139127510353837, 1.57131112734645, 3.1382125948449007, -0.0005547256673138114, 3.1436156977024625, -0.0017109619082005948, -0.0009383292150301864, 3.139598893400739, -0.0027643764330564685, 1.5384405015153075, -0.006197136699255081, 4.730702552196016, 1.5936326772838416, 4.712770432419365, 1.5704897078856437, 1.5712199182822395, 3.1374867668458033, -0.006034466099915074, 4.712652192704098, 3.1425427397320282, -0.0010748208835462197, 4.71271854082272]",0.0
555,1.5484621557145481,"[1.5749241577440831, 4.721085284925819, 1.549187540344138, 4.731514530846779, 3.1414930924396125, 4.750301292276835, 1.6116581700961479, 1.5682966928254027, 3.1391538300357174, 4.734754650116726, 3.133259700768759, 1.5717712496592582, 4.71283063081648, 4.71427159499718, -0.015265700307445394, 0.0016216696947272233, 0.0006659267565343275, -0.003356564416857489, 3.1391275105730148, 1.5713111257654995, 3.138212591500145, -0.000554720664226086, 3.14361570012392, -0.001710959952916602, -0.0009383304044087925, 3.1395988952343075, -0.0027643746376885265, 1.5384405045517446, -0.006197131550998585, 4.730702545463205, 1.593632678513334, 4.712770425630144, 1.5704897011502477, 1.571219917736194, 3.137486768812759, -0.006034455624526199, 4.712652185002649, 3.1425427349653483, -0.0010748266226825902, 4.71271855893403]",0.0
556,1.5435021045288575,"[1.5749241571754042, 4.721085285821686, 1.5491875536707056, 4.731514527107373, 3.141493084688071, 4.750301294713485, 1.6116581716322318, 1.568296694764037, 3.139153834914137, 4.734754644580669, 3.1332596918204225, 1.5717712500293377, 4.712830624766519, 4.714271592926899, -0.015265700127323445, 0.0016216577981216062, 0.0006659318195471207, -0.003356562689084929, 3.1391275068153996, 1.5713111239170905, 3.138212585467696, -0.0005547198096865067, 3.1436156984852994, -0.001710966875084084, -0.0009383285185888474, 3.1395988887863813, -0.0027643770090559463, 1.53844050762274, -0.00619712567857609, 4.730702549588374, 1.593632678695137, 4.712770427180288, 1.5704897050737265, 1.5712199177037351, 3.1374867666803103, -0.006034454821037355, 4.712652179362833, 3.14254273709342, -0.00107482575945005, 4.712718559677266]",0.0
557,1.5666283385912918,"[1.5749241605601305, 4.721085285093728, 1.549187554608693, 4.73151452438516, 3.141493087856768, 4.7503012922949255, 1.6116581757864463, 1.568296694984413, 3.1391538414363236, 4.734754644474226, 3.1332596930728918, 1.5717712492896314, 4.712830625980447, 4.71427159169027, -0.01526569846693408, 0.001621662002150239, 0.0006659364821366207, -0.0033565662148378203, 3.1391275018366995, 1.5713111247448623, 3.138212586207225, -0.0005547200188394574, 3.143615696450725, -0.0017109674732803267, -0.0009383262422431705, 3.139598889303752, -0.0027643777769739398, 1.5384405041814984, -0.00619712473001536, 4.730702550149123, 1.593632679781441, 4.712770427750747, 1.57048970482196, 1.5712199202042292, 3.137486766238526, -0.006034454064336308, 4.712652178927053, 3.142542735894385, -0.001074828280200198, 4.71271855995027]",0.0
558,1.5648767720028653,"[1.574924161330205, 4.721085282605238, 1.5491875609828663, 4.731514534014362, 3.1414930834655648, 4.750301296708693, 1.6116581651579371, 1.5682966898475545, 3.1391538285449183, 4.734754643650394, 3.1332596960450045, 1.571771251363399, 4.712830625850976, 4.714271593758295, -0.015265702497163334, 0.0016216511035297531, 0.0006659369285942791, -0.0033565654432887674, 3.139127503635205, 1.5713111225639582, 3.138212583605343, -0.0005547159591046994, 3.1436156925655734, -0.001710963295983173, -0.0009383402036561746, 3.1395988895613405, -0.002764375210930818, 1.5384405011667797, -0.006197122180557925, 4.730702552782908, 1.593632682656248, 4.712770420983636, 1.570489693726277, 1.5712199179088397, 3.137486771971434, -0.0060344598938694635, 4.7126521790501625, 3.1425427326440785, -0.0010748258274390213, 4.7127185583842035]",0.0
559,1.5651231155188488,"[1.5749241559603195, 4.721085284200614, 1.5491875526894694, 4.731514526123542, 3.141493086712819, 4.750301293747783, 1.6116581715518707, 1.5682966915219523, 3.139153831228526, 4.734754641647677, 3.1332596922398053, 1.5717712506378083, 4.712830622418599, 4.714271594697516, -0.01526570105531064, 0.0016216585337858135, 0.0006659347547721061, -0.0033565644835826434, 3.1391275071275526, 1.5713111256312076, 3.138212591883324, -0.0005547157419147223, 3.1436156949214773, -0.0017109680543406507, -0.0009383256433105597, 3.1395988873622196, -0.0027643763112535, 1.5384405092986986, -0.00619712303449858, 4.730702551877703, 1.593632677981646, 4.712770424126914, 1.5704897079846267, 1.571219916630964, 3.137486768181405, -0.006034452627521472, 4.712652180276039, 3.1425427386556506, -0.00107482248546787, 4.71271856350733]",0.0
560,1.5544445286660669,"[1.5749241565604177, 4.721085286040466, 1.5491875528812287, 4.731514534273086, 3.1414930811643127, 4.750301292963716, 1.6116581696632903, 1.568296694639063, 3.139153834446342, 4.734754652033355, 3.1332596968412387, 1.5717712565648698, 4.712830622446178, 4.714271590740876, -0.015265695132811298, 0.0016216541709074726, 0.0006659304061292486, -0.003356568694740595, 3.1391275069607887, 1.5713111212289625, 3.1382125787221624, -0.0005547137699375204, 3.143615702146328, -0.0017109681941251769, -0.0009383223346801865, 3.1395989025281663, -0.002764381789590184, 1.5384405129409804, -0.0061971251259580135, 4.730702554062544, 1.5936326760743613, 4.7127704247396975, 1.5704897076637692, 1.5712199163567508, 3.1374867548198346, -0.006034456085018563, 4.71265217632373, 3.14254273262205, -0.0010748227682803352, 4.712718560979472]",0.0
561,1.5647009151050109,"[1.574924159591846, 4.7210852861722445, 1.5491875540062858, 4.731514528743012, 3.14149308527124, 4.750301295406363, 1.6116581716235006, 1.5682966938375726, 3.139153836273009, 4.734754643633179, 3.1332596917897786, 1.5717712467586347, 4.712830625687744, 4.714271591402131, -0.015265698570313459, 0.0016216586882460444, 0.0006659328160048949, -0.0033565607570967475, 3.13912750925959, 1.571311122482292, 3.1382125889686705, -0.0005547206789453694, 3.1436157018963446, -0.0017109710367312569, -0.0009383292769687911, 3.1395988882259176, -0.002764372975336132, 1.5384405066228133, -0.0061971314432260356, 4.730702554416013, 1.5936326800562826, 4.7127704242964965, 1.5704897061344327, 1.5712199169419594, 3.13748676556333, -0.006034458076122662, 4.712652173794264, 3.1425427355289943, -0.0010748244646955382, 4.712718561550836]",0.0
562,1.5637122755985724,"[1.5749241454855383, 4.721085282918763, 1.5491875608250145, 4.731514528857996, 3.1414930849556533, 4.750301296930153, 1.6116581694169998, 1.5682966983305273, 3.139153832115755, 4.734754647391061, 3.1332596981834326, 1.5717712475225605, 4.712830625843166, 4.71427159815342, -0.015265693597493208, 0.0016216644095343028, 0.0006659278573692518, -0.003356559809803321, 3.1391275012155146, 1.5713111162219975, 3.1382125788283535, -0.0005547202782148178, 3.143615702886022, -0.0017109673940870808, -0.0009383322283206312, 3.139598885802282, -0.002764376937264716, 1.5384404999914005, -0.006197125034226498, 4.730702551785084, 1.5936326836954844, 4.7127704255268075, 1.570489712126271, 1.5712199138371743, 3.1374867669352198, -0.006034445729916683, 4.712652182087807, 3.1425427434451607, -0.0010748253923266416, 4.712718560780922]",0.0
563,1.5668417698063817,"[1.574924152116006, 4.7210852818448386, 1.5491875561622883, 4.731514525051764, 3.1414930853592984, 4.75030129405317, 1.611658170816354, 1.5682966937807226, 3.139153833996126, 4.734754643826902, 3.133259691776019, 1.5717712493565172, 4.712830624083121, 4.714271594786189, -0.015265701981780545, 0.001621657740441921, 0.0006659315996905546, -0.0033565607145222835, 3.139127506195935, 1.5713111237179762, 3.138212585674889, -0.0005547225166358806, 3.1436156946470346, -0.0017109660530710993, -0.000938330028476703, 3.139598890911191, -0.0027643752798945367, 1.5384405075069205, -0.006197128879642153, 4.730702550680973, 1.5936326729304773, 4.712770428059954, 1.5704897058136122, 1.5712199229210702, 3.137486762577794, -0.006034456124697842, 4.712652179542429, 3.142542734030306, -0.0010748291217684235, 4.712718562683284]",0.0
564,1.5691326890268253,"[1.574924152063486, 4.721085279580004, 1.5491875508252233, 4.731514529802706, 3.141493092145447, 4.750301298704394, 1.6116581730271788, 1.568296692737894, 3.1391538379981356, 4.734754650375547, 3.1332596885087973, 1.571771255313384, 4.712830626766439, 4.714271593821237, -0.01526570665460878, 0.0016216583373733471, 0.00066593745288936, -0.0033565684897254914, 3.1391275083291243, 1.5713111242525346, 3.1382125813588417, -0.0005547285739601224, 3.143615697235715, -0.0017109662581310532, -0.0009383299851164323, 3.139598878344759, -0.002764380021283795, 1.5384405146900384, -0.006197127988997753, 4.730702548168456, 1.5936326805888459, 4.71277042382322, 1.570489700079523, 1.5712199054562048, 3.137486758959208, -0.006034454560661676, 4.7126521766066745, 3.1425427384084332, -0.0010748262370033387, 4.712718559008424]",0.0
565,1.5656141037201134,"[1.574924155399668, 4.721085288024667, 1.549187553539502, 4.731514534211693, 3.14149308488826, 4.750301294170675, 1.6116581743530456, 1.5682966983862294, 3.139153837632326, 4.734754643949838, 3.1332596925723957, 1.5717712453406862, 4.712830622714111, 4.714271595076429, -0.015265699230020035, 0.001621656994526025, 0.0006659306582373682, -0.003356561034016261, 3.139127501819933, 1.5713111253545125, 3.1382125875892797, -0.0005547219055291836, 3.143615696623775, -0.0017109664144460191, -0.000938328536347582, 3.1395988897788407, -0.0027643791776787805, 1.5384405102449914, -0.006197125770920952, 4.730702548899428, 1.5936326758719999, 4.712770425429154, 1.5704897017089041, 1.57121991711058, 3.137486767902816, -0.006034456518353174, 4.71265217929425, 3.1425427396056818, -0.0010748232770189862, 4.712718562081571]",0.0
566,1.5511660724764795,"[1.574924151509322, 4.721085293368178, 1.5491875473473409, 4.731514521326958, 3.1414930850250706, 4.750301298267858, 1.6116581731213193, 1.5682966977890878, 3.139153838987201, 4.73475463864079, 3.1332596889723834, 1.571771249599351, 4.712830623980655, 4.714271603040638, -0.015265696362893467, 0.0016216581738249956, 0.0006659265944079664, -0.0033565644828735214, 3.13912751386258, 1.5713111160831346, 3.138212587397213, -0.0005547134934913002, 3.143615691539816, -0.0017109725694089974, -0.0009383311144903627, 3.139598891030624, -0.0027643764561881327, 1.5384405054867292, -0.00619712116230837, 4.730702549653411, 1.5936326812328083, 4.712770428242202, 1.5704896955906733, 1.5712199159202134, 3.1374867608663086, -0.006034453151893141, 4.7126521762742035, 3.1425427338692655, -0.0010748265648713531, 4.712718551708823]",0.0
567,1.5620321758312314,"[1.574924156648383, 4.721085288791554, 1.549187552448873, 4.731514523584836, 3.1414930894543094, 4.750301292540487, 1.6116581709345692, 1.568296700570615, 3.139153832150906, 4.734754649440434, 3.1332596947756133, 1.5717712526973506, 4.712830625719077, 4.71427159419394, -0.015265701196004771, 0.001621653903981855, 0.0006659312789126826, -0.0033565616082895564, 3.139127505934753, 1.5713111238756035, 3.138212585235738, -0.0005547218607378647, 3.143615698471309, -0.0017109702614429383, -0.0009383274890702196, 3.1395988879143344, -0.002764375946786896, 1.538440508621306, -0.006197122951239649, 4.730702551724903, 1.5936326799046179, 4.712770425319785, 1.570489704640734, 1.571219919969003, 3.137486769450611, -0.006034456745526859, 4.712652177016066, 3.1425427374183443, -0.0010748280530692136, 4.712718561928977]",0.0
568,1.571555611102966,"[1.5749241545637154, 4.721085286851561, 1.549187557295688, 4.73151453238411, 3.141493084070968, 4.750301292380433, 1.611658170135471, 1.5682966932789801, 3.1391538286590497, 4.734754644254223, 3.133259688096772, 1.5717712523779113, 4.712830631568705, 4.714271593752829, -0.015265695678859765, 0.0016216571224267982, 0.0006659395820085293, -0.0033565591832455228, 3.1391275110857766, 1.57131112582384, 3.13821258987586, -0.0005547305436953435, 3.143615699522798, -0.0017109689127281942, -0.0009383230909770004, 3.1395988954767318, -0.002764379567551573, 1.538440503382039, -0.006197121893235617, 4.730702545508311, 1.5936326756388233, 4.712770432648853, 1.570489701263854, 1.5712199163252445, 3.1374867709244625, -0.006034442923910813, 4.712652169800401, 3.142542732708025, -0.00107482390452962, 4.712718556534]",0.0
569,1.5673606275393084,"[1.5749241556737257, 4.721085285925808, 1.5491875514661468, 4.731514528559889, 3.1414930823512432, 4.750301296708193, 1.6116581707992466, 1.5682966933279539, 3.1391538325734554, 4.7347546466097015, 3.1332596875866434, 1.5717712490129303, 4.712830626536255, 4.714271589834623, -0.015265703246858586, 0.0016216623059604064, 0.0006659292297568222, -0.0033565654231483845, 3.139127503576185, 1.5713111223657, 3.1382125829470664, -0.0005547199036129931, 3.1436156976618586, -0.0017109708404539758, -0.0009383249360061075, 3.1395988875446785, -0.0027643757903234724, 1.5384405068818379, -0.006197124672951135, 4.730702554774538, 1.5936326758441457, 4.712770427621465, 1.5704897017441901, 1.5712199201743011, 3.1374867693693016, -0.006034454785564564, 4.712652179681614, 3.142542737672636, -0.0010748249731448137, 4.712718558515878]",0.0
570,1.5684344471485296,"[1.574924161922118, 4.72108528859683, 1.5491875489350098, 4.7315145221832005, 3.1414930766713334, 4.750301292194964, 1.6116581765355142, 1.5682966907351938, 3.139153838843337, 4.734754643271788, 3.1332596900992464, 1.571771255637805, 4.712830621763589, 4.714271590111258, -0.015265703828383527, 0.0016216546606948325, 0.0006659298339426175, -0.0033565521867122655, 3.139127512742433, 1.5713111202201642, 3.1382125807528163, -0.0005547162805280146, 3.1436157080833853, -0.0017109580694538136, -0.0009383340669727162, 3.1395988885163026, -0.0027643800466231297, 1.5384405101454683, -0.006197122517309387, 4.730702543434123, 1.5936326781916392, 4.712770427199568, 1.5704897102598259, 1.5712199148147332, 3.1374867714157255, -0.006034454837942231, 4.712652186257854, 3.1425427353915016, -0.0010748258394745176, 4.712718553491596]",0.0
571,1.5618431714279657,"[1.5749241564548777, 4.721085287561758, 1.549187555461603, 4.731514527677753, 3.141493084991671, 4.750301290636366, 1.6116581686106908, 1.568296695469175, 3.139153835608633, 4.734754645209135, 3.133259692312268, 1.5717712514151179, 4.71283062329542, 4.714271596224923, -0.015265700035089428, 0.0016216591034165476, 0.0006659358297728517, -0.0033565636015850855, 3.1391275075707337, 1.57131112354208, 3.138212586484207, -0.0005547225047289143, 3.1436156979778276, -0.0017109665061751055, -0.0009383281647125418, 3.139598888832728, -0.0027643760222720247, 1.5384405077973557, -0.006197126705498416, 4.730702553441489, 1.5936326771606752, 4.712770429451783, 1.5704897074226656, 1.571219917671373, 3.137486766821056, -0.006034459539212854, 4.712652182316879, 3.1425427399696466, -0.0010748227132071748, 4.7127185515600685]",0.0
572,1.5608316336419645,"[1.5749241643544643, 4.721085290698941, 1.5491875565592599, 4.731514526162694, 3.141493085666222, 4.750301299134499, 1.6116581640730567, 1.5682966958556264, 3.1391538274908526, 4.734754643261469, 3.133259690877556, 1.571771246771514, 4.712830623524296, 4.714271587254155, -0.015265693029219178, 0.001621658709174672, 0.0006659244172421034, -0.0033565664930664606, 3.1391275059631356, 1.5713111292842514, 3.138212584693915, -0.0005547162419585898, 3.143615694193346, -0.0017109610818251107, -0.0009383300960984547, 3.1395988853777386, -0.002764374920880987, 1.5384405140888302, -0.006197126714031255, 4.730702542071545, 1.5936326840585517, 4.712770440039366, 1.5704897081241072, 1.571219915209506, 3.137486761600559, -0.006034455628041636, 4.712652175336417, 3.142542740818445, -0.0010748305389531754, 4.712718558968932]",0.0
573,1.5634526767118107,"[1.5749241581520428, 4.721085285140567, 1.549187556094478, 4.7315145269805425, 3.1414930840397375, 4.750301294845235, 1.6116581709012254, 1.5682966955048445, 3.1391538368596734, 4.734754640212588, 3.133259691493185, 1.571771253539305, 4.7128306254283565, 4.714271593257302, -0.015265700116625622, 0.001621656459951932, 0.0006659289896176155, -0.0033565683515828864, 3.139127510392343, 1.5713111203017018, 3.138212585422283, -0.0005547226557875085, 3.14361569825623, -0.0017109669603233512, -0.0009383274630376158, 3.1395988918474824, -0.0027643790210762974, 1.5384405096813114, -0.006197130471078155, 4.730702549236456, 1.593632680760915, 4.712770426450977, 1.570489704295033, 1.5712199188584184, 3.137486771464815, -0.006034453773437739, 4.712652181356841, 3.1425427408689934, -0.0010748276397969474, 4.712718562347088]",0.0
574,1.5602721983705488,"[1.574924158920116, 4.7210852853292575, 1.549187553183454, 4.731514527057292, 3.1414930856345036, 4.75030129540109, 1.6116581704555812, 1.5682966954172417, 3.139153834458247, 4.734754644436743, 3.1332596919803675, 1.5717712486366826, 4.7128306235287, 4.714271594881394, -0.015265702110824321, 0.0016216578023024316, 0.0006659333305528067, -0.0033565635351125458, 3.139127505811787, 1.5713111227568957, 3.138212586124875, -0.0005547191635234959, 3.143615701695644, -0.0017109681949377317, -0.0009383303098594399, 3.1395988892926736, -0.002764378136366918, 1.5384405089616464, -0.006197125765285663, 4.73070255021657, 1.5936326779932883, 4.7127704297273905, 1.5704897044038681, 1.5712199182099047, 3.1374867663866923, -0.0060344529546526825, 4.7126521799102585, 3.1425427367174685, -0.001074826145798147, 4.712718560224226]",0.0
575,1.5737768242364794,"[1.5749241593482037, 4.721085283360424, 1.5491875573227951, 4.731514525134871, 3.1414930839660253, 4.750301297091074, 1.6116581716786036, 1.5682966926711195, 3.1391538348952204, 4.734754646824493, 3.133259691050301, 1.5717712503543817, 4.712830627038776, 4.714271599844581, -0.015265696423733278, 0.001621657056160997, 0.0006659287503085258, -0.0033565622111482968, 3.139127505570805, 1.5713111262781079, 3.138212585671988, -0.0005547190640101629, 3.143615701065436, -0.0017109681823878797, -0.000938323515070015, 3.1395988861066897, -0.002764377286691919, 1.5384405086921098, -0.006197126830214405, 4.730702546883464, 1.5936326786801167, 4.7127704262955, 1.5704897033318848, 1.5712199176352004, 3.1374867677402425, -0.0060344574553090925, 4.712652182296538, 3.1425427327853965, -0.0010748239224691544, 4.712718559206217]",0.0
576,1.5634726640895948,"[1.5749241575251756, 4.721085286245606, 1.5491875513483389, 4.73151452819381, 3.1414930845449365, 4.750301294372454, 1.6116581699743229, 1.5682966917590981, 3.139153837089843, 4.734754644916278, 3.1332596922686493, 1.571771250276859, 4.712830622970868, 4.714271594956514, -0.01526569923764386, 0.00162165616358669, 0.0006659306793457891, -0.003356563498002931, 3.1391275067051074, 1.5713111253644825, 3.138212584361598, -0.0005547210544302477, 3.143615698823123, -0.0017109662947959487, -0.0009383284853849516, 3.1395988875862444, -0.0027643758518449526, 1.5384405064814068, -0.006197125169772323, 4.7307025503792115, 1.5936326784297432, 4.712770427277619, 1.5704897056972533, 1.5712199191078826, 3.137486767164379, -0.006034453365869879, 4.7126521778553885, 3.1425427379183306, -0.0010748265986890617, 4.712718559997795]",0.0
577,1.5638472740452412,"[1.5749241569011525, 4.721085285123981, 1.549187554021466, 4.731514524397036, 3.1414930789197792, 4.750301298141281, 1.611658169318933, 1.5682966988647549, 3.1391538371088537, 4.734754648840454, 3.1332596896619203, 1.5717712518774496, 4.712830623193088, 4.7142715926637155, -0.015265701737122763, 0.0016216578456659234, 0.0006659324178671691, -0.0033565622102886086, 3.139127506719103, 1.5713111275275837, 3.1382125908123575, -0.0005547199599542694, 3.1436156992356024, -0.0017109640471585138, -0.0009383279809758814, 3.1395988916545536, -0.0027643751188728568, 1.5384405040873725, -0.006197125676963544, 4.73070255110239, 1.5936326802822813, 4.712770426445257, 1.5704897028241316, 1.5712199152513584, 3.1374867645956233, -0.006034453848956668, 4.7126521805287656, 3.1425427400009336, -0.0010748269895773513, 4.712718561172845]",0.0
578,1.5562936355296295,"[1.5749241573206958, 4.721085283818674, 1.5491875523811491, 4.731514527445177, 3.1414930855696497, 4.750301293776586, 1.611658170722637, 1.5682966957826503, 3.139153834343704, 4.734754640698213, 3.1332596911019213, 1.571771251720962, 4.71283062477456, 4.71427159237106, -0.01526569891421262, 0.0016216580671990647, 0.0006659310939625511, -0.0033565609452746383, 3.139127505305302, 1.5713111251017233, 3.1382125850766807, -0.0005547209358743741, 3.1436157000788914, -0.0017109666403955642, -0.000938327889768769, 3.139598889044575, -0.002764376516540406, 1.5384405081738934, -0.006197124484638415, 4.7307025513082905, 1.5936326804247782, 4.7127704269159585, 1.5704897036161114, 1.5712199179051825, 3.1374867651295384, -0.0060344550197976785, 4.712652180393789, 3.1425427369809653, -0.0010748260097964493, 4.7127185593891765]",0.0
579,1.5660336091212654,"[1.5749241613960607, 4.721085285181933, 1.5491875549934104, 4.731514528650262, 3.1414930832884354, 4.750301296916701, 1.6116581724712655, 1.568296695807752, 3.139153835361787, 4.734754643751545, 3.1332596937075343, 1.5717712491690488, 4.712830628198389, 4.7142715966602875, -0.015265705800114215, 0.0016216611129620585, 0.0006659308409979589, -0.0033565597455919396, 3.13912750977889, 1.5713111279752159, 3.1382125818920197, -0.0005547203614432468, 3.143615694871625, -0.001710968715467989, -0.0009383289086360412, 3.1395988912796127, -0.002764377892505443, 1.538440509256144, -0.006197123902415175, 4.730702550134258, 1.5936326814966009, 4.712770425381177, 1.5704897080566957, 1.57121991992058, 3.137486764837063, -0.006034453462177733, 4.712652177859323, 3.1425427391767338, -0.0010748245698571934, 4.712718558592753]",0.0
580,1.5661066566587927,"[1.5749241561864349, 4.721085284894205, 1.5491875526812722, 4.731514527766037, 3.141493082475384, 4.750301293156239, 1.6116581728203008, 1.5682966943822914, 3.139153834447471, 4.734754646279136, 3.133259691347029, 1.571771249749038, 4.712830623975513, 4.7142715930934855, -0.015265698383993538, 0.0016216580429466957, 0.0006659336248778444, -0.00335656226325479, 3.1391275069568945, 1.5713111247608822, 3.1382125850926266, -0.0005547194807685413, 3.1436156974664056, -0.0017109690813988465, -0.0009383297630598217, 3.1395988890675985, -0.0027643754888591093, 1.5384405102269074, -0.006197126889776079, 4.73070254916869, 1.593632681364581, 4.712770427558486, 1.5704897044498842, 1.5712199186593927, 3.1374867674725535, -0.006034453907653697, 4.712652180683398, 3.1425427368994057, -0.0010748270575592486, 4.71271855949552]",0.0
581,1.562372350612776,"[1.5749241600657755, 4.7210852837934905, 1.5491875528753096, 4.7315145257794295, 3.1414930867328534, 4.750301295550476, 1.6116581769749236, 1.5682966942083227, 3.1391538323082124, 4.734754647105946, 3.133259689826671, 1.5717712472213603, 4.712830625343809, 4.714271592254967, -0.01526569571217748, 0.0016216547447958241, 0.0006659308493340074, -0.003356563129359626, 3.1391275112456682, 1.5713111244364013, 3.1382125843708795, -0.0005547221465911033, 3.1436156971796922, -0.001710965986007114, -0.0009383310269093769, 3.1395988891738322, -0.0027643798007936835, 1.5384405048827199, -0.006197124124238602, 4.730702554509865, 1.5936326776791703, 4.71277042956527, 1.5704897043727066, 1.571219917889386, 3.137486765033783, -0.006034454947369655, 4.712652182912561, 3.1425427398076797, -0.001074823105789333, 4.712718561483516]",0.0
582,1.56989417055361,"[1.5749241570041903, 4.7210852844114015, 1.5491875551819296, 4.731514526939994, 3.141493085717668, 4.750301293673363, 1.6116581706121231, 1.5682966925488109, 3.1391538363573, 4.73475464547415, 3.133259692564296, 1.571771248349067, 4.712830624686613, 4.714271591236986, -0.01526570080738483, 0.0016216571291856755, 0.0006659294920540378, -0.0033565622355111106, 3.139127507097268, 1.5713111237541248, 3.1382125873486126, -0.0005547206214457588, 3.1436156986676296, -0.0017109693894101269, -0.0009383287358697495, 3.1395988902758183, -0.002764377006682687, 1.5384405082499368, -0.00619712327535764, 4.7307025490100445, 1.5936326787699644, 4.712770426937825, 1.5704897049284035, 1.5712199162416605, 3.1374867664692014, -0.006034455020492252, 4.712652180360668, 3.142542737901468, -0.0010748272708154796, 4.712718558346336]",0.0
583,1.5665266879787472,"[1.5749241557059244, 4.721085285359019, 1.5491875531648422, 4.731514530557117, 3.141493084353077, 4.7503013000239624, 1.6116581733626694, 1.568296698828353, 3.139153835683225, 4.73475464249434, 3.1332596923264613, 1.571771251703479, 4.712830624983213, 4.714271592036315, -0.015265698089554547, 0.001621658510790414, 0.0006659323464242449, -0.0033565671040816426, 3.139127509099919, 1.5713111272010212, 3.1382125859995242, -0.0005547207120926372, 3.1436157000117246, -0.0017109689569566016, -0.0009383315977317492, 3.1395988882794423, -0.0027643745440494804, 1.5384405073114515, -0.006197121702018135, 4.730702549210455, 1.5936326752063652, 4.712770426909443, 1.5704897097881945, 1.571219917097495, 3.1374867689719155, -0.006034456668977329, 4.712652181239073, 3.142542733162088, -0.001074828528403777, 4.712718558880206]",0.0
584,1.5575277607222993,"[1.5749241578036246, 4.72108528478689, 1.5491875536026603, 4.731514527612507, 3.14149308543687, 4.750301294442949, 1.6116581719259466, 1.5682966953513098, 3.139153833169045, 4.734754645340429, 3.133259688676794, 1.5717712495229308, 4.7128306231398565, 4.714271593476055, -0.01526569960362454, 0.0016216582275126498, 0.0006659313787574476, -0.003356563466104587, 3.1391275064456376, 1.5713111236119703, 3.1382125864927772, -0.0005547196653822459, 3.143615699212323, -0.0017109664269470842, -0.0009383290338282199, 3.1395988889445956, -0.0027643790274546414, 1.5384405070711704, -0.0061971258683276645, 4.730702548432753, 1.5936326790332114, 4.712770423888756, 1.5704897062545913, 1.5712199196884022, 3.137486766228685, -0.006034454946208569, 4.712652177964817, 3.1425427378378057, -0.0010748273640471683, 4.712718557419077]",0.0
585,1.5643337239011177,"[1.5749241520808046, 4.721085282000043, 1.5491875529709875, 4.7315145242176895, 3.1414930851118053, 4.750301294825008, 1.6116581738272127, 1.5682966954227573, 3.1391538361071167, 4.734754644163001, 3.1332596921796356, 1.5717712469068046, 4.712830628052969, 4.714271592455589, -0.01526570179093949, 0.0016216545183532504, 0.0006659303604134107, -0.0033565659157114907, 3.1391275053637386, 1.5713111265038364, 3.13821258578263, -0.0005547176291212133, 3.1436157005876257, -0.0017109627272143988, -0.0009383294827807426, 3.13959889110323, -0.0027643764698576513, 1.5384405098037754, -0.0061971261498127974, 4.730702551245616, 1.5936326814109394, 4.7127704290652686, 1.570489706058586, 1.5712199187447302, 3.13748676967121, -0.006034455113732655, 4.712652174760912, 3.1425427364844998, -0.0010748219081488657, 4.712718556413651]",0.0
586,1.5686972074514383,"[1.5749241573559438, 4.721085286396183, 1.5491875536470758, 4.731514525527985, 3.1414930855481953, 4.750301293372468, 1.6116581717060294, 1.5682966944892724, 3.1391538342712764, 4.73475464382099, 3.1332596903295746, 1.5717712502117556, 4.712830624517721, 4.714271593800689, -0.015265699999221694, 0.0016216580568539848, 0.0006659316250741188, -0.003356562820498881, 3.1391275057428256, 1.5713111266699418, 3.138212583135283, -0.0005547187886434711, 3.1436156985434596, -0.0017109684321320211, -0.000938329817335492, 3.1395988909382373, -0.002764376844947686, 1.5384405066317608, -0.006197127455258245, 4.730702549597913, 1.5936326768916387, 4.7127704266147346, 1.5704897050716728, 1.5712199143112369, 3.1374867678674034, -0.006034454899158514, 4.7126521788987645, 3.1425427378154733, -0.001074826418202182, 4.712718559863914]",0.0
587,1.5669514454015747,"[1.5749241565362921, 4.721085288238056, 1.5491875546002023, 4.73151452575734, 3.141493085974303, 4.750301295455893, 1.611658171097265, 1.5682966959026838, 3.139153833246416, 4.7347546433103656, 3.1332596924756606, 1.5717712429046107, 4.71283062032984, 4.714271591979468, -0.01526570177140188, 0.0016216573322361373, 0.0006659344227291072, -0.0033565643206029177, 3.139127510009195, 1.5713111237706288, 3.138212581096936, -0.000554722070902088, 3.1436156994863684, -0.0017109636287405122, -0.00093832314956515, 3.139598890215479, -0.0027643736283554034, 1.5384405074645247, -0.006197125009530285, 4.730702548940909, 1.5936326805515098, 4.712770424041817, 1.5704897038282297, 1.5712199167111573, 3.1374867665538497, -0.006034453796913788, 4.712652181952355, 3.1425427343455516, -0.0010748264128001457, 4.712718559461588]",0.0
588,1.5639124248618554,"[1.5749241580296502, 4.721085284876103, 1.549187554010155, 4.731514529074659, 3.1414930834955674, 4.750301291801773, 1.6116581741863676, 1.5682966957444087, 3.13915383363123, 4.73475464436436, 3.133259691801431, 1.5717712501757999, 4.71283062434922, 4.714271594293776, -0.01526570231252871, 0.0016216569217771927, 0.0006659299938884064, -0.0033565637499846602, 3.139127506767497, 1.5713111232304189, 3.1382125861321257, -0.0005547195837611245, 3.1436156982880163, -0.0017109666071690717, -0.0009383273543590672, 3.139598887764482, -0.002764375736598116, 1.538440505886698, -0.006197125846154953, 4.730702550012217, 1.5936326793948872, 4.712770428828668, 1.570489705694791, 1.5712199159479812, 3.137486766068946, -0.006034454784876566, 4.712652178998671, 3.1425427360802756, -0.0010748272522463015, 4.712718559621059]",0.0
589,1.566788552179112,"[1.5749241567873524, 4.721085284907625, 1.5491875575619494, 4.731514529998508, 3.141493088446204, 4.750301292008884, 1.6116581703878583, 1.5682966980603414, 3.1391538380973656, 4.734754645939151, 3.1332596910347914, 1.571771251013571, 4.712830625141942, 4.714271590897585, -0.015265699717698566, 0.001621658306723764, 0.0006659310181508634, -0.0033565611362359497, 3.1391275119841837, 1.5713111263861932, 3.1382125846609292, -0.0005547133168112985, 3.1436156993124156, -0.0017109653838235652, -0.0009383279676321427, 3.1395988853691787, -0.0027643757970571225, 1.5384405082983263, -0.006197126983974036, 4.730702551059465, 1.593632675520563, 4.712770426808249, 1.570489701711772, 1.5712199198829389, 3.1374867670921676, -0.006034450590698376, 4.712652179777524, 3.1425427376727937, -0.001074826125240014, 4.712718558617156]",0.0
590,1.5536954616476968,"[1.5749241582788907, 4.721085285149259, 1.5491875526227896, 4.73151452577748, 3.1414930818842826, 4.750301293514468, 1.6116581709348385, 1.5682966956647844, 3.1391538342468346, 4.734754643691459, 3.1332596938564894, 1.5717712482752357, 4.712830627472975, 4.714271592992186, -0.015265698978791, 0.00162165693816843, 0.0006659324493754479, -0.00335656367020583, 3.139127506680028, 1.5713111236106547, 3.138212585599398, -0.0005547200277919684, 3.1436156985267028, -0.0017109665599895462, -0.000938328459478888, 3.1395988872427094, -0.0027643772264915006, 1.5384405087205613, -0.0061971256716364395, 4.730702549953543, 1.5936326761414437, 4.712770425243179, 1.5704897046463673, 1.5712199170846541, 3.137486765796954, -0.0060344537707709795, 4.712652179138391, 3.142542738180363, -0.0010748272364256464, 4.712718558684424]",0.0
591,1.5585682953467508,"[1.5749241584086071, 4.721085286147555, 1.5491875526074623, 4.731514526055312, 3.141493083647251, 4.7503012900828026, 1.6116581664339307, 1.5682966980673014, 3.1391538370524183, 4.734754645439253, 3.1332596885435873, 1.5717712489166602, 4.712830625615987, 4.714271591489277, -0.015265700371954256, 0.001621658136350947, 0.0006659294682038158, -0.003356564833511839, 3.139127506535678, 1.571311123416643, 3.138212585444069, -0.0005547220841093251, 3.143615695878122, -0.001710967515378799, -0.000938331941028238, 3.1395988873758145, -0.0027643781042465177, 1.5384405068787435, -0.00619712540804569, 4.730702548095433, 1.5936326798347822, 4.712770425710903, 1.5704897075277762, 1.571219917528327, 3.1374867660384957, -0.006034452664877162, 4.712652181096793, 3.1425427313934517, -0.0010748193428418453, 4.7127185620513545]",0.0
592,1.563840282099463,"[1.574924157774302, 4.7210852836450075, 1.5491875519922835, 4.7315145282822515, 3.141493085574478, 4.750301295007368, 1.6116581698311867, 1.5682966956249076, 3.1391538361054137, 4.734754645053335, 3.1332596895280007, 1.5717712489240236, 4.712830626622797, 4.714271593956006, -0.015265699577742056, 0.0016216569173642355, 0.000665933305271581, -0.003356561464344442, 3.139127506980868, 1.5713111216587348, 3.138212584626954, -0.0005547183972488997, 3.1436156973209313, -0.0017109661435203026, -0.0009383272077047604, 3.1395988899008813, -0.0027643759282607932, 1.5384405075287042, -0.0061971247930137615, 4.730702549012977, 1.5936326785853407, 4.712770427922037, 1.5704897064436465, 1.5712199167403686, 3.1374867677625766, -0.006034456137607919, 4.7126521794476, 3.1425427378981943, -0.0010748268141782622, 4.712718560646109]",0.0
593,1.5710578498644678,"[1.5749241556031637, 4.7210852863704424, 1.5491875534637933, 4.731514527013223, 3.1414930840733537, 4.750301293755982, 1.6116581726620813, 1.5682966945622154, 3.1391538338343548, 4.734754643262672, 3.1332596924289744, 1.5717712512371371, 4.712830626238306, 4.714271591624703, -0.015265701289986224, 0.0016216571073714712, 0.0006659337307931446, -0.0033565648453397455, 3.139127507742087, 1.571311123465674, 3.138212584254524, -0.0005547188788417718, 3.1436157017792605, -0.0017109693138728837, -0.000938329008035732, 3.139598888087265, -0.002764373741028331, 1.5384405041237403, -0.006197124439863844, 4.730702541978579, 1.5936326780892198, 4.712770427554982, 1.5704897032793301, 1.5712199214582676, 3.137486762782556, -0.006034457755703385, 4.712652179249088, 3.14254274217633, -0.001074820971189952, 4.71271856177494]",0.0
594,1.5704571458612755,"[1.5749241569626737, 4.72108528306437, 1.5491875532987738, 4.731514526254606, 3.141493083287891, 4.750301293829954, 1.6116581707770243, 1.5682966956668636, 3.139153834981806, 4.734754644547978, 3.1332596933367243, 1.5717712496051195, 4.712830622080759, 4.7142715929183, -0.015265699562332268, 0.0016216601573465796, 0.000665931838862859, -0.0033565625309895956, 3.1391275087724955, 1.5713111241461244, 3.1382125846149536, -0.0005547198851925313, 3.1436156984586767, -0.0017109672505048565, -0.0009383281777695937, 3.139598888071329, -0.0027643791880291235, 1.538440507162756, -0.006197124626836311, 4.730702549218601, 1.5936326784599213, 4.712770428199673, 1.5704897039473948, 1.5712199172635881, 3.137486768199032, -0.0060344569268258414, 4.712652177063193, 3.1425427370294847, -0.0010748255435074309, 4.712718560613996]",0.0
595,1.5561984499349863,"[1.5749241583889426, 4.721085283269943, 1.5491875506646458, 4.731514527178169, 3.141493085929737, 4.750301299291607, 1.6116581714933351, 1.5682966968722776, 3.1391538344827477, 4.734754643961557, 3.1332596958261125, 1.5717712513656672, 4.712830622042751, 4.714271589376095, -0.015265700757254464, 0.0016216534978281479, 0.0006659319153856765, -0.003356560289997688, 3.1391275049391423, 1.5713111232544987, 3.1382125856080156, -0.0005547194141128216, 3.143615694766806, -0.0017109697957196424, -0.0009383261697145581, 3.1395988880452386, -0.002764378387842706, 1.5384405044296867, -0.006197131104344707, 4.73070254763545, 1.5936326781556116, 4.712770427787072, 1.5704897061053928, 1.5712199177974318, 3.13748676702274, -0.006034452289773003, 4.712652180538673, 3.1425427364046263, -0.0010748232801559118, 4.712718555116292]",0.0
596,1.5708290031936787,"[1.5749241527446718, 4.721085290255117, 1.5491875524934626, 4.731514528732894, 3.1414930839499946, 4.750301294553474, 1.6116581694653724, 1.5682966933350222, 3.139153834843597, 4.734754643185884, 3.1332596918646503, 1.5717712483330226, 4.712830628460516, 4.7142715919348674, -0.015265701652253452, 0.0016216560016982789, 0.0006659336487044203, -0.0033565621802799667, 3.1391275081031123, 1.5713111268876911, 3.138212586196635, -0.0005547176810462478, 3.1436156993632993, -0.001710967649824619, -0.0009383271369517301, 3.139598886630816, -0.0027643849658234056, 1.5384405045482965, -0.0061971274902582, 4.730702550742807, 1.5936326818994433, 4.712770428299547, 1.570489706317267, 1.571219918540507, 3.137486765425852, -0.0060344572942614425, 4.712652181952122, 3.142542735860887, -0.0010748289629029357, 4.712718561096133]",0.0
597,1.5736611064070274,"[1.5749241573389408, 4.721085285813071, 1.5491875504143637, 4.731514528004139, 3.141493086600362, 4.750301294239474, 1.6116581713131288, 1.5682966942073342, 3.1391538336569798, 4.734754645972549, 3.133259694111762, 1.5717712501087302, 4.712830626310182, 4.71427159334897, -0.015265700136026876, 0.001621660815426411, 0.0006659305392986982, -0.0033565630411922986, 3.139127507703587, 1.5713111241970965, 3.138212586965503, -0.0005547199936735031, 3.143615698866431, -0.0017109649274872915, -0.0009383290639822838, 3.1395988903834113, -0.0027643764361286885, 1.538440506940129, -0.006197127127236459, 4.730702548547958, 1.5936326786595638, 4.712770426782909, 1.570489704114164, 1.571219917684185, 3.1374867671714632, -0.006034454995560763, 4.7126521807465585, 3.1425427365019183, -0.0010748259056379932, 4.71271855948654]",0.0
598,1.5618377842957007,"[1.5749241576424702, 4.721085285179191, 1.5491875545259821, 4.731514528006487, 3.1414930845465276, 4.750301294192361, 1.6116581713412998, 1.5682966943789485, 3.139153834012313, 4.734754645195894, 3.1332596918167956, 1.571771250286565, 4.712830625334324, 4.714271591889018, -0.015265700232650318, 0.0016216576602286746, 0.0006659328160634348, -0.0033565622249075873, 3.13912750646041, 1.5713111248779934, 3.1382125855105483, -0.0005547211948710225, 3.143615699351628, -0.0017109663941942985, -0.0009383278659043848, 3.139598889007394, -0.0027643772559741487, 1.5384405075711576, -0.006197125847704457, 4.730702549217121, 1.5936326782511148, 4.712770427528494, 1.570489705809507, 1.571219917802476, 3.1374867676447598, -0.006034454168164075, 4.7126521790704965, 3.142542737144277, -0.0010748255627134116, 4.712718560203495]",0.0
599,1.5771674185466893,"[1.574924155951645, 4.72108528846676, 1.5491875541482587, 4.731514526654872, 3.1414930844214175, 4.7503012956594155, 1.6116581722564245, 1.5682966946413346, 3.1391538345854624, 4.7347546433096745, 3.133259690682718, 1.571771251176917, 4.712830625753432, 4.714271594017283, -0.01526569864385883, 0.0016216577381513218, 0.0006659325344706673, -0.0033565617101367837, 3.1391275081098193, 1.571311122035669, 3.1382125866385624, -0.0005547206569714337, 3.1436156972134572, -0.001710967122923571, -0.0009383282538935893, 3.139598889840915, -0.0027643774476770245, 1.5384405072596652, -0.006197124190897262, 4.730702549032488, 1.5936326784322665, 4.7127704282536245, 1.5704897032821863, 1.5712199171868373, 3.1374867662312083, -0.006034452429092938, 4.71265217683052, 3.1425427355874835, -0.0010748251508795516, 4.712718558141399]",0.0
600,1.5597077764357141,"[1.574924156313783, 4.7210852848383515, 1.5491875531680173, 4.731514527353204, 3.141493085359068, 4.750301294968045, 1.611658172234784, 1.5682966943989776, 3.139153835688029, 4.7347546452067295, 3.1332596914794615, 1.571771250850939, 4.712830625060417, 4.714271593279038, -0.015265701216835258, 0.0016216577321376895, 0.0006659327943350698, -0.0033565630434261697, 3.1391275072078133, 1.5713111236710693, 3.138212585010035, -0.0005547208810212595, 3.143615698696755, -0.0017109669919907952, -0.0009383286739230224, 3.1395988878361583, -0.0027643775052096633, 1.5384405080377486, -0.006197125875561713, 4.7307025496186395, 1.593632678700266, 4.712770426156401, 1.5704897044205601, 1.571219916419021, 3.1374867660764147, -0.006034454639647214, 4.712652179320768, 3.14254273696756, -0.0010748255980500047, 4.712718559629893]",0.0
601,1.568996036009441,"[1.5749241583741145, 4.721085287582878, 1.5491875548800458, 4.731514526307361, 3.141493085348837, 4.750301296633338, 1.6116581710707865, 1.5682966946382613, 3.1391538342985945, 4.734754644715538, 3.1332596918678868, 1.5717712503881254, 4.712830623987102, 4.714271591111166, -0.015265699656197116, 0.001621658348708611, 0.000665930626305783, -0.0033565635258107655, 3.139127505167279, 1.5713111236064812, 3.138212584880026, -0.000554718941847223, 3.14361569694576, -0.001710964800449878, -0.000938329406198046, 3.1395988863589115, -0.002764376452357584, 1.5384405103309378, -0.006197126303428626, 4.730702549477975, 1.5936326796134679, 4.712770428561489, 1.5704897061625138, 1.5712199169874348, 3.137486764780662, -0.006034456295290153, 4.712652178888895, 3.1425427381353463, -0.0010748262065713346, 4.712718560206635]",0.0
602,1.5631861633078632,"[1.5749241566811638, 4.72108528628511, 1.5491875526273158, 4.731514526196399, 3.1414930846530003, 4.75030129440373, 1.6116581725339711, 1.568296695255538, 3.139153835666598, 4.734754644646691, 3.133259691223573, 1.5717712499209504, 4.712830624523006, 4.714271592788547, -0.015265700058928014, 0.0016216585155252915, 0.0006659311083655515, -0.0033565619693721005, 3.1391275072981717, 1.5713111239656816, 3.138212585698964, -0.0005547202366455344, 3.1436156993780053, -0.001710967192943062, -0.0009383272523075422, 3.1395988886286417, -0.0027643771966203213, 1.538440508525962, -0.006197126055898463, 4.7307025492283135, 1.593632678048089, 4.712770427806164, 1.5704897065322103, 1.57121991769812, 3.137486766272626, -0.006034454308486342, 4.712652179529777, 3.1425427375952073, -0.0010748257117380708, 4.712718559816094]",0.0
603,1.5610711796875918,"[1.5749241580104174, 4.721085286762272, 1.5491875539733306, 4.73151452627507, 3.141493082811367, 4.750301294498672, 1.611658173269392, 1.5682966937093417, 3.1391538359377176, 4.734754644094192, 3.133259692584359, 1.5717712512211162, 4.71283062398185, 4.714271592300942, -0.015265701350498307, 0.0016216569735247475, 0.0006659319329715819, -0.0033565603805352597, 3.139127506019178, 1.571311121745054, 3.138212584791707, -0.0005547180110978259, 3.1436156994881266, -0.0017109653483923927, -0.0009383302644757089, 3.139598889168394, -0.0027643771140961285, 1.5384405070349079, -0.006197124748374503, 4.730702550702439, 1.5936326781477232, 4.712770424927557, 1.5704897054812303, 1.571219918890549, 3.1374867685507635, -0.0060344558569779645, 4.71265218107951, 3.1425427360725844, -0.0010748251184359138, 4.712718559786525]",0.0
604,1.5761315097054653,"[1.5749241567282266, 4.721085285457838, 1.5491875539844884, 4.731514526148818, 3.1414930850441976, 4.750301294916355, 1.6116581716915588, 1.5682966947304935, 3.139153834814558, 4.7347546436994765, 3.133259691173073, 1.571771249222753, 4.712830624983195, 4.714271593337551, -0.01526570093641166, 0.0016216580711003765, 0.0006659318043591626, -0.0033565616885574867, 3.139127506865219, 1.571311124182479, 3.1382125861358072, -0.0005547208611211257, 3.1436156977795116, -0.0017109665959347043, -0.0009383294846097574, 3.139598887445774, -0.0027643762824892115, 1.538440507071363, -0.00619712614406047, 4.730702549108264, 1.5936326783848878, 4.712770427611978, 1.5704897047637545, 1.5712199183675257, 3.1374867676123435, -0.006034454905958983, 4.712652179714581, 3.142542737269742, -0.0010748264591556016, 4.712718559736053]",0.0
605,1.5617465063821476,"[1.5749241549309099, 4.721085284249226, 1.5491875549835608, 4.731514526839289, 3.1414930845620845, 4.750301294503784, 1.6116581710686804, 1.5682966943519292, 3.1391538345237913, 4.734754644886468, 3.133259692505311, 1.5717712505899244, 4.712830624238807, 4.714271593501895, -0.015265700290517036, 0.0016216572675594278, 0.0006659316116934322, -0.0033565627852522764, 3.139127506485727, 1.571311123458044, 3.1382125849010984, -0.0005547200566073506, 3.14361569694189, -0.0017109666083853755, -0.0009383284123389435, 3.1395988913200306, -0.0027643768060492077, 1.538440508004864, -0.006197127042453665, 4.730702550600883, 1.5936326760360018, 4.712770427195943, 1.570489705667497, 1.5712199200765113, 3.137486763435499, -0.006034455531055798, 4.712652179251546, 3.1425427352376962, -0.0010748267106402074, 4.712718561275266]",0.0
606,1.5697576675416731,"[1.574924155730692, 4.7210852853844205, 1.5491875545514628, 4.73151452727639, 3.141493084748884, 4.75030129491021, 1.6116581714798623, 1.5682966951815491, 3.139153834713263, 4.73475464479712, 3.133259692649191, 1.5717712496607004, 4.71283062496097, 4.71427159366851, -0.015265699287875124, 0.0016216586542615703, 0.0006659315211749978, -0.003356562370519907, 3.1391275062000754, 1.5713111229702887, 3.1382125848792675, -0.0005547198273801557, 3.1436156990631403, -0.0017109671611287155, -0.00093832882562053, 3.139598888547282, -0.0027643769695047185, 1.5384405064229723, -0.006197125630647612, 4.730702549987052, 1.593632679327156, 4.71277042678824, 1.5704897059542557, 1.571219917345672, 3.137486766805925, -0.006034453606302683, 4.712652179690332, 3.142542737804182, -0.0010748255966356967, 4.712718559903606]",0.0
607,1.5727094646163886,"[1.5749241591126515, 4.721085287673424, 1.5491875547075067, 4.731514527226414, 3.1414930851482405, 4.750301296465812, 1.6116581708088438, 1.568296694479406, 3.1391538341881815, 4.7347546451242275, 3.133259692218345, 1.5717712508452246, 4.712830624032608, 4.714271590906385, -0.01526569937070034, 0.0016216578175409163, 0.0006659310358867307, -0.0033565643633317213, 3.1391275052486898, 1.5713111237093091, 3.1382125846318982, -0.0005547182869521306, 3.143615697153425, -0.0017109650087229103, -0.0009383291514889404, 3.13959888718384, -0.002764376858159282, 1.5384405103126073, -0.006197125785378103, 4.730702549707396, 1.593632680049518, 4.712770428111768, 1.5704897055447515, 1.5712199165239036, 3.1374867647396125, -0.006034456444666431, 4.712652178588129, 3.142542737828118, -0.0010748257633134948, 4.71271855991839]",0.0
608,1.5571735255217327,"[1.5749241570858405, 4.721085286046728, 1.5491875535243929, 4.7315145272242605, 3.1414930844561098, 4.7503012944037515, 1.6116581718391156, 1.5682966947539574, 3.139153834745266, 4.734754644211741, 3.1332596918763604, 1.5717712502751384, 4.712830625085585, 4.714271592650361, -0.015265700370145383, 0.0016216572543645245, 0.0006659322802734769, -0.0033565634589633178, 3.139127507043332, 1.571311123923756, 3.138212585185655, -0.0005547192627764604, 3.143615699247462, -0.0017109677231192967, -0.0009383285387296445, 3.1395988889044353, -0.002764376166765902, 1.538440506770308, -0.006197125256981276, 4.730702547869531, 1.593632678634569, 4.712770427164264, 1.5704897044897266, 1.5712199186557945, 3.137486765705296, -0.006034455602571398, 4.712652179385493, 3.142542738256292, -0.00107482456312329, 4.712718560016685]",0.0
609,1.5574573147144237,"[1.5749241575732436, 4.721085285668196, 1.5491875536259794, 4.731514526708384, 3.1414930849036145, 4.750301294374744, 1.611658172008066, 1.5682966943975378, 3.139153834600671, 4.734754644985196, 3.1332596915854074, 1.5717712496350378, 4.712830624802765, 4.714271592949993, -0.015265699863662635, 0.0016216574541171856, 0.0006659316969730089, -0.0033565623838302406, 3.139127507052241, 1.5713111237109696, 3.138212585314712, -0.0005547199604917723, 3.143615698239674, -0.001710966619756, -0.0009383285091293984, 3.139598888857656, -0.00276437746907922, 1.5384405073864011, -0.006197125859034698, 4.730702550098304, 1.5936326788793833, 4.712770427430129, 1.5704897046291426, 1.5712199177812005, 3.13748676634433, -0.006034454683414639, 4.712652179550038, 3.14254273766486, -0.0010748252792586262, 4.712718559921431]",0.0
610,1.556288670327578,"[1.5749241574421737, 4.721085285590874, 1.5491875534137642, 4.731514527651312, 3.141493084859733, 4.75030129597697, 1.6116581727287906, 1.56829669547486, 3.1391538347527437, 4.73475464451713, 3.1332596916700366, 1.5717712499886896, 4.712830624837883, 4.714271592610773, -0.015265699023183272, 0.001621657317580242, 0.0006659317990257356, -0.0033565637111936377, 3.139127507923099, 1.5713111246765328, 3.138212585449515, -0.0005547202005034633, 3.1436156985325616, -0.0017109672164142729, -0.0009383294540305215, 3.1395988888605264, -0.0027643769874603247, 1.538440507228131, -0.006197124606229484, 4.730702550385144, 1.5936326779548595, 4.712770427451105, 1.5704897058054308, 1.571219917699995, 3.1374867668799853, -0.006034455212743052, 4.712652180296145, 3.142542736565034, -0.0010748258343780761, 4.712718559695525]",0.0
611,1.5631153303136875,"[1.5749241574844703, 4.721085286464298, 1.5491875536713773, 4.7315145275176445, 3.1414930845867377, 4.750301294653262, 1.611658171260961, 1.5682966946239605, 3.1391538347773933, 4.734754644541209, 3.1332596917728766, 1.5717712502580525, 4.712830624618002, 4.714271592944382, -0.015265700034439769, 0.0016216580634483997, 0.0006659320835905485, -0.003356562310178969, 3.1391275070599804, 1.5713111238150304, 3.1382125854555896, -0.0005547199077029243, 3.143615698305163, -0.0017109673808889064, -0.0009383283254646596, 3.1395988884127184, -0.002764377531430957, 1.5384405071936391, -0.006197125728209537, 4.730702549477335, 1.5936326785685402, 4.712770427048015, 1.5704897050356506, 1.5712199176004245, 3.137486766299523, -0.0060344549519200695, 4.712652179996096, 3.142542737097328, -0.0010748263927679164, 4.712718560129914]",0.0
612,1.5645304667043407,"[1.574924155736825, 4.721085286293302, 1.549187553298335, 4.7315145271436885, 3.1414930844454387, 4.750301294665094, 1.611658171310593, 1.5682966946094756, 3.139153835217334, 4.734754644156658, 3.1332596919177886, 1.5717712493112286, 4.712830625823215, 4.714271592678598, -0.015265700700085531, 0.001621656845632546, 0.0006659319798746107, -0.003356563175652136, 3.1391275067990554, 1.5713111249209895, 3.1382125857091046, -0.0005547187835949242, 3.1436156989069173, -0.0017109665985698432, -0.0009383282503408136, 3.13959888888629, -0.0027643785425493714, 1.5384405074512637, -0.006197126009023323, 4.730702550113981, 1.5936326798216962, 4.712770427542645, 1.5704897053506581, 1.5712199180157975, 3.1374867669354476, -0.006034455430321378, 4.712652179113534, 3.1425427365234713, -0.001074825931184815, 4.712718559309462]",0.0
613,1.5646943525307735,"[1.5749241575167467, 4.721085285430753, 1.5491875539171587, 4.731514526231362, 3.141493084639842, 4.75030129492151, 1.611658171347625, 1.5682966942502088, 3.1391538346239978, 4.734754644809573, 3.1332596916924986, 1.5717712505211447, 4.712830625125353, 4.714271593174516, -0.015265699988536437, 0.0016216578508634403, 0.0006659317663679589, -0.003356562834021621, 3.1391275072271076, 1.571311123924416, 3.138212585279928, -0.0005547195343777575, 3.143615698863399, -0.001710967040727196, -0.0009383281782308982, 3.139598888494694, -0.0027643767920372785, 1.5384405074198944, -0.006197125735195729, 4.730702549517003, 1.593632678976317, 4.712770427311707, 1.5704897053080278, 1.5712199177711976, 3.1374867666218216, -0.006034454822026035, 4.712652179557196, 3.142542736538502, -0.0010748258873359217, 4.712718559392948]",0.0
614,1.566396031061208,"[1.5749241575059871, 4.721085285783025, 1.5491875544323064, 4.731514527769231, 3.141493084502363, 4.75030129527363, 1.6116581720189402, 1.5682966950575998, 3.139153835439428, 4.734754644872185, 3.1332596918620252, 1.5717712495302956, 4.712830624809531, 4.714271594575309, -0.01526569935209416, 0.0016216574646137046, 0.0006659310429750567, -0.0033565625254679664, 3.13912750572552, 1.5713111245038391, 3.138212585919842, -0.0005547198439016862, 3.1436156986535155, -0.0017109670151781047, -0.0009383274811327839, 3.1395988886330293, -0.0027643772349735364, 1.5384405084002242, -0.006197125902357802, 4.730702549015464, 1.5936326782756007, 4.712770426647955, 1.5704897041263648, 1.5712199176645463, 3.1374867671620685, -0.006034455548961027, 4.712652179793111, 3.1425427364946668, -0.001074824815409059, 4.71271855980982]",0.0
615,1.5591055538887173,"[1.574924157064986, 4.721085285907501, 1.5491875536217459, 4.731514527138035, 3.1414930848349982, 4.750301294616956, 1.6116581715749208, 1.568296694604912, 3.139153835009881, 4.734754644555146, 3.1332596916643993, 1.571771249792364, 4.7128306245941, 4.7142715924698235, -0.015265699525856633, 0.001621657614326667, 0.000665931978807667, -0.003356562740776537, 3.139127506840065, 1.5713111234461612, 3.1382125860884824, -0.0005547198492325127, 3.1436156990878774, -0.0017109671127051775, -0.0009383285637571824, 3.1395988885507142, -0.002764376562595346, 1.5384405073999274, -0.006197126393800603, 4.730702549980642, 1.5936326786110575, 4.712770427038113, 1.5704897049375113, 1.5712199174401256, 3.1374867667261177, -0.006034455246217508, 4.712652178956679, 3.142542736784413, -0.001074825732361979, 4.712718559949765]",0.0
616,1.5696269101698774,"[1.5749241584298688, 4.72108528588177, 1.5491875539240494, 4.731514527727403, 3.1414930844597575, 4.750301295318737, 1.6116581717665603, 1.5682966949647248, 3.1391538353199735, 4.734754644156437, 3.133259692265108, 1.5717712494755676, 4.712830625438075, 4.714271593283289, -0.015265701099328836, 0.0016216585073820747, 0.0006659317925866511, -0.0033565619425179986, 3.1391275076962333, 1.5713111244096944, 3.1382125853212806, -0.0005547199882627096, 3.1436156981913705, -0.0017109677595453284, -0.000938328766890795, 3.1395988893968054, -0.002764376458336846, 1.5384405079059702, -0.0061971261413339895, 4.7307025504928255, 1.5936326794518385, 4.712770426334142, 1.5704897057634324, 1.5712199180775752, 3.137486766192951, -0.006034454951084163, 4.7126521780712105, 3.142542737258396, -0.0010748252143615317, 4.712718559654252]",0.0
617,1.5619661593827605,"[1.5749241571910684, 4.721085285849224, 1.5491875533711177, 4.731514526610179, 3.141493083853293, 4.750301295274332, 1.6116581714943514, 1.5682966948745864, 3.1391538348773205, 4.734754644869139, 3.133259691697226, 1.5717712501271812, 4.712830624580869, 4.714271593087943, -0.015265700322694815, 0.0016216577640452532, 0.0006659319626907688, -0.0033565628034615863, 3.1391275063788617, 1.5713111240395596, 3.1382125860375085, -0.0005547203656521902, 3.1436156984923413, -0.0017109667250146928, -0.0009383284944292524, 3.13959888931985, -0.0027643769329464053, 1.5384405072336345, -0.0061971255673575, 4.7307025496388695, 1.5936326790904574, 4.7127704271525985, 1.5704897051378126, 1.5712199173320276, 3.137486766469175, -0.006034455062717245, 4.712652179434781, 3.142542737328789, -0.0010748258303052514, 4.71271855992041]",0.0
618,1.5687605497897084,"[1.5749241570686827, 4.7210852856640555, 1.5491875543778126, 4.731514527316694, 3.14149308454158, 4.7503012946693755, 1.6116581710248967, 1.568296696117443, 3.1391538359387274, 4.734754645422632, 3.1332596914094326, 1.5717712506378057, 4.712830624383048, 4.714271592383994, -0.015265700400210143, 0.0016216577904999633, 0.0006659317582370927, -0.0033565625119779258, 3.139127507620834, 1.571311124875864, 3.1382125860900407, -0.0005547184655801461, 3.1436156986063706, -0.0017109660500145064, -0.0009383284006306136, 3.1395988887578263, -0.0027643764202752875, 1.5384405073570868, -0.006197125743466754, 4.730702550098753, 1.5936326782534092, 4.712770427016374, 1.5704897040120998, 1.571219917811449, 3.1374867665388573, -0.006034453685202741, 4.712652179542655, 3.142542737645391, -0.0010748259604177878, 4.712718559527772]",0.0
619,1.563694725169409,"[1.5749241567865093, 4.721085286058224, 1.5491875536221476, 4.731514527281904, 3.1414930844758717, 4.750301294983993, 1.6116581711613, 1.5682966948021024, 3.1391538341256466, 4.734754644518081, 3.1332596917272735, 1.5717712495661922, 4.712830624296241, 4.71427159299493, -0.015265700412722084, 0.0016216573429622036, 0.0006659315440645412, -0.003356562440524782, 3.1391275075219687, 1.5713111238557793, 3.138212585075228, -0.0005547199477137409, 3.143615698774184, -0.0017109666188494233, -0.0009383283713756099, 3.139598888844177, -0.0027643766710852306, 1.538440507963112, -0.0061971257024906615, 4.730702549500589, 1.5936326787161468, 4.712770426890694, 1.570489705007645, 1.5712199173724728, 3.137486766711963, -0.006034454814741307, 4.712652179594504, 3.1425427370182764, -0.0010748255709440773, 4.712718559612075]",0.0
620,1.570129052282262,"[1.5749241575797066, 4.7210852862821495, 1.5491875539163753, 4.731514526512368, 3.1414930855155063, 4.75030129439091, 1.6116581722286492, 1.5682966950122963, 3.139153835633143, 4.734754644141423, 3.133259692230295, 1.5717712486704825, 4.712830623973127, 4.714271592409242, -0.015265700203834463, 0.0016216582578710856, 0.0006659330066262836, -0.003356563717949169, 3.139127506483478, 1.5713111238749427, 3.1382125846091413, -0.0005547201899878698, 3.14361569818025, -0.0017109663208458965, -0.0009383272618946474, 3.1395988893331412, -0.002764376497517317, 1.538440507289851, -0.006197125257427277, 4.730702549452705, 1.5936326791586215, 4.71277042666931, 1.5704897047811912, 1.571219917971775, 3.13748676672182, -0.006034454406917706, 4.712652179706634, 3.14254273633732, -0.0010748262078185545, 4.712718559484388]",0.0
621,1.561077820564603,"[1.5749241569942443, 4.721085285723142, 1.549187553383807, 4.731514527034811, 3.141493084915681, 4.750301294627874, 1.61165817170158, 1.5682966944017553, 3.139153834438311, 4.734754644672341, 3.133259691891185, 1.5717712497748044, 4.712830624498105, 4.714271593052871, -0.015265700195307156, 0.001621657967916508, 0.0006659323195529832, -0.0033565623531043387, 3.13912750654963, 1.571311124384107, 3.1382125860434344, -0.0005547191941985473, 3.1436156981958474, -0.0017109669478189379, -0.0009383283733099024, 3.139598888406412, -0.0027643767861673897, 1.5384405075935972, -0.0061971250449084905, 4.730702549783021, 1.593632678467359, 4.712770426971126, 1.570489705403491, 1.5712199174947672, 3.1374867663847184, -0.00603445469840983, 4.7126521792698295, 3.142542736896647, -0.0010748253156135903, 4.7127185598073575]",0.0
622,1.5722717407777893,"[1.5749241571354213, 4.721085285525194, 1.5491875538903002, 4.731514526999037, 3.1414930849456906, 4.750301294532316, 1.6116581715381224, 1.568296694399074, 3.1391538346660983, 4.734754643215176, 3.133259691908161, 1.5717712510059216, 4.712830624523041, 4.714271593172413, -0.015265700304020007, 0.0016216576345826007, 0.000665931744286834, -0.003356564128581088, 3.139127507353546, 1.571311123388535, 3.138212586503242, -0.0005547195615904805, 3.143615697660557, -0.0017109670861633526, -0.0009383279560020723, 3.1395988891715776, -0.0027643773187433955, 1.5384405084289516, -0.006197126006101009, 4.7307025498955335, 1.5936326788487027, 4.712770426599272, 1.5704897054272156, 1.571219917838325, 3.1374867679192207, -0.00603445426501966, 4.712652179772153, 3.1425427380472204, -0.0010748254254304428, 4.712718560660667]",0.0
623,1.5633616131282226,"[1.5749241573481032, 4.721085285659634, 1.5491875534000035, 4.73151452697449, 3.1414930845763713, 4.750301294725518, 1.6116581715245883, 1.568296694939429, 3.139153835002746, 4.734754644590283, 3.133259691509558, 1.5717712497978467, 4.712830624963292, 4.714271592505964, -0.015265700159442683, 0.0016216576881689809, 0.0006659312308593577, -0.003356562772264868, 3.1391275067049076, 1.5713111239289979, 3.1382125853627625, -0.0005547197246130971, 3.1436156983460974, -0.0017109669933144897, -0.0009383288241858822, 3.139598888680752, -0.0027643771799104903, 1.5384405075529028, -0.006197125552345381, 4.730702549107042, 1.5936326789335984, 4.712770426843345, 1.5704897050267397, 1.5712199176842154, 3.1374867666221395, -0.006034454180676163, 4.7126521792066605, 3.1425427363823353, -0.0010748255970652275, 4.712718560643584]",0.0
624,1.5680315421204225,"[1.5749241573232995, 4.721085286214286, 1.549187553689625, 4.731514527106076, 3.141493084533279, 4.750301293106959, 1.611658170242599, 1.5682966955270286, 3.1391538354916753, 4.7347546448132505, 3.133259691339065, 1.5717712501823071, 4.712830624701934, 4.714271593093236, -0.015265700146271053, 0.0016216579949316617, 0.0006659319245703812, -0.0033565632658509735, 3.1391275066963766, 1.5713111236693709, 3.138212585510559, -0.0005547206184226372, 3.1436156978422543, -0.0017109669472367625, -0.0009383293038270974, 3.1395988886213897, -0.0027643770998521363, 1.5384405076165584, -0.006197125714685182, 4.730702549845608, 1.5936326785870185, 4.712770427373234, 1.5704897058823302, 1.5712199177127661, 3.137486766605632, -0.006034455158766375, 4.712652180036832, 3.1425427364490113, -0.001074824077513534, 4.7127185586117655]",0.0
625,1.5598549358421394,"[1.5749241570320975, 4.721085286358993, 1.5491875537472397, 4.731514526708102, 3.141493085148927, 4.750301294254662, 1.6116581715855027, 1.5682966952833157, 3.139153834639639, 4.734754645143664, 3.133259691927102, 1.5717712502696057, 4.712830625062126, 4.714271593252715, -0.015265700208458593, 0.001621657623698144, 0.0006659317694619617, -0.003356562708267928, 3.139127506837557, 1.5713111239415225, 3.1382125854501632, -0.0005547200607870879, 3.1436156986932713, -0.001710967026120725, -0.000938328541978802, 3.139598888721839, -0.0027643768153338298, 1.5384405079195291, -0.006197125075493992, 4.73070254992958, 1.5936326788620612, 4.712770426929797, 1.5704897049741315, 1.5712199179709803, 3.1374867669411466, -0.006034455180699606, 4.712652179050681, 3.142542737152766, -0.0010748261051829282, 4.712718560201244]",0.0
626,1.5620798634464965,"[1.5749241574188264, 4.721085285493022, 1.5491875527529777, 4.731514526903094, 3.1414930854547007, 4.750301295362818, 1.6116581716466203, 1.56829669583371, 3.13915383456917, 4.734754644937711, 3.133259693102333, 1.571771250740083, 4.712830624215116, 4.71427159226318, -0.015265700342407998, 0.001621656378729761, 0.0006659317055332732, -0.0033565620375216303, 3.1391275061117914, 1.5713111236577924, 3.1382125852842493, -0.0005547198227606699, 3.143615697647452, -0.0017109679427259996, -0.000938328061953289, 3.139598888694275, -0.0027643772362616627, 1.5384405071817882, -0.00619712640875764, 4.730702549333112, 1.5936326785857784, 4.712770427307036, 1.5704897051515705, 1.5712199179759507, 3.1374867671666045, -0.006034454561216761, 4.7126521791181855, 3.1425427370838537, -0.0010748257016181006, 4.7127185586476985]",0.0
627,1.5688466736763325,"[1.5749241567874095, 4.721085285920954, 1.549187553150735, 4.7315145275752615, 3.1414930840687365, 4.750301295246995, 1.6116581715509362, 1.5682966943448655, 3.13915383439348, 4.734754645012045, 3.133259690807281, 1.5717712498797252, 4.712830625250233, 4.714271592100507, -0.015265700871639644, 0.0016216589470079926, 0.0006659311672672131, -0.0033565633804286095, 3.139127505929753, 1.5713111234475836, 3.138212584766843, -0.0005547197518808979, 3.143615698266701, -0.0017109677429456031, -0.0009383277422082691, 3.139598888556555, -0.0027643767395861716, 1.5384405075330134, -0.006197125362120605, 4.7307025508201725, 1.5936326779108794, 4.712770427393396, 1.5704897042022838, 1.5712199183576554, 3.1374867673371103, -0.0060344548583800995, 4.712652179344691, 3.142542737262525, -0.001074825577547818, 4.7127185592518614]",0.0
628,1.5553940873254581,"[1.5749241574487278, 4.7210852856842935, 1.549187553427158, 4.731514526816167, 3.1414930839791206, 4.75030129442454, 1.6116581715130984, 1.5682966949667783, 3.1391538347797567, 4.734754644322706, 3.133259692356557, 1.571771249637627, 4.7128306254550045, 4.714271592927722, -0.015265699819104863, 0.0016216575828428244, 0.0006659319803391636, -0.003356562931087661, 3.1391275067570876, 1.5713111238099657, 3.1382125854765763, -0.0005547198299489786, 3.14361569849212, -0.0017109667362065215, -0.000938328561516813, 3.1395988884376846, -0.002764377080678774, 1.5384405079381, -0.006197125651897211, 4.730702549641032, 1.5936326780345151, 4.712770426739021, 1.5704897049581332, 1.5712199175590156, 3.1374867664475885, -0.006034454578413666, 4.712652179265295, 3.1425427373734367, -0.001074826135746629, 4.712718559375761]",0.0
629,1.56065505965474,"[1.5749241571672896, 4.721085286048191, 1.5491875536717918, 4.73151452710966, 3.141493084670971, 4.750301294795817, 1.6116581717219574, 1.568296694618964, 3.139153834924569, 4.734754645096519, 3.133259692005003, 1.571771249833142, 4.712830624830516, 4.7142715930138746, -0.015265700268789168, 0.0016216579024725963, 0.0006659318452071621, -0.0033565629081147054, 3.139127507031354, 1.5713111237930564, 3.138212585579304, -0.0005547196861022943, 3.1436156983179724, -0.0017109668192796994, -0.0009383286175539804, 3.1395988888303274, -0.0027643770404201027, 1.5384405075277305, -0.006197125881329026, 4.730702549340787, 1.593632678492778, 4.71277042719504, 1.5704897052003013, 1.5712199176762331, 3.137486766885457, -0.00603445480611203, 4.712652179303308, 3.1425427370813894, -0.0010748257423271535, 4.712718559701967]",0.0
630,1.5705864194087715,"[1.5749241572103625, 4.721085285661142, 1.5491875529023662, 4.73151452749147, 3.1414930851996274, 4.750301294529534, 1.6116581716377416, 1.5682966946779797, 3.139153834701774, 4.734754644310085, 3.1332596922621594, 1.5717712504092702, 4.712830625069926, 4.714271592912516, -0.015265699931030411, 0.0016216584676112954, 0.0006659314638851399, -0.003356562531936521, 3.13912750674372, 1.571311124027241, 3.1382125856468006, -0.000554719864364517, 3.143615698746952, -0.0017109662722692943, -0.0009383287508029282, 3.1395988893004105, -0.002764376883548444, 1.5384405076638223, -0.006197125750331334, 4.730702549443941, 1.5936326788583486, 4.712770427240183, 1.5704897046783879, 1.571219917749851, 3.137486766582782, -0.0060344549613477495, 4.712652179633627, 3.142542736976317, -0.0010748258479562453, 4.712718559442511]",0.0
631,1.5551316710285006,"[1.574924157096017, 4.72108528585318, 1.5491875537668653, 4.731514527041797, 3.141493084665814, 4.750301294682333, 1.6116581715399714, 1.5682966945692676, 3.139153835191418, 4.734754644549218, 3.1332596922110554, 1.5717712499866703, 4.712830624941384, 4.714271592767152, -0.015265700225022464, 0.001621657711485007, 0.0006659317316705137, -0.003356562576709932, 3.139127506872749, 1.5713111239412103, 3.1382125854648817, -0.0005547198732329927, 3.1436156984157453, -0.0017109670720410024, -0.0009383284744619594, 3.139598888856288, -0.0027643767861238173, 1.5384405077204144, -0.0061971255166576224, 4.730702549682007, 1.5936326786622093, 4.712770427529388, 1.5704897049348567, 1.5712199173988999, 3.1374867667177777, -0.006034454818920911, 4.712652179575681, 3.1425427370586543, -0.0010748256709901148, 4.7127185598484544]",0.0
632,1.5765801456894608,"[1.574924157197413, 4.72108528545946, 1.5491875541541216, 4.731514527210281, 3.1414930849345146, 4.750301294515038, 1.6116581715988043, 1.5682966943556853, 3.139153835117194, 4.73475464468798, 3.1332596915119892, 1.5717712497587226, 4.712830624481968, 4.71427159258403, -0.015265700149997993, 0.0016216575975132068, 0.0006659313302540245, -0.003356562644418629, 3.139127506717203, 1.5713111237758781, 3.1382125858655914, -0.0005547198826641363, 3.143615698607545, -0.001710967277722201, -0.0009383287331180013, 3.139598889149288, -0.002764377324737988, 1.5384405078009928, -0.00619712507489788, 4.730702549289997, 1.5936326787461574, 4.712770426838017, 1.5704897052040834, 1.5712199176907542, 3.1374867665199764, -0.006034454929009369, 4.712652179250267, 3.142542737387567, -0.0010748262720200255, 4.712718559003036]",0.0
633,1.5543328226533895,"[1.5749241573444495, 4.721085285730655, 1.5491875536216402, 4.7315145272115515, 3.1414930847269806, 4.750301294877916, 1.6116581715046816, 1.5682966948510382, 3.1391538349112236, 4.7347546446183095, 3.133259691940324, 1.5717712498717877, 4.712830624654947, 4.714271593069758, -0.015265700342593178, 0.0016216577806365017, 0.0006659319902473621, -0.003356562768018155, 3.1391275067852544, 1.5713111236056978, 3.138212585697626, -0.0005547198131674947, 3.14361569881533, -0.0017109669045809381, -0.0009383286150302458, 3.139598888690024, -0.002764377137726948, 1.5384405078306993, -0.006197125564543461, 4.730702549653081, 1.5936326787470174, 4.712770427484504, 1.5704897050041653, 1.5712199179913746, 3.137486766567538, -0.006034454621416111, 4.712652179451939, 3.142542737004289, -0.0010748257540262407, 4.712718559721254]",0.0
634,1.5644357218817257,"[1.5749241574121933, 4.721085285989006, 1.5491875537086703, 4.731514526839312, 3.14149308489059, 4.750301294601109, 1.6116581716605227, 1.5682966948425023, 3.1391538347893877, 4.73475464421705, 3.133259691459902, 1.5717712500814964, 4.7128306245178395, 4.714271593353536, -0.015265700277870211, 0.0016216577728391164, 0.0006659320924371968, -0.003356562790595114, 3.1391275063633337, 1.5713111242961453, 3.138212584883824, -0.0005547194213141775, 3.14361569887684, -0.0017109672219105907, -0.0009383290918017433, 3.139598889274635, -0.0027643771577954236, 1.5384405076641878, -0.006197126031529002, 4.730702549665331, 1.5936326782213468, 4.712770427508394, 1.570489705000196, 1.5712199171343377, 3.137486766849689, -0.006034454644036073, 4.712652179179804, 3.1425427371942654, -0.0010748258805751089, 4.712718559742669]",0.0
635,1.5645160646080007,"[1.5749241571743042, 4.721085285786274, 1.5491875539183455, 4.731514526954402, 3.141493084583197, 4.750301294708056, 1.6116581719264944, 1.5682966950358768, 3.1391538347438064, 4.734754644541424, 3.1332596917993984, 1.571771250076451, 4.712830624912035, 4.714271592669244, -0.015265700303528666, 0.0016216579416926656, 0.0006659319713427983, -0.0033565624522279144, 3.13912750679986, 1.5713111236394608, 3.138212585540408, -0.0005547196030125278, 3.1436156985244765, -0.0017109668569250149, -0.0009383285906970087, 3.139598888925402, -0.002764377148220861, 1.5384405077318126, -0.006197125687135835, 4.7307025495524675, 1.5936326786890298, 4.712770427057888, 1.5704897050526203, 1.5712199175969814, 3.1374867667486104, -0.006034455030502446, 4.712652179615007, 3.1425427369497028, -0.0010748256405050593, 4.712718559664941]",0.0
636,1.5671457987903779,"[1.5749241572609236, 4.721085286041737, 1.5491875534603976, 4.731514527265747, 3.1414930841506776, 4.750301294636283, 1.6116581719575644, 1.5682966942210417, 3.139153835524116, 4.734754644424754, 3.1332596919126896, 1.5717712505401105, 4.7128306243544404, 4.714271593029076, -0.015265700105853501, 0.001621657366941204, 0.0006659318448728068, -0.0033565622903897036, 3.139127506648858, 1.5713111236808093, 3.1382125849886693, -0.000554719700792258, 3.1436156986436443, -0.0017109663151214137, -0.0009383287334114489, 3.139598888558049, -0.002764376904268615, 1.538440507488896, -0.006197125395261682, 4.73070254982933, 1.5936326785962218, 4.712770426939757, 1.5704897053346933, 1.5712199181790505, 3.137486767052034, -0.006034454867977485, 4.712652179232428, 3.142542737040502, -0.0010748256966374053, 4.712718559723335]",0.0
637,1.5617457053394594,"[1.5749241573137411, 4.721085285696964, 1.5491875535974637, 4.731514527161478, 3.1414930849554357, 4.750301294870991, 1.6116581713655407, 1.5682966948759491, 3.1391538350638513, 4.734754644482588, 3.133259691646981, 1.5717712499500627, 4.712830625005145, 4.7142715930086, -0.015265700222009057, 0.0016216576958090984, 0.0006659318066678321, -0.00335656261087975, 3.1391275068189457, 1.5713111236366883, 3.1382125854209293, -0.0005547197059372352, 3.1436156984622885, -0.0017109666226406666, -0.0009383282927297619, 3.1395988888664332, -0.0027643770357236013, 1.5384405073962748, -0.006197125495021239, 4.730702549569995, 1.5936326784617496, 4.7127704272175945, 1.5704897052531825, 1.5712199175343156, 3.1374867667146416, -0.006034455019743585, 4.712652179260301, 3.1425427371844235, -0.0010748257489282677, 4.71271855978249]",0.0
638,1.5652555030322128,"[1.5749241570005823, 4.721085285379475, 1.5491875533053816, 4.731514527509326, 3.1414930844147997, 4.750301294555731, 1.61165817161002, 1.5682966948944204, 3.1391538350109607, 4.734754644865571, 3.1332596913247888, 1.5717712498913479, 4.712830624934253, 4.7142715931075685, -0.015265699558621037, 0.001621657681698994, 0.0006659324256934113, -0.003356562516162524, 3.139127506851792, 1.5713111237970678, 3.1382125852027754, -0.0005547195553597169, 3.1436156979765624, -0.0017109671198370562, -0.0009383285043962571, 3.1395988889508883, -0.002764376551170838, 1.5384405081617347, -0.006197125774865013, 4.730702549364327, 1.5936326792460476, 4.712770427513488, 1.5704897051411857, 1.571219917782979, 3.1374867668541606, -0.006034454857157369, 4.71265217944025, 3.1425427372237, -0.0010748261362945404, 4.712718559730775]",0.0
639,1.5514276386582118,"[1.5749241573671051, 4.721085285762528, 1.5491875535240824, 4.731514527067793, 3.1414930845760183, 4.750301294669529, 1.6116581716031209, 1.5682966948758117, 3.1391538349512507, 4.734754644546463, 3.133259691891778, 1.5717712499531034, 4.712830624591964, 4.714271592876848, -0.015265700037718247, 0.001621658036503966, 0.0006659318411623261, -0.0033565626777633025, 3.139127507010996, 1.5713111239617692, 3.1382125854469645, -0.0005547197690389493, 3.1436156986140382, -0.0017109669353208782, -0.0009383285001432833, 3.139598888523954, -0.0027643772163311125, 1.5384405075477914, -0.006197125447258302, 4.730702549471311, 1.593632678927423, 4.7127704272618285, 1.5704897049081032, 1.5712199174486159, 3.1374867670927054, -0.006034454925146215, 4.712652179164526, 3.1425427372459405, -0.0010748256427318627, 4.712718559596255]",0.0
640,1.5651559430129944,"[1.5749241566715988, 4.721085285170689, 1.5491875539494333, 4.7315145269706, 3.141493084440089, 4.750301294610647, 1.611658171475218, 1.5682966949148514, 3.1391538348455983, 4.7347546444861415, 3.133259692189299, 1.5717712501504366, 4.712830624201082, 4.714271592975716, -0.015265699965619807, 0.0016216581287911936, 0.0006659317729858472, -0.0033565627969511253, 3.1391275070785793, 1.5713111240354196, 3.138212585182888, -0.0005547199726825461, 3.143615698137419, -0.0017109668239820971, -0.0009383284117343855, 3.139598888926254, -0.0027643773821602715, 1.5384405076530976, -0.0061971257656980765, 4.730702549634563, 1.5936326782529044, 4.71277042750309, 1.5704897049468842, 1.571219918082539, 3.1374867662489043, -0.006034455299223706, 4.712652178756436, 3.1425427368288856, -0.0010748258258273752, 4.712718560035819]",0.0
641,1.5651784343411257,"[1.5749241570183325, 4.7210852860145796, 1.5491875536723339, 4.731514527112085, 3.141493084604631, 4.750301294686844, 1.6116581717270555, 1.5682966947524564, 3.139153834884028, 4.734754644433659, 3.133259691692455, 1.5717712501334347, 4.712830624908038, 4.7142715931135, -0.015265700002634445, 0.0016216577428974064, 0.0006659319531782656, -0.003356562534875742, 3.1391275070351115, 1.5713111237577726, 3.138212585639558, -0.0005547199474096224, 3.143615698424181, -0.0017109669925520145, -0.0009383284242681091, 3.1395988890533495, -0.0027643770751164067, 1.5384405074483214, -0.006197125493852599, 4.730702549529996, 1.593632678592993, 4.71277042725417, 1.5704897048398263, 1.571219917717859, 3.1374867667383217, -0.006034454505111094, 4.712652179109549, 3.1425427368575556, -0.0010748256833007415, 4.712718559498077]",0.0
642,1.5643972300131042,"[1.5749241572214072, 4.721085286474251, 1.5491875541385083, 4.731514527234067, 3.1414930848604348, 4.7503012952060155, 1.6116581717663556, 1.5682966948085, 3.139153834715723, 4.734754644396007, 3.133259691727733, 1.5717712503566421, 4.712830624849859, 4.714271592602843, -0.01526569983798604, 0.0016216578166871644, 0.0006659317063251267, -0.0033565630084232342, 3.1391275064720237, 1.571311123990438, 3.1382125853705336, -0.0005547199259673307, 3.1436156981671344, -0.0017109664327075427, -0.0009383285769323491, 3.139598888150313, -0.002764376936419495, 1.538440508049282, -0.006197125742842755, 4.730702549455657, 1.5936326790536015, 4.712770427612151, 1.570489705169777, 1.5712199174719856, 3.1374867661650585, -0.006034454712191654, 4.712652178920715, 3.142542737340913, -0.0010748256605858982, 4.712718559497119]",0.0
643,1.5581805870128942,"[1.5749241571047163, 4.7210852859646435, 1.549187553648368, 4.731514526816277, 3.141493084883887, 4.750301295042816, 1.6116581713545814, 1.5682966946537629, 3.139153835104621, 4.7347546445854425, 3.133259691844239, 1.5717712499197956, 4.712830624751766, 4.714271592730803, -0.015265699869547797, 0.0016216579424972954, 0.000665932118500524, -0.003356562614852355, 3.139127506802914, 1.5713111239829376, 3.138212585332109, -0.0005547198797830866, 3.1436156984894064, -0.0017109668650525335, -0.0009383285669490963, 3.1395988889396143, -0.002764377122627736, 1.53844050780614, -0.006197125641475855, 4.730702549537309, 1.593632678645835, 4.712770426944788, 1.570489704982768, 1.571219917916858, 3.1374867667568593, -0.0060344547884882424, 4.712652179434766, 3.1425427371594354, -0.0010748256229428227, 4.7127185596758165]",0.0
644,1.5613593979647682,"[1.5749241574325696, 4.721085285931436, 1.5491875537932354, 4.731514527008308, 3.1414930849662523, 4.750301294332721, 1.6116581720929521, 1.5682966949542836, 3.1391538351382855, 4.7347546443204775, 3.1332596919965954, 1.5717712494277827, 4.712830624311499, 4.714271592817525, -0.015265700311328434, 0.0016216578998684151, 0.0006659321750977818, -0.00335656329773438, 3.139127506647063, 1.571311124017075, 3.138212585089868, -0.000554720044315691, 3.143615698391578, -0.0017109666247987286, -0.000938327796879168, 3.139598888890201, -0.0027643766286266024, 1.5384405072640526, -0.006197125658558575, 4.7307025496281145, 1.593632679038071, 4.712770427000429, 1.5704897050010524, 1.5712199177498813, 3.137486766596438, -0.006034454635566995, 4.712652179594715, 3.1425427367418193, -0.001074826098496872, 4.712718559539544]",0.0
645,1.5654771137471108,"[1.5749241572134745, 4.721085285894698, 1.5491875536511168, 4.731514527122241, 3.1414930846398725, 4.75030129430667, 1.6116581712822144, 1.5682966949434078, 3.139153835033852, 4.734754644626876, 3.133259691692276, 1.5717712500862822, 4.71283062473012, 4.714271592974495, -0.015265700127506224, 0.0016216578287897544, 0.0006659318043537952, -0.003356562838838911, 3.1391275067682822, 1.5713111239178894, 3.13821258548055, -0.0005547200190722214, 3.143615698336109, -0.0017109669072765017, -0.0009383287142393368, 3.139598888708138, -0.002764377017257016, 1.5384405076043384, -0.0061971257348644535, 4.730702549672693, 1.5936326786893276, 4.71277042720274, 1.5704897052883948, 1.5712199177149528, 3.1374867666369335, -0.006034454894342536, 4.71265217955056, 3.142542736951036, -0.001074825344353985, 4.7127185594170315]",0.0
646,1.5565652562373133,"[1.5749241571424264, 4.721085285847404, 1.549187553562062, 4.731514527139673, 3.1414930846411626, 4.7503012947617105, 1.6116581716660254, 1.5682966946231724, 3.1391538347793375, 4.73475464456088, 3.133259691751506, 1.5717712499664633, 4.71283062483575, 4.714271592882428, -0.015265700182900847, 0.001621657911524908, 0.000665931755797429, -0.0033565627726823183, 3.139127506665822, 1.5713111237971804, 3.1382125853465848, -0.0005547198981234713, 3.143615698450185, -0.0017109670144345528, -0.0009383284566909906, 3.1395988887691373, -0.0027643770209655953, 1.5384405076458672, -0.006197125628604578, 4.730702549668522, 1.5936326786483417, 4.712770427209855, 1.5704897050659739, 1.571219917757063, 3.1374867667558757, -0.006034454905241976, 4.7126521793416005, 3.142542737061687, -0.0010748257263461577, 4.7127185596497805]",0.0
647,1.5775013201402395,"[1.5749241571078285, 4.721085285765339, 1.5491875537330764, 4.731514527225905, 3.1414930845658966, 4.750301294794473, 1.6116581715293172, 1.568296694959427, 3.139153835036437, 4.734754644796735, 3.1332596916011646, 1.5717712501699033, 4.712830624748683, 4.714271592727073, -0.015265700265069591, 0.0016216579298534892, 0.0006659316758224735, -0.0033565627438478145, 3.139127506843203, 1.5713111241401452, 3.1382125855108773, -0.0005547195412216044, 3.1436156985236723, -0.0017109668453415415, -0.0009383283740786694, 3.139598888703601, -0.0027643768407677708, 1.5384405075183192, -0.006197125728972597, 4.730702549890162, 1.5936326785369552, 4.712770427150733, 1.5704897047418862, 1.5712199178361834, 3.13748676670715, -0.006034454595558038, 4.712652179415632, 3.1425427372854617, -0.0010748258285280515, 4.712718559608233]",0.0
648,1.5566441567217868,"[1.5749241571747072, 4.721085285856499, 1.5491875536399426, 4.7315145271809085, 3.141493084645542, 4.750301294666812, 1.6116581716564016, 1.568296694767805, 3.1391538349048522, 4.734754644607065, 3.1332596918676106, 1.5717712501065306, 4.712830624791597, 4.7142715928743595, -0.01526570010118234, 0.0016216577371136643, 0.0006659318723274202, -0.0033565628209248446, 3.139127506833381, 1.5713111238977668, 3.138212585391244, -0.0005547197071088393, 3.1436156986258927, -0.0017109669820825355, -0.0009383284517881265, 3.139598888873635, -0.0027643769724473998, 1.5384405075660128, -0.006197125610953182, 4.730702549439791, 1.5936326787064885, 4.712770427149139, 1.5704897050522308, 1.5712199177507558, 3.1374867665236312, -0.006034454875962217, 4.71265217934561, 3.1425427372121897, -0.0010748255890410993, 4.7127185597149]",0.0
649,1.5575092258746357,"[1.5749241570412897, 4.721085285734366, 1.5491875537181348, 4.731514526961695, 3.141493084765592, 4.750301294731313, 1.6116581717444283, 1.568296694763818, 3.139153834890632, 4.734754644281778, 3.1332596917429214, 1.5717712498853322, 4.712830624871333, 4.71427159303234, -0.015265700301876095, 0.0016216577247687694, 0.0006659318517037583, -0.0033565625750560475, 3.1391275068487934, 1.5713111240856452, 3.138212585579036, -0.0005547199875688744, 3.1436156984638277, -0.0017109669214108413, -0.0009383287494007166, 3.139598888491217, -0.0027643767870087596, 1.5384405073999001, -0.0061971257821048075, 4.730702549254522, 1.5936326786660469, 4.712770427258262, 1.5704897049947186, 1.5712199179864714, 3.137486766752484, -0.006034454954457339, 4.712652179450589, 3.142542737307665, -0.0010748257832913965, 4.712718559729677]",0.0
650,1.5640668403012266,"[1.5749241570050476, 4.721085285709941, 1.5491875535974786, 4.731514527107682, 3.1414930847741758, 4.750301294713541, 1.6116581716964333, 1.5682966947196684, 3.1391538349829196, 4.734754644668525, 3.133259691760224, 1.5717712501468475, 4.7128306247640905, 4.71427159294743, -0.015265700200277245, 0.0016216577455333842, 0.0006659319277377867, -0.0033565627774081834, 3.1391275068077893, 1.5713111238723607, 3.138212585425395, -0.0005547199152358456, 3.143615698519436, -0.001710966835057745, -0.0009383285277841188, 3.139598888652947, -0.002764377097861605, 1.538440507659587, -0.006197125667941404, 4.730702549542353, 1.5936326786540156, 4.712770427113133, 1.5704897049613762, 1.5712199175429296, 3.13748676664442, -0.006034454798487588, 4.712652179427167, 3.142542737067982, -0.0010748257691524687, 4.712718559668173]",0.0
651,1.5619419064377837,"[1.5749241574061534, 4.721085285721376, 1.5491875536881685, 4.731514527282952, 3.1414930847263287, 4.750301294870436, 1.6116581717466565, 1.5682966947495793, 3.1391538350745236, 4.734754644519084, 3.1332596919289135, 1.571771249999145, 4.712830624933279, 4.71427159307866, -0.015265700384087824, 0.0016216579171168218, 0.0006659318750171417, -0.0033565625318740023, 3.139127507050711, 1.5713111240583268, 3.1382125854002125, -0.0005547199588129839, 3.143615698456621, -0.0017109670791294602, -0.0009383285827147137, 3.1395988888148194, -0.002764376975299234, 1.5384405077325878, -0.006197125874880421, 4.730702549828577, 1.5936326789090514, 4.712770426884912, 1.5704897052183535, 1.5712199176555268, 3.137486766505077, -0.0060344548331854745, 4.712652179080326, 3.1425427371097214, -0.001074825679288781, 4.712718559668823]",0.0
652,1.5596151156185278,"[1.5749241570514636, 4.721085285820589, 1.5491875537549653, 4.731514527066202, 3.1414930846720606, 4.7503012946010355, 1.611658171500549, 1.568296694719858, 3.1391538349224564, 4.734754644593468, 3.1332596918940103, 1.571771250014432, 4.712830624769713, 4.714271593011366, -0.015265700192859827, 0.0016216579042977602, 0.0006659318033572149, -0.003356562570399583, 3.1391275066569317, 1.571311123776078, 3.1382125854330316, -0.0005547197607931463, 3.1436156985126895, -0.0017109668610599813, -0.000938328448097718, 3.139598888762417, -0.0027643770015239604, 1.5384405075873238, -0.006197125783429086, 4.730702549527029, 1.593632678814969, 4.712770427120079, 1.5704897050491013, 1.5712199176801602, 3.137486766669306, -0.006034454709493276, 4.712652179284013, 3.142542737184582, -0.001074825748035167, 4.712718559684091]",0.0
653,1.5596709609022708,"[1.574924156928999, 4.72108528570313, 1.549187553818964, 4.73151452723188, 3.1414930847315325, 4.750301294917611, 1.6116581717800653, 1.568296694950819, 3.139153834840444, 4.734754644581095, 3.133259692006563, 1.571771249929537, 4.712830624803215, 4.714271593055185, -0.015265699738850202, 0.0016216578560329165, 0.0006659317057502392, -0.003356562757307261, 3.139127506815911, 1.5713111238998403, 3.138212585361758, -0.000554719847721335, 3.143615698609944, -0.0017109669457317457, -0.0009383287053449701, 3.1395988887662907, -0.0027643770472246983, 1.5384405073385332, -0.006197125556360459, 4.730702549800349, 1.5936326787503632, 4.7127704271665145, 1.5704897053992217, 1.5712199176534065, 3.1374867667551647, -0.006034454632657065, 4.712652179572679, 3.142542737167517, -0.0010748257724518444, 4.712718559718687]",0.0
654,1.5615668964671778,"[1.5749241571490997, 4.721085285824756, 1.549187553776095, 4.731514527123498, 3.141493084636837, 4.750301294640829, 1.611658171626171, 1.5682966946320744, 3.1391538349304686, 4.734754644431345, 3.1332596917118107, 1.5717712500437286, 4.712830624794569, 4.714271593008632, -0.015265700121654749, 0.001621657920662609, 0.0006659318291349102, -0.0033565628669009373, 3.139127506923891, 1.571311123896859, 3.138212585567111, -0.0005547197870881487, 3.143615698494013, -0.0017109667900318292, -0.0009383285165318288, 3.13959888882872, -0.0027643770115978756, 1.538440507728285, -0.0061971256416332296, 4.730702549637908, 1.5936326787134742, 4.712770427127029, 1.570489705095486, 1.571219917689184, 3.1374867667348654, -0.006034454802113205, 4.712652179420299, 3.1425427371786494, -0.0010748257376901015, 4.712718559837723]",0.0
655,1.5690550196921749,"[1.5749241572899875, 4.721085285739904, 1.549187553519042, 4.731514527025226, 3.1414930848550022, 4.750301294783062, 1.6116581716142906, 1.5682966948583983, 3.139153834743853, 4.734754644388451, 3.133259692067957, 1.571771250315099, 4.71283062456592, 4.71427159285824, -0.015265700128010297, 0.0016216574540867004, 0.0006659317390627886, -0.00335656278378529, 3.139127506786135, 1.5713111238753596, 3.1382125856621808, -0.000554719759620421, 3.143615698201501, -0.0017109670566137964, -0.0009383283302099551, 3.139598888844847, -0.0027643771023093773, 1.5384405077101488, -0.0061971258935564965, 4.7307025496057395, 1.593632678725549, 4.712770427122193, 1.5704897051909454, 1.57121991777639, 3.1374867669611897, -0.006034454714623947, 4.712652179403205, 3.142542737214557, -0.0010748257630828378, 4.712718559690955]",0.0
656,1.5697399920865434,"[1.5749241570905745, 4.721085285919936, 1.5491875535035804, 4.731514526947519, 3.141493084698029, 4.750301294734759, 1.6116581717356704, 1.5682966948411354, 3.1391538350607324, 4.734754644530023, 3.1332596917699025, 1.5717712499965757, 4.7128306246938365, 4.714271593010041, -0.015265700111862368, 0.0016216578718569038, 0.0006659316678074817, -0.0033565626702215853, 3.139127506889001, 1.571311123833341, 3.1382125854834806, -0.0005547197193667715, 3.143615698482119, -0.001710966946150543, -0.0009383284703997407, 3.139598888752727, -0.002764377002451933, 1.5384405077044128, -0.006197125695254562, 4.730702549591654, 1.5936326786806212, 4.7127704272017645, 1.570489705130691, 1.5712199176942254, 3.1374867665573616, -0.006034454837083392, 4.712652179403796, 3.1425427371315204, -0.0010748257733796123, 4.712718559640963]",0.0
657,1.5622828619605138,"[1.5749241571946366, 4.721085285803778, 1.549187553642607, 4.731514527132904, 3.141493084649456, 4.750301294558339, 1.6116581717477054, 1.5682966947798476, 3.1391538348920367, 4.73475464469259, 3.13325969173171, 1.571771250027429, 4.71283062482609, 4.714271592725161, -0.01526570010360655, 0.0016216578620078632, 0.0006659318487131375, -0.003356562461889584, 3.1391275068051083, 1.5713111241729385, 3.1382125855134766, -0.0005547201112465484, 3.1436156988032686, -0.0017109668044126807, -0.0009383281962487605, 3.139598888808145, -0.002764377110647953, 1.5384405077828796, -0.006197125788674154, 4.730702549457389, 1.593632678519232, 4.71277042738063, 1.5704897054593827, 1.5712199177392403, 3.1374867667739634, -0.006034454655249627, 4.712652179330158, 3.1425427371527097, -0.0010748257566495182, 4.712718559764448]",0.0
658,1.5623017017932184,"[1.5749241570168957, 4.721085285877926, 1.549187553570612, 4.731514527069882, 3.1414930846821765, 4.750301294657801, 1.6116581715742913, 1.5682966947297403, 3.139153834899967, 4.734754644516888, 3.1332596918259292, 1.5717712499971401, 4.712830624853621, 4.714271592766128, -0.015265700242757219, 0.0016216577376976962, 0.0006659318999709495, -0.0033565627399834816, 3.139127506900745, 1.571311123958754, 3.1382125854544136, -0.0005547197185838537, 3.143615698501849, -0.0017109668387048148, -0.0009383285820325936, 3.139598888809465, -0.0027643771409981825, 1.5384405075413055, -0.00619712569119025, 4.730702549686434, 1.5936326788286237, 4.7127704272555295, 1.5704897051703306, 1.5712199177341437, 3.1374867666598885, -0.0060344548174856415, 4.712652179308488, 3.142542737101467, -0.0010748258530377795, 4.712718559641981]",0.0
659,1.5603194693697728,"[1.5749241571308306, 4.721085285907151, 1.549187553789218, 4.731514527265066, 3.1414930846143423, 4.750301294789524, 1.611658171639708, 1.5682966947443073, 3.1391538350112156, 4.73475464458732, 3.1332596918570186, 1.5717712498202332, 4.712830624926094, 4.71427159320983, -0.015265700003024844, 0.0016216575509062222, 0.0006659316937984243, -0.0033565626796417066, 3.139127506601472, 1.571311124246614, 3.1382125855611016, -0.000554719653549896, 3.143615698558897, -0.0017109668259083363, -0.0009383283151263793, 3.13959888876083, -0.0027643773280421405, 1.5384405076969676, -0.006197125787645749, 4.730702549570371, 1.593632678810314, 4.712770427167716, 1.570489704900865, 1.5712199177631991, 3.137486766763922, -0.006034455096448593, 4.712652179441739, 3.142542736857475, -0.0010748256881444385, 4.712718559638581]",0.0
660,1.5677972816099954,"[1.5749241573004735, 4.721085285861815, 1.5491875537000046, 4.731514527054454, 3.141493084732312, 4.750301294688423, 1.6116581716281453, 1.5682966947631296, 3.1391538348555708, 4.734754644530941, 3.133259691765046, 1.5717712500271115, 4.712830624676826, 4.714271593020683, -0.015265700140950208, 0.0016216577736558877, 0.000665931876697757, -0.003356562694585781, 3.1391275067025055, 1.57131112402482, 3.1382125853331395, -0.0005547197301023182, 3.143615698565969, -0.0017109669321432705, -0.0009383287038062237, 3.1395988889055433, -0.0027643770001020765, 1.5384405076283887, -0.006197125746109353, 4.730702549594614, 1.593632678576298, 4.712770427275299, 1.5704897050471471, 1.5712199175682744, 3.1374867667083928, -0.006034454788061548, 4.712652179312104, 3.1425427370854315, -0.0010748258266410704, 4.712718559697929]",0.0
661,1.570544551907898,"[1.5749241571255064, 4.721085285832702, 1.5491875536728303, 4.731514527125344, 3.1414930846971, 4.7503012947455625, 1.611658171561275, 1.5682966947989625, 3.139153834796752, 4.7347546445732185, 3.133259691803519, 1.5717712499534868, 4.712830624735277, 4.714271592931372, -0.015265700155034747, 0.0016216577718846416, 0.0006659317841041364, -0.0033565626860662034, 3.1391275068994995, 1.5713111239304836, 3.138212585444563, -0.0005547198342669681, 3.143615698507456, -0.001710966872875415, -0.0009383284898192441, 3.1395988888064403, -0.0027643769759480292, 1.538440507668568, -0.006197125698440047, 4.730702549565662, 1.5936326787026838, 4.7127704271606765, 1.570489705051463, 1.5712199176445885, 3.1374867666632835, -0.00603445481631474, 4.712652179390722, 3.142542737093621, -0.0010748257441634843, 4.7127185596590575]",0.0
662,1.5583710789389453,"[1.5749241572360333, 4.721085285868953, 1.5491875536561641, 4.731514527169999, 3.141493084540981, 4.750301294714892, 1.6116581716889622, 1.5682966946409553, 3.1391538349840022, 4.734754644590668, 3.133259691882487, 1.5717712501099264, 4.712830624642049, 4.714271592910275, -0.015265700111824853, 0.001621657673211991, 0.0006659318010491246, -0.003356562554114864, 3.1391275068218527, 1.5713111238512807, 3.1382125853762917, -0.0005547198137902045, 3.143615698500042, -0.0017109666935006685, -0.0009383285852014453, 3.1395988887246555, -0.002764376924568083, 1.5384405076079772, -0.006197125585883248, 4.730702549620709, 1.593632678690681, 4.712770427110442, 1.5704897051218512, 1.5712199178192179, 3.1374867667476325, -0.0060344548605579165, 4.712652179356241, 3.1425427370352024, -0.0010748257640797697, 4.712718559681706]",0.0
663,1.5599476832776087,"[1.5749241571738264, 4.721085285884674, 1.5491875537835014, 4.731514527085984, 3.141493084656069, 4.750301294772559, 1.6116581716441176, 1.5682966947853758, 3.1391538349231047, 4.734754644577785, 3.1332596917714284, 1.5717712500219188, 4.712830624751222, 4.714271592901415, -0.015265700127307132, 0.0016216577386449697, 0.0006659318494381099, -0.0033565627187101222, 3.139127506798299, 1.5713111238992252, 3.13821258544417, -0.000554719812209711, 3.1436156984379418, -0.0017109668944165096, -0.0009383284976654632, 3.1395988886976727, -0.0027643770186589014, 1.5384405076546521, -0.006197125666591902, 4.730702549590715, 1.5936326787058868, 4.712770427219678, 1.5704897051116304, 1.5712199176769015, 3.13748676665444, -0.00603445480000863, 4.712652179302181, 3.142542737120302, -0.0010748257366959748, 4.7127185596792796]",0.0
664,1.5688612040853767,"[1.5749241572764459, 4.7210852858526104, 1.549187553640711, 4.7315145271768015, 3.1414930848130354, 4.750301294737901, 1.6116581716733689, 1.568296694762783, 3.1391538348684325, 4.7347546445802635, 3.133259691911004, 1.5717712501410583, 4.712830624876122, 4.714271592850377, -0.015265699998531414, 0.0016216579492303886, 0.0006659317642023221, -0.0033565627107147618, 3.1391275067300763, 1.5713111239446522, 3.138212585569513, -0.0005547198495192413, 3.1436156984127974, -0.0017109667184748792, -0.0009383285789124005, 3.139598888772116, -0.0027643769714128944, 1.5384405076336152, -0.0061971256711236666, 4.7307025495244215, 1.5936326787786745, 4.7127704272735595, 1.5704897050154851, 1.571219917708756, 3.137486766570196, -0.006034454849799781, 4.712652179318092, 3.1425427370707912, -0.0010748258051618406, 4.712718559627243]",0.0
665,1.5693767339973879,"[1.5749241572180512, 4.721085285884467, 1.5491875536974693, 4.731514527148352, 3.1414930846584292, 4.750301294716431, 1.6116581715948044, 1.568296694786077, 3.1391538349470247, 4.734754644568844, 3.1332596918098687, 1.5717712500721122, 4.712830624779117, 4.714271592916631, -0.015265700113246336, 0.0016216578044488915, 0.0006659317950275594, -0.0033565626887532515, 3.1391275068605435, 1.5713111238651014, 3.13821258541309, -0.0005547198751597077, 3.143615698497218, -0.0017109669105076456, -0.0009383285160025239, 3.139598888790582, -0.0027643770733817886, 1.5384405075896572, -0.006197125741705521, 4.730702549560991, 1.5936326787057804, 4.712770427188725, 1.570489705039852, 1.57121991771457, 3.1374867666760617, -0.006034454843371235, 4.712652179424318, 3.1425427371120636, -0.0010748258535991542, 4.712718559702916]",0.0
666,1.5672195405979037,"[1.574924157215083, 4.721085285874949, 1.5491875536281157, 4.731514527169442, 3.141493084706142, 4.750301294665245, 1.611658171586012, 1.5682966946814967, 3.1391538348292305, 4.734754644598467, 3.1332596918326234, 1.5717712500137346, 4.712830624689681, 4.714271592950669, -0.015265700114347068, 0.0016216578735130092, 0.0006659319602497, -0.00335656256296731, 3.1391275067997544, 1.571311123997938, 3.1382125855782097, -0.0005547197226259692, 3.1436156983871877, -0.0017109669930094882, -0.0009383284624642145, 3.1395988886628925, -0.002764377055972951, 1.5384405075279663, -0.00619712556892828, 4.730702549608272, 1.5936326786231494, 4.712770427110671, 1.5704897051276914, 1.5712199176762087, 3.13748676656985, -0.0060344548283191605, 4.712652179456967, 3.142542737056797, -0.001074825809371048, 4.712718559769255]",0.0
667,1.5728947393807535,"[1.5749241571888282, 4.721085285803052, 1.5491875537164617, 4.731514527044617, 3.1414930846941367, 4.750301294730168, 1.6116581716177234, 1.5682966947041208, 3.1391538348812555, 4.734754644599358, 3.1332596918378424, 1.5717712500924885, 4.712830624779242, 4.7142715929864565, -0.015265700112531203, 0.0016216578126584092, 0.0006659318686957943, -0.0033565626938863924, 3.139127506860668, 1.5713111239166306, 3.1382125854612175, -0.0005547197939143509, 3.1436156985303136, -0.0017109668784584576, -0.0009383284616237124, 3.139598888771084, -0.0027643769749229256, 1.538440507611772, -0.006197125694929064, 4.730702549626176, 1.5936326786974204, 4.712770427222254, 1.5704897050980389, 1.5712199177112818, 3.1374867666806168, -0.006034454879529084, 4.71265217939369, 3.1425427371108468, -0.00107482578519203, 4.712718559564827]",0.0
668,1.5653737697444208,"[1.574924157275147, 4.721085285670743, 1.5491875536688258, 4.731514526933415, 3.1414930846575753, 4.750301294727403, 1.6116581715798848, 1.5682966947198258, 3.139153834908189, 4.734754644630044, 3.1332596917514803, 1.5717712500512069, 4.712830624860582, 4.714271592888364, -0.015265700103344357, 0.001621657780595913, 0.0006659317046531079, -0.0033565627344768934, 3.1391275068451967, 1.5713111239407103, 3.1382125854306206, -0.0005547197496987892, 3.1436156985085635, -0.0017109669315302693, -0.000938328525888471, 3.139598888734679, -0.0027643769884622554, 1.5384405075698004, -0.00619712565519861, 4.730702549495683, 1.593632678777359, 4.712770427131881, 1.5704897051077782, 1.5712199177413524, 3.1374867666754858, -0.0060344547063385665, 4.712652179352829, 3.1425427368675143, -0.0010748257548837993, 4.712718559789493]",0.0
669,1.5699636411348912,"[1.5749241572016965, 4.721085285821388, 1.5491875536830368, 4.731514527094561, 3.1414930846874305, 4.750301294707896, 1.611658171662836, 1.5682966947939159, 3.1391538349162325, 4.734754644572587, 3.133259691847976, 1.5717712500222891, 4.712830624765524, 4.714271592972677, -0.01526570020635607, 0.0016216578254739699, 0.0006659318255043498, -0.0033565627124768453, 3.139127506807089, 1.5713111239685111, 3.138212585380805, -0.0005547198176730882, 3.143615698412782, -0.0017109668342879397, -0.0009383284740671013, 3.1395988888231554, -0.002764377041312469, 1.5384405076269307, -0.006197125593799726, 4.730702549545667, 1.5936326787213173, 4.712770427188937, 1.5704897050825601, 1.5712199177339357, 3.13748676667465, -0.006034454764008935, 4.712652179420767, 3.142542737107713, -0.0010748257764088152, 4.7127185596418695]",0.0
670,1.5713420468620207,"[1.5749241572174595, 4.721085285814595, 1.5491875536895539, 4.731514527095622, 3.14149308476483, 4.75030129460808, 1.6116581717396223, 1.5682966948142738, 3.1391538350123462, 4.734754644540724, 3.133259691850828, 1.5717712498384255, 4.71283062465721, 4.714271592836198, -0.015265700090346267, 0.0016216577910382782, 0.0006659319300802954, -0.0033565628083116294, 3.139127506765002, 1.571311123874304, 3.1382125855020124, -0.0005547198702103157, 3.143615698516647, -0.0017109668564005993, -0.0009383283961541228, 3.1395988888209425, -0.0027643768742867275, 1.538440507514413, -0.006197125739768947, 4.730702549651383, 1.5936326787312005, 4.712770427119954, 1.5704897050295437, 1.5712199177041866, 3.137486766703068, -0.006034454840108246, 4.712652179335847, 3.142542736986109, -0.0010748258083005488, 4.7127185596865635]",0.0
671,1.569927714199772,"[1.5749241571672257, 4.72108528582284, 1.549187553651555, 4.731514527112045, 3.1414930846040727, 4.750301294715399, 1.6116581715896505, 1.5682966948143269, 3.139153834927281, 4.734754644524899, 3.1332596918892204, 1.5717712500267391, 4.71283062482698, 4.714271592925968, -0.01526570012144961, 0.0016216578065511955, 0.000665931844731285, -0.003356562736998778, 3.1391275067894897, 1.5713111239246753, 3.138212585482364, -0.0005547198005897722, 3.1436156985067454, -0.0017109668835150462, -0.0009383285233167594, 3.139598888749352, -0.002764376976877198, 1.5384405076711447, -0.006197125659800434, 4.730702549551521, 1.593632678620159, 4.712770427118417, 1.5704897051000244, 1.5712199176837074, 3.137486766686892, -0.006034454811309001, 4.712652179337876, 3.1425427370722296, -0.0010748258347649897, 4.712718559630666]",0.0
672,1.5655614829957825,"[1.574924157289675, 4.721085285744387, 1.5491875536202815, 4.731514526995597, 3.1414930846116125, 4.750301294595566, 1.6116581716865814, 1.5682966947333008, 3.139153834844952, 4.734754644627496, 3.133259691859465, 1.5717712498902914, 4.712830624882911, 4.71427159292777, -0.015265700020769492, 0.0016216576902536265, 0.0006659318126930067, -0.0033565626582459937, 3.139127506837509, 1.57131112387043, 3.138212585460485, -0.000554719843782608, 3.1436156984317165, -0.00171096681302759, -0.0009383285488555675, 3.1395988887545014, -0.0027643771079640693, 1.5384405076323946, -0.006197125705753511, 4.730702549700748, 1.5936326786152908, 4.712770427154436, 1.570489704971028, 1.5712199177091528, 3.1374867665888986, -0.006034454764385155, 4.712652179366151, 3.142542737258639, -0.001074825721079756, 4.7127185596795504]",0.0
673,1.5680918634972454,"[1.574924157220335, 4.721085285859166, 1.5491875536806525, 4.731514527128191, 3.1414930847286318, 4.750301294705323, 1.61165817164454, 1.568296694711297, 3.1391538349371286, 4.734754644601826, 3.133259691764506, 1.5717712499983452, 4.712830624795032, 4.71427159289783, -0.01526570014062879, 0.0016216577495404352, 0.0006659317824535741, -0.0033565626798676422, 3.1391275067828377, 1.571311123904136, 3.1382125855242915, -0.0005547198048608059, 3.1436156985237504, -0.0017109669141461609, -0.0009383285466683888, 3.139598888801244, -0.002764376993636945, 1.5384405076335188, -0.0061971256273900995, 4.730702549561495, 1.5936326787416535, 4.712770427122511, 1.5704897050953393, 1.5712199176690103, 3.137486766706448, -0.006034454780394741, 4.712652179409336, 3.1425427371420045, -0.0010748257954574618, 4.712718559591266]",0.0
674,1.569431644603057,"[1.5749241570809247, 4.721085285619042, 1.5491875537916528, 4.731514527128075, 3.1414930846964886, 4.75030129466936, 1.6116581716098115, 1.5682966947371477, 3.1391538349727335, 4.734754644637777, 3.1332596918318676, 1.5717712500059295, 4.712830624626513, 4.714271592873498, -0.015265700117748186, 0.0016216578148792846, 0.0006659317189764423, -0.0033565626676714624, 3.1391275068246025, 1.5713111239204212, 3.1382125855383394, -0.0005547198421532145, 3.143615698426523, -0.0017109669499495584, -0.0009383285903516897, 3.139598888903878, -0.0027643771118384015, 1.538440507652147, -0.006197125592081808, 4.730702549555832, 1.593632678621194, 4.712770427201156, 1.5704897050805324, 1.5712199177811368, 3.1374867666339084, -0.006034454948558748, 4.712652179221263, 3.142542737109722, -0.001074825812486775, 4.712718559663997]",0.0
675,1.5645338665765034,"[1.5749241571901125, 4.721085285773689, 1.549187553638715, 4.7315145271035295, 3.1414930845757625, 4.750301294802901, 1.6116581716251774, 1.5682966947246069, 3.139153834936772, 4.734754644551894, 3.13325969180023, 1.5717712500149632, 4.7128306247234715, 4.714271592909757, -0.015265700135922813, 0.0016216578116193562, 0.0006659318360971325, -0.003356562696768987, 3.1391275067771476, 1.571311123924954, 3.1382125855165603, -0.0005547198322659343, 3.1436156984664216, -0.0017109668485134398, -0.0009383285143978443, 3.139598888836633, -0.0027643770208760294, 1.53844050756272, -0.0061971257257927926, 4.73070254956063, 1.5936326787122796, 4.712770427201433, 1.5704897050883575, 1.5712199176479216, 3.1374867666384043, -0.006034454807411113, 4.712652179398006, 3.142542737107373, -0.0010748257329699236, 4.712718559648385]",0.0
676,1.5741676300190472,"[1.5749241571499906, 4.721085285908114, 1.5491875536140367, 4.731514526967384, 3.141493084618969, 4.750301294738825, 1.6116581716057754, 1.568296694884783, 3.1391538348692736, 4.734754644732923, 3.1332596918100335, 1.5717712500987215, 4.712830624785651, 4.71427159301525, -0.015265700171567507, 0.0016216577606235638, 0.0006659318398103213, -0.003356562698038301, 3.1391275067284874, 1.571311123958054, 3.138212585574754, -0.0005547199476106832, 3.143615698514621, -0.0017109668730021258, -0.0009383285364304746, 3.13959888887099, -0.00276437694971085, 1.5384405075986403, -0.006197125572826019, 4.730702549668695, 1.5936326787963284, 4.712770427141511, 1.570489705067989, 1.5712199176964308, 3.137486766706382, -0.006034454925963712, 4.712652179317391, 3.1425427371460684, -0.0010748258031437299, 4.712718559828984]",0.0
677,1.5628457731414451,"[1.5749241571732646, 4.721085285763797, 1.5491875536318536, 4.731514527148487, 3.141493084657184, 4.75030129468951, 1.611658171654651, 1.568296694779243, 3.139153834975626, 4.73475464461764, 3.1332596917686106, 1.571771250038286, 4.7128306248110015, 4.714271592950796, -0.01526570006745516, 0.0016216577948374256, 0.0006659319076964253, -0.003356562669394974, 3.1391275067892828, 1.571311123895767, 3.13821258544955, -0.0005547197634045088, 3.1436156984206094, -0.0017109669149590833, -0.0009383285289943827, 3.1395988888018875, -0.0027643769731491076, 1.5384405076652914, -0.006197125692101233, 4.730702549573661, 1.5936326787439448, 4.7127704272321544, 1.570489705093208, 1.5712199177319088, 3.1374867667216697, -0.006034454825781275, 4.712652179370702, 3.14254273711412, -0.0010748257953300043, 4.7127185596910355]",0.0
678,1.5570905160634119,"[1.5749241570739894, 4.72108528580791, 1.5491875536199085, 4.731514527219266, 3.1414930847255724, 4.750301294747772, 1.6116581715256093, 1.5682966948190944, 3.139153834689887, 4.734754644598971, 3.13325969177956, 1.5717712498953949, 4.712830624693678, 4.714271592911521, -0.015265700099268628, 0.0016216577432943708, 0.0006659317693561551, -0.0033565626160788156, 3.1391275069738263, 1.5713111239239383, 3.138212585413064, -0.0005547198188661324, 3.1436156984740324, -0.0017109668122485264, -0.0009383285103192479, 3.1395988888099646, -0.002764376875859133, 1.5384405077495655, -0.00619712571610476, 4.730702549543406, 1.5936326787521353, 4.712770427176252, 1.5704897050221585, 1.57121991763772, 3.137486766664343, -0.006034454833713903, 4.712652179377877, 3.142542737047052, -0.0010748257069672622, 4.712718559706693]",0.0
679,1.5692798581607508,"[1.5749241572195396, 4.721085285798414, 1.5491875536646333, 4.731514527164193, 3.141493084718377, 4.750301294755206, 1.6116581716688612, 1.5682966947631432, 3.1391538349537287, 4.734754644566401, 3.133259691850777, 1.5717712500354348, 4.712830624809749, 4.714271592956542, -0.015265700195322713, 0.0016216578273187095, 0.0006659318282275641, -0.00335656264604945, 3.1391275068667244, 1.571311123951524, 3.13821258545182, -0.0005547198408536374, 3.143615698487903, -0.0017109669211813905, -0.0009383285450471473, 3.139598888786008, -0.00276437700622838, 1.5384405076402248, -0.006197125731499166, 4.730702549654511, 1.5936326787248047, 4.712770427110657, 1.5704897050955304, 1.571219917699104, 3.137486766656358, -0.006034454821102868, 4.712652179289633, 3.1425427370883137, -0.0010748256971094005, 4.71271855968904]",0.0
680,1.5583930490529165,"[1.574924157178482, 4.7210852858319985, 1.5491875536451676, 4.7315145271224575, 3.1414930846953966, 4.750301294684984, 1.611658171575911, 1.5682966947512227, 3.139153834941217, 4.734754644588681, 3.1332596918134796, 1.5717712500277683, 4.712830624751449, 4.714271592955778, -0.015265700110628689, 0.0016216577870837097, 0.0006659318056437587, -0.0033565627225243242, 3.139127506815371, 1.5713111239410846, 3.1382125854627763, -0.0005547198454170882, 3.1436156984700525, -0.0017109668792500226, -0.000938328525925477, 3.1395988887687847, -0.0027643769973421366, 1.5384405076101206, -0.006197125680144536, 4.730702549597051, 1.593632678693523, 4.7127704271951, 1.5704897050911382, 1.571219917714241, 3.1374867666723256, -0.00603445480557397, 4.7126521793519816, 3.142542737095701, -0.001074825737940981, 4.7127185596586845]",0.0
681,1.5677317918876408,"[1.574924157169993, 4.721085285834597, 1.5491875537052815, 4.731514527089339, 3.141493084680659, 4.750301294642675, 1.6116581716234433, 1.5682966948475185, 3.1391538349011516, 4.734754644577862, 3.1332596917981235, 1.571771250054419, 4.712830624777486, 4.714271592882633, -0.015265700149072574, 0.001621657822891922, 0.0006659318282181859, -0.0033565626649471026, 3.139127506794272, 1.5713111238779258, 3.13821258549279, -0.0005547197964157948, 3.143615698472546, -0.0017109668615025572, -0.0009383285761582053, 3.1395988887886483, -0.0027643770328122956, 1.5384405076221834, -0.0061971256938681855, 4.730702549599183, 1.5936326786675215, 4.712770427179793, 1.5704897050932591, 1.5712199177049386, 3.137486766712364, -0.006034454861550804, 4.712652179439164, 3.142542737038457, -0.0010748256398927757, 4.712718559646816]",0.0
682,1.5543848374953995,"[1.574924157154088, 4.721085285847292, 1.5491875536807047, 4.731514527112628, 3.1414930846684133, 4.750301294707384, 1.6116581716450766, 1.5682966947613044, 3.1391538349201733, 4.7347546445756405, 3.133259691791417, 1.5717712500225447, 4.712830624792628, 4.71427159294975, -0.015265700112690534, 0.00162165781090486, 0.0006659318364431926, -0.003356562663225763, 3.139127506841447, 1.5713111239079491, 3.1382125854756597, -0.0005547198272614203, 3.1436156984944903, -0.0017109668769063088, -0.0009383285221102847, 3.1395988888106765, -0.0027643770080004707, 1.5384405075966008, -0.00619712564724638, 4.730702549582574, 1.593632678682091, 4.712770427193167, 1.5704897050421385, 1.5712199177041464, 3.1374867666694364, -0.006034454793839523, 4.712652179333522, 3.142542737059803, -0.0010748257536103976, 4.712718559655032]",0.0
683,1.5650150444215492,"[1.574924157158737, 4.721085285825403, 1.549187553634287, 4.731514527100634, 3.1414930847339435, 4.750301294736642, 1.6116581716552298, 1.5682966947638297, 3.139153834866148, 4.734754644521234, 3.133259691864433, 1.5717712501075793, 4.7128306247339715, 4.714271592926906, -0.015265700107410383, 0.0016216577219420626, 0.0006659318046423142, -0.0033565626892514623, 3.1391275068166298, 1.571311123892518, 3.1382125855267735, -0.0005547197917451832, 3.1436156984415082, -0.0017109669050034261, -0.0009383284670065287, 3.139598888818982, -0.0027643770367832415, 1.5384405076140986, -0.0061971257032945835, 4.730702549582545, 1.593632678670224, 4.7127704271847985, 1.5704897050474032, 1.571219917728928, 3.1374867667672697, -0.006034454754439925, 4.712652179334708, 3.1425427370995718, -0.0010748257413888578, 4.712718559698215]",0.0
684,1.5654510754709847,"[1.5749241571898305, 4.721085285808895, 1.5491875536673105, 4.731514527112596, 3.1414930847178475, 4.750301294741653, 1.6116581715966294, 1.5682966947767003, 3.1391538349293096, 4.7347546445625825, 3.1332596918088234, 1.5717712500210899, 4.712830624787109, 4.71427159294797, -0.015265700138384544, 0.0016216577814146874, 0.0006659318158850282, -0.0033565626952972603, 3.1391275068163575, 1.5713111238744997, 3.138212585460371, -0.0005547197781077449, 3.1436156984597345, -0.00171096685382454, -0.0009383285201342887, 3.139598888792313, -0.0027643770025726337, 1.5384405075851195, -0.006197125652604853, 4.730702549596879, 1.5936326786831352, 4.712770427170698, 1.5704897050641213, 1.5712199176865036, 3.1374867666786654, -0.006034454852785068, 4.7126521793548175, 3.1425427370984997, -0.0010748257599846793, 4.712718559680944]",0.0
685,1.5634468457308062,"[1.5749241571841888, 4.721085285803966, 1.5491875536518362, 4.731514527122215, 3.141493084722699, 4.750301294706348, 1.611658171635791, 1.5682966947715127, 3.1391538349294197, 4.73475464459523, 3.1332596917813063, 1.5717712500139494, 4.7128306248019465, 4.714271592890826, -0.015265700130683188, 0.0016216578084366324, 0.0006659318103451968, -0.0033565626287067594, 3.1391275068017888, 1.5713111239415056, 3.13821258546426, -0.0005547198416566046, 3.1436156985675034, -0.0017109668119098399, -0.0009383284299120064, 3.139598888788532, -0.0027643770299683643, 1.5384405076282799, -0.006197125679441261, 4.730702549558696, 1.593632678620497, 4.712770427232334, 1.5704897051652733, 1.571219917693908, 3.1374867667049706, -0.0060344548161202684, 4.712652179342732, 3.142542737120668, -0.0010748257549204857, 4.712718559731757]",0.0
686,1.5618359265223083,"[1.574924157172828, 4.721085285802181, 1.5491875536749224, 4.731514527127424, 3.1414930846726383, 4.750301294682518, 1.611658171668186, 1.568296694773475, 3.1391538348928987, 4.734754644561045, 3.1332596918136693, 1.5717712500291883, 4.712830624776544, 4.714271592952791, -0.015265700167271683, 0.0016216577797777696, 0.0006659317917730037, -0.0033565626913080993, 3.13912750681884, 1.5713111239206534, 3.1382125854881386, -0.0005547198143725681, 3.143615698484669, -0.0017109668822943036, -0.0009383285290564801, 3.139598888750116, -0.0027643769813682664, 1.5384405075881014, -0.0061971256883184556, 4.730702549568908, 1.5936326786969728, 4.7127704272110105, 1.5704897050758344, 1.5712199177033992, 3.137486766678286, -0.00603445483445663, 4.712652179361812, 3.1425427371033763, -0.0010748257724478589, 4.712718559681552]",0.0
687,1.5617464451343406,"[1.5749241571317256, 4.721085285831853, 1.5491875536757114, 4.731514527042581, 3.141493084730291, 4.750301294774505, 1.6116581716224487, 1.5682966947385109, 3.139153834932897, 4.734754644536233, 3.133259691817555, 1.5717712499813514, 4.71283062477682, 4.714271592905358, -0.015265700117819497, 0.001621657815673257, 0.0006659318617554172, -0.003356562660975634, 3.139127506810295, 1.5713111239703645, 3.1382125854608898, -0.0005547198384732704, 3.1436156984953754, -0.001710966881795878, -0.0009383285803847553, 3.139598888745406, -0.002764376977388009, 1.5384405076071745, -0.006197125692767374, 4.730702549521715, 1.59363267867786, 4.712770427164938, 1.5704897050261157, 1.5712199178019683, 3.1374867667091033, -0.006034454841629246, 4.71265217939204, 3.142542737145976, -0.0010748257377586777, 4.712718559699224]",0.0
688,1.5571559278315665,"[1.5749241571697177, 4.721085285803345, 1.5491875536748807, 4.731514527114569, 3.14149308468559, 4.750301294707331, 1.6116581716234397, 1.5682966947760961, 3.139153834920353, 4.7347546445232656, 3.1332596918022744, 1.571771250037939, 4.7128306247696905, 4.714271592935371, -0.015265700106540249, 0.0016216577731914578, 0.000665931809668589, -0.0033565626669807536, 3.1391275067797473, 1.571311123946881, 3.1382125854606877, -0.0005547198131063692, 3.143615698509102, -0.0017109668790843521, -0.0009383284948461724, 3.139598888779421, -0.0027643770268179963, 1.5384405076392489, -0.006197125662723604, 4.730702549613041, 1.593632678725828, 4.712770427178193, 1.5704897050501945, 1.57121991770881, 3.137486766661308, -0.0060344548397680935, 4.712652179374082, 3.1425427370817656, -0.0010748257562906787, 4.712718559673129]",0.0
689,1.567672783637173,"[1.574924157148168, 4.721085285876451, 1.5491875536881814, 4.73151452714221, 3.141493084670446, 4.750301294738112, 1.611658171658149, 1.5682966947284431, 3.1391538349343606, 4.734754644659215, 3.1332596918590725, 1.5717712499649261, 4.712830624791864, 4.714271592985129, -0.015265700112838846, 0.001621657775314765, 0.0006659317859144979, -0.0033565627222077263, 3.1391275067910605, 1.5713111239703588, 3.138212585491158, -0.000554719738679596, 3.143615698494686, -0.0017109668479187202, -0.0009383284986819215, 3.1395988887827366, -0.002764377082981095, 1.5384405076370247, -0.006197125727693191, 4.730702549567958, 1.5936326786971942, 4.712770427180279, 1.5704897050424622, 1.5712199177092077, 3.1374867667177906, -0.0060344548694277874, 4.7126521793700915, 3.1425427370393897, -0.001074825742582083, 4.71271855968781]",0.0
690,1.5553766309766568,"[1.5749241572003831, 4.721085285831568, 1.5491875536595712, 4.731514527102174, 3.1414930846747233, 4.750301294699675, 1.6116581716105354, 1.5682966947583052, 3.1391538349285435, 4.734754644593031, 3.1332596917865874, 1.5717712500462329, 4.712830624761488, 4.714271592899619, -0.015265700175130887, 0.0016216578012609249, 0.0006659318198256897, -0.0033565626846659064, 3.1391275068186344, 1.5713111239354967, 3.138212585482989, -0.0005547197884027733, 3.1436156984729138, -0.0017109668661390398, -0.0009383284910120145, 3.1395988887842807, -0.0027643769932608384, 1.5384405076458179, -0.006197125693667458, 4.7307025495893615, 1.5936326786781587, 4.712770427182259, 1.5704897050203286, 1.5712199177198343, 3.137486766676828, -0.006034454826947397, 4.7126521793448175, 3.142542737096473, -0.0010748257640392376, 4.712718559668188]",0.0
691,1.5610249794480162,"[1.5749241571263872, 4.721085285795315, 1.549187553695735, 4.731514527151262, 3.141493084672692, 4.750301294757955, 1.611658171643276, 1.5682966948121806, 3.1391538349137544, 4.734754644634938, 3.1332596918171864, 1.5717712500493242, 4.712830624748375, 4.71427159288456, -0.015265700094536051, 0.0016216578504805342, 0.0006659317711108083, -0.003356562709858249, 3.139127506807966, 1.5713111239480615, 3.1382125854442093, -0.0005547197573488454, 3.143615698522115, -0.001710966876536149, -0.0009383285323864101, 3.139598888764155, -0.002764376974114556, 1.53844050757275, -0.006197125663547416, 4.730702549689698, 1.5936326786706507, 4.7127704271788415, 1.5704897050439532, 1.5712199177181854, 3.137486766695057, -0.006034454741960345, 4.712652179396398, 3.142542737135204, -0.0010748257728864642, 4.712718559684632]",0.0
692,1.5638693488412554,"[1.574924157143816, 4.721085285823661, 1.5491875536852384, 4.731514527112245, 3.1414930847058975, 4.7503012947188825, 1.6116581716388418, 1.5682966947482189, 3.139153834912835, 4.734754644589024, 3.1332596918088167, 1.5717712500442536, 4.712830624787829, 4.714271592934013, -0.01526570014177277, 0.001621657766374459, 0.0006659318220118858, -0.003356562694652615, 3.1391275067910316, 1.5713111239094906, 3.1382125854682394, -0.000554719819668578, 3.1436156984711126, -0.0017109668657970954, -0.0009383285212878652, 3.13959888881228, -0.00276437698781546, 1.5384405076336825, -0.006197125706465418, 4.730702549600565, 1.5936326786646804, 4.712770427167103, 1.5704897050887408, 1.5712199177274422, 3.1374867666279944, -0.006034454807192138, 4.712652179390217, 3.1425427370734957, -0.0010748257742352293, 4.712718559686779]",0.0
693,1.5648086957928522,"[1.574924157112823, 4.721085285769666, 1.549187553623082, 4.731514527101863, 3.141493084729234, 4.750301294705769, 1.6116581716725773, 1.5682966947374624, 3.1391538349369648, 4.734754644624518, 3.1332596918081514, 1.5717712500866523, 4.712830624734776, 4.7142715929209995, -0.015265700145483754, 0.001621657793545968, 0.0006659318733512818, -0.00335656272413337, 3.1391275068194826, 1.571311123895506, 3.1382125854373566, -0.0005547198550411762, 3.14361569851297, -0.0017109668476205766, -0.0009383285415227948, 3.1395988887107333, -0.0027643770596327984, 1.5384405076468801, -0.006197125659050148, 4.730702549559314, 1.593632678691149, 4.712770427153141, 1.570489705012395, 1.571219917607079, 3.137486766682789, -0.006034454815325416, 4.712652179372395, 3.14254273707909, -0.0010748257589356658, 4.712718559681485]",0.0
694,1.5620235540295684,"[1.574924157153178, 4.721085285832696, 1.5491875536833857, 4.731514527092257, 3.1414930846826157, 4.75030129469579, 1.6116581716360396, 1.568296694739486, 3.1391538349380252, 4.734754644574547, 3.133259691842733, 1.5717712500401146, 4.712830624791621, 4.7142715929002215, -0.015265700115954866, 0.0016216577923404052, 0.0006659317964461729, -0.0033565626722912617, 3.139127506823043, 1.5713111239476296, 3.1382125854464236, -0.0005547198147816594, 3.1436156984491848, -0.0017109668891647912, -0.0009383285060077418, 3.139598888801151, -0.0027643769782941083, 1.5384405076120382, -0.00619712567521318, 4.730702549590432, 1.593632678687586, 4.712770427182201, 1.5704897050682591, 1.5712199176514543, 3.137486766693818, -0.006034454839117253, 4.7126521793728156, 3.142542737098611, -0.0010748257524102196, 4.712718559687826]",0.0
695,1.5667816991114931,"[1.5749241571960355, 4.721085285814508, 1.5491875536784043, 4.731514527112341, 3.1414930846917586, 4.750301294734405, 1.6116581715967766, 1.568296694740814, 3.1391538349581816, 4.734754644581742, 3.133259691916735, 1.5717712499946592, 4.712830624770586, 4.714271592917979, -0.01526570017681998, 0.0016216577833989252, 0.0006659318324173046, -0.003356562679122795, 3.139127506819846, 1.5713111238670787, 3.1382125855043146, -0.0005547198192408338, 3.143615698531468, -0.001710966911922332, -0.0009383285343452498, 3.1395988887842705, -0.0027643769895241512, 1.5384405076795813, -0.006197125628796007, 4.730702549616503, 1.5936326787002706, 4.712770427296846, 1.5704897050383655, 1.5712199176983845, 3.137486766667648, -0.006034454786280916, 4.712652179411521, 3.142542737068523, -0.0010748257427467172, 4.712718559720266]",0.0
696,1.5600041358681869,"[1.5749241571466408, 4.721085285735222, 1.549187553733743, 4.731514527105936, 3.1414930846900013, 4.750301294689051, 1.611658171626738, 1.5682966947550272, 3.1391538349154073, 4.73475464461113, 3.1332596918365545, 1.571771250010788, 4.712830624680476, 4.714271592889482, -0.015265700110650341, 0.001621657823444828, 0.0006659317750692757, -0.003356562682505503, 3.1391275068325952, 1.5713111239105337, 3.138212585493066, -0.000554719822629481, 3.1436156984662933, -0.0017109669141167547, -0.0009383285534386263, 3.139598888844263, -0.002764377068689235, 1.5384405076535226, -0.006197125635333036, 4.730702549565511, 1.5936326786730983, 4.7127704271756485, 1.5704897050931776, 1.5712199177458746, 3.137486766660817, -0.006034454876916145, 4.712652179289078, 3.1425427371052033, -0.0010748257981817188, 4.71271855966304]",0.0
697,1.562499831177808,"[1.5749241571726782, 4.721085285831805, 1.5491875536412334, 4.731514527114729, 3.141493084677258, 4.7503012947245296, 1.6116581716437124, 1.5682966947274743, 3.1391538348750494, 4.734754644575532, 3.1332596918055193, 1.5717712500144108, 4.712830624777932, 4.714271592913316, -0.015265700136741547, 0.0016216578293818174, 0.0006659318042366502, -0.003356562707764558, 3.139127506777118, 1.5713111238868513, 3.1382125854350527, -0.0005547198291518906, 3.1436156984785613, -0.0017109669051572983, -0.0009383285084474028, 3.1395988887823254, -0.0027643770106260865, 1.5384405076301855, -0.006197125666897597, 4.730702549608364, 1.5936326786857349, 4.712770427187096, 1.5704897050734046, 1.5712199177174517, 3.1374867666993387, -0.006034454841073392, 4.712652179353877, 3.1425427370828665, -0.0010748257510502072, 4.712718559673621]",0.0
698,1.5615873734917434,"[1.5749241571815922, 4.721085285827715, 1.5491875536680888, 4.731514527103778, 3.141493084685298, 4.750301294717612, 1.611658171624351, 1.5682966947575117, 3.1391538349025114, 4.734754644577479, 3.133259691813635, 1.571771250045252, 4.7128306247663785, 4.7142715929413, -0.015265700130229041, 0.001621657797644469, 0.0006659318137688293, -0.0033565626791266442, 3.139127506808106, 1.5713111239286568, 3.138212585454547, -0.000554719794064632, 3.1436156984912516, -0.0017109668783833445, -0.0009383285484104432, 3.1395988887943065, -0.002764377017488025, 1.5384405076327023, -0.006197125679053063, 4.7307025495838655, 1.593632678682998, 4.712770427192874, 1.5704897050758642, 1.571219917691991, 3.137486766678992, -0.0060344548163662375, 4.712652179357727, 3.142542737101527, -0.0010748257603621003, 4.712718559680915]",0.0
699,1.5644882310082935,"[1.5749241572060386, 4.721085285835847, 1.5491875536772608, 4.731514527090476, 3.141493084710364, 4.750301294685333, 1.6116581716579679, 1.5682966947768449, 3.1391538349168737, 4.734754644566195, 3.1332596918264213, 1.5717712499932983, 4.712830624720169, 4.714271592916786, -0.015265700112995214, 0.0016216578030079029, 0.0006659318523793345, -0.0033565627111667375, 3.1391275068034954, 1.5713111239188573, 3.13821258545415, -0.0005547198031967835, 3.143615698506881, -0.0017109668681765887, -0.0009383285185960036, 3.1395988888071207, -0.0027643769836759686, 1.5384405076063727, -0.006197125703426196, 4.7307025495989325, 1.5936326787020205, 4.712770427176366, 1.5704897050695454, 1.5712199176901298, 3.1374867666838955, -0.00603445481536466, 4.71265217934839, 3.142542737072227, -0.0010748257777573413, 4.712718559687927]",0.0
700,1.566139578035516,"[1.5749241571899657, 4.721085285826571, 1.5491875536597712, 4.731514527114641, 3.141493084678712, 4.750301294723812, 1.6116581716498333, 1.5682966947592845, 3.1391538349195724, 4.734754644578466, 3.133259691816743, 1.5717712500364782, 4.7128306247575305, 4.714271592917397, -0.015265700120228941, 0.0016216577795435123, 0.0006659318192751965, -0.0033565626929680445, 3.1391275068333764, 1.5713111239255648, 3.138212585464915, -0.0005547198127976257, 3.1436156984844175, -0.0017109668638833418, -0.0009383285299241546, 3.1395988887848354, -0.0027643770044135235, 1.5384405076257706, -0.006197125661372026, 4.730702549597001, 1.5936326786839334, 4.712770427181434, 1.5704897050807372, 1.5712199177145083, 3.1374867666845954, -0.006034454835060899, 4.7126521793704015, 3.1425427370817616, -0.0010748257607287287, 4.712718559677516]",0.0
701,1.5612928942103512,"[1.5749241571628627, 4.721085285834218, 1.549187553675927, 4.731514527110508, 3.1414930846593667, 4.750301294693881, 1.61165817162401, 1.5682966947352464, 3.1391538349257977, 4.734754644584518, 3.133259691847987, 1.5717712500433734, 4.712830624743501, 4.714271592931031, -0.015265700129148994, 0.0016216578001476455, 0.0006659318106621014, -0.0033565626449764013, 3.139127506799857, 1.5713111238776096, 3.138212585452421, -0.0005547197980770651, 3.1436156984922734, -0.001710966832404381, -0.0009383285169145706, 3.139598888767212, -0.0027643769941296603, 1.5384405076178795, -0.006197125677818191, 4.7307025495823085, 1.5936326787250277, 4.712770427153556, 1.5704897050833697, 1.5712199177261077, 3.1374867666847144, -0.006034454808781662, 4.712652179347151, 3.142542737099135, -0.00107482575439303, 4.712718559683736]",0.0
702,1.5729722253310436,"[1.5749241571845918, 4.72108528581986, 1.5491875536731194, 4.731514527123379, 3.1414930847051967, 4.750301294713465, 1.6116581716393314, 1.5682966947538597, 3.139153834914535, 4.7347546445666815, 3.1332596918272353, 1.5717712500333396, 4.712830624774685, 4.71427159291129, -0.015265700111405977, 0.0016216578147403829, 0.0006659318126194043, -0.003356562692318446, 3.1391275068165108, 1.571311123915302, 3.138212585468523, -0.0005547197990147118, 3.143615698475272, -0.0017109668618574018, -0.0009383285222532906, 3.139598888775484, -0.002764377011489103, 1.5384405076268934, -0.00619712568597092, 4.730702549576646, 1.5936326786955843, 4.7127704271933135, 1.5704897050707205, 1.5712199177047843, 3.137486766665072, -0.006034454814583354, 4.712652179360311, 3.142542737087864, -0.0010748257580743424, 4.712718559663143]",0.0
703,1.565179793992889,"[1.574924157176689, 4.721085285844135, 1.5491875536588262, 4.731514527082565, 3.141493084692557, 4.750301294724717, 1.611658171629476, 1.5682966947994097, 3.139153834890996, 4.734754644614733, 3.1332596918307822, 1.5717712500515668, 4.712830624785433, 4.714271592929641, -0.01526570011742268, 0.0016216578176983295, 0.0006659318190348305, -0.0033565626974729856, 3.13912750679692, 1.571311123925927, 3.1382125855113374, -0.0005547198426317041, 3.143615698481136, -0.001710966859948836, -0.0009383285191201754, 3.139598888797569, -0.0027643769996186073, 1.5384405076250036, -0.006197125661434729, 4.730702549592134, 1.593632678737878, 4.712770427178912, 1.5704897050702809, 1.57121991770104, 3.137486766668396, -0.006034454839293575, 4.712652179347157, 3.1425427371072607, -0.0010748257685642753, 4.712718559702641]",0.0
704,1.561438954555456,"[1.5749241571667285, 4.721085285829637, 1.5491875536815984, 4.731514527119896, 3.1414930846846283, 4.750301294704268, 1.6116581716348168, 1.5682966947522572, 3.1391538349159465, 4.734754644561571, 3.1332596918127233, 1.5717712500287122, 4.712830624764009, 4.714271592937849, -0.01526570012823247, 0.001621657812720583, 0.0006659318269389274, -0.003356562705553057, 3.1391275068244924, 1.571311123914241, 3.138212585481515, -0.0005547198106726329, 3.1436156984844237, -0.0017109668618449877, -0.000938328518735455, 3.1395988887945383, -0.0027643770100897725, 1.538440507637584, -0.006197125675204585, 4.730702549598994, 1.5936326786920285, 4.712770427176357, 1.5704897050737434, 1.571219917699867, 3.137486766687222, -0.00603445482479474, 4.712652179369227, 3.1425427371150314, -0.001074825756372141, 4.712718559689428]",0.0
705,1.5648377072105406,"[1.5749241571897314, 4.72108528578708, 1.549187553685126, 4.731514527065592, 3.1414930846747313, 4.7503012947094625, 1.611658171614846, 1.5682966947462664, 3.139153834909104, 4.7347546445810895, 3.133259691793256, 1.5717712500309535, 4.712830624786554, 4.714271592928062, -0.015265700122732973, 0.0016216578064521669, 0.0006659317998719774, -0.003356562714945684, 3.1391275068439675, 1.571311123916741, 3.1382125854695087, -0.0005547197949222324, 3.143615698495171, -0.0017109668892033665, -0.0009383285102033018, 3.139598888776996, -0.002764377010989263, 1.5384405076217784, -0.006197125676458881, 4.730702549574166, 1.593632678717654, 4.71277042715872, 1.5704897050863333, 1.5712199177106225, 3.1374867666880846, -0.006034454792255883, 4.712652179370222, 3.142542737055397, -0.0010748257540340257, 4.7127185597193115]",0.0
706,1.5565245143702406,"[1.5749241571927295, 4.721085285814006, 1.5491875536685071, 4.731514527088456, 3.1414930846794205, 4.750301294697878, 1.611658171644321, 1.5682966947582848, 3.139153834918387, 4.734754644584726, 3.133259691828192, 1.5717712500221264, 4.712830624782694, 4.714271592927805, -0.015265700117508356, 0.0016216577899710852, 0.000665931820521448, -0.0033565626898185825, 3.139127506809217, 1.5713111239119524, 3.1382125854696783, -0.0005547198133012273, 3.1436156984807146, -0.0017109668709453802, -0.0009383285227201901, 3.1395988887811637, -0.0027643770276297437, 1.53844050761647, -0.006197125679677238, 4.7307025496043345, 1.5936326786819615, 4.7127704271775865, 1.5704897050644115, 1.5712199177089319, 3.1374867666716626, -0.006034454814719352, 4.712652179360521, 3.142542737112581, -0.0010748257565848303, 4.712718559678078]",0.0
707,1.556268290174402,"[1.57492415716105, 4.721085285810208, 1.549187553655705, 4.731514527116305, 3.141493084679725, 4.750301294714085, 1.6116581716103011, 1.568296694787129, 3.1391538348595165, 4.73475464459737, 3.1332596918202342, 1.571771249979191, 4.712830624759937, 4.714271592925314, -0.0152657001169636, 0.001621657772169526, 0.0006659318214886715, -0.0033565626647294165, 3.1391275068553792, 1.57131112391083, 3.138212585452149, -0.0005547198173262226, 3.143615698478853, -0.0017109668734018096, -0.0009383285045518935, 3.1395988887878716, -0.0027643769997115594, 1.538440507649626, -0.006197125695114602, 4.73070254958473, 1.59363267870226, 4.712770427169454, 1.570489705060391, 1.5712199176886612, 3.1374867666725015, -0.006034454813128794, 4.71265217937552, 3.1425427371103702, -0.0010748257503478277, 4.712718559666355]",0.0
708,1.5649736656932758,"[1.5749241571641925, 4.721085285825024, 1.5491875536577902, 4.731514527087205, 3.141493084688209, 4.750301294719067, 1.611658171645991, 1.5682966947774941, 3.139153834934148, 4.734754644574811, 3.1332596918151845, 1.5717712500270666, 4.712830624765768, 4.714271592933409, -0.015265700126903838, 0.001621657799429667, 0.0006659317939231411, -0.003356562697030507, 3.13912750682284, 1.5713111239034998, 3.1382125854611815, -0.0005547198079458145, 3.1436156984929293, -0.0017109668714263516, -0.0009383285188424218, 3.1395988887937323, -0.0027643770035543627, 1.5384405076383945, -0.006197125688413278, 4.73070254958739, 1.5936326786991106, 4.712770427187396, 1.5704897050745537, 1.5712199177050248, 3.1374867666784425, -0.006034454821744493, 4.712652179358853, 3.142542737099278, -0.001074825755780392, 4.712718559666145]",0.0
709,1.5605605416105195,"[1.5749241571652224, 4.721085285848743, 1.5491875536393702, 4.731514527094701, 3.141493084694933, 4.750301294709287, 1.611658171638128, 1.5682966947679549, 3.1391538349230554, 4.734754644580452, 3.133259691816959, 1.5717712500211403, 4.712830624735515, 4.714271592941874, -0.015265700126756829, 0.0016216578241176052, 0.0006659318268044498, -0.003356562658819079, 3.139127506823459, 1.5713111239181552, 3.138212585491649, -0.0005547197812447506, 3.143615698468919, -0.0017109669183538196, -0.0009383284957940706, 3.1395988887568635, -0.002764377023935148, 1.5384405076127678, -0.006197125664782381, 4.730702549592258, 1.5936326786796458, 4.712770427166996, 1.57048970509531, 1.571219917698513, 3.137486766645136, -0.00603445482444461, 4.712652179385941, 3.1425427370920955, -0.0010748257692891458, 4.71271855969041]",0.0
710,1.559547886308442,"[1.5749241571641235, 4.721085285822147, 1.5491875536666888, 4.731514527097154, 3.141493084692006, 4.750301294714279, 1.611658171625606, 1.5682966947611947, 3.1391538349140733, 4.734754644573397, 3.1332596918159825, 1.5717712500191234, 4.712830624770188, 4.714271592920767, -0.015265700138268735, 0.0016216578000443711, 0.0006659318198996286, -0.0033565626792232965, 3.1391275068196696, 1.571311123922054, 3.138212585474577, -0.0005547198136709013, 3.143615698472081, -0.0017109668615167618, -0.0009383285299762525, 3.1395988887790955, -0.002764377022255924, 1.5384405076227194, -0.006197125686407405, 4.730702549610619, 1.593632678703534, 4.712770427188868, 1.5704897050828475, 1.5712199177010957, 3.1374867666948996, -0.00603445481515598, 4.712652179360706, 3.142542737081828, -0.0010748257836108918, 4.712718559670884]",0.0
711,1.5599647318215477,"[1.5749241571413821, 4.721085285835998, 1.5491875536480797, 4.731514527111729, 3.1414930846823776, 4.750301294695884, 1.611658171623153, 1.5682966947609611, 3.139153834909501, 4.734754644574854, 3.1332596918306406, 1.5717712500338863, 4.712830624785605, 4.71427159288554, -0.015265700149192872, 0.0016216577768635948, 0.0006659318464493925, -0.0033565627169134175, 3.1391275068335105, 1.571311123923356, 3.1382125854547365, -0.000554719777989869, 3.1436156985112813, -0.0017109668869158443, -0.0009383285198391752, 3.1395988888048714, -0.0027643770324634162, 1.5384405075955576, -0.0061971256730375054, 4.73070254958626, 1.5936326787236441, 4.712770427188328, 1.5704897050905007, 1.5712199177177302, 3.1374867666581014, -0.006034454827746406, 4.712652179347782, 3.1425427371113543, -0.0010748257505740022, 4.712718559676026]",0.0
712,1.5686103286772908,"[1.5749241571519328, 4.721085285802794, 1.5491875536903197, 4.731514527133782, 3.1414930846805134, 4.750301294736534, 1.6116581716312237, 1.5682966947950447, 3.1391538349171593, 4.734754644612477, 3.133259691818827, 1.5717712500378596, 4.7128306247547025, 4.714271592911647, -0.015265700117789141, 0.0016216578203928625, 0.0006659318024997169, -0.003356562696996427, 3.1391275068047495, 1.5713111239331887, 3.138212585457465, -0.0005547197895640734, 3.1436156985066743, -0.0017109668845361697, -0.0009383285170481058, 3.1395988887755304, -0.0027643769926149774, 1.5384405075895544, -0.006197125671358008, 4.730702549631834, 1.5936326786824575, 4.7127704271753785, 1.5704897050560678, 1.5712199177119535, 3.1374867666959965, -0.006034454784664622, 4.712652179376993, 3.1425427371131, -0.0010748257639169188, 4.712718559676112]",0.0
713,1.5688127228895026,"[1.5749241571654642, 4.721085285822368, 1.5491875536743585, 4.731514527092667, 3.1414930846988183, 4.750301294728242, 1.6116581716277725, 1.5682966947597627, 3.139153834919384, 4.734754644571944, 3.1332596918206574, 1.5717712500164969, 4.712830624767949, 4.714271592924485, -0.01526570012755357, 0.001621657800778625, 0.0006659318332453294, -0.0033565626815514355, 3.139127506812235, 1.5713111239289426, 3.1382125854667207, -0.0005547198198975642, 3.1436156984882446, -0.001710966880081136, -0.0009383285311222577, 3.139598888777035, -0.0027643770020111436, 1.5384405076159167, -0.006197125682237979, 4.730702549567931, 1.593632678690886, 4.712770427174952, 1.570489705062708, 1.5712199177273194, 3.1374867666904676, -0.006034454827693752, 4.712652179368511, 3.142542737105344, -0.0010748257532793809, 4.71271855968106]",0.0
714,1.5783218566614363,"[1.5749241571820127, 4.721085285824538, 1.5491875536786608, 4.731514527101963, 3.1414930846856666, 4.750301294715678, 1.61165817162819, 1.5682966947612746, 3.139153834908677, 4.7347546445789215, 3.1332596918240943, 1.5717712500303, 4.712830624769833, 4.714271592931914, -0.015265700124109277, 0.0016216578005442332, 0.0006659318194311319, -0.003356562685918548, 3.139127506819628, 1.5713111239189816, 3.138212585470023, -0.0005547198043484387, 3.143615698487356, -0.0017109668780370007, -0.0009383285117094308, 3.1395988887917166, -0.002764377002485219, 1.5384405076202108, -0.006197125682316113, 4.730702549594577, 1.5936326786956847, 4.712770427185987, 1.5704897050816675, 1.5712199177126622, 3.137486766681433, -0.00603445482651638, 4.712652179364349, 3.1425427370960315, -0.0010748257602870102, 4.712718559667483]",0.0
715,1.5730943548551037,"[1.5749241571653558, 4.721085285805688, 1.5491875536691186, 4.731514527102664, 3.14149308469757, 4.75030129471102, 1.6116581716370633, 1.568296694755286, 3.139153834914823, 4.734754644596397, 3.1332596918211126, 1.5717712500495093, 4.712830624758842, 4.714271592935382, -0.015265700133650919, 0.0016216577953886357, 0.0006659318393764049, -0.0033565626958588324, 3.139127506817681, 1.5713111239100594, 3.138212585462266, -0.0005547198206776575, 3.1436156984969212, -0.0017109668740732773, -0.0009383285106951156, 3.139598888772328, -0.0027643770181086163, 1.5384405076251657, -0.006197125677633963, 4.730702549584692, 1.5936326786946569, 4.712770427176457, 1.5704897050652362, 1.571219917681692, 3.137486766683027, -0.00603445482770555, 4.712652179365414, 3.1425427370879793, -0.0010748257606583809, 4.712718559664149]",0.0
716,1.559090159650842,"[1.574924157175766, 4.721085285815399, 1.5491875536594104, 4.731514527109307, 3.1414930846906293, 4.750301294703213, 1.6116581716298473, 1.5682966947658186, 3.1391538349132238, 4.734754644580726, 3.1332596918246796, 1.571771250031405, 4.712830624769024, 4.714271592927851, -0.015265700128386727, 0.0016216578059723057, 0.0006659318166866236, -0.0033565626850585828, 3.1391275068159863, 1.5713111239172985, 3.1382125854713725, -0.0005547198092147412, 3.1436156984896013, -0.0017109668724383546, -0.000938328523833289, 3.1395988887965967, -0.0027643770091830377, 1.5384405076190575, -0.006197125680528662, 4.730702549588073, 1.5936326786927386, 4.712770427175802, 1.5704897050707711, 1.5712199177067725, 3.137486766684829, -0.00603445482494077, 4.712652179374058, 3.1425427370879917, -0.001074825756732455, 4.712718559674768]",0.0
717,1.5685008486963519,"[1.5749241571764014, 4.721085285831856, 1.549187553688821, 4.731514527109222, 3.1414930846808278, 4.750301294704128, 1.611658171630438, 1.568296694789631, 3.1391538349164536, 4.734754644581642, 3.133259691811352, 1.5717712500297678, 4.7128306247641385, 4.714271592913255, -0.015265700134627318, 0.001621657793094129, 0.0006659318239376597, -0.0033565626878295173, 3.1391275068035367, 1.5713111239066182, 3.1382125854709453, -0.0005547198124339898, 3.143615698473739, -0.0017109668791790006, -0.0009383285265207341, 3.139598888780546, -0.0027643770199831893, 1.5384405076269, -0.00619712568034768, 4.730702549585355, 1.593632678691913, 4.712770427179484, 1.5704897050839521, 1.5712199176984094, 3.137486766687014, -0.006034454820807876, 4.712652179367042, 3.1425427370831147, -0.0010748257312421414, 4.71271855967668]",0.0
718,1.5619376896067978,"[1.574924157174072, 4.721085285820442, 1.5491875536677941, 4.731514527110212, 3.1414930846904467, 4.750301294713531, 1.6116581716285037, 1.5682966947619874, 3.139153834916182, 4.7347546445824165, 3.1332596918139455, 1.5717712500283592, 4.712830624770172, 4.714271592920252, -0.015265700120049526, 0.00162165779628034, 0.0006659318183647063, -0.003356562682413322, 3.1391275068148663, 1.571311123913741, 3.1382125854752636, -0.0005547198116843288, 3.143615698498365, -0.0017109668735016468, -0.000938328515638366, 3.1395988887833326, -0.0027643770075823936, 1.5384405076220484, -0.006197125685798689, 4.730702549589386, 1.593632678686454, 4.7127704271838216, 1.5704897050804307, 1.5712199176997501, 3.1374867666826214, -0.006034454825984431, 4.712652179356173, 3.142542737094483, -0.0010748257582632679, 4.712718559684217]",0.0
719,1.5690271414964294,"[1.5749241571822878, 4.721085285817853, 1.5491875536671451, 4.731514527113708, 3.141493084694014, 4.750301294713551, 1.6116581716377272, 1.5682966947714405, 3.1391538349192762, 4.734754644583279, 3.1332596918206983, 1.5717712500209733, 4.712830624769381, 4.71427159293009, -0.015265700142709341, 0.0016216578012259422, 0.0006659318178992436, -0.003356562683761717, 3.1391275068093245, 1.5713111239297506, 3.1382125854520435, -0.0005547198189425922, 3.143615698484158, -0.0017109668611324912, -0.0009383284937432555, 3.1395988887965465, -0.0027643770202752955, 1.5384405076234853, -0.006197125662497589, 4.730702549572861, 1.593632678689342, 4.712770427185731, 1.5704897050883877, 1.5712199177051458, 3.137486766683795, -0.006034454805828174, 4.71265217936155, 3.1425427370996593, -0.001074825764992979, 4.712718559686695]",0.0
720,1.5615436963651854,"[1.574924157178784, 4.721085285826648, 1.549187553674385, 4.731514527106844, 3.141493084692393, 4.750301294718928, 1.6116581716317682, 1.5682966947623351, 3.1391538349105104, 4.73475464457554, 3.133259691827717, 1.5717712500287653, 4.712830624764815, 4.714271592925955, -0.0152657001378388, 0.0016216578001741783, 0.00066593181068282, -0.0033565626887259985, 3.1391275068211173, 1.571311123921226, 3.138212585468889, -0.0005547198168317171, 3.143615698492551, -0.0017109668740103506, -0.0009383285192479115, 3.1395988887848247, -0.002764377012797189, 1.5384405076192234, -0.0061971256805799626, 4.730702549593468, 1.5936326786917818, 4.71277042717007, 1.57048970507314, 1.571219917700053, 3.137486766674434, -0.0060344548203614245, 4.712652179358005, 3.1425427370911825, -0.001074825752697133, 4.7127185596759285]",0.0
721,1.5594394693097335,"[1.5749241571837373, 4.7210852858096155, 1.5491875536628652, 4.731514527127956, 3.1414930846869042, 4.750301294720394, 1.611658171642689, 1.5682966947659878, 3.1391538349305783, 4.73475464458359, 3.1332596918224422, 1.5717712500294057, 4.7128306247769105, 4.714271592935628, -0.01526570013161888, 0.001621657799740691, 0.000665931832537875, -0.0033565626805623756, 3.139127506819368, 1.5713111239192479, 3.1382125854642235, -0.0005547198103431661, 3.1436156984742025, -0.0017109668956295197, -0.0009383285262731221, 3.1395988887907906, -0.0027643770049073212, 1.5384405076322654, -0.0061971256914549735, 4.73070254959651, 1.5936326787115431, 4.712770427168163, 1.570489705076025, 1.5712199177047959, 3.137486766681788, -0.006034454818164901, 4.7126521793454215, 3.1425427370942876, -0.0010748257570294358, 4.712718559684787]",0.0
722,1.5701451864496303,"[1.57492415717734, 4.7210852858312915, 1.5491875536759188, 4.731514527110977, 3.1414930846966276, 4.750301294705044, 1.6116581716299652, 1.5682966947695995, 3.1391538349145343, 4.734754644582528, 3.133259691821549, 1.5717712500341046, 4.712830624771688, 4.714271592927752, -0.015265700125379431, 0.0016216577973112115, 0.0006659318160085864, -0.0033565626883134366, 3.1391275068226694, 1.5713111239122288, 3.1382125854586507, -0.0005547198126584777, 3.14361569848807, -0.001710966880454314, -0.0009383285187914531, 3.1395988887818382, -0.002764377012981095, 1.5384405076259535, -0.006197125678973493, 4.730702549588906, 1.5936326786943134, 4.712770427178903, 1.5704897050696365, 1.5712199177100032, 3.1374867666840403, -0.006034454824119961, 4.7126521793642695, 3.142542737093536, -0.0010748257694416304, 4.71271855968209]",0.0
723,1.5669302461627017,"[1.5749241571829677, 4.721085285825197, 1.5491875536695228, 4.731514527114357, 3.141493084663223, 4.750301294728562, 1.6116581716244287, 1.5682966947614583, 3.139153834921426, 4.734754644575504, 3.1332596918170803, 1.5717712500325287, 4.712830624755885, 4.714271592921696, -0.01526570012388588, 0.0016216577981270433, 0.0006659318170296665, -0.0033565626930275004, 3.1391275068143, 1.5713111239076107, 3.1382125854675906, -0.0005547198241916544, 3.1436156984814994, -0.001710966879347311, -0.0009383285170941764, 3.1395988887970954, -0.002764377023440817, 1.53844050760656, -0.006197125696282633, 4.730702549576354, 1.593632678702051, 4.712770427184106, 1.570489705065431, 1.5712199176960575, 3.137486766673507, -0.0060344548204774705, 4.712652179377053, 3.1425427370976418, -0.0010748257747007217, 4.712718559681003]",0.0
724,1.5610610475352635,"[1.574924157179338, 4.721085285816866, 1.5491875536703668, 4.731514527104806, 3.14149308468974, 4.750301294713681, 1.6116581716270844, 1.5682966947642343, 3.1391538349168586, 4.7347546445754185, 3.1332596918269835, 1.571771250031011, 4.712830624764779, 4.714271592920904, -0.015265700133359504, 0.0016216577988939663, 0.0006659318236133688, -0.003356562685381142, 3.1391275068178017, 1.5713111239083437, 3.1382125854690868, -0.0005547198161154248, 3.1436156984889525, -0.001710966880659748, -0.0009383285215961155, 3.1395988887867805, -0.002764377001426795, 1.5384405076276728, -0.006197125670444618, 4.730702549592833, 1.593632678695413, 4.712770427191646, 1.5704897050727444, 1.5712199177028316, 3.1374867666759174, -0.006034454814001318, 4.712652179367329, 3.1425427370951122, -0.0010748257590341653, 4.71271855968108]",0.0
725,1.5719686866825773,"[1.5749241571695844, 4.7210852858289165, 1.5491875536739965, 4.731514527115198, 3.1414930846842295, 4.750301294719261, 1.611658171631334, 1.5682966947540384, 3.1391538349224075, 4.734754644596391, 3.133259691841045, 1.5717712500072052, 4.7128306247676575, 4.71427159293823, -0.015265700130346812, 0.0016216577872548152, 0.0006659318137560024, -0.003356562697303542, 3.1391275068061772, 1.5713111239201751, 3.1382125854799527, -0.0005547197951758958, 3.1436156984903922, -0.001710966876185503, -0.0009383285179108225, 3.139598888785568, -0.002764377017211554, 1.538440507632099, -0.006197125675305969, 4.7307025495863995, 1.593632678698392, 4.712770427194562, 1.5704897050586804, 1.571219917702022, 3.1374867666842, -0.006034454824115443, 4.71265217936637, 3.142542737077587, -0.001074825755649301, 4.712718559686966]",0.0
726,1.5717698820330785,"[1.5749241571697572, 4.721085285819016, 1.5491875536664927, 4.731514527105251, 3.141493084687423, 4.750301294715613, 1.6116581716319978, 1.5682966947689132, 3.139153834908749, 4.7347546445736866, 3.1332596918290574, 1.5717712500383099, 4.712830624761773, 4.714271592930196, -0.015265700124081736, 0.0016216577964490513, 0.0006659318218566523, -0.003356562690457314, 3.139127506818561, 1.571311123916597, 3.1382125854674086, -0.0005547198093363706, 3.1436156984783152, -0.001710966874075477, -0.0009383285120816032, 3.13959888878741, -0.0027643770122865877, 1.5384405076209198, -0.00619712568476696, 4.73070254959017, 1.5936326786882715, 4.712770427185843, 1.5704897050697433, 1.5712199177089325, 3.1374867666847224, -0.0060344548188038215, 4.712652179355727, 3.1425427370890437, -0.0010748257548477992, 4.712718559685935]",0.0
727,1.563772124648512,"[1.5749241571774462, 4.721085285827822, 1.5491875536643562, 4.7315145271090575, 3.1414930847014886, 4.750301294713595, 1.6116581716375173, 1.5682966947554422, 3.1391538349075403, 4.734754644574947, 3.133259691816456, 1.5717712500352665, 4.712830624761371, 4.714271592921514, -0.015265700123128952, 0.0016216577754401321, 0.0006659318111096401, -0.003356562690316983, 3.1391275068070397, 1.5713111239113755, 3.1382125854885663, -0.0005547198062421839, 3.143615698481551, -0.0017109668880600426, -0.000938328515661672, 3.1395988887952577, -0.002764377008439667, 1.5384405076221546, -0.006197125670144727, 4.730702549580506, 1.5936326786998658, 4.71277042716672, 1.5704897050718731, 1.5712199177010715, 3.1374867666988666, -0.006034454799351603, 4.712652179360811, 3.14254273710228, -0.0010748257642851883, 4.712718559665315]",0.0
728,1.5644799235321523,"[1.574924157173685, 4.721085285815365, 1.549187553677218, 4.731514527107208, 3.1414930846968074, 4.750301294710966, 1.6116581716354412, 1.5682966947580859, 3.1391538349136234, 4.734754644587568, 3.133259691813876, 1.5717712500286314, 4.7128306247554015, 4.714271592925023, -0.01526570012733468, 0.0016216577979154484, 0.000665931813141737, -0.0033565626837338243, 3.139127506818922, 1.5713111239161448, 3.13821258546799, -0.0005547198116493958, 3.143615698480844, -0.0017109668768650185, -0.0009383285202959788, 3.139598888794286, -0.002764377015340571, 1.538440507619179, -0.006197125677219368, 4.730702549590772, 1.593632678700439, 4.712770427186442, 1.5704897050718278, 1.5712199177084352, 3.1374867666773376, -0.006034454826497852, 4.712652179360086, 3.1425427370960644, -0.001074825754719938, 4.712718559680817]",0.0
729,1.565751910458728,"[1.5749241571656092, 4.721085285803775, 1.54918755367944, 4.731514527107302, 3.141493084674027, 4.750301294705912, 1.6116581716238076, 1.568296694770343, 3.139153834915698, 4.7347546445787385, 3.1332596918289233, 1.5717712500221106, 4.712830624758273, 4.714271592919888, -0.015265700123447357, 0.0016216578026155514, 0.0006659318147844992, -0.0033565626968535558, 3.139127506810414, 1.571311123918721, 3.1382125854726834, -0.0005547198102671297, 3.1436156984810046, -0.0017109668824420107, -0.000938328526981376, 3.1395988887912187, -0.0027643770089840034, 1.5384405076331331, -0.006197125664192072, 4.73070254957787, 1.5936326786811532, 4.712770427166233, 1.570489705079041, 1.571219917705587, 3.1374867666719934, -0.006034454831387883, 4.712652179342581, 3.142542737091447, -0.0010748257801495183, 4.712718559668565]",0.0
730,1.5658110845676056,"[1.5749241571648005, 4.721085285824627, 1.5491875536616773, 4.731514527109692, 3.1414930846878635, 4.750301294708738, 1.6116581716318357, 1.5682966947640127, 3.1391538349143957, 4.7347546445790085, 3.133259691820503, 1.5717712500295833, 4.712830624769866, 4.714271592915167, -0.015265700132419081, 0.0016216577930461009, 0.0006659318246186617, -0.003356562696755612, 3.139127506818483, 1.5713111239183597, 3.1382125854634455, -0.0005547198035548762, 3.1436156984901635, -0.0017109668755127176, -0.0009383285226655929, 3.1395988887879733, -0.0027643770153018927, 1.5384405076170236, -0.006197125675735373, 4.7307025495867014, 1.5936326787015074, 4.712770427180157, 1.570489705073893, 1.5712199177043709, 3.1374867666737782, -0.006034454820196742, 4.7126521793589715, 3.142542737097165, -0.0010748257573721615, 4.712718559681542]",0.0
731,1.5615887407441733,"[1.574924157183743, 4.7210852858263515, 1.5491875536847235, 4.731514527099528, 3.141493084677422, 4.7503012947167145, 1.611658171626435, 1.568296694759617, 3.1391538349071455, 4.734754644582697, 3.133259691826113, 1.5717712500314804, 4.712830624776562, 4.714271592933334, -0.015265700128490486, 0.0016216577978306911, 0.0006659318318558033, -0.0033565626902314996, 3.139127506819381, 1.571311123922441, 3.138212585469227, -0.0005547197949871358, 3.143615698490995, -0.0017109668827880549, -0.0009383285025577788, 3.1395988887970003, -0.002764377002847325, 1.5384405076164318, -0.006197125683315664, 4.730702549594516, 1.5936326787038575, 4.712770427188673, 1.5704897050952618, 1.5712199177144732, 3.1374867666813726, -0.006034454831292419, 4.712652179365568, 3.1425427370998102, -0.0010748257582250823, 4.712718559650233]",0.0
732,1.5577857544594973,"[1.5749241571753767, 4.721085285824486, 1.5491875536636455, 4.73151452710824, 3.141493084684595, 4.750301294716062, 1.6116581716352296, 1.5682966947555768, 3.1391538349036865, 4.734754644580333, 3.1332596918150446, 1.5717712500243324, 4.712830624768906, 4.714271592924922, -0.01526570012897621, 0.0016216578059545577, 0.0006659318167306682, -0.0033565626936856337, 3.1391275068041935, 1.5713111239104105, 3.1382125854590335, -0.0005547198141631791, 3.143615698482632, -0.0017109668813795964, -0.0009383285156637952, 3.1395988887844304, -0.002764377006106457, 1.538440507623903, -0.00619712567548123, 4.73070254959334, 1.593632678694142, 4.712770427180442, 1.5704897050732025, 1.5712199177055213, 3.137486766684087, -0.0060344548254579735, 4.71265217936114, 3.1425427370903694, -0.0010748257576540627, 4.712718559676343]",0.0
733,1.5667567308679304,"[1.574924157175816, 4.721085285818187, 1.549187553672991, 4.731514527109489, 3.1414930846868048, 4.750301294713726, 1.6116581716299907, 1.5682966947649188, 3.139153834909116, 4.734754644581711, 3.1332596918207285, 1.571771250026843, 4.712830624769335, 4.714271592925218, -0.01526570012645455, 0.0016216577936132058, 0.000665931819097318, -0.0033565626904584834, 3.139127506817355, 1.5713111239167659, 3.1382125854642764, -0.000554719813049384, 3.1436156984863155, -0.0017109668702086005, -0.0009383285201514249, 3.139598888789426, -0.002764377006737808, 1.53844050762548, -0.0061971256809652785, 4.7307025495877895, 1.59363267869721, 4.712770427180861, 1.5704897050705209, 1.5712199177031632, 3.13748676668313, -0.006034454820138005, 4.712652179361332, 3.1425427370946184, -0.0010748257578880231, 4.71271855967549]",0.0
734,1.5597375998973158,"[1.5749241571738295, 4.721085285824631, 1.5491875536639017, 4.731514527105954, 3.141493084686398, 4.750301294713222, 1.611658171631418, 1.5682966947681598, 3.139153834907306, 4.734754644583397, 3.133259691816835, 1.5717712500200414, 4.712830624760714, 4.714271592931536, -0.015265700122724192, 0.001621657798765622, 0.0006659318217430512, -0.0033565626805607306, 3.1391275068224096, 1.571311123918756, 3.138212585469425, -0.000554719803907795, 3.1436156984791173, -0.0017109668776540926, -0.0009383285142773544, 3.1395988887791866, -0.002764377006082125, 1.5384405076260068, -0.0061971256778156234, 4.730702549587998, 1.5936326786944799, 4.712770427174861, 1.5704897050748738, 1.571219917698003, 3.1374867666704676, -0.006034454818900541, 4.712652179370573, 3.1425427370966172, -0.0010748257596179926, 4.712718559677067]",0.0
735,1.5591446282824784,"[1.5749241571739045, 4.721085285819591, 1.5491875536744153, 4.73151452710692, 3.141493084686866, 4.75030129471796, 1.6116581716389033, 1.5682966947666195, 3.1391538349113217, 4.734754644580738, 3.1332596918209705, 1.5717712500300562, 4.712830624768169, 4.7142715929228745, -0.015265700128869568, 0.0016216578003065368, 0.0006659318200411019, -0.0033565626855316206, 3.139127506815243, 1.571311123914995, 3.1382125854678535, -0.000554719804540457, 3.143615698487705, -0.0017109668747951011, -0.000938328517911011, 3.1395988887878397, -0.002764377009977263, 1.538440507623077, -0.006197125678024851, 4.730702549589371, 1.5936326786944215, 4.7127704271786595, 1.5704897050709261, 1.5712199177029114, 3.137486766681822, -0.006034454821335286, 4.712652179364862, 3.142542737094174, -0.0010748257621181392, 4.712718559679081]",0.0
736,1.5680067137091478,"[1.5749241571721058, 4.721085285819604, 1.5491875536730986, 4.731514527112525, 3.141493084686773, 4.750301294715988, 1.6116581716284393, 1.5682966947687378, 3.139153834921339, 4.734754644587855, 3.1332596918174445, 1.5717712500327574, 4.712830624762482, 4.714271592928455, -0.015265700123032598, 0.001621657803612089, 0.0006659318150573784, -0.003356562695415789, 3.1391275068103965, 1.5713111239246322, 3.1382125854660288, -0.0005547198075780857, 3.143615698487147, -0.001710966875408357, -0.000938328520433587, 3.1395988887804083, -0.0027643770027729734, 1.538440507613574, -0.006197125676230721, 4.730702549598534, 1.5936326786930106, 4.712770427180304, 1.5704897050728974, 1.5712199177056196, 3.1374867666822754, -0.006034454811061801, 4.712652179365255, 3.142542737097142, -0.0010748257591704992, 4.712718559674498]",0.0
737,1.564112175173596,"[1.5749241571773571, 4.721085285824731, 1.5491875536707052, 4.731514527104192, 3.141493084691084, 4.750301294715298, 1.6116581716294893, 1.568296694763525, 3.139153834916633, 4.734754644581624, 3.133259691821098, 1.5717712500277303, 4.712830624763201, 4.714271592923845, -0.01526570012238228, 0.0016216578000334048, 0.0006659318241987674, -0.0033565626897473027, 3.1391275068140856, 1.5713111239170239, 3.138212585464386, -0.0005547198084168673, 3.143615698486395, -0.0017109668738660168, -0.0009383285178238695, 3.139598888791886, -0.0027643770104503174, 1.5384405076255574, -0.006197125678848155, 4.73070254959118, 1.5936326786948658, 4.712770427176919, 1.5704897050729658, 1.571219917702621, 3.1374867666803827, -0.006034454819384588, 4.7126521793620695, 3.1425427370911114, -0.0010748257591527244, 4.7127185596775005]",0.0
738,1.5664860246122327,"[1.5749241571825834, 4.721085285823477, 1.5491875536730881, 4.731514527103988, 3.141493084690102, 4.750301294703238, 1.6116581716417153, 1.568296694766503, 3.1391538349135084, 4.734754644574541, 3.1332596918187985, 1.5717712500245598, 4.712830624759689, 4.714271592931663, -0.015265700130891768, 0.0016216577961663896, 0.0006659318234150413, -0.0033565626928144295, 3.1391275068100617, 1.5713111239192123, 3.1382125854681573, -0.0005547198081585588, 3.143615698488074, -0.0017109668738177364, -0.0009383285212157588, 3.1395988887857125, -0.0027643769984826826, 1.5384405076142573, -0.006197125683831325, 4.730702549585722, 1.5936326786977062, 4.712770427182968, 1.5704897050738864, 1.5712199176989865, 3.137486766679037, -0.00603445482279801, 4.712652179359195, 3.1425427370890873, -0.0010748257653550384, 4.7127185596809085]",0.0
739,1.5692657846205968,"[1.5749241571800905, 4.721085285822628, 1.5491875536685882, 4.731514527106504, 3.141493084685507, 4.750301294711654, 1.6116581716294727, 1.568296694764414, 3.1391538349157746, 4.7347546445814785, 3.1332596918174995, 1.571771250030223, 4.712830624764634, 4.714271592923505, -0.01526570013157632, 0.001621657800459371, 0.0006659318194220242, -0.0033565626882571973, 3.139127506817283, 1.5713111239195565, 3.1382125854693133, -0.0005547198067596809, 3.1436156984848553, -0.0017109668747028316, -0.0009383285154409799, 3.139598888784524, -0.0027643770086875526, 1.5384405076245433, -0.006197125678449887, 4.730702549587713, 1.593632678695221, 4.712770427181331, 1.570489705067015, 1.5712199177039812, 3.137486766683228, -0.00603445482254724, 4.712652179359163, 3.142542737095004, -0.0010748257590147672, 4.712718559675687]",0.0
740,1.5583135736946183,"[1.5749241571713606, 4.721085285823436, 1.5491875536725925, 4.731514527106959, 3.141493084689625, 4.750301294713438, 1.6116581716310836, 1.5682966947593513, 3.1391538349161974, 4.734754644584743, 3.1332596918137945, 1.571771250035742, 4.71283062477146, 4.714271592926659, -0.015265700136354, 0.0016216577918779116, 0.0006659318203864438, -0.0033565626895710587, 3.1391275068094457, 1.5713111239176132, 3.138212585470834, -0.0005547198101094014, 3.1436156984799233, -0.0017109668718368577, -0.0009383285158888103, 3.1395988887905033, -0.002764377002617311, 1.5384405076278738, -0.006197125685506076, 4.730702549589572, 1.5936326786878707, 4.712770427176916, 1.5704897050722062, 1.571219917710945, 3.137486766668126, -0.006034454819065616, 4.712652179367028, 3.1425427370891597, -0.001074825762902786, 4.712718559678379]",0.0
741,1.565542384014563,"[1.5749241571788895, 4.721085285818531, 1.549187553670163, 4.731514527107009, 3.141493084688048, 4.750301294715295, 1.611658171630959, 1.568296694765435, 3.1391538349112844, 4.734754644580837, 3.1332596918162237, 1.5717712500283896, 4.712830624764992, 4.714271592929874, -0.015265700128082595, 0.0016216577992792512, 0.0006659318208916363, -0.0033565626925431444, 3.1391275068164264, 1.5713111239138184, 3.1382125854700584, -0.0005547198079993288, 3.1436156984897186, -0.0017109668740800177, -0.0009383285198095364, 3.1395988887842368, -0.002764377012638463, 1.5384405076240293, -0.006197125678662423, 4.730702549587365, 1.5936326786969417, 4.71277042717909, 1.5704897050749986, 1.5712199177097972, 3.137486766679155, -0.006034454817493455, 4.712652179362231, 3.142542737090646, -0.001074825759871256, 4.712718559678404]",0.0
742,1.5657943112736157,"[1.5749241571755552, 4.721085285816592, 1.549187553675465, 4.73151452709718, 3.1414930846841833, 4.750301294711506, 1.6116581716301235, 1.5682966947556354, 3.139153834917317, 4.734754644579114, 3.1332596918179254, 1.571771250033022, 4.712830624775429, 4.714271592926142, -0.015265700123618673, 0.0016216577997120408, 0.0006659318127978896, -0.003356562692060907, 3.13912750682125, 1.5713111239211897, 3.1382125854665675, -0.0005547198080230976, 3.1436156984810135, -0.0017109668787538186, -0.0009383285167620784, 3.1395988887844966, -0.002764377006099578, 1.5384405076212855, -0.006197125675314536, 4.730702549583449, 1.5936326787000374, 4.712770427176073, 1.570489705078469, 1.5712199176976591, 3.1374867666829824, -0.006034454818661461, 4.712652179366567, 3.142542737086226, -0.0010748257566711053, 4.712718559686782]",0.0
743,1.5602007621587362,"[1.574924157172216, 4.721085285825263, 1.5491875536720139, 4.731514527107671, 3.141493084684216, 4.750301294711238, 1.6116581716356473, 1.568296694763028, 3.1391538349139703, 4.734754644581111, 3.1332596918178184, 1.5717712500290348, 4.7128306247683, 4.714271592928288, -0.015265700125070517, 0.001621657800480886, 0.0006659318216426568, -0.0033565626858440088, 3.1391275068182636, 1.5713111239184316, 3.1382125854689944, -0.0005547198134081916, 3.143615698487748, -0.001710966876468631, -0.0009383285188973998, 3.1395988887887727, -0.0027643770092977415, 1.5384405076219017, -0.006197125676509576, 4.730702549587252, 1.5936326786943422, 4.712770427182263, 1.5704897050707223, 1.571219917704738, 3.1374867666791837, -0.006034454816228618, 4.712652179359996, 3.142542737089373, -0.0010748257587663808, 4.712718559674572]",0.0
744,1.5637025682392058,"[1.574924157175702, 4.721085285822325, 1.5491875536707518, 4.731514527109168, 3.1414930846924323, 4.75030129471968, 1.6116581716260505, 1.5682966947666768, 3.1391538349188033, 4.734754644576809, 3.1332596918159124, 1.57177125002753, 4.712830624774198, 4.7142715929353765, -0.015265700128189218, 0.0016216577957470126, 0.0006659318210955517, -0.0033565626869306816, 3.139127506816676, 1.571311123906467, 3.1382125854676817, -0.000554719805696511, 3.1436156984795773, -0.0017109668702614703, -0.0009383285195462602, 3.1395988887893247, -0.0027643770075379596, 1.5384405076112362, -0.006197125668557557, 4.730702549588612, 1.5936326786921002, 4.712770427179247, 1.5704897050697986, 1.5712199176994495, 3.137486766678594, -0.006034454826429004, 4.712652179358245, 3.142542737091847, -0.0010748257587325169, 4.712718559675041]",0.0
745,1.5652113569790498,"[1.574924157176456, 4.721085285824776, 1.5491875536696555, 4.73151452710584, 3.1414930846886575, 4.750301294714788, 1.61165817163338, 1.568296694763735, 3.1391538349124817, 4.734754644588493, 3.133259691822945, 1.5717712500294292, 4.712830624766892, 4.714271592925812, -0.01526570012912717, 0.0016216578018354842, 0.0006659318205495414, -0.0033565626920274323, 3.139127506819042, 1.5713111239140916, 3.138212585470067, -0.0005547198103029857, 3.1436156984822365, -0.001710966873780559, -0.0009383285218232521, 3.139598888787537, -0.0027643770066627395, 1.5384405076210539, -0.006197125679715489, 4.730702549585505, 1.5936326786929307, 4.712770427180787, 1.5704897050764142, 1.571219917703055, 3.137486766681919, -0.006034454819550882, 4.712652179360917, 3.14254273709519, -0.0010748257601743705, 4.712718559678561]",0.0
746,1.5688177637925353,"[1.5749241571759667, 4.721085285825943, 1.5491875536676134, 4.7315145271043795, 3.141493084689014, 4.750301294716633, 1.6116581716328515, 1.5682966947712855, 3.1391538349105463, 4.734754644582169, 3.1332596918230546, 1.571771250037494, 4.712830624770777, 4.714271592928858, -0.015265700121810768, 0.0016216577998875955, 0.0006659318184483935, -0.003356562687745496, 3.13912750680588, 1.5713111239231068, 3.1382125854765337, -0.0005547198175248178, 3.143615698484831, -0.0017109668707852089, -0.0009383285189394923, 3.1395988887856094, -0.0027643770093240794, 1.5384405076259717, -0.00619712567238369, 4.730702549589306, 1.5936326787076416, 4.7127704271809545, 1.5704897050739726, 1.5712199177032102, 3.137486766674915, -0.0060344548286184055, 4.712652179361709, 3.142542737096156, -0.0010748257607597817, 4.71271855968036]",0.0
747,1.566388558061292,"[1.5749241571742039, 4.721085285824747, 1.5491875536701367, 4.731514527107018, 3.1414930846852003, 4.7503012947116785, 1.6116581716327543, 1.568296694759867, 3.139153834918036, 4.734754644580448, 3.13325969182354, 1.5717712500325018, 4.712830624762566, 4.714271592928037, -0.015265700128287945, 0.0016216577999538502, 0.0006659318191450235, -0.003356562683523562, 3.1391275068127578, 1.5713111239129258, 3.1382125854671816, -0.0005547198070568113, 3.1436156984858656, -0.001710966872713428, -0.0009383285183872472, 3.139598888783098, -0.0027643770093509347, 1.5384405076215253, -0.006197125677184946, 4.730702549587523, 1.5936326786969115, 4.712770427177452, 1.5704897050767257, 1.5712199177067347, 3.1374867666802655, -0.006034454820624478, 4.712652179361726, 3.1425427370934513, -0.0010748257594128715, 4.712718559678256]",0.0
748,1.5607223208560514,"[1.5749241571738992, 4.721085285815971, 1.5491875536750637, 4.731514527112137, 3.1414930846826006, 4.750301294711547, 1.6116581716273437, 1.568296694763511, 3.1391538349059243, 4.734754644582544, 3.133259691823066, 1.5717712500253167, 4.712830624768656, 4.714271592926481, -0.015265700124571634, 0.0016216577881909085, 0.0006659318169116349, -0.0033565626864692243, 3.1391275068165725, 1.5713111239148785, 3.1382125854591076, -0.0005547198142351333, 3.143615698486168, -0.0017109668622387131, -0.0009383285213788072, 3.1395988887876873, -0.0027643770007092752, 1.538440507626307, -0.006197125682632427, 4.7307025495875195, 1.593632678701982, 4.712770427177936, 1.5704897050702784, 1.5712199177028618, 3.1374867666838564, -0.006034454818212193, 4.7126521793614256, 3.1425427370970405, -0.0010748257561732756, 4.712718559674663]",0.0
749,1.562702766767095,"[1.574924157176562, 4.721085285822603, 1.5491875536702366, 4.731514527106882, 3.1414930846875344, 4.750301294714699, 1.6116581716304683, 1.5682966947624992, 3.1391538349115287, 4.734754644579664, 3.133259691818856, 1.5717712500327925, 4.712830624766638, 4.714271592930974, -0.015265700128194398, 0.001621657797319461, 0.0006659318185163987, -0.003356562686835189, 3.139127506813038, 1.5713111239205462, 3.13821258546417, -0.0005547198063763427, 3.1436156984863834, -0.0017109668767233976, -0.000938328525807513, 3.1395988887879245, -0.0027643770114368954, 1.5384405076253642, -0.006197125678941054, 4.730702549586827, 1.5936326786918675, 4.71277042718353, 1.5704897050749131, 1.5712199177002315, 3.1374867666801847, -0.0060344548203257005, 4.712652179362443, 3.1425427370957917, -0.0010748257594063767, 4.712718559677289]",0.0
750,1.5606074112581676,"[1.5749241571759298, 4.721085285824018, 1.5491875536701563, 4.7315145271080645, 3.141493084689002, 4.750301294714649, 1.6116581716329186, 1.5682966947626382, 3.13915383491478, 4.734754644582138, 3.133259691821285, 1.5717712500280947, 4.712830624767545, 4.714271592928425, -0.015265700127981664, 0.0016216577968480692, 0.0006659318195434856, -0.003356562689066007, 3.1391275068150497, 1.5713111239171882, 3.1382125854682403, -0.0005547198084772726, 3.1436156984862595, -0.0017109668744859242, -0.0009383285178406274, 3.1395988887857738, -0.0027643770096629117, 1.5384405076226206, -0.006197125679580177, 4.730702549589121, 1.5936326786967088, 4.71277042718262, 1.5704897050720723, 1.5712199177033135, 3.1374867666813837, -0.00603445482031402, 4.712652179365115, 3.142542737092339, -0.0010748257573358676, 4.71271855967872]",0.0
751,1.5713684548716558,"[1.574924157172214, 4.721085285818544, 1.549187553672977, 4.731514527109662, 3.1414930846858504, 4.750301294712582, 1.611658171630797, 1.568296694764026, 3.139153834916076, 4.734754644581438, 3.133259691825965, 1.5717712500235537, 4.712830624765622, 4.714271592927422, -0.015265700126733341, 0.0016216577961972857, 0.0006659318172350777, -0.0033565626921772313, 3.1391275068133515, 1.5713111239182065, 3.138212585470528, -0.0005547198092689811, 3.143615698484764, -0.0017109668781309163, -0.000938328518865803, 3.139598888786552, -0.0027643770103267613, 1.5384405076259935, -0.006197125676139007, 4.730702549586674, 1.593632678692355, 4.712770427180227, 1.5704897050737874, 1.5712199177035613, 3.137486766679358, -0.006034454824565715, 4.712652179361418, 3.1425427370912193, -0.0010748257626857082, 4.7127185596758]",0.0
752,1.5774417922014636,"[1.5749241571771868, 4.721085285820399, 1.5491875536708792, 4.7315145271051335, 3.141493084686318, 4.750301294711801, 1.611658171633366, 1.5682966947638513, 3.1391538349150605, 4.734754644581588, 3.1332596918213778, 1.5717712500281367, 4.712830624768584, 4.714271592927339, -0.015265700126540936, 0.0016216577984256879, 0.0006659318203330462, -0.0033565626891212024, 3.1391275068150026, 1.5713111239169013, 3.1382125854667247, -0.0005547198103129613, 3.1436156984849224, -0.0017109668739325014, -0.0009383285192179177, 3.139598888785247, -0.002764377011209419, 1.5384405076220646, -0.006197125679114942, 4.730702549590412, 1.5936326786935096, 4.712770427180636, 1.570489705072812, 1.5712199177043698, 3.137486766678361, -0.006034454821531511, 4.712652179362736, 3.142542737095121, -0.001074825758784459, 4.7127185596778824]",0.0
753,1.5652557641729894,"[1.5749241571769546, 4.721085285821932, 1.5491875536688755, 4.731514527106719, 3.141493084691195, 4.750301294712217, 1.6116581716345015, 1.568296694762319, 3.1391538349127353, 4.734754644578278, 3.1332596918197995, 1.5717712500306706, 4.71283062476669, 4.7142715929255194, -0.015265700125425552, 0.0016216577920859655, 0.0006659318178749734, -0.0033565626893646296, 3.139127506813504, 1.5713111239155273, 3.1382125854721346, -0.0005547198105310637, 3.143615698483568, -0.0017109668784668752, -0.0009383285173943704, 3.139598888787653, -0.0027643770099035595, 1.5384405076217038, -0.00619712567742342, 4.730702549587978, 1.593632678694842, 4.71277042717674, 1.570489705073857, 1.5712199177033828, 3.137486766684062, -0.006034454815920297, 4.712652179363093, 3.142542737097563, -0.0010748257602539914, 4.712718559673635]",0.0
754,1.5534889948333388,"[1.574924157176837, 4.721085285823539, 1.5491875536717392, 4.731514527107302, 3.1414930846866254, 4.75030129471358, 1.6116581716309606, 1.568296694764625, 3.1391538349131944, 4.734754644579421, 3.133259691821104, 1.5717712500278962, 4.712830624767882, 4.714271592926396, -0.015265700126901014, 0.0016216577982212986, 0.0006659318183380783, -0.0033565626883590755, 3.1391275068157722, 1.5713111239179332, 3.138212585468265, -0.000554719807630072, 3.1436156984850054, -0.001710966876101775, -0.000938328517994042, 3.139598888788788, -0.0027643770079351757, 1.5384405076216794, -0.006197125679076565, 4.730702549589475, 1.5936326786957218, 4.712770427181386, 1.5704897050759086, 1.571219917706738, 3.1374867666799497, -0.00603445482119185, 4.712652179362544, 3.1425427370943693, -0.0010748257592390704, 4.712718559677138]",0.0
755,1.5720332169573639,"[1.5749241571732537, 4.721085285819741, 1.5491875536724355, 4.731514527107712, 3.141493084689528, 4.750301294714638, 1.6116581716318592, 1.5682966947635968, 3.1391538349132886, 4.734754644580436, 3.13325969181997, 1.571771250033389, 4.712830624765951, 4.714271592927999, -0.015265700128973917, 0.0016216577985598453, 0.0006659318244432801, -0.0033565626902569232, 3.1391275068181645, 1.571311123917735, 3.138212585465663, -0.0005547198108209141, 3.1436156984870167, -0.0017109668766882677, -0.000938328514173674, 3.1395988887858555, -0.002764377007973145, 1.5384405076220258, -0.006197125680328226, 4.730702549587982, 1.5936326786970505, 4.7127704271816135, 1.5704897050786202, 1.5712199177022248, 3.1374867666810813, -0.006034454825174053, 4.712652179365115, 3.1425427370933363, -0.0010748257590739916, 4.712718559670133]",0.0
756,1.5657044371102562,"[1.574924157177192, 4.721085285821526, 1.549187553671291, 4.731514527109451, 3.1414930846886624, 4.750301294713397, 1.6116581716333835, 1.568296694763741, 3.1391538349141674, 4.734754644580631, 3.1332596918213174, 1.5717712500306982, 4.712830624766604, 4.7142715929266386, -0.015265700125170402, 0.0016216577989038874, 0.0006659318190943263, -0.003356562690360839, 3.1391275068149973, 1.5713111239164386, 3.13821258546699, -0.0005547198086111987, 3.143615698486151, -0.0017109668757829244, -0.0009383285175577521, 3.1395988887865296, -0.0027643770077522643, 1.5384405076229906, -0.006197125678158368, 4.730702549585231, 1.5936326786942419, 4.712770427180125, 1.5704897050725455, 1.5712199177040875, 3.1374867666777977, -0.006034454821297245, 4.712652179362916, 3.1425427370943604, -0.0010748257567153917, 4.712718559677122]",0.0
757,1.5645363127987382,"[1.5749241571751977, 4.721085285821246, 1.549187553670529, 4.731514527110376, 3.1414930846923634, 4.750301294714191, 1.6116581716327143, 1.568296694762743, 3.139153834914505, 4.734754644576027, 3.1332596918201916, 1.5717712500280923, 4.712830624768212, 4.714271592922559, -0.015265700125703907, 0.0016216578020828412, 0.0006659318179723794, -0.0033565626880910525, 3.13912750681559, 1.5713111239180086, 3.138212585468225, -0.0005547198090287076, 3.1436156984804224, -0.0017109668709685399, -0.0009383285211146821, 3.1395988887828388, -0.0027643770104613355, 1.5384405076236163, -0.006197125681220966, 4.730702549587766, 1.5936326786964445, 4.712770427183436, 1.5704897050748303, 1.5712199177033612, 3.1374867666792743, -0.006034454818783369, 4.7126521793626495, 3.1425427370906216, -0.0010748257620445912, 4.712718559674137]",0.0
758,1.5655441541569042,"[1.574924157174039, 4.721085285822826, 1.5491875536723052, 4.731514527108291, 3.141493084687329, 4.750301294712546, 1.6116581716321305, 1.568296694762336, 3.1391538349139454, 4.73475464457846, 3.1332596918196245, 1.5717712500297412, 4.712830624766045, 4.7142715929279175, -0.015265700126572813, 0.0016216577994928197, 0.0006659318205717503, -0.003356562691222703, 3.1391275068166515, 1.5713111239160595, 3.1382125854700558, -0.0005547198092257136, 3.1436156984850827, -0.0017109668746168065, -0.0009383285201127028, 3.1395988887865385, -0.002764377008523807, 1.538440507624261, -0.006197125679144789, 4.730702549590391, 1.5936326786952744, 4.712770427179504, 1.5704897050727613, 1.5712199177032482, 3.1374867666807953, -0.0060344548222595416, 4.712652179363575, 3.1425427370954035, -0.001074825758771942, 4.712718559677975]",0.0
759,1.5733589884565446,"[1.574924157175014, 4.721085285821546, 1.5491875536702688, 4.731514527110752, 3.141493084688769, 4.750301294712868, 1.611658171633474, 1.5682966947655312, 3.1391538349158967, 4.7347546445786035, 3.133259691818277, 1.571771250026855, 4.71283062476629, 4.7142715929286885, -0.015265700130908761, 0.0016216578002841218, 0.000665931819587111, -0.003356562689214532, 3.139127506814919, 1.5713111239198647, 3.1382125854658107, -0.0005547198129362972, 3.143615698484763, -0.0017109668710477688, -0.0009383285138038264, 3.139598888789594, -0.002764377010534268, 1.5384405076245617, -0.006197125675042547, 4.730702549585969, 1.5936326786933563, 4.712770427180154, 1.5704897050775743, 1.5712199177032713, 3.1374867666825623, -0.006034454818707306, 4.712652179364001, 3.1425427370969072, -0.0010748257601401368, 4.712718559681518]",0.0
760,1.563452913881899,"[1.574924157174584, 4.721085285821555, 1.549187553671601, 4.73151452710723, 3.141493084687259, 4.7503012947134735, 1.6116581716298783, 1.5682966947642945, 3.1391538349141155, 4.734754644580508, 3.1332596918205913, 1.5717712500289733, 4.712830624766665, 4.714271592927451, -0.015265700127730616, 0.0016216577999855397, 0.0006659318191238258, -0.003356562688982261, 3.1391275068137334, 1.5713111239154658, 3.138212585467934, -0.0005547198105154499, 3.1436156984853634, -0.0017109668764489832, -0.0009383285172894466, 3.1395988887873743, -0.0027643770106389443, 1.5384405076212286, -0.006197125681648948, 4.730702549586743, 1.5936326786966506, 4.712770427180435, 1.570489705072401, 1.5712199177020603, 3.13748676667935, -0.006034454819688681, 4.712652179363146, 3.1425427370948436, -0.0010748257606334169, 4.712718559677557]",0.0
761,1.5600537196645279,"[1.5749241571784105, 4.721085285823178, 1.549187553668264, 4.731514527109932, 3.141493084682239, 4.75030129471828, 1.6116581716330813, 1.5682966947640848, 3.1391538349162627, 4.734754644579361, 3.1332596918184796, 1.5717712500307368, 4.712830624762727, 4.714271592924192, -0.015265700125701703, 0.001621657794696298, 0.000665931818357483, -0.003356562689723374, 3.139127506817917, 1.5713111239169417, 3.1382125854667717, -0.000554719813739352, 3.1436156984843, -0.001710966875191121, -0.0009383285208335726, 3.139598888787538, -0.0027643770099614936, 1.5384405076199155, -0.006197125679513319, 4.730702549587444, 1.5936326786947128, 4.712770427180195, 1.5704897050734907, 1.5712199177038202, 3.13748676668002, -0.0060344548236162645, 4.712652179367009, 3.1425427370915218, -0.0010748257625578879, 4.712718559678337]",0.0
762,1.5611905569162319,"[1.5749241571756618, 4.72108528582143, 1.549187553672189, 4.731514527108085, 3.1414930846889026, 4.750301294714128, 1.6116581716306067, 1.5682966947624546, 3.1391538349126953, 4.734754644580526, 3.133259691820926, 1.571771250028539, 4.712830624766701, 4.714271592926106, -0.015265700127380405, 0.001621657798209241, 0.0006659318229975318, -0.003356562687756772, 3.1391275068144617, 1.571311123919281, 3.1382125854682226, -0.0005547198106502601, 3.143615698484824, -0.001710966875815665, -0.0009383285195503623, 3.139598888784966, -0.002764377009011971, 1.5384405076207535, -0.006197125677952541, 4.730702549586859, 1.5936326786944348, 4.71277042717921, 1.570489705072784, 1.571219917705469, 3.1374867666812816, -0.0060344548214949735, 4.712652179363649, 3.142542737093814, -0.0010748257593050593, 4.712718559678595]",0.0
763,1.5665789150113651,"[1.5749241571710098, 4.72108528582216, 1.549187553668946, 4.731514527101326, 3.1414930846902447, 4.750301294717161, 1.6116581716336447, 1.5682966947667611, 3.1391538349183015, 4.7347546445783, 3.1332596918189086, 1.571771250026278, 4.712830624766383, 4.714271592927524, -0.015265700127550763, 0.0016216577983585254, 0.0006659318174873686, -0.0033565626885967053, 3.139127506815624, 1.571311123917253, 3.138212585466114, -0.000554719811402164, 3.143615698486459, -0.0017109668762300783, -0.0009383285214442534, 3.1395988887853634, -0.0027643770057764958, 1.538440507624337, -0.006197125680781826, 4.730702549584707, 1.5936326786953123, 4.712770427179831, 1.570489705072366, 1.571219917707889, 3.137486766682075, -0.006034454822444201, 4.712652179363111, 3.142542737095764, -0.0010748257572242386, 4.712718559676108]",0.0
764,1.554059113037851,"[1.5749241571746597, 4.72108528582356, 1.5491875536728053, 4.731514527105521, 3.141493084687554, 4.750301294712009, 1.6116581716311362, 1.5682966947658654, 3.1391538349127552, 4.734754644580504, 3.1332596918195375, 1.571771250029389, 4.712830624765324, 4.71427159292511, -0.015265700127439165, 0.0016216577976018284, 0.0006659318187511646, -0.0033565626898782995, 3.139127506814049, 1.5713111239160722, 3.1382125854681826, -0.0005547198097238582, 3.1436156984852426, -0.0017109668734546645, -0.0009383285185052473, 3.139598888785597, -0.0027643770102659085, 1.5384405076221863, -0.006197125677372673, 4.730702549587289, 1.5936326786934563, 4.712770427181454, 1.5704897050742082, 1.571219917703326, 3.1374867666807384, -0.006034454821254358, 4.712652179364996, 3.142542737092543, -0.00107482575760328, 4.712718559676425]",0.0
765,1.5698629799781658,"[1.5749241571764958, 4.721085285821165, 1.5491875536719042, 4.731514527111335, 3.1414930846868763, 4.750301294712299, 1.6116581716332308, 1.5682966947698584, 3.139153834916586, 4.734754644581597, 3.133259691818789, 1.5717712500294245, 4.712830624767562, 4.714271592925753, -0.015265700129561377, 0.001621657797383805, 0.0006659318216169442, -0.003356562686943651, 3.1391275068136903, 1.571311123915772, 3.1382125854678393, -0.0005547198103667738, 3.143615698481526, -0.0017109668794196861, -0.0009383285215567687, 3.1395988887860486, -0.002764377009534473, 1.5384405076248626, -0.006197125680856202, 4.730702549589765, 1.59363267869703, 4.712770427177428, 1.5704897050764668, 1.5712199177022113, 3.137486766681858, -0.006034454820768949, 4.712652179361066, 3.142542737090521, -0.00107482575366793, 4.71271855967831]",0.0
766,1.5617617205855723,"[1.574924157173306, 4.7210852858225465, 1.549187553666249, 4.731514527106911, 3.1414930846887037, 4.750301294712674, 1.6116581716312233, 1.5682966947663963, 3.1391538349096177, 4.734754644581991, 3.1332596918188473, 1.5717712500257461, 4.712830624763128, 4.714271592928621, -0.015265700125401158, 0.001621657797781265, 0.0006659318191207696, -0.0033565626848294887, 3.13912750681939, 1.571311123917927, 3.1382125854677168, -0.0005547198073566279, 3.143615698482943, -0.0017109668769864793, -0.000938328516426239, 3.1395988887829978, -0.0027643770066981387, 1.5384405076237384, -0.006197125677652173, 4.7307025495895605, 1.5936326786946957, 4.712770427177912, 1.5704897050742785, 1.571219917700849, 3.137486766675456, -0.00603445482031144, 4.712652179365703, 3.1425427370937697, -0.0010748257602179747, 4.712718559678315]",0.0
767,1.5680894963890744,"[1.5749241571753765, 4.72108528582005, 1.5491875536716495, 4.731514527104791, 3.1414930846874887, 4.7503012947131165, 1.611658171631449, 1.5682966947622206, 3.1391538349146497, 4.734754644580414, 3.1332596918196356, 1.5717712500306298, 4.712830624768404, 4.714271592926432, -0.015265700126677741, 0.0016216577982453991, 0.0006659318175820845, -0.003356562689948977, 3.139127506816806, 1.5713111239182147, 3.138212585467262, -0.0005547198090863011, 3.1436156984846995, -0.0017109668758756864, -0.0009383285180845164, 3.139598888786184, -0.002764377008021253, 1.5384405076225445, -0.006197125677454682, 4.730702549587559, 1.593632678696511, 4.712770427179184, 1.5704897050746802, 1.5712199177022668, 3.137486766681245, -0.006034454820498805, 4.712652179363138, 3.1425427370910004, -0.0010748257593617544, 4.712718559679612]",0.0
768,1.5639999114137821,"[1.5749241571748784, 4.721085285821737, 1.549187553669983, 4.731514527106888, 3.1414930846883933, 4.750301294713853, 1.6116581716325875, 1.5682966947645702, 3.1391538349141546, 4.734754644579748, 3.133259691821077, 1.5717712500304681, 4.712830624765947, 4.714271592927363, -0.01526570012714334, 0.0016216577985652717, 0.0006659318198847622, -0.0033565626895392217, 3.1391275068154494, 1.571311123917326, 3.1382125854682, -0.0005547198093977339, 3.143615698484423, -0.0017109668759803345, -0.0009383285177181222, 3.139598888786326, -0.002764377009851419, 1.538440507622242, -0.006197125678931527, 4.730702549588691, 1.5936326786939368, 4.712770427181063, 1.5704897050736426, 1.5712199177042263, 3.137486766680491, -0.006034454821061683, 4.712652179362336, 3.142542737092747, -0.0010748257592235809, 4.712718559678262]",0.0
769,1.5584496190181467,"[1.5749241571741899, 4.721085285820227, 1.549187553670744, 4.731514527108357, 3.1414930846871503, 4.750301294713463, 1.6116581716311598, 1.5682966947647716, 3.1391538349115233, 4.73475464458072, 3.133259691821953, 1.5717712500298755, 4.712830624765877, 4.714271592927118, -0.015265700126752806, 0.0016216577956963425, 0.000665931819101608, -0.003356562688636021, 3.139127506815691, 1.5713111239164541, 3.138212585465806, -0.0005547198105791925, 3.1436156984851396, -0.0017109668720124557, -0.0009383285185872697, 3.139598888787028, -0.0027643770071937527, 1.5384405076232788, -0.006197125679707821, 4.730702549588823, 1.5936326786958408, 4.712770427180468, 1.5704897050724667, 1.5712199177043067, 3.13748676668176, -0.006034454820195134, 4.712652179360879, 3.1425427370931733, -0.0010748257590203097, 4.712718559677295]",0.0
770,1.5509376096313159,"[1.5749241571759192, 4.721085285821731, 1.5491875536701507, 4.73151452710714, 3.14149308468753, 4.750301294713706, 1.6116581716314808, 1.5682966947645334, 3.139153834914439, 4.7347546445796125, 3.1332596918215767, 1.5717712500295549, 4.712830624767244, 4.714271592926474, -0.01526570012790112, 0.00162165779821218, 0.0006659318204507991, -0.003356562689159236, 3.1391275068153472, 1.571311123916328, 3.1382125854678056, -0.0005547198101452548, 3.1436156984860073, -0.0017109668754756431, -0.0009383285187401384, 3.1395988887857853, -0.00276437700782044, 1.5384405076234986, -0.0061971256779055125, 4.730702549588609, 1.593632678694738, 4.7127704271808835, 1.5704897050737847, 1.5712199177032715, 3.137486766680128, -0.006034454819924822, 4.712652179363484, 3.14254273709337, -0.0010748257597896905, 4.712718559677347]",0.0
771,1.5659478359038648,"[1.574924157175584, 4.72108528581969, 1.5491875536718098, 4.73151452710719, 3.141493084690222, 4.7503012947130845, 1.6116581716321312, 1.5682966947629564, 3.139153834914446, 4.734754644581448, 3.1332596918199043, 1.5717712500293632, 4.712830624763997, 4.714271592925662, -0.015265700128461316, 0.0016216577980655146, 0.000665931818681398, -0.0033565626876311946, 3.1391275068159232, 1.571311123915721, 3.1382125854678686, -0.0005547198111450588, 3.1436156984852093, -0.0017109668763817868, -0.0009383285195725752, 3.1395988887879756, -0.002764377008628508, 1.5384405076227357, -0.006197125676707739, 4.730702549589828, 1.5936326786963233, 4.71277042718322, 1.570489705073387, 1.5712199177043278, 3.137486766679019, -0.006034454821156703, 4.712652179362919, 3.1425427370940584, -0.0010748257589949422, 4.712718559678051]",0.0
772,1.5625283016261922,"[1.574924157175151, 4.721085285822309, 1.5491875536721231, 4.731514527107456, 3.141493084687763, 4.750301294714764, 1.6116581716323344, 1.5682966947641361, 3.139153834914603, 4.734754644581039, 3.1332596918198097, 1.5717712500293186, 4.712830624766078, 4.71427159292678, -0.01526570012700869, 0.0016216577975347608, 0.0006659318196086183, -0.0033565626898320864, 3.139127506815134, 1.5713111239174415, 3.138212585467183, -0.0005547198095880983, 3.143615698485032, -0.0017109668754014828, -0.0009383285181095748, 3.1395988887849198, -0.0027643770087637277, 1.5384405076226453, -0.006197125678250486, 4.730702549588965, 1.5936326786952686, 4.712770427180747, 1.5704897050739848, 1.5712199177034945, 3.137486766679907, -0.006034454820093535, 4.712652179361698, 3.1425427370942414, -0.0010748257597767384, 4.712718559677466]",0.0
773,1.5645323003092613,"[1.5749241571745136, 4.721085285820689, 1.5491875536696684, 4.731514527109042, 3.141493084688457, 4.75030129471274, 1.6116581716314688, 1.5682966947654462, 3.139153834915301, 4.734754644582376, 3.133259691820103, 1.5717712500302434, 4.712830624766247, 4.714271592927144, -0.015265700126885853, 0.001621657800014433, 0.0006659318179298898, -0.0033565626899403895, 3.1391275068140576, 1.571311123918822, 3.1382125854676506, -0.0005547198090582069, 3.1436156984868493, -0.0017109668748335396, -0.0009383285198071779, 3.139598888786444, -0.0027643770075790448, 1.5384405076202805, -0.006197125678159741, 4.7307025495906405, 1.593632678694424, 4.7127704271793185, 1.5704897050733275, 1.571219917704252, 3.137486766681305, -0.0060344548199167845, 4.712652179364559, 3.1425427370933106, -0.0010748257598459654, 4.712718559675995]",0.0
774,1.5622919873203478,"[1.5749241571748258, 4.721085285821804, 1.5491875536702038, 4.731514527107467, 3.14149308468784, 4.750301294714703, 1.6116581716313225, 1.5682966947643386, 3.139153834913922, 4.734754644581472, 3.1332596918207076, 1.5717712500304126, 4.712830624767473, 4.7142715929266545, -0.015265700126627875, 0.0016216577985175389, 0.0006659318191032848, -0.0033565626886518326, 3.139127506815318, 1.571311123917332, 3.138212585468436, -0.0005547198104208284, 3.143615698484949, -0.0017109668748658661, -0.0009383285183782209, 3.1395988887863413, -0.0027643770100979214, 1.538440507623806, -0.0061971256775785995, 4.730702549588602, 1.5936326786958237, 4.712770427180148, 1.5704897050736895, 1.5712199177042296, 3.137486766680074, -0.006034454821345655, 4.712652179363036, 3.1425427370940437, -0.0010748257589423763, 4.712718559677074]",0.0
775,1.5652741540525246,"[1.5749241571767407, 4.721085285823118, 1.5491875536701771, 4.7315145271063255, 3.141493084688974, 4.750301294712428, 1.6116581716340141, 1.5682966947657309, 3.139153834913086, 4.734754644580248, 3.133259691820401, 1.571771250029729, 4.712830624766383, 4.714271592927685, -0.015265700127280213, 0.0016216577978995304, 0.0006659318200833597, -0.0033565626892842018, 3.1391275068129167, 1.5713111239183601, 3.1382125854693217, -0.0005547198106302238, 3.1436156984862746, -0.0017109668739657571, -0.000938328519223066, 3.13959888878675, -0.0027643770076080116, 1.538440507622453, -0.006197125678170118, 4.73070254958786, 1.5936326786977961, 4.71277042718024, 1.5704897050738647, 1.5712199177026323, 3.137486766679236, -0.006034454823256184, 4.712652179361639, 3.142542737092664, -0.0010748257614422434, 4.712718559677802]",0.0
776,1.5656977168038422,"[1.5749241571747803, 4.721085285821742, 1.5491875536697222, 4.731514527107637, 3.1414930846878826, 4.750301294713073, 1.6116581716323293, 1.5682966947644028, 3.1391538349139303, 4.734754644580149, 3.133259691821018, 1.5717712500287695, 4.712830624766399, 4.714271592925995, -0.015265700126957774, 0.0016216577982036662, 0.000665931819890148, -0.003356562689758041, 3.139127506816128, 1.5713111239171351, 3.138212585467044, -0.0005547198091801717, 3.1436156984861277, -0.001710966875432326, -0.000938328519218997, 3.1395988887861335, -0.0027643770101309457, 1.5384405076217498, -0.00619712567769471, 4.730702549588102, 1.5936326786963568, 4.712770427180617, 1.5704897050739663, 1.571219917703167, 3.1374867666807886, -0.0060344548211320355, 4.712652179362171, 3.142542737094112, -0.0010748257589387837, 4.7127185596775165]",0.0
777,1.560386090847416,"[1.5749241571729187, 4.7210852858224905, 1.5491875536693585, 4.731514527107819, 3.141493084688433, 4.750301294712627, 1.6116581716319542, 1.5682966947629453, 3.1391538349144823, 4.734754644581139, 3.1332596918190734, 1.5717712500302143, 4.712830624767995, 4.714271592924756, -0.015265700130127518, 0.0016216577959287215, 0.000665931820482242, -0.003356562690357719, 3.1391275068148947, 1.5713111239172757, 3.138212585467293, -0.000554719808525198, 3.1436156984852666, -0.0017109668746467309, -0.0009383285187480722, 3.1395988887876336, -0.0027643770089551883, 1.5384405076229513, -0.00619712567936957, 4.73070254958821, 1.5936326786946513, 4.712770427179401, 1.5704897050735034, 1.5712199177049717, 3.137486766677237, -0.006034454820841123, 4.71265217936286, 3.1425427370930086, -0.0010748257600476597, 4.712718559677698]",0.0
778,1.567844055647455,"[1.5749241571756183, 4.721085285821526, 1.5491875536707211, 4.731514527107065, 3.1414930846879185, 4.75030129471464, 1.6116581716323426, 1.568296694763471, 3.1391538349137336, 4.734754644580009, 3.1332596918210984, 1.5717712500289445, 4.712830624765981, 4.714271592926742, -0.015265700128548061, 0.001621657798390851, 0.0006659318188776517, -0.0033565626891018507, 3.139127506815482, 1.5713111239178592, 3.1382125854684535, -0.0005547198102177548, 3.143615698485856, -0.001710966874596564, -0.0009383285186428619, 3.1395988887865385, -0.0027643770091680697, 1.5384405076221508, -0.006197125678755642, 4.730702549588864, 1.5936326786948474, 4.712770427179328, 1.5704897050739526, 1.5712199177029147, 3.137486766679441, -0.006034454820751343, 4.712652179362233, 3.14254273709318, -0.001074825758050822, 4.71271855967679]",0.0
779,1.563091653116717,"[1.5749241571763322, 4.721085285824219, 1.5491875536721966, 4.731514527108223, 3.1414930846904947, 4.750301294712387, 1.6116581716317557, 1.568296694764691, 3.13915383491359, 4.734754644580417, 3.133259691821442, 1.571771250029904, 4.712830624767416, 4.714271592927219, -0.015265700128425675, 0.0016216577980376413, 0.0006659318174689057, -0.0033565626887465953, 3.139127506817558, 1.5713111239163926, 3.138212585465714, -0.0005547198112516403, 3.1436156984867183, -0.0017109668762210295, -0.0009383285186929316, 3.139598888785369, -0.002764377010218119, 1.5384405076232237, -0.006197125678920267, 4.730702549589019, 1.5936326786942572, 4.712770427178542, 1.570489705072986, 1.5712199177044426, 3.1374867666806554, -0.006034454821911356, 4.712652179362592, 3.142542737092824, -0.0010748257610241592, 4.712718559677531]",0.0
780,1.5712372955979501,"[1.5749241571756063, 4.721085285821861, 1.5491875536710378, 4.731514527107173, 3.1414930846881126, 4.750301294713914, 1.6116581716321847, 1.5682966947644739, 3.1391538349142767, 4.7347546445802395, 3.1332596918207503, 1.5717712500293253, 4.712830624766634, 4.714271592928141, -0.015265700128132848, 0.0016216577981763639, 0.0006659318198302102, -0.0033565626896004826, 3.1391275068156053, 1.5713111239167252, 3.138212585466955, -0.0005547198091479491, 3.1436156984836146, -0.0017109668748848618, -0.0009383285189493583, 3.1395988887869275, -0.002764377009146034, 1.538440507622052, -0.0061971256771412245, 4.730702549588273, 1.5936326786958337, 4.7127704271798345, 1.5704897050726958, 1.5712199177038801, 3.137486766679956, -0.006034454820839901, 4.712652179363175, 3.1425427370931787, -0.0010748257595357994, 4.71271855967639]",0.0
781,1.571997950850158,"[1.5749241571754042, 4.721085285821392, 1.5491875536701947, 4.73151452710822, 3.1414930846892037, 4.750301294714619, 1.611658171630531, 1.568296694764067, 3.139153834915324, 4.734754644580332, 3.1332596918182087, 1.5717712500285097, 4.712830624768488, 4.714271592927697, -0.015265700126366428, 0.001621657797259018, 0.000665931819775978, -0.003356562687460462, 3.139127506815518, 1.5713111239143454, 3.1382125854687524, -0.0005547198089656953, 3.1436156984861503, -0.001710966873973216, -0.0009383285182581011, 3.139598888786738, -0.0027643770084436366, 1.5384405076208183, -0.006197125677734755, 4.730702549588337, 1.5936326786930355, 4.71277042718061, 1.570489705074026, 1.5712199177022845, 3.1374867666807313, -0.006034454822974652, 4.7126521793609975, 3.1425427370929264, -0.0010748257595726092, 4.71271855967733]",0.0
782,1.5653211733146248,"[1.5749241571752592, 4.721085285822116, 1.5491875536698365, 4.731514527107654, 3.1414930846877334, 4.750301294713928, 1.6116581716325031, 1.5682966947629864, 3.139153834912787, 4.734754644580583, 3.1332596918197364, 1.571771250028761, 4.712830624766652, 4.714271592926647, -0.01526570012758906, 0.0016216577990615438, 0.0006659318191241596, -0.0033565626896652784, 3.139127506814012, 1.5713111239162958, 3.1382125854667096, -0.0005547198101574687, 3.1436156984850077, -0.0017109668759761798, -0.0009383285182205339, 3.1395988887862303, -0.0027643770085701855, 1.538440507622983, -0.006197125678131985, 4.730702549588817, 1.5936326786950885, 4.712770427180301, 1.57048970507372, 1.5712199177039001, 3.137486766680915, -0.0060344548215679125, 4.712652179362609, 3.1425427370929024, -0.0010748257593030672, 4.712718559677099]",0.0
783,1.57286216209788,"[1.5749241571773362, 4.721085285819677, 1.5491875536705537, 4.7315145271052765, 3.1414930846866294, 4.750301294710937, 1.6116581716340488, 1.5682966947635333, 3.1391538349148744, 4.7347546445818445, 3.1332596918205566, 1.571771250028171, 4.712830624768249, 4.714271592927107, -0.01526570012619462, 0.0016216577976553917, 0.0006659318204374038, -0.003356562688435749, 3.1391275068152944, 1.5713111239170792, 3.1382125854665004, -0.0005547198107013343, 3.143615698484912, -0.0017109668739170173, -0.0009383285186435041, 3.139598888785426, -0.002764377010363108, 1.538440507622931, -0.006197125680386789, 4.7307025495899335, 1.5936326786936679, 4.712770427180608, 1.5704897050740025, 1.5712199177043769, 3.1374867666794053, -0.006034454821570565, 4.712652179363803, 3.1425427370949066, -0.0010748257596260207, 4.712718559676824]",0.0
784,1.563937922298716,"[1.5749241571749915, 4.721085285821055, 1.5491875536716555, 4.731514527107342, 3.141493084687794, 4.750301294714499, 1.6116581716339045, 1.568296694764649, 3.1391538349134778, 4.734754644580754, 3.133259691820563, 1.571771250029477, 4.712830624766801, 4.714271592925926, -0.015265700127674873, 0.0016216577984924073, 0.000665931819647301, -0.003356562688112011, 3.1391275068154076, 1.5713111239166757, 3.138212585467805, -0.0005547198083441552, 3.143615698485941, -0.0017109668750601892, -0.0009383285184311027, 3.139598888786818, -0.0027643770092202445, 1.538440507623056, -0.006197125678572821, 4.730702549588437, 1.5936326786949253, 4.712770427179912, 1.5704897050731979, 1.5712199177034873, 3.137486766680836, -0.006034454821123533, 4.712652179363447, 3.1425427370935264, -0.0010748257603082354, 4.7127185596775485]",0.0
785,1.5707648339166376,"[1.5749241571758108, 4.72108528582164, 1.5491875536708242, 4.73151452710822, 3.1414930846879074, 4.7503012947130845, 1.6116581716322196, 1.5682966947638888, 3.139153834913882, 4.734754644580741, 3.133259691820401, 1.5717712500294545, 4.712830624766505, 4.714271592926974, -0.015265700127568109, 0.001621657798247195, 0.0006659318197303171, -0.003356562689156765, 3.139127506815365, 1.5713111239172826, 3.1382125854677043, -0.0005547198097535218, 3.1436156984851498, -0.0017109668746517457, -0.0009383285179529244, 3.1395988887867294, -0.002764377009477909, 1.5384405076227516, -0.006197125678075507, 4.730702549588562, 1.5936326786949764, 4.712770427180332, 1.5704897050741693, 1.5712199177033, 3.137486766680314, -0.006034454820732181, 4.712652179362892, 3.1425427370934433, -0.0010748257597122336, 4.712718559677684]",0.0
786,1.564776472802271,"[1.5749241571746389, 4.721085285821785, 1.549187553670317, 4.731514527106963, 3.1414930846886095, 4.750301294713718, 1.6116581716325484, 1.568296694764624, 3.139153834915305, 4.7347546445800495, 3.1332596918197044, 1.5717712500283432, 4.712830624766204, 4.7142715929274015, -0.015265700127710176, 0.0016216577983479456, 0.0006659318191754337, -0.003356562688909946, 3.139127506815531, 1.5713111239176645, 3.1382125854672784, -0.0005547198104506999, 3.143615698485496, -0.0017109668746251804, -0.0009383285184224601, 3.139598888786796, -0.0027643770083884407, 1.538440507623652, -0.00619712567882436, 4.730702549586983, 1.5936326786949542, 4.712770427180214, 1.5704897050742106, 1.5712199177045068, 3.1374867666811244, -0.006034454820873127, 4.712652179363255, 3.1425427370943013, -0.0010748257592224828, 4.71271855967767]",0.0
787,1.557077592153071,"[1.5749241571756594, 4.7210852858217525, 1.549187553670774, 4.73151452710769, 3.1414930846880647, 4.750301294713366, 1.6116581716324057, 1.5682966947647283, 3.139153834914252, 4.734754644580646, 3.1332596918199247, 1.5717712500296601, 4.712830624766732, 4.714271592926715, -0.015265700127553154, 0.0016216577981747974, 0.0006659318198668291, -0.0033565626886958213, 3.1391275068153006, 1.5713111239168815, 3.1382125854675347, -0.0005547198098402355, 3.143615698484886, -0.0017109668753755845, -0.0009383285188916726, 3.139598888786339, -0.002764377008980375, 1.5384405076227308, -0.006197125678965023, 4.730702549588629, 1.5936326786954833, 4.712770427179939, 1.5704897050739854, 1.5712199177035815, 3.137486766680455, -0.006034454820858346, 4.712652179362753, 3.1425427370933017, -0.001074825758618082, 4.712718559677557]",0.0
788,1.5641275313401586,"[1.574924157175051, 4.721085285821233, 1.5491875536711175, 4.731514527107933, 3.1414930846875655, 4.750301294713008, 1.6116581716317868, 1.5682966947641808, 3.1391538349148536, 4.73475464458144, 3.1332596918213964, 1.5717712500283174, 4.712830624766043, 4.714271592926974, -0.015265700127133814, 0.0016216577973139845, 0.0006659318193915422, -0.0033565626892738355, 3.139127506815062, 1.571311123917139, 3.1382125854685854, -0.0005547198092766075, 3.143615698485087, -0.0017109668763046865, -0.0009383285192931937, 3.139598888786223, -0.0027643770091268305, 1.5384405076238987, -0.00619712567896043, 4.730702549587871, 1.593632678694985, 4.712770427180193, 1.5704897050739308, 1.5712199177036947, 3.137486766680523, -0.006034454821625845, 4.712652179362451, 3.142542737092205, -0.0010748257596593929, 4.712718559676473]",0.0
789,1.5688928592649496,"[1.5749241571756472, 4.721085285821516, 1.5491875536707045, 4.73151452710734, 3.1414930846882716, 4.7503012947137515, 1.611658171632024, 1.568296694764282, 3.1391538349135697, 4.734754644580647, 3.1332596918199864, 1.5717712500293375, 4.71283062476686, 4.714271592927122, -0.015265700127315021, 0.0016216577979373977, 0.0006659318195307185, -0.003356562689408091, 3.1391275068154703, 1.5713111239177409, 3.138212585467466, -0.0005547198096327915, 3.143615698485355, -0.0017109668754207805, -0.0009383285192107005, 3.1395988887868187, -0.002764377009237953, 1.5384405076230832, -0.006197125678729665, 4.730702549588309, 1.5936326786947008, 4.712770427180807, 1.5704897050735291, 1.5712199177031974, 3.1374867666803166, -0.006034454820979687, 4.712652179362859, 3.1425427370935965, -0.0010748257594490123, 4.712718559677175]",0.0
790,1.5713366610156836,"[1.5749241571754493, 4.721085285822406, 1.5491875536703772, 4.731514527106947, 3.1414930846876166, 4.750301294713284, 1.6116581716319744, 1.5682966947628179, 3.139153834914322, 4.73475464458055, 3.1332596918205877, 1.5717712500307435, 4.712830624765656, 4.714271592927713, -0.015265700127430074, 0.0016216577981692322, 0.000665931819353104, -0.003356562687597378, 3.1391275068147864, 1.571311123916887, 3.138212585467063, -0.0005547198086291009, 3.14361569848571, -0.001710966874879295, -0.0009383285197597921, 3.139598888785973, -0.0027643770092694595, 1.5384405076229053, -0.006197125678687779, 4.730702549587875, 1.5936326786950517, 4.712770427180357, 1.570489705074496, 1.5712199177037955, 3.137486766680362, -0.006034454820794753, 4.712652179362668, 3.142542737093745, -0.001074825759638134, 4.712718559677053]",0.0
791,1.5565705796338394,"[1.5749241571748334, 4.7210852858215535, 1.5491875536710291, 4.731514527107469, 3.1414930846884315, 4.750301294713783, 1.6116581716324896, 1.568296694763951, 3.1391538349139037, 4.734754644580633, 3.133259691820697, 1.5717712500294567, 4.71283062476669, 4.714271592927337, -0.015265700126979368, 0.0016216577979329403, 0.0006659318199048101, -0.00335656268926173, 3.1391275068154108, 1.5713111239168598, 3.138212585467432, -0.0005547198100206341, 3.1436156984854904, -0.0017109668752139364, -0.0009383285186311877, 3.139598888786584, -0.0027643770090390284, 1.538440507622506, -0.006197125678721686, 4.730702549588429, 1.5936326786952761, 4.712770427180302, 1.5704897050747235, 1.5712199177036639, 3.137486766680076, -0.006034454821077856, 4.712652179363361, 3.1425427370932115, -0.001074825759434763, 4.712718559676997]",0.0
792,1.5602291935270147,"[1.5749241571757977, 4.721085285821606, 1.549187553670559, 4.731514527107026, 3.1414930846882028, 4.750301294713367, 1.6116581716317961, 1.5682966947638242, 3.1391538349141883, 4.734754644580941, 3.133259691819874, 1.571771250030165, 4.712830624766077, 4.714271592926414, -0.015265700127891677, 0.0016216577983157487, 0.0006659318204429574, -0.0033565626891810182, 3.1391275068165467, 1.5713111239174073, 3.138212585467834, -0.0005547198095002407, 3.143615698485669, -0.0017109668751943933, -0.0009383285170882796, 3.139598888785976, -0.0027643770084543784, 1.5384405076226768, -0.006197125679256699, 4.730702549588245, 1.5936326786958315, 4.712770427180712, 1.5704897050735755, 1.571219917703825, 3.137486766680978, -0.006034454821849197, 4.712652179362939, 3.1425427370933994, -0.0010748257594669118, 4.712718559675446]",0.0
793,1.5667887158981646,"[1.5749241571754389, 4.721085285821448, 1.5491875536706636, 4.731514527107467, 3.1414930846882614, 4.750301294713287, 1.611658171632296, 1.5682966947639192, 3.1391538349141963, 4.734754644579762, 3.133259691820121, 1.5717712500294019, 4.712830624766496, 4.7142715929269245, -0.015265700126992302, 0.0016216577973133714, 0.0006659318193554003, -0.0033565626888295962, 3.1391275068149103, 1.5713111239172528, 3.13821258546781, -0.0005547198096747969, 3.143615698485507, -0.0017109668754516942, -0.0009383285181812397, 3.139598888786378, -0.0027643770093791196, 1.5384405076228365, -0.006197125678387699, 4.730702549588633, 1.5936326786953514, 4.712770427179992, 1.5704897050734492, 1.5712199177037929, 3.137486766680444, -0.006034454820748939, 4.712652179363053, 3.142542737093514, -0.00107482575941176, 4.712718559676884]",0.0
794,1.561770649805546,"[1.574924157175895, 4.721085285822287, 1.5491875536700719, 4.731514527106847, 3.141493084688827, 4.750301294713392, 1.6116581716328708, 1.5682966947635966, 3.1391538349136563, 4.734754644581629, 3.133259691820714, 1.5717712500294634, 4.712830624766568, 4.714271592926354, -0.015265700127011969, 0.0016216577975145675, 0.0006659318192773082, -0.0033565626895735745, 3.139127506815762, 1.571311123916209, 3.1382125854690264, -0.0005547198099819564, 3.1436156984845205, -0.00171096687530823, -0.0009383285189345811, 3.1395988887867197, -0.0027643770086528993, 1.5384405076222096, -0.006197125678716652, 4.730702549587863, 1.5936326786948487, 4.712770427179698, 1.570489705073976, 1.5712199177037385, 3.1374867666812216, -0.00603445481972078, 4.712652179362652, 3.142542737094261, -0.0010748257598304552, 4.71271855967692]",0.0
795,1.5560075578679122,"[1.5749241571753183, 4.721085285822147, 1.5491875536705921, 4.731514527107633, 3.141493084687601, 4.750301294713694, 1.6116581716324099, 1.5682966947638832, 3.1391538349145796, 4.734754644580538, 3.133259691820674, 1.5717712500295338, 4.712830624766368, 4.714271592926419, -0.015265700127089579, 0.001621657797772181, 0.0006659318193356385, -0.00335656268883074, 3.139127506815498, 1.5713111239173665, 3.1382125854674165, -0.0005547198101486276, 3.1436156984848207, -0.001710966875201777, -0.0009383285186361142, 3.139598888786709, -0.0027643770087874353, 1.5384405076223961, -0.006197125678673471, 4.730702549588386, 1.5936326786949484, 4.712770427180403, 1.570489705073548, 1.5712199177031616, 3.1374867666803756, -0.006034454821565195, 4.71265217936324, 3.142542737093555, -0.0010748257596183643, 4.712718559677257]",0.0
796,1.5581821217881733,"[1.5749241571764832, 4.721085285821456, 1.5491875536701876, 4.731514527107709, 3.141493084686983, 4.750301294714546, 1.6116581716321166, 1.5682966947642383, 3.13915383491411, 4.734754644580522, 3.133259691819424, 1.571771250029336, 4.712830624765556, 4.714271592926821, -0.015265700126932295, 0.0016216577978031082, 0.0006659318194300315, -0.0033565626897621857, 3.139127506816141, 1.5713111239164346, 3.138212585467956, -0.0005547198101388945, 3.1436156984858767, -0.0017109668747591858, -0.0009383285192298913, 3.1395988887861663, -0.002764377009577759, 1.5384405076223955, -0.00619712567898056, 4.730702549588027, 1.5936326786954624, 4.7127704271801045, 1.570489705073682, 1.5712199177048742, 3.137486766679879, -0.006034454820988615, 4.7126521793635545, 3.142542737092503, -0.0010748257601439568, 4.712718559677815]",0.0
797,1.5625709455895354,"[1.574924157175637, 4.721085285821381, 1.5491875536703394, 4.731514527107328, 3.1414930846885296, 4.750301294713684, 1.6116581716317728, 1.5682966947642638, 3.1391538349138797, 4.734754644580688, 3.1332596918206246, 1.5717712500291519, 4.7128306247661245, 4.71427159292685, -0.015265700127433536, 0.0016216577978653193, 0.000665931819316589, -0.003356562689207484, 3.139127506815303, 1.5713111239169821, 3.138212585467573, -0.000554719809127655, 3.143615698484904, -0.0017109668750535647, -0.0009383285184199126, 3.1395988887859345, -0.0027643770088935935, 1.53844050762288, -0.006197125678767816, 4.730702549588547, 1.593632678695202, 4.712770427179935, 1.570489705074055, 1.5712199177034585, 3.13748676668014, -0.006034454821520091, 4.712652179363343, 3.142542737093907, -0.0010748257595311166, 4.712718559677643]",0.0
798,1.5547166617767314,"[1.5749241571744756, 4.7210852858223475, 1.5491875536700837, 4.731514527107207, 3.1414930846877995, 4.750301294712842, 1.6116581716323308, 1.5682966947643329, 3.1391538349131696, 4.734754644581069, 3.1332596918198647, 1.5717712500284293, 4.7128306247660845, 4.714271592927365, -0.015265700126450394, 0.0016216577985195793, 0.0006659318196890104, -0.0033565626877753107, 3.139127506816601, 1.5713111239173747, 3.1382125854679352, -0.0005547198096138087, 3.1436156984851613, -0.001710966875480678, -0.0009383285181834869, 3.139598888785882, -0.0027643770083695387, 1.538440507622797, -0.006197125678308314, 4.730702549588435, 1.593632678695023, 4.712770427180076, 1.5704897050732305, 1.5712199177034012, 3.1374867666790185, -0.00603445482032233, 4.712652179363108, 3.1425427370929255, -0.0010748257594793242, 4.712718559677309]",0.0
799,1.5456486396594271,"[1.574924157175227, 4.721085285821381, 1.5491875536706985, 4.731514527107936, 3.1414930846881126, 4.750301294713371, 1.6116581716325455, 1.5682966947639772, 3.1391538349139236, 4.734754644580228, 3.1332596918203577, 1.571771250029396, 4.712830624766984, 4.71427159292687, -0.015265700127660943, 0.001621657798236849, 0.0006659318189660029, -0.0033565626889541203, 3.1391275068155364, 1.571311123917165, 3.138212585468057, -0.0005547198097304694, 3.1436156984848354, -0.0017109668748951485, -0.0009383285188371709, 3.1395988887855846, -0.0027643770090146767, 1.5384405076225305, -0.006197125678757205, 4.730702549588035, 1.5936326786952686, 4.712770427180876, 1.57048970507387, 1.5712199177038284, 3.137486766680206, -0.006034454821023448, 4.712652179362911, 3.1425427370934353, -0.0010748257596327215, 4.712718559677014]",0.0
800,1.5643217739336588,"[1.5749241571756656, 4.72108528582204, 1.5491875536707598, 4.731514527107352, 3.1414930846894147, 4.75030129471376, 1.611658171631923, 1.5682966947636618, 3.1391538349147083, 4.734754644580047, 3.133259691820606, 1.571771250028826, 4.712830624766453, 4.714271592925533, -0.015265700126138437, 0.001621657799245591, 0.0006659318198647964, -0.003356562689016654, 3.139127506815224, 1.5713111239172197, 3.138212585467276, -0.0005547198093429202, 3.143615698484648, -0.001710966873927252, -0.0009383285189641134, 3.1395988887865407, -0.002764377009336077, 1.5384405076233167, -0.006197125679231859, 4.730702549588656, 1.5936326786954123, 4.712770427180463, 1.5704897050736655, 1.571219917703691, 3.137486766680071, -0.006034454820392284, 4.712652179362588, 3.142542737092399, -0.0010748257598577607, 4.712718559676795]",0.0
801,1.563264750131009,"[1.5749241571756292, 4.721085285822096, 1.549187553670946, 4.731514527107077, 3.141493084687781, 4.75030129471359, 1.6116581716319385, 1.5682966947642223, 3.1391538349139516, 4.734754644580357, 3.133259691820607, 1.5717712500290022, 4.712830624766915, 4.714271592926746, -0.01526570012713831, 0.0016216577980927738, 0.0006659318191798902, -0.0033565626889044183, 3.1391275068154743, 1.5713111239172275, 3.138212585467801, -0.0005547198091961452, 3.1436156984852937, -0.0017109668754103512, -0.0009383285186316886, 3.1395988887868564, -0.002764377008643047, 1.5384405076224221, -0.006197125678831195, 4.7307025495886545, 1.593632678695331, 4.712770427180544, 1.5704897050740712, 1.5712199177045738, 3.137486766680192, -0.006034454821185931, 4.712652179362734, 3.142542737093641, -0.001074825759327085, 4.712718559677177]",0.0
802,1.5647239392847214,"[1.5749241571762242, 4.721085285821877, 1.5491875536710173, 4.731514527108995, 3.141493084687435, 4.75030129471251, 1.6116581716320357, 1.5682966947637766, 3.1391538349139356, 4.734754644580971, 3.133259691820489, 1.5717712500291388, 4.712830624766335, 4.714271592927074, -0.015265700127877126, 0.001621657798536052, 0.0006659318198055364, -0.0033565626890657086, 3.1391275068155684, 1.5713111239175575, 3.1382125854679974, -0.0005547198096182783, 3.1436156984850716, -0.0017109668742952243, -0.0009383285172508099, 3.139598888787304, -0.0027643770095753294, 1.5384405076229928, -0.006197125677762891, 4.73070254958838, 1.5936326786948822, 4.7127704271804935, 1.5704897050749786, 1.5712199177035442, 3.137486766680523, -0.006034454820429465, 4.712652179362746, 3.1425427370933683, -0.0010748257600484824, 4.712718559677898]",0.0
803,1.5663667911375143,"[1.5749241571751136, 4.721085285821406, 1.5491875536705575, 4.7315145271076995, 3.141493084688157, 4.750301294713189, 1.6116581716320821, 1.5682966947643526, 3.1391538349145325, 4.734754644581192, 3.133259691820402, 1.5717712500296117, 4.712830624766449, 4.714271592926987, -0.015265700127229956, 0.0016216577986373892, 0.0006659318192035393, -0.003356562689371251, 3.139127506815045, 1.5713111239174558, 3.138212585467742, -0.0005547198096215555, 3.1436156984857506, -0.0017109668749513529, -0.0009383285188236839, 3.139598888786276, -0.002764377008632663, 1.5384405076221241, -0.0061971256784893215, 4.730702549588894, 1.5936326786949173, 4.712770427180122, 1.5704897050734952, 1.5712199177039163, 3.1374867666805244, -0.00603445482078272, 4.7126521793631575, 3.1425427370933545, -0.0010748257595729568, 4.712718559677123]",0.0
804,1.561704246908624,"[1.5749241571751764, 4.721085285821862, 1.549187553670914, 4.731514527107547, 3.1414930846880407, 4.750301294713415, 1.6116581716321556, 1.5682966947638541, 3.139153834914087, 4.734754644580384, 3.1332596918203106, 1.571771250029441, 4.712830624766398, 4.714271592927006, -0.01526570012726014, 0.0016216577982665899, 0.0006659318196229236, -0.0033565626893363545, 3.1391275068155653, 1.5713111239169777, 3.1382125854680187, -0.0005547198095999853, 3.1436156984853025, -0.0017109668750412853, -0.0009383285187751798, 3.1395988887864545, -0.002764377008904327, 1.5384405076229402, -0.006197125678614722, 4.730702549588547, 1.5936326786952157, 4.7127704271801845, 1.570489705073613, 1.5712199177036597, 3.1374867666804187, -0.006034454821166713, 4.712652179362889, 3.1425427370935792, -0.0010748257593969897, 4.712718559677386]",0.0
805,1.561482899280649,"[1.574924157175681, 4.721085285821276, 1.5491875536707655, 4.731514527106727, 3.141493084687662, 4.750301294712922, 1.6116581716327048, 1.5682966947637584, 3.1391538349143633, 4.734754644580969, 3.133259691820605, 1.5717712500290235, 4.712830624766964, 4.714271592927, -0.015265700127243615, 0.001621657798143024, 0.0006659318198625182, -0.0033565626890943306, 3.1391275068154396, 1.5713111239168318, 3.1382125854674863, -0.0005547198101089959, 3.143615698485217, -0.0017109668746900421, -0.0009383285184989762, 3.139598888786, -0.002764377009438891, 1.5384405076228225, -0.006197125678783188, 4.730702549588595, 1.5936326786948565, 4.712770427180378, 1.570489705073541, 1.5712199177039041, 3.137486766680016, -0.006034454821318227, 4.712652179362722, 3.1425427370937005, -0.0010748257593786528, 4.7127185596773495]",0.0
806,1.5604496235279073,"[1.5749241571752763, 4.7210852858217285, 1.5491875536706234, 4.731514527107468, 3.1414930846878115, 4.7503012947135215, 1.6116581716321408, 1.568296694764186, 3.1391538349138735, 4.734754644580602, 3.1332596918206095, 1.5717712500294003, 4.712830624766679, 4.714271592927029, -0.01526570012716295, 0.0016216577979203074, 0.0006659318195787412, -0.0033565626891805824, 3.139127506815375, 1.5713111239171598, 3.1382125854675182, -0.0005547198096310086, 3.1436156984852808, -0.0017109668747160324, -0.0009383285184831816, 3.1395988887862996, -0.0027643770089410386, 1.5384405076227672, -0.0061971256788471984, 4.730702549588267, 1.593632678695092, 4.71277042718006, 1.570489705073631, 1.5712199177037358, 3.137486766680552, -0.006034454820950853, 4.7126521793626575, 3.1425427370933288, -0.001074825759430544, 4.7127185596772305]",0.0
807,1.5680446873686402,"[1.5749241571752217, 4.7210852858211, 1.549187553670931, 4.7315145271074055, 3.1414930846884124, 4.750301294713389, 1.6116581716320382, 1.5682966947639714, 3.1391538349138286, 4.734754644580886, 3.133259691820664, 1.571771250029507, 4.712830624765943, 4.714271592926694, -0.015265700127500689, 0.00162165779773813, 0.0006659318193367427, -0.0033565626887173614, 3.1391275068154942, 1.5713111239167163, 3.1382125854674787, -0.0005547198101310407, 3.143615698485299, -0.0017109668748847386, -0.0009383285186101394, 3.1395988887867468, -0.0027643770086848785, 1.5384405076227743, -0.006197125678417945, 4.730702549588441, 1.5936326786954456, 4.712770427180952, 1.5704897050733848, 1.5712199177039736, 3.1374867666802793, -0.0060344548209356535, 4.712652179362458, 3.1425427370932977, -0.001074825759306335, 4.712718559677612]",0.0
808,1.5585200721395267,"[1.5749241571754387, 4.721085285821471, 1.549187553670526, 4.731514527107569, 3.1414930846880806, 4.750301294713648, 1.6116581716322151, 1.5682966947638501, 3.1391538349142882, 4.734754644580678, 3.13325969182053, 1.5717712500293108, 4.712830624766659, 4.714271592927129, -0.015265700127334464, 0.001621657798288006, 0.0006659318196103149, -0.0033565626889912707, 3.1391275068154516, 1.571311123917108, 3.138212585467656, -0.0005547198097308429, 3.1436156984853096, -0.0017109668753439078, -0.0009383285185221164, 3.139598888786526, -0.0027643770090148108, 1.538440507622713, -0.0061971256788887, 4.730702549588399, 1.5936326786954111, 4.7127704271801685, 1.5704897050735958, 1.5712199177036825, 3.137486766680207, -0.006034454820934531, 4.712652179362613, 3.1425427370935997, -0.0010748257597232747, 4.712718559677376]",0.0
809,1.5688083394644725,"[1.5749241571751493, 4.721085285821909, 1.549187553671161, 4.731514527107039, 3.1414930846878617, 4.750301294713267, 1.6116581716316198, 1.5682966947643122, 3.139153834914048, 4.734754644580679, 3.1332596918203177, 1.5717712500292558, 4.71283062476644, 4.714271592926774, -0.015265700127478464, 0.001621657798477899, 0.0006659318193415834, -0.0033565626891397093, 3.139127506814878, 1.5713111239166266, 3.1382125854678415, -0.0005547198098768265, 3.1436156984853505, -0.0017109668751987075, -0.0009383285182663318, 3.1395988887864745, -0.0027643770095470027, 1.5384405076223597, -0.006197125679044405, 4.730702549587774, 1.5936326786952724, 4.71277042718044, 1.5704897050735374, 1.571219917703312, 3.1374867666801363, -0.0060344548208107075, 4.71265217936314, 3.142542737093522, -0.001074825759547092, 4.712718559677262]",0.0
810,1.5694647557295274,"[1.57492415717529, 4.721085285821673, 1.549187553670805, 4.73151452710728, 3.141493084688106, 4.750301294713554, 1.611658171631983, 1.5682966947639054, 3.1391538349139934, 4.734754644580659, 3.133259691820402, 1.5717712500291536, 4.71283062476653, 4.714271592926842, -0.015265700127496713, 0.0016216577980692423, 0.000665931819919722, -0.0033565626888557, 3.1391275068153393, 1.5713111239173554, 3.1382125854678025, -0.0005547198098644845, 3.1436156984851866, -0.0017109668751011753, -0.0009383285187631626, 3.139598888786231, -0.00276437700915319, 1.5384405076225263, -0.006197125678547664, 4.730702549588471, 1.593632678695138, 4.712770427180196, 1.5704897050737263, 1.5712199177038773, 3.1374867666806012, -0.006034454821061852, 4.712652179362906, 3.142542737093385, -0.001074825759648876, 4.712718559677407]",0.0
811,1.5634687322400334,"[1.574924157175836, 4.7210852858216485, 1.5491875536710267, 4.731514527107807, 3.1414930846883555, 4.750301294713512, 1.6116581716323155, 1.5682966947637502, 3.139153834914044, 4.734754644580722, 3.133259691820633, 1.5717712500295014, 4.7128306247666005, 4.714271592926694, -0.015265700126945256, 0.0016216577982857434, 0.0006659318199176242, -0.0033565626891421427, 3.139127506815215, 1.5713111239172979, 3.138212585467662, -0.0005547198095937787, 3.143615698485461, -0.0017109668753288291, -0.0009383285184920147, 3.139598888786169, -0.0027643770087595883, 1.5384405076225558, -0.006197125678295996, 4.730702549587403, 1.5936326786948463, 4.712770427180079, 1.57048970507342, 1.57121991770406, 3.1374867666799204, -0.0060344548212214995, 4.71265217936293, 3.1425427370935273, -0.0010748257589265843, 4.712718559677458]",0.0
812,1.557524676310796,"[1.574924157175424, 4.7210852858215775, 1.549187553670534, 4.731514527107201, 3.1414930846879234, 4.750301294713511, 1.611658171632415, 1.56829669476412, 3.139153834914112, 4.734754644580671, 3.1332596918203173, 1.5717712500293448, 4.71283062476644, 4.714271592926945, -0.015265700127203371, 0.001621657798106039, 0.0006659318197855691, -0.0033565626891338685, 3.1391275068149875, 1.571311123917257, 3.138212585468016, -0.0005547198096184178, 3.143615698485226, -0.001710966874897444, -0.0009383285186120596, 3.139598888786493, -0.002764377008823138, 1.5384405076226926, -0.006197125678509555, 4.730702549588277, 1.5936326786954293, 4.7127704271804625, 1.5704897050738016, 1.5712199177035946, 3.137486766680193, -0.00603445482113264, 4.712652179362767, 3.142542737093405, -0.0010748257594849638, 4.712718559677303]",0.0
813,1.5589243151095982,"[1.5749241571757495, 4.721085285822458, 1.5491875536707813, 4.731514527107233, 3.1414930846886464, 4.750301294713222, 1.611658171632573, 1.5682966947645112, 3.1391538349140697, 4.734754644580659, 3.133259691820599, 1.5717712500295684, 4.712830624766669, 4.7142715929270445, -0.01526570012755682, 0.0016216577980706815, 0.0006659318191877003, -0.003356562689112148, 3.13912750681542, 1.5713111239171744, 3.1382125854677017, -0.0005547198100745256, 3.143615698485763, -0.0017109668751121938, -0.0009383285185895259, 3.139598888786167, -0.0027643770090850224, 1.538440507622898, -0.006197125678402395, 4.730702549588365, 1.593632678695392, 4.712770427180074, 1.5704897050737294, 1.5712199177036599, 3.137486766680121, -0.006034454821554857, 4.712652179362476, 3.1425427370930668, -0.0010748257600285323, 4.712718559677423]",0.0
814,1.5754403817584306,"[1.5749241571754673, 4.721085285821957, 1.549187553670673, 4.731514527107404, 3.1414930846881237, 4.750301294713541, 1.6116581716323912, 1.5682966947638597, 3.1391538349141563, 4.734754644580864, 3.133259691820611, 1.571771250029237, 4.7128306247665535, 4.714271592927028, -0.015265700127439297, 0.0016216577980118102, 0.0006659318195269273, -0.003356562689155965, 3.1391275068153552, 1.5713111239172348, 3.138212585467705, -0.0005547198095798418, 3.143615698485375, -0.0017109668750692254, -0.0009383285185181091, 3.1395988887862996, -0.002764377009138915, 1.5384405076228285, -0.006197125678745836, 4.730702549588451, 1.5936326786954176, 4.712770427180534, 1.57048970507353, 1.571219917703756, 3.1374867666804205, -0.00603445482086528, 4.712652179363195, 3.1425427370933052, -0.0010748257592135837, 4.712718559677443]",0.0
815,1.5651922632491122,"[1.5749241571754036, 4.7210852858217764, 1.5491875536704878, 4.731514527107556, 3.141493084688362, 4.750301294713889, 1.6116581716319691, 1.568296694763966, 3.139153834914643, 4.734754644580771, 3.1332596918199775, 1.5717712500290362, 4.712830624767022, 4.7142715929271555, -0.015265700127234941, 0.0016216577978591532, 0.0006659318195191892, -0.003356562688743668, 3.1391275068155373, 1.5713111239164044, 3.1382125854679597, -0.0005547198093554582, 3.143615698485559, -0.0017109668747956235, -0.0009383285184000851, 3.1395988887863915, -0.0027643770090402323, 1.5384405076223562, -0.006197125678298613, 4.730702549588364, 1.5936326786946864, 4.712770427180553, 1.57048970507375, 1.5712199177033779, 3.1374867666804493, -0.006034454821382261, 4.712652179362523, 3.142542737093151, -0.0010748257592495653, 4.712718559677298]",0.0
816,1.559827710272659,"[1.574924157175631, 4.721085285821465, 1.549187553670915, 4.731514527107106, 3.141493084687993, 4.7503012947135055, 1.6116581716321912, 1.5682966947639565, 3.1391538349141515, 4.7347546445806135, 3.133259691820456, 1.5717712500293632, 4.712830624766559, 4.71427159292705, -0.015265700127037082, 0.0016216577983173617, 0.0006659318192864726, -0.003356562689038904, 3.139127506815563, 1.5713111239171693, 3.1382125854676914, -0.0005547198097337317, 3.1436156984852515, -0.0017109668751783698, -0.0009383285185373282, 3.1395988887862734, -0.0027643770089532706, 1.5384405076227083, -0.006197125678426881, 4.730702549588308, 1.593632678695294, 4.712770427180252, 1.5704897050738267, 1.5712199177034993, 3.1374867666806567, -0.006034454821014186, 4.712652179362874, 3.142542737093228, -0.0010748257593982292, 4.712718559677425]",0.0
817,1.5722774200049836,"[1.5749241571748949, 4.721085285821515, 1.5491875536705764, 4.731514527106986, 3.141493084687986, 4.7503012947132435, 1.6116581716321103, 1.5682966947636021, 3.1391538349143873, 4.734754644580755, 3.1332596918200375, 1.5717712500297376, 4.712830624767035, 4.714271592926337, -0.015265700127738934, 0.0016216577977936075, 0.000665931819356204, -0.003356562689486212, 3.139127506815626, 1.571311123917281, 3.1382125854675187, -0.0005547198093631191, 3.1436156984851897, -0.0017109668751803327, -0.0009383285185075312, 3.13959888878655, -0.0027643770089214475, 1.5384405076228427, -0.006197125678444873, 4.730702549588154, 1.5936326786951878, 4.712770427179941, 1.5704897050739437, 1.57121991770377, 3.13748676667987, -0.00603445482088776, 4.712652179362816, 3.1425427370929513, -0.0010748257595654086, 4.712718559677655]",0.0
818,1.5630588971274608,"[1.5749241571755173, 4.721085285821642, 1.5491875536706414, 4.731514527107288, 3.1414930846880837, 4.750301294713474, 1.6116581716321874, 1.568296694764064, 3.139153834914152, 4.734754644580761, 3.133259691820258, 1.5717712500295697, 4.71283062476634, 4.714271592926758, -0.015265700127497677, 0.001621657798232644, 0.0006659318197812099, -0.003356562689114922, 3.139127506815736, 1.5713111239171378, 3.138212585467669, -0.0005547198096527431, 3.143615698485383, -0.0017109668751523525, -0.0009383285182382829, 3.139598888786291, -0.002764377008960943, 1.5384405076227838, -0.006197125678698119, 4.730702549588335, 1.5936326786952186, 4.7127704271804145, 1.5704897050737663, 1.571219917703765, 3.1374867666804405, -0.006034454821228346, 4.712652179362816, 3.142542737093446, -0.0010748257594345404, 4.712718559676662]",0.0
819,1.5612603966300398,"[1.574924157175313, 4.721085285821682, 1.5491875536707433, 4.73151452710738, 3.1414930846881557, 4.7503012947134735, 1.6116581716323455, 1.568296694763998, 3.1391538349140986, 4.734754644580763, 3.133259691820304, 1.5717712500293626, 4.712830624766398, 4.714271592926975, -0.015265700127240368, 0.0016216577981306975, 0.0006659318194461888, -0.0033565626890966196, 3.1391275068154085, 1.5713111239172, 3.138212585467705, -0.000554719809613702, 3.143615698485167, -0.0017109668750754988, -0.000938328518528492, 3.139598888786456, -0.0027643770092528564, 1.5384405076226186, -0.006197125678679387, 4.730702549588359, 1.5936326786951323, 4.7127704271802475, 1.570489705073715, 1.571219917703818, 3.1374867666803423, -0.006034454821182236, 4.712652179362726, 3.142542737093395, -0.001074825759395554, 4.7127185596773025]",0.0
820,1.568099823416087,"[1.5749241571753247, 4.721085285821683, 1.549187553670457, 4.7315145271072385, 3.141493084688066, 4.750301294713568, 1.6116581716322944, 1.568296694764272, 3.1391538349142287, 4.734754644580349, 3.1332596918207267, 1.571771250029594, 4.712830624766407, 4.714271592926953, -0.015265700127339434, 0.001621657798268791, 0.0006659318196934493, -0.0033565626891826706, 3.139127506815404, 1.5713111239170179, 3.138212585467823, -0.0005547198096776755, 3.1436156984851613, -0.001710966875345749, -0.0009383285184258413, 3.139598888786312, -0.002764377009143438, 1.5384405076227645, -0.006197125678552412, 4.730702549588448, 1.5936326786947081, 4.71277042718053, 1.5704897050737563, 1.5712199177038446, 3.1374867666803055, -0.006034454820899762, 4.71265217936276, 3.142542737093262, -0.0010748257594550125, 4.712718559677492]",0.0
821,1.5650950549600202,"[1.5749241571755614, 4.721085285821688, 1.5491875536706161, 4.731514527107371, 3.1414930846879923, 4.750301294713625, 1.6116581716322433, 1.568296694764039, 3.139153834914076, 4.734754644580589, 3.133259691820234, 1.5717712500294225, 4.712830624766449, 4.714271592926891, -0.015265700127273405, 0.001621657798121822, 0.0006659318195462012, -0.0033565626891488456, 3.139127506815508, 1.5713111239170225, 3.138212585467663, -0.0005547198097726877, 3.1436156984853882, -0.001710966874963523, -0.0009383285186107295, 3.1395988887863773, -0.0027643770091121582, 1.5384405076226142, -0.006197125678606582, 4.730702549588376, 1.5936326786951711, 4.712770427180288, 1.5704897050737054, 1.5712199177038593, 3.137486766680241, -0.006034454820990764, 4.712652179362957, 3.142542737093402, -0.001074825759527639, 4.7127185596773815]",0.0
822,1.5583336812081854,"[1.574924157175458, 4.721085285821552, 1.5491875536707487, 4.731514527107586, 3.1414930846877653, 4.750301294713512, 1.6116581716321996, 1.5682966947641748, 3.139153834914332, 4.734754644580853, 3.1332596918205287, 1.5717712500290115, 4.712830624766294, 4.71427159292684, -0.015265700127287125, 0.0016216577979554733, 0.0006659318194453125, -0.003356562689161244, 3.1391275068153774, 1.5713111239169335, 3.1382125854678344, -0.0005547198096937404, 3.1436156984853185, -0.0017109668753073739, -0.0009383285189244142, 3.139598888786324, -0.002764377009146769, 1.5384405076230525, -0.0061971256785508496, 4.730702549588224, 1.5936326786951116, 4.712770427180163, 1.5704897050738331, 1.5712199177038342, 3.1374867666802415, -0.0060344548210871105, 4.712652179362791, 3.1425427370931285, -0.0010748257595381261, 4.7127185596770405]",0.0
823,1.5605255593248746,"[1.57492415717553, 4.721085285821682, 1.5491875536707855, 4.7315145271074535, 3.1414930846880678, 4.750301294713289, 1.6116581716323264, 1.5682966947639876, 3.1391538349141377, 4.734754644580571, 3.1332596918203905, 1.5717712500291938, 4.712830624766395, 4.714271592926936, -0.015265700127434547, 0.0016216577980796476, 0.0006659318196128277, -0.0033565626891440743, 3.1391275068154125, 1.5713111239170916, 3.138212585467612, -0.0005547198095846207, 3.1436156984853203, -0.0017109668750848123, -0.0009383285185492312, 3.1395988887864394, -0.0027643770089568766, 1.5384405076226106, -0.006197125678657501, 4.730702549588363, 1.593632678695044, 4.712770427180318, 1.5704897050738031, 1.5712199177036517, 3.1374867666803437, -0.006034454820968603, 4.712652179362807, 3.1425427370933416, -0.0010748257595374576, 4.712718559677316]",0.0
824,1.5604907576325615,"[1.5749241571755106, 4.721085285821747, 1.5491875536707267, 4.7315145271077315, 3.1414930846879496, 4.750301294713357, 1.6116581716321134, 1.5682966947640595, 3.139153834914065, 4.734754644580823, 3.1332596918205042, 1.5717712500293788, 4.7128306247666645, 4.7142715929268535, -0.0152657001273627, 0.0016216577982840312, 0.0006659318194890254, -0.0033565626889427392, 3.139127506815373, 1.5713111239171975, 3.1382125854677536, -0.000554719809769363, 3.143615698485195, -0.001710966874864468, -0.000938328518307651, 3.1395988887866153, -0.002764377009264803, 1.5384405076229954, -0.006197125678167703, 4.730702549588452, 1.5936326786950952, 4.712770427180295, 1.5704897050740683, 1.5712199177036945, 3.137486766680262, -0.006034454820894202, 4.712652179362835, 3.1425427370936565, -0.0010748257594935435, 4.712718559677276]",0.0
825,1.5619637355382134,"[1.574924157175393, 4.721085285821761, 1.549187553670679, 4.731514527107379, 3.141493084688051, 4.750301294713346, 1.6116581716321938, 1.5682966947640093, 3.1391538349141803, 4.734754644580734, 3.133259691820354, 1.5717712500294954, 4.712830624766519, 4.7142715929269805, -0.01526570012719628, 0.0016216577980926066, 0.0006659318196113752, -0.003356562688978869, 3.139127506815341, 1.5713111239169923, 3.138212585467553, -0.000554719809542062, 3.1436156984852603, -0.0017109668751352932, -0.0009383285186869049, 3.1395988887863324, -0.0027643770090670034, 1.5384405076228125, -0.00619712567855985, 4.730702549588291, 1.5936326786951658, 4.7127704271804065, 1.5704897050737563, 1.5712199177038166, 3.1374867666804067, -0.006034454821047753, 4.7126521793628795, 3.142542737093469, -0.0010748257596122708, 4.712718559677298]",0.0
826,1.5663242009598988,"[1.5749241571753982, 4.72108528582179, 1.5491875536706423, 4.73151452710715, 3.1414930846880083, 4.750301294713621, 1.611658171632259, 1.568296694763749, 3.139153834914131, 4.734754644580565, 3.133259691820577, 1.571771250029517, 4.712830624766314, 4.714271592926992, -0.015265700127560818, 0.0016216577982259138, 0.0006659318193630204, -0.003356562688745967, 3.1391275068152686, 1.5713111239171291, 3.1382125854676244, -0.0005547198096014918, 3.143615698485497, -0.001710966874951192, -0.0009383285189218795, 3.139598888786303, -0.002764377009069984, 1.5384405076227299, -0.0061971256785742085, 4.730702549588359, 1.5936326786950092, 4.71277042718012, 1.570489705073879, 1.5712199177035746, 3.137486766680129, -0.0060344548209163755, 4.7126521793626654, 3.1425427370935526, -0.0010748257592078652, 4.712718559677056]",0.0
827,1.5607946227589182,"[1.5749241571753758, 4.721085285821745, 1.5491875536707342, 4.731514527107338, 3.1414930846880655, 4.7503012947134655, 1.6116581716322276, 1.5682966947640347, 3.1391538349140466, 4.734754644580749, 3.133259691820307, 1.5717712500293053, 4.712830624766489, 4.714271592927032, -0.01526570012726493, 0.0016216577981378825, 0.0006659318195298523, -0.003356562688896971, 3.1391275068154445, 1.5713111239171176, 3.138212585467771, -0.0005547198097239207, 3.1436156984851973, -0.0017109668751061039, -0.0009383285184941258, 3.139598888786354, -0.002764377008891323, 1.5384405076228338, -0.006197125678629686, 4.730702549588418, 1.5936326786950155, 4.712770427180236, 1.570489705073655, 1.571219917703739, 3.137486766680132, -0.006034454820958706, 4.712652179362929, 3.142542737093308, -0.0010748257594967547, 4.712718559677241]",0.0
828,1.5588755089233488,"[1.5749241571750754, 4.721085285821774, 1.5491875536704027, 4.73151452710736, 3.1414930846880447, 4.750301294713282, 1.6116581716323166, 1.5682966947642298, 3.139153834913953, 4.734754644580638, 3.1332596918204545, 1.5717712500290029, 4.712830624766474, 4.71427159292674, -0.015265700127086891, 0.0016216577982130634, 0.0006659318196219586, -0.003356562689007366, 3.1391275068157496, 1.5713111239171174, 3.1382125854675733, -0.0005547198096235592, 3.143615698485447, -0.0017109668752248773, -0.0009383285186541318, 3.1395988887862414, -0.0027643770091202173, 1.538440507622581, -0.006197125678315905, 4.730702549588342, 1.5936326786953359, 4.712770427180296, 1.5704897050736548, 1.5712199177035433, 3.1374867666801665, -0.006034454820937567, 4.712652179362755, 3.142542737093548, -0.0010748257593309854, 4.712718559677278]",0.0
829,1.5621548952039226,"[1.574924157175501, 4.721085285821686, 1.5491875536707667, 4.731514527107392, 3.141493084688028, 4.750301294713484, 1.6116581716321883, 1.568296694764024, 3.139153834914045, 4.73475464458069, 3.1332596918205304, 1.5717712500294376, 4.712830624766561, 4.714271592926965, -0.015265700127355987, 0.0016216577980997385, 0.000665931819610869, -0.0033565626891410793, 3.139127506815418, 1.5713111239170077, 3.138212585467682, -0.0005547198095661026, 3.143615698485134, -0.001710966875102133, -0.0009383285186435739, 3.1395988887863986, -0.002764377009134209, 1.5384405076225882, -0.0061971256784311155, 4.730702549588493, 1.5936326786952164, 4.712770427180254, 1.5704897050735886, 1.5712199177036739, 3.1374867666801958, -0.006034454821037957, 4.71265217936283, 3.1425427370933106, -0.0010748257594757704, 4.712718559677149]",0.0
830,1.5585103254982957,"[1.5749241571752746, 4.72108528582169, 1.5491875536707456, 4.7315145271072145, 3.141493084688226, 4.750301294713633, 1.611658171632353, 1.5682966947642731, 3.13915383491443, 4.734754644580501, 3.1332596918203754, 1.5717712500291046, 4.712830624766554, 4.714271592927145, -0.015265700127574361, 0.0016216577982094504, 0.0006659318195053848, -0.0033565626891972704, 3.139127506815413, 1.5713111239170592, 3.138212585467445, -0.0005547198097788304, 3.1436156984850263, -0.0017109668749388776, -0.0009383285186232477, 3.139598888786554, -0.0027643770089115613, 1.538440507622817, -0.006197125678306854, 4.730702549588115, 1.593632678695195, 4.712770427180171, 1.570489705073579, 1.5712199177039199, 3.137486766680408, -0.006034454820986729, 4.712652179362952, 3.142542737093612, -0.0010748257594238838, 4.712718559677124]",0.0
831,1.568688051398407,"[1.574924157175377, 4.721085285821586, 1.549187553670884, 4.731514527107343, 3.141493084688075, 4.750301294713546, 1.611658171632369, 1.5682966947641952, 3.1391538349142007, 4.734754644580687, 3.1332596918204985, 1.5717712500294052, 4.712830624766532, 4.714271592926828, -0.015265700127331605, 0.0016216577980675512, 0.0006659318195966811, -0.003356562688938622, 3.1391275068155298, 1.5713111239171258, 3.138212585467797, -0.0005547198095118338, 3.1436156984853882, -0.0017109668749992022, -0.0009383285186064877, 3.139598888786433, -0.0027643770091164478, 1.5384405076227476, -0.006197125678616323, 4.73070254958834, 1.5936326786951214, 4.712770427180252, 1.5704897050736768, 1.571219917703695, 3.1374867666803032, -0.006034454820992885, 4.71265217936291, 3.1425427370934815, -0.0010748257595481455, 4.71271855967731]",0.0
832,1.565399321114105,"[1.5749241571752979, 4.721085285821626, 1.5491875536707147, 4.731514527107402, 3.141493084687985, 4.7503012947137355, 1.6116581716326044, 1.5682966947639412, 3.139153834913775, 4.734754644580704, 3.1332596918203333, 1.5717712500292282, 4.712830624766648, 4.714271592926596, -0.015265700127428988, 0.0016216577983916508, 0.0006659318194595979, -0.003356562689062961, 3.139127506815085, 1.5713111239168143, 3.13821258546752, -0.0005547198096003835, 3.143615698485389, -0.0017109668752508813, -0.0009383285184846877, 3.139598888786405, -0.0027643770089689147, 1.538440507622869, -0.006197125678486724, 4.730702549588506, 1.5936326786950505, 4.712770427180226, 1.570489705073624, 1.5712199177037238, 3.137486766680523, -0.006034454821180294, 4.712652179362863, 3.1425427370933763, -0.0010748257595602718, 4.712718559677255]",0.0
833,1.5592072152415302,"[1.574924157175454, 4.721085285821638, 1.549187553670548, 4.7315145271073655, 3.1414930846882116, 4.750301294713363, 1.6116581716321952, 1.568296694764002, 3.1391538349141235, 4.734754644580573, 3.1332596918205016, 1.5717712500293028, 4.712830624766565, 4.71427159292681, -0.01526570012726717, 0.0016216577982637328, 0.000665931819563129, -0.0033565626889939387, 3.139127506815413, 1.5713111239170658, 3.138212585467717, -0.0005547198096714554, 3.1436156984852777, -0.0017109668749671718, -0.0009383285186739272, 3.139598888786561, -0.0027643770091118954, 1.5384405076227965, -0.00619712567866602, 4.730702549588332, 1.593632678695143, 4.712770427180249, 1.5704897050736952, 1.5712199177037511, 3.137486766680337, -0.006034454821098666, 4.712652179362951, 3.1425427370932524, -0.0010748257594410113, 4.7127185596772065]",0.0
834,1.5569929788732544,"[1.5749241571754322, 4.721085285821824, 1.5491875536709323, 4.731514527107367, 3.1414930846883653, 4.750301294713702, 1.6116581716321543, 1.568296694763984, 3.139153834914375, 4.734754644580607, 3.1332596918203808, 1.571771250029212, 4.712830624766486, 4.7142715929265355, -0.015265700126992824, 0.0016216577982438732, 0.0006659318196011007, -0.003356562689239135, 3.139127506815282, 1.5713111239171595, 3.13821258546752, -0.0005547198096877997, 3.143615698485133, -0.001710966874889676, -0.0009383285186059954, 3.13959888878616, -0.002764377009055224, 1.53844050762287, -0.006197125678679451, 4.730702549588565, 1.5936326786951815, 4.712770427180408, 1.5704897050737665, 1.5712199177036703, 3.137486766680174, -0.006034454820777382, 4.7126521793625775, 3.142542737093382, -0.001074825759546078, 4.712718559677159]",0.0
835,1.5730537156570612,"[1.5749241571755404, 4.721085285821808, 1.5491875536705364, 4.731514527107224, 3.141493084688299, 4.750301294713423, 1.6116581716323934, 1.5682966947639403, 3.139153834914018, 4.7347546445809305, 3.133259691820489, 1.5717712500293766, 4.7128306247665845, 4.71427159292675, -0.015265700127233632, 0.001621657797910707, 0.0006659318194612029, -0.003356562689252674, 3.1391275068154654, 1.5713111239168513, 3.138212585468053, -0.0005547198098421236, 3.1436156984851245, -0.001710966875180991, -0.0009383285186938011, 3.1395988887864665, -0.0027643770089454734, 1.5384405076226109, -0.006197125678614854, 4.730702549588263, 1.593632678695031, 4.712770427180137, 1.5704897050738036, 1.5712199177037216, 3.1374867666805466, -0.006034454820697709, 4.712652179362771, 3.1425427370936916, -0.0010748257595030017, 4.712718559677142]",0.0
